station,longitude,latitude,year,month,date,月降水量_mm,月PET_mm,SPI_1m,SPI_3m,SPI_6m,SPI_12m,SPEI_1m,SPEI_3m,SPEI_6m,SPEI_12m
Baise,106.62,23.9,2005,1,2005-01,31.62,11.31,0.0777,,,,-0.0162,,,
Baise,106.62,23.9,2005,2,2005-02,17.36,27.07,-0.2548,,,,-0.1885,,,
Baise,106.62,23.9,2005,3,2005-03,52.7,48.98,0.2375,-0.1906,,,0.4715,0.1518,,
Baise,106.62,23.9,2005,4,2005-04,91.5,99.98,0.3819,0.076,,,0.1623,0.3112,,
Baise,106.62,23.9,2005,5,2005-05,253.89,159.14,0.6099,0.5817,,,0.4337,0.5294,,
Baise,106.62,23.9,2005,6,2005-06,514.2,149.41,2.2476,1.658,1.3398,,1.7623,1.3396,1.1958,
Baise,106.62,23.9,2005,7,2005-07,125.55,155.96,-1.1892,0.9876,0.8908,,-1.0842,0.8355,0.8226,
Baise,106.62,23.9,2005,8,2005-08,195.61,142.02,0.0239,0.7302,0.7884,,-0.164,0.6879,0.802,
Baise,106.62,23.9,2005,9,2005-09,82.5,117.47,-1.1889,-1.1278,0.4362,,-1.1041,-1.0013,0.4264,
Baise,106.62,23.9,2005,10,2005-10,37.2,78.14,-1.1354,-0.8899,0.1843,,-1.0074,-0.8006,0.2428,
Baise,106.62,23.9,2005,11,2005-11,25.5,47.92,-0.4705,-1.5785,-0.1127,,-0.5796,-1.5978,-0.0973,
Baise,106.62,23.9,2005,12,2005-12,27.9,14.91,0.4446,-0.9074,-1.3944,0.0576,0.6469,-0.796,-1.1655,0.1511
Baise,106.62,23.9,2006,1,2006-01,3.41,19.7,-1.8333,-1.1417,-1.1099,0.0708,-1.5159,-1.2036,-0.9816,0.1201
Baise,106.62,23.9,2006,2,2006-02,33.32,25.67,0.5096,-0.6896,-1.5566,0.143,0.4709,-0.4464,-1.2756,0.2004
Baise,106.62,23.9,2006,3,2006-03,17.67,60.21,-1.0212,-1.449,-1.6402,-0.0197,-0.8849,-1.115,-1.2769,-0.1305
Baise,106.62,23.9,2006,4,2006-04,86.4,120.39,0.229,-0.3842,-1.2293,-0.0451,-0.5903,-0.6099,-1.4808,-0.1708
Baise,106.62,23.9,2006,5,2006-05,196.23,131.55,-0.0818,-0.4323,-0.5543,-0.3122,0.0984,-0.4254,-0.4629,-0.4258
Baise,106.62,23.9,2006,6,2006-06,306.0,144.19,0.0564,-0.0292,-0.3956,-1.2074,0.3121,0.133,-0.2729,-1.1228
Baise,106.62,23.9,2006,7,2006-07,289.54,156.76,1.0006,0.4198,0.2404,-0.482,0.9854,0.445,0.2316,-0.6295
Baise,106.62,23.9,2006,8,2006-08,251.72,138.08,0.6243,0.7992,0.402,-0.3182,0.5875,0.8138,0.4817,-0.4302
Baise,106.62,23.9,2006,9,2006-09,76.2,100.99,-1.3423,0.378,0.1956,-0.356,-0.8454,0.3725,0.328,-0.3069
Baise,106.62,23.9,2006,10,2006-10,86.18,91.57,0.145,-0.1209,0.1712,-0.1628,-0.1495,-0.0898,0.3731,-0.0357
Baise,106.62,23.9,2006,11,2006-11,41.1,47.18,0.0379,-0.8009,0.2191,-0.0934,0.0405,-0.6793,0.2531,-0.0008
Baise,106.62,23.9,2006,12,2006-12,7.13,18.92,-0.877,-0.2084,0.1758,-0.1716,-0.4557,-0.3946,0.1894,-0.0738
Baise,106.62,23.9,2007,1,2007-01,21.7,12.28,-0.3318,-0.788,-0.3249,0.0042,-0.4556,-0.6647,-0.2842,0.115
Baise,106.62,23.9,2007,2,2007-02,29.68,45.28,0.3618,-0.9135,-0.9731,-0.0154,-0.4482,-1.0104,-0.9258,0.0213
Baise,106.62,23.9,2007,3,2007-03,23.25,65.62,-0.7421,-0.8431,-0.7404,0.0134,-0.8779,-1.0559,-1.033,-0.1101
Baise,106.62,23.9,2007,4,2007-04,71.1,80.42,-0.2694,-0.6625,-1.2335,-0.0603,0.1353,-0.5795,-1.0611,0.0602
Baise,106.62,23.9,2007,5,2007-05,128.96,132.63,-1.0916,-1.4023,-1.418,-0.3661,-0.9846,-1.0085,-1.3859,-0.3671
Baise,106.62,23.9,2007,6,2007-06,251.1,150.06,-0.6821,-1.0931,-1.1815,-0.5881,-0.5227,-0.8391,-1.1528,-0.6228
Baise,106.62,23.9,2007,7,2007-07,212.04,155.03,0.1131,-0.8533,-1.0082,-0.896,-0.0587,-0.8012,-0.9248,-0.8727
Baise,106.62,23.9,2007,8,2007-08,242.73,147.66,0.5345,-0.0659,-0.6761,-1.0485,0.3411,-0.1409,-0.4814,-1.0326
Baise,106.62,23.9,2007,9,2007-09,194.4,97.18,0.7337,0.5698,-0.2704,-0.5257,0.9269,0.5566,0.0087,-0.4957
Baise,106.62,23.9,2007,10,2007-10,24.18,71.86,-1.6801,0.2032,-0.5048,-0.7762,-1.2173,0.2941,-0.1998,-0.5475
Baise,106.62,23.9,2007,11,2007-11,28.5,33.22,-0.3585,-0.3153,-0.2475,-0.8043,0.079,0.1091,-0.0611,-0.5368
Baise,106.62,23.9,2007,12,2007-12,16.43,25.57,-0.1336,-1.3413,-0.0059,-0.7724,-0.2488,-0.9856,0.1397,-0.5195
Baise,106.62,23.9,2008,1,2008-01,33.79,8.07,0.1551,-0.5762,0.0221,-0.7681,0.1999,-0.2038,0.155,-0.4403
Baise,106.62,23.9,2008,2,2008-02,40.31,8.82,0.7661,0.1238,-0.2552,-0.715,1.2117,0.5368,0.1771,-0.215
Baise,106.62,23.9,2008,3,2008-03,57.97,61.0,0.3691,0.4144,-0.8395,-0.5471,0.3133,0.7778,-0.4824,-0.1651
Baise,106.62,23.9,2008,4,2008-04,69.9,101.66,-0.3114,0.1939,-0.3747,-0.5271,-0.5293,0.4765,0.1783,-0.191
Baise,106.62,23.9,2008,5,2008-05,193.13,124.11,-0.1226,-0.201,-0.1275,-0.2336,0.1501,0.054,0.2927,-0.0717
Baise,106.62,23.9,2008,6,2008-06,262.2,138.23,-0.5246,-0.4963,-0.3067,-0.1827,-0.1476,-0.0909,0.1626,-0.0439
Baise,106.62,23.9,2008,7,2008-07,253.27,149.9,0.6077,-0.0809,-0.0471,-0.0346,0.5585,0.0794,0.245,0.0758
Baise,106.62,23.9,2008,8,2008-08,279.62,139.32,0.8903,0.492,0.2556,0.0777,0.9685,0.562,0.5042,0.35
Baise,106.62,23.9,2008,9,2008-09,196.5,116.6,0.7615,1.0288,0.4004,0.055,0.7443,1.0807,0.5982,0.3239
Baise,106.62,23.9,2008,10,2008-10,152.83,82.0,1.2428,1.2022,0.7106,0.5209,1.0769,1.1483,0.8383,0.7615
Baise,106.62,23.9,2008,11,2008-11,136.2,30.52,1.7369,1.6417,1.2125,0.8842,1.7607,1.4658,1.2255,1.0385
Baise,106.62,23.9,2008,12,2008-12,10.54,16.71,-0.5506,1.5255,1.502,0.8759,-0.068,1.4544,1.4417,1.0593
Baise,106.62,23.9,2009,1,2009-01,13.33,10.3,-0.7982,0.8776,1.3279,1.1346,-0.7162,1.0982,1.3484,1.2494
Baise,106.62,23.9,2009,2,2009-02,3.64,52.23,-1.5958,-2.4133,1.0688,0.9739,-2.7976,-1.9743,0.8783,1.0148
Baise,106.62,23.9,2009,3,2009-03,33.17,50.92,-0.3467,-1.5964,0.7167,0.8835,-0.067,-1.4,0.5826,0.9693
Baise,106.62,23.9,2009,4,2009-04,88.5,93.04,0.2927,-0.635,0.1739,0.9111,0.2911,-0.6483,0.4309,1.0222
Baise,106.62,23.9,2009,5,2009-05,204.6,120.84,0.0263,-0.1437,-0.6618,0.8125,0.3169,0.2974,-0.2916,0.9034
Baise,106.62,23.9,2009,6,2009-06,220.5,146.85,-1.1424,-0.5861,-0.9151,0.6518,-1.2369,-0.1571,-0.6573,0.6815
Baise,106.62,23.9,2009,7,2009-07,273.42,155.16,0.8302,-0.1442,-0.3497,0.6718,0.7708,-0.0439,-0.2206,0.6808
Baise,106.62,23.9,2009,8,2009-08,58.9,152.66,-2.2659,-1.1452,-0.947,-0.1733,-1.6262,-1.0757,-0.7138,-0.1858
Baise,106.62,23.9,2009,9,2009-09,107.4,129.39,-0.6522,-0.841,-0.971,-0.5518,-0.781,-0.9247,-0.9051,-0.5084
Baise,106.62,23.9,2009,10,2009-10,24.8,89.0,-1.6498,-2.1446,-1.3091,-1.0848,-1.8604,-2.0018,-1.4832,-1.0323
Baise,106.62,23.9,2009,11,2009-11,6.0,36.32,-1.6618,-1.6859,-1.682,-1.6313,-1.1962,-2.0023,-1.6171,-1.7357
Baise,106.62,23.9,2009,12,2009-12,4.03,24.19,-1.2986,-2.3048,-1.5359,-1.6775,-3.09,-2.3066,-1.4665,-1.9292
Baise,106.62,23.9,2010,1,2010-01,56.73,22.01,0.8221,-0.8689,-2.1038,-1.7069,0.5567,-0.8691,-1.8817,-1.9976
Baise,106.62,23.9,2010,2,2010-02,3.08,36.12,-1.7115,-0.7176,-1.6522,-1.7096,-1.3994,-1.024,-1.6698,-1.9898
Baise,106.62,23.9,2010,3,2010-03,2.17,64.69,-2.6482,-1.2059,-2.5277,-1.9162,-1.9276,-1.3401,-1.8595,-1.7935
Baise,106.62,23.9,2010,4,2010-04,98.7,86.28,0.5885,-1.1223,-1.6621,-1.7616,0.8959,-0.894,-1.5925,-1.7328
Baise,106.62,23.9,2010,5,2010-05,230.64,138.63,0.345,-0.0874,-0.2718,-1.4686,0.4051,0.1251,-0.1667,-1.368
Baise,106.62,23.9,2010,6,2010-06,289.5,130.93,-0.1555,0.1815,-0.1631,-1.1249,0.2776,0.5451,0.0917,-1.0902
Baise,106.62,23.9,2010,7,2010-07,182.28,156.89,-0.2854,-0.1196,-0.4524,-1.4916,-0.4479,-0.0421,-0.2873,-1.3337
Baise,106.62,23.9,2010,8,2010-08,141.36,139.55,-0.6796,-0.6983,-0.5945,-1.2555,-0.7267,-0.5494,-0.3129,-1.2182
Baise,106.62,23.9,2010,9,2010-09,178.2,116.08,0.5129,-0.3825,-0.1784,-0.9128,0.5424,-0.4407,0.0733,-0.8635
Baise,106.62,23.9,2010,10,2010-10,26.35,64.66,-1.5764,-0.6361,-0.5284,-0.8955,-0.9313,-0.4705,-0.1879,-0.643
Baise,106.62,23.9,2010,11,2010-11,20.1,36.8,-0.6984,-0.5571,-0.8402,-0.811,-0.316,-0.224,-0.5349,-0.5716
Baise,106.62,23.9,2010,12,2010-12,58.28,21.37,1.4456,-0.6604,-0.6545,-0.5951,1.1901,-0.3253,-0.4336,-0.3281
Baise,106.62,23.9,2011,1,2011-01,19.84,3.07,-0.4226,-0.1587,-0.589,-0.7972,-0.1586,0.2409,-0.3526,-0.3815
Baise,106.62,23.9,2011,2,2011-02,9.52,25.58,-0.8363,0.0415,-0.4822,-0.7652,-0.4695,0.314,-0.1569,-0.3035
Baise,106.62,23.9,2011,3,2011-03,86.18,30.71,0.965,0.0985,-0.6031,-0.349,1.4681,0.8071,-0.0741,0.1025
Baise,106.62,23.9,2011,4,2011-04,45.6,90.09,-1.2956,-0.3062,-0.4864,-0.5873,-0.868,0.4504,0.4332,-0.0801
Baise,106.62,23.9,2011,5,2011-05,127.41,120.27,-1.1188,-0.9258,-0.7299,-1.0102,-0.7614,-0.1024,0.0986,-0.5442
Baise,106.62,23.9,2011,6,2011-06,264.9,153.96,-0.487,-1.2067,-0.9861,-1.1038,-0.3471,-1.0727,-0.3514,-0.7434
Baise,106.62,23.9,2011,7,2011-07,69.75,159.57,-2.4242,-1.8494,-1.7744,-1.5685,-1.7042,-1.6625,-1.3619,-1.0919
Baise,106.62,23.9,2011,8,2011-08,71.3,150.86,-1.9523,-2.3946,-2.2401,-2.0973,-1.5016,-2.0019,-2.7091,-1.5332
Baise,106.62,23.9,2011,9,2011-09,138.9,121.92,-0.0845,-2.2722,-2.266,-2.2277,-0.0629,-1.7138,-2.926,-1.8414
Baise,106.62,23.9,2011,10,2011-10,164.61,67.12,1.4021,-0.41,-1.5895,-1.5267,1.4129,-0.4081,-1.8385,-1.2238
Baise,106.62,23.9,2011,11,2011-11,48.3,50.31,0.2278,0.6518,-1.2855,-1.3607,0.152,0.6153,-1.2232,-1.0612
Baise,106.62,23.9,2011,12,2011-12,9.92,12.68,-0.6035,0.8285,-1.3345,-1.5939,0.101,0.8416,-1.151,-1.3025
Baise,106.62,23.9,2012,1,2012-01,76.57,7.69,1.2675,0.4931,-0.1633,-1.5314,1.8791,0.634,-0.1529,-1.1257
Baise,106.62,23.9,2012,2,2012-02,9.28,17.73,-0.859,0.2685,0.6161,-1.5326,-0.1358,0.7357,0.6713,-1.1222
Baise,106.62,23.9,2012,3,2012-03,25.42,57.25,-0.6466,0.012,0.5771,-1.9054,-0.4949,0.3855,0.725,-1.4915
Baise,106.62,23.9,2012,4,2012-04,33.6,118.07,-1.9254,-2.1219,-1.0749,-1.8749,-1.8045,-1.899,-0.7809,-1.6996
Baise,106.62,23.9,2012,5,2012-05,239.94,143.81,0.4529,-0.4476,-0.2774,-1.1571,0.448,-0.5244,-0.0465,-1.0824
Baise,106.62,23.9,2012,6,2012-06,339.9,143.21,0.4689,0.1444,0.0963,-0.8039,0.6453,0.2351,0.2729,-0.8194
Baise,106.62,23.9,2012,7,2012-07,225.37,153.04,0.2795,0.4974,-0.0655,-0.1625,0.1386,0.4784,-0.0272,-0.3147
Baise,106.62,23.9,2012,8,2012-08,106.64,146.54,-1.2348,-0.2906,-0.4581,-0.0651,-1.1381,-0.2869,-0.4171,-0.1265
Baise,106.62,23.9,2012,9,2012-09,101.7,99.51,-0.7668,-0.8877,-0.5161,-0.2355,-0.3048,-0.7497,-0.4312,-0.1042
Baise,106.62,23.9,2012,10,2012-10,54.87,83.57,-0.5839,-1.3644,-0.4354,-0.676,-0.6741,-1.1174,-0.2009,-0.4808
Baise,106.62,23.9,2012,11,2012-11,53.7,43.99,0.3581,-0.7209,-0.6056,-0.6327,0.4263,-0.4632,-0.4446,-0.4332
Baise,106.62,23.9,2012,12,2012-12,35.03,20.04,0.7262,-0.0825,-0.8376,-0.5361,0.701,-0.1459,-0.6469,-0.3516
Baise,106.62,23.9,2013,1,2013-01,19.84,13.14,-0.4226,0.0403,-1.1125,-0.8239,-0.5663,0.1503,-0.9058,-0.638
Baise,106.62,23.9,2013,2,2013-02,9.8,38.99,-0.8105,-0.6882,-0.841,-0.8223,-1.1574,-0.7399,-0.6796,-0.7756
Baise,106.62,23.9,2013,3,2013-03,57.97,77.73,0.3691,-0.5127,-0.4739,-0.6653,-0.1236,-0.9179,-0.8184,-0.7686
Baise,106.62,23.9,2013,4,2013-04,58.5,96.72,-0.7376,-0.6145,-0.5584,-0.513,-0.704,-0.9788,-0.6986,-0.477
Baise,106.62,23.9,2013,5,2013-05,159.34,134.7,-0.5995,-0.7203,-0.793,-0.8396,-0.4547,-0.6917,-0.857,-0.8118
Baise,106.62,23.9,2013,6,2013-06,200.7,145.71,-1.4641,-1.3772,-1.3245,-1.4587,-3.09,-2.1225,-1.7655,-1.2694
Baise,106.62,23.9,2013,7,2013-07,155.62,154.5,-0.6817,-1.4181,-1.5021,-1.7262,-0.7319,-1.2937,-1.5813,-1.4349
Baise,106.62,23.9,2013,8,2013-08,256.68,148.05,0.673,-0.6993,-0.8936,-1.1754,0.5197,-0.6762,-0.9014,-1.1659
Baise,106.62,23.9,2013,9,2013-09,107.7,104.67,-0.6463,-0.2558,-1.0454,-1.1217,-0.2903,-0.3038,-0.912,-1.1604
Baise,106.62,23.9,2013,10,2013-10,67.89,66.34,-0.2531,0.0066,-1.0121,-1.051,-0.0129,0.0992,-0.7469,-0.972
Baise,106.62,23.9,2013,11,2013-11,83.4,40.2,0.9527,-0.1929,-0.6587,-0.8967,1.0084,0.1334,-0.4436,-0.7666
Baise,106.62,23.9,2013,12,2013-12,79.67,11.22,1.9611,0.9091,0.171,-0.7186,1.711,1.0144,0.3168,-0.5286
Baise,106.62,23.9,2014,1,2014-01,6.82,17.74,-1.3482,1.0162,0.38,-0.8301,-1.2917,1.0781,0.4554,-0.6265
Baise,106.62,23.9,2014,2,2014-02,21.84,19.71,-0.0037,0.5954,-0.0031,-0.7694,0.2754,0.7762,0.2738,-0.4743
Baise,106.62,23.9,2014,3,2014-03,53.32,54.29,0.2535,-0.6516,0.3807,-0.8043,0.3626,-0.2717,0.5471,-0.4903
Baise,106.62,23.9,2014,4,2014-04,57.3,107.62,-0.7857,-0.4847,0.4002,-0.7709,-1.0155,-0.2501,0.6313,-0.4652
Baise,106.62,23.9,2014,5,2014-05,119.04,148.49,-1.2697,-1.3143,-0.818,-0.8961,-1.7233,-1.4615,-0.6117,-0.7432
Baise,106.62,23.9,2014,6,2014-06,330.3,150.58,0.3549,-0.6404,-0.747,-0.3294,0.491,-0.6802,-0.6519,-0.357
Baise,106.62,23.9,2014,7,2014-07,305.66,155.03,1.165,0.203,0.0124,0.2349,1.2605,0.1063,0.0327,0.1368
Baise,106.62,23.9,2014,8,2014-08,153.76,142.27,-0.5045,0.4596,-0.2122,-0.1958,-0.6263,0.4028,-0.1367,-0.1688
Baise,106.62,23.9,2014,9,2014-09,221.1,121.48,1.0728,0.7534,0.1143,0.2229,0.9513,0.6412,0.1132,0.2784
Baise,106.62,23.9,2014,10,2014-10,72.85,82.68,-0.1387,0.1122,0.1578,0.2334,-0.2411,0.0239,0.2255,0.3311
Baise,106.62,23.9,2014,11,2014-11,94.5,40.42,1.1391,0.9444,0.7857,0.2755,1.1612,0.822,0.7087,0.3356
Baise,106.62,23.9,2014,12,2014-12,11.16,12.77,-0.4999,0.3518,0.7217,0.0281,0.1519,0.373,0.6658,0.1214
Baise,106.62,23.9,2015,1,2015-01,58.28,19.06,0.8602,0.9329,0.4325,0.4027,0.734,0.9755,0.3467,0.4306
Baise,106.62,23.9,2015,2,2015-02,40.32,31.51,0.7664,0.631,0.9697,0.4833,0.5108,0.5023,0.793,0.4687
Baise,106.62,23.9,2015,3,2015-03,20.46,62.09,-0.8747,0.1682,0.2325,0.342,-0.8485,0.0169,0.0273,0.1918
Baise,106.62,23.9,2015,4,2015-04,28.2,105.24,-2.2629,-1.507,-0.2853,0.1918,-1.6426,-1.5015,-0.1477,0.1302
Baise,106.62,23.9,2015,5,2015-05,220.72,160.75,0.2266,-0.7987,-0.4204,0.5262,0.0408,-1.0616,-0.5137,0.2761
Baise,106.62,23.9,2015,6,2015-06,309.3,148.9,0.0978,-0.2488,-0.1845,0.4427,0.2972,-0.2368,-0.2179,0.1497
Baise,106.62,23.9,2015,7,2015-07,244.9,147.31,0.5119,0.3213,-0.1196,0.1835,0.4781,0.2065,-0.2022,-0.101
Baise,106.62,23.9,2015,8,2015-08,230.64,138.44,0.4103,0.4301,-0.0404,0.4658,0.3042,0.4542,0.0141,0.2954
Baise,106.62,23.9,2015,9,2015-09,243.9,113.43,1.342,0.9737,0.4957,0.5004,1.247,1.0563,0.5192,0.4531
Baise,106.62,23.9,2015,10,2015-10,119.97,77.21,0.7521,1.0126,0.8358,0.6548,0.682,1.0049,0.8265,0.6735
Baise,106.62,23.9,2015,11,2015-11,157.8,50.24,2.0024,1.8782,1.3168,0.8625,1.7797,1.5901,1.2504,0.7984
Baise,106.62,23.9,2015,12,2015-12,98.27,17.97,2.3446,2.1145,1.7846,1.1636,1.8762,1.8665,1.6592,1.0365
Baise,106.62,23.9,2016,1,2016-01,43.71,13.48,0.4717,2.5012,1.7985,1.5197,0.3793,2.1572,1.7725,1.2646
Baise,106.62,23.9,2016,2,2016-02,10.73,15.18,-0.7282,1.5833,2.044,1.3931,0.026,1.665,1.8615,1.2418
Baise,106.62,23.9,2016,3,2016-03,22.01,50.14,-0.7995,-0.7945,1.5479,1.4252,-0.3747,-0.1371,1.8729,1.3863
Baise,106.62,23.9,2016,4,2016-04,129.3,104.92,1.3706,0.0847,2.2047,1.7414,1.3879,0.4049,1.8886,1.6118
Baise,106.62,23.9,2016,5,2016-05,202.12,134.85,-0.0054,0.142,0.6482,1.4419,0.1293,0.3147,0.8308,1.6009
Baise,106.62,23.9,2016,6,2016-06,227.4,153.33,-1.035,-0.2444,-0.4444,1.1438,-1.2208,-0.0565,-0.1323,1.2961
Baise,106.62,23.9,2016,7,2016-07,97.34,159.97,-1.7496,-1.3319,-1.1852,0.5687,-1.427,-1.3078,-1.0338,0.4893
Baise,106.62,23.9,2016,8,2016-08,346.27,151.0,1.4625,-0.2967,-0.187,1.0122,1.8963,-0.4228,-0.0906,1.0609
Baise,106.62,23.9,2016,9,2016-09,112.5,114.26,-0.5532,-0.0124,-0.2043,0.4719,-0.3746,-0.1962,-0.1739,0.4976
Baise,106.62,23.9,2016,10,2016-10,101.68,88.92,0.4399,0.818,-0.3491,0.3942,0.1939,0.6642,-0.2646,0.4619
Baise,106.62,23.9,2016,11,2016-11,33.6,43.11,-0.1858,-0.308,-0.418,-0.0586,-0.0623,-0.2781,-0.4637,0.0459
Baise,106.62,23.9,2016,12,2016-12,9.3,28.49,-0.6589,-0.0694,-0.1033,-0.4009,-3.09,-0.2971,-0.2123,-0.3085
Baise,106.62,23.9,2017,1,2017-01,72.85,26.94,1.1901,0.1709,0.7759,-0.2259,0.9953,-0.1003,0.5044,-0.1982
Baise,106.62,23.9,2017,2,2017-02,11.76,28.14,-0.643,0.2178,-0.2198,-0.2229,-0.4842,-0.3034,-0.3989,-0.2564
Baise,106.62,23.9,2017,3,2017-03,102.61,59.47,1.2551,1.3106,0.5561,0.1639,1.257,1.0435,0.0988,-0.0613
Baise,106.62,23.9,2017,4,2017-04,68.7,96.72,-0.3539,0.4483,0.3538,-0.1232,-0.4249,0.506,0.2616,-0.2197
Baise,106.62,23.9,2017,5,2017-05,189.1,125.13,-0.1764,0.2131,0.2366,-0.1981,0.0897,0.443,0.3418,-0.3707
Baise,106.62,23.9,2017,6,2017-06,396.3,143.31,1.0987,0.419,0.7381,0.4641,1.0842,0.6751,0.8198,0.2374
Baise,106.62,23.9,2017,7,2017-07,308.76,152.39,1.1959,0.9904,0.9992,1.144,1.3519,1.075,1.0746,1.1442
Baise,106.62,23.9,2017,8,2017-08,276.83,146.27,0.8645,1.5383,1.2535,0.9583,0.8251,1.6399,1.2927,0.9421
Baise,106.62,23.9,2017,9,2017-09,131.7,128.15,-0.2059,0.9618,0.8724,0.9534,-0.2812,0.8415,0.9319,0.8925
Baise,106.62,23.9,2017,10,2017-10,129.27,73.98,0.8989,0.6843,1.076,1.0268,0.8645,0.5646,1.0522,0.9872
Baise,106.62,23.9,2017,11,2017-11,42.9,40.59,0.0874,0.237,1.2333,1.0427,0.2599,0.2406,1.1423,0.9962
Baise,106.62,23.9,2017,12,2017-12,23.87,15.96,0.2638,0.5487,0.9812,1.1041,0.4976,0.5961,0.8859,1.0809
Baise,106.62,23.9,2018,1,2018-01,48.05,17.07,0.5953,0.1543,0.6531,1.403,0.4092,0.307,0.5411,1.298
Baise,106.62,23.9,2018,2,2018-02,6.16,22.04,-1.2022,-0.2442,0.116,1.3751,-0.461,-0.0096,0.1183,1.3171
Baise,106.62,23.9,2018,3,2018-03,79.67,68.14,0.8403,0.4474,0.5389,1.3034,0.644,0.354,0.4367,1.3024
Baise,106.62,23.9,2018,4,2018-04,69.3,95.74,-0.3326,-0.0416,-0.0398,1.2337,-0.3803,0.0568,0.1996,1.2109
Baise,106.62,23.9,2018,5,2018-05,242.11,138.88,0.4777,0.5149,0.3575,1.2427,0.5199,0.5163,0.4863,1.226
Baise,106.62,23.9,2018,6,2018-06,248.1,144.44,-0.7255,-0.2394,-0.0877,0.703,-0.4739,0.0507,0.1183,0.5933
Baise,106.62,23.9,2018,7,2018-07,306.28,155.43,1.1712,0.4471,0.3604,0.642,1.264,0.4362,0.4127,0.5042
Baise,106.62,23.9,2018,8,2018-08,252.34,149.7,0.6304,0.5616,0.6302,0.5703,0.4398,0.4972,0.6781,0.4984
Baise,106.62,23.9,2018,9,2018-09,203.7,113.64,0.8551,1.2077,0.6754,0.7741,0.8529,1.2301,0.74,0.8228
Baise,106.62,23.9,2018,10,2018-10,100.75,65.04,0.4231,0.7967,0.7726,0.6579,0.5744,0.7933,0.8347,0.7632
Baise,106.62,23.9,2018,11,2018-11,18.0,41.9,-0.799,0.4026,0.5728,0.5652,-0.6627,0.542,0.6045,0.6593
Baise,106.62,23.9,2018,12,2018-12,29.76,19.67,0.5222,-0.0174,0.9695,0.594,0.5639,0.1546,0.9255,0.6828
Baise,106.62,23.9,2019,1,2019-01,58.28,16.2,0.8602,-0.0072,0.7066,0.9145,0.8459,0.0979,0.6739,0.9225
Baise,106.62,23.9,2019,2,2019-02,54.88,32.48,1.2204,1.3832,0.7432,1.1192,0.9463,1.0731,0.7096,1.0646
Baise,106.62,23.9,2019,3,2019-03,111.91,57.64,1.4064,1.8303,0.9226,1.2783,1.4481,1.6527,0.9212,1.2737
Baise,106.62,23.9,2019,4,2019-04,112.5,110.34,0.9583,1.8319,1.4005,1.3803,0.5192,1.5347,1.1283,1.2797
Baise,106.62,23.9,2019,5,2019-05,186.62,130.35,-0.2098,0.7029,1.0041,0.9888,-0.0056,0.7007,0.9262,0.954
Baise,106.62,23.9,2019,6,2019-06,313.2,150.32,0.1464,0.1366,0.7175,1.2042,0.3234,0.3139,0.7341,1.2521
Baise,106.62,23.9,2019,7,2019-07,292.33,154.23,1.0295,0.422,0.9708,1.0812,1.0659,0.4334,0.918,1.13
Baise,106.62,23.9,2019,8,2019-08,153.76,158.14,-0.5045,0.2734,0.5062,0.7806,-0.7899,0.1248,0.5346,0.7419
Baise,106.62,23.9,2019,9,2019-09,80.4,114.59,-1.2391,-0.2112,-0.0975,0.2689,-1.0827,-0.3815,-0.0641,0.2648
Baise,106.62,23.9,2019,10,2019-10,87.11,79.49,0.1636,-0.8392,-0.2314,0.2101,0.101,-0.8617,-0.079,0.264
Baise,106.62,23.9,2019,11,2019-11,45.9,42.3,0.1668,-0.6845,-0.1508,0.3131,0.2904,-0.5294,-0.1677,0.3236
Baise,106.62,23.9,2019,12,2019-12,6.2,23.06,-0.9858,-0.1419,-0.302,0.2329,-1.3563,-0.1661,-0.3179,0.2542
Baise,106.62,23.9,2020,1,2020-01,36.27,29.79,0.2396,-0.3617,-0.8307,0.3204,-0.575,-0.6215,-0.9215,0.2497
Baise,106.62,23.9,2020,2,2020-02,42.63,34.34,0.8448,-0.0323,-0.611,0.2613,0.493,-0.6042,-0.6856,0.2013
Baise,106.62,23.9,2020,3,2020-03,129.89,65.59,1.6781,1.6142,0.7016,0.3516,1.612,1.1325,0.2566,0.1195
Baise,106.62,23.9,2020,4,2020-04,95.7,67.26,0.5037,1.6903,1.0716,0.2557,1.5713,1.7848,1.0202,0.2776
Baise,106.62,23.9,2020,5,2020-05,226.3,157.05,0.2936,1.07,0.8802,0.3447,0.1528,1.0406,0.7769,0.1257
Baise,106.62,23.9,2020,6,2020-06,401.7,154.38,1.1559,0.8641,1.2001,0.6719,1.044,0.9294,1.0527,0.4043
Baise,106.62,23.9,2020,7,2020-07,165.54,161.46,-0.5292,0.4301,0.9232,0.1683,-0.698,0.2222,0.8541,-0.1616
Baise,106.62,23.9,2020,8,2020-08,276.52,144.15,0.8616,0.779,1.0573,0.6249,0.8514,0.6619,1.0464,0.4601
Baise,106.62,23.9,2020,9,2020-09,318.0,112.05,2.1192,1.1956,1.3022,1.3866,1.8682,1.2213,1.2811,1.3163
Baise,106.62,23.9,2020,10,2020-10,190.96,60.37,1.7341,1.9883,1.6151,1.6899,1.7902,2.0865,1.3801,1.4895
Baise,106.62,23.9,2020,11,2020-11,17.1,39.97,-0.8448,1.9063,1.5663,1.5727,-0.604,1.7511,1.4854,1.4215
Baise,106.62,23.9,2020,12,2020-12,3.1,11.95,-1.4746,0.7095,1.247,1.5821,-0.2293,0.8945,1.2347,1.447
Baise,106.62,23.9,2021,1,2021-01,4.65,13.6,-1.6251,-2.3618,1.4263,1.9765,-1.2099,-1.9775,1.5135,1.7187
Baise,106.62,23.9,2021,2,2021-02,63.56,38.45,1.4554,-0.4612,1.5998,2.0527,1.0273,-0.3754,1.5244,1.7805
Baise,106.62,23.9,2021,3,2021-03,22.01,72.27,-0.7995,-0.4505,0.2697,1.6538,-1.2202,-0.7461,0.1745,1.6337
Baise,106.62,23.9,2021,4,2021-04,119.4,94.87,1.1321,0.7987,-0.6368,1.6552,1.3944,0.5154,-0.4702,1.4644
Baise,106.62,23.9,2021,5,2021-05,188.79,148.62,-0.1806,-0.1014,-0.2164,1.2997,-0.221,-0.1395,-0.1815,1.2543
Baise,106.62,23.9,2021,6,2021-06,272.1,153.69,-0.3879,-0.0887,-0.2257,0.8296,-0.2292,0.0692,-0.2226,0.7113
Baise,106.62,23.9,2021,7,2021-07,165.23,166.25,-0.5338,-0.6179,-0.3075,0.7699,-0.7565,-0.7806,-0.4937,0.6226
Baise,106.62,23.9,2021,8,2021-08,186.93,159.2,-0.0789,-0.6192,-0.5432,0.4635,-0.4532,-0.7943,-0.7142,0.2901
Baise,106.62,23.9,2021,9,2021-09,88.8,133.74,-1.0435,-0.8315,-0.6388,-0.4714,-1.4087,-1.0355,-0.8498,-0.6425
Baise,106.62,23.9,2021,10,2021-10,146.01,68.6,1.147,-0.0668,-0.5306,-0.6506,1.163,-0.2407,-0.6085,-0.771
Baise,106.62,23.9,2021,11,2021-11,58.8,37.5,0.4733,0.1427,-0.4227,-0.4636,0.653,0.182,-0.5069,-0.5534
Baise,106.62,23.9,2021,12,2021-12,17.36,20.32,-0.078,0.8219,-0.3169,-0.4101,0.0921,0.8678,-0.4012,-0.5226
Baise,106.62,23.9,2022,1,2022-01,53.63,20.04,0.7438,0.4116,0.0904,-0.1415,0.5122,0.4661,-0.0819,-0.3153
Baise,106.62,23.9,2022,2,2022-02,85.12,10.76,1.9638,1.6509,0.6316,-0.0408,2.2754,1.6452,0.6013,-0.0857
Baise,106.62,23.9,2022,3,2022-03,73.16,73.92,0.7088,1.6564,1.4087,0.2044,0.3675,1.5061,1.5863,0.0029
Baise,106.62,23.9,2022,4,2022-04,100.8,87.94,0.6468,1.5705,1.4399,0.1071,0.9128,1.622,1.3777,0.0151
Baise,106.62,23.9,2022,5,2022-05,376.34,104.2,1.793,1.8733,2.0202,0.7754,1.8262,1.7519,1.8293,0.7207
Baise,106.62,23.9,2022,6,2022-06,237.6,143.44,-0.8802,0.8084,1.1715,0.6411,-0.6618,1.07,1.2657,0.5967
Baise,106.62,23.9,2022,7,2022-07,149.42,163.65,-0.7804,0.2529,0.727,0.5364,-0.9056,0.4039,0.9288,0.4753
Baise,106.62,23.9,2022,8,2022-08,117.49,153.95,-1.0493,-1.5277,-0.0375,0.2796,-1.1054,-1.4011,0.1841,0.3151
Baise,106.62,23.9,2022,9,2022-09,90.3,122.47,-1.0099,-1.5243,-0.4005,0.2452,-1.0286,-1.3701,-0.1753,0.4042
Baise,106.62,23.9,2022,10,2022-10,55.49,76.21,-0.5669,-1.3637,-0.6302,-0.1033,-0.481,-1.2876,-0.3718,0.1543
Baise,106.62,23.9,2022,11,2022-11,51.0,64.01,0.2941,-0.8816,-1.6193,-0.1233,-0.178,-1.0609,-1.64,0.0074
Baise,106.62,23.9,2022,12,2022-12,14.26,14.87,-0.2727,-0.4069,-1.5111,-0.1345,0.1938,-0.5502,-1.4976,0.0325
Baise,106.62,23.9,2023,1,2023-01,4.03,18.17,-1.7228,-0.8041,-1.4261,-0.2749,-1.4261,-1.2842,-1.3932,-0.0742
Baise,106.62,23.9,2023,2,2023-02,31.08,34.68,0.42,-1.2803,-1.141,-0.5429,0.0592,-1.0205,-1.1873,-0.4502
Baise,106.62,23.9,2023,3,2023-03,49.91,69.42,0.1643,-0.5758,-0.7813,-0.6685,-0.1166,-0.8117,-1.0312,-0.6402
Baise,106.62,23.9,2023,4,2023-04,110.4,116.12,0.904,0.5845,-0.1721,-0.5898,0.2522,0.0883,-0.7122,-0.6468
Baise,106.62,23.9,2023,5,2023-05,81.84,156.87,-2.0494,-1.146,-1.3089,-1.9322,-3.09,-1.9276,-3.09,-1.8348
Baise,106.62,23.9,2023,6,2023-06,272.1,163.94,-0.3879,-0.9823,-1.0145,-1.7301,-0.3941,-3.09,-1.9659,-1.7107
Baise,106.62,23.9,2023,7,2023-07,188.48,170.98,-0.1989,-1.2142,-0.8957,-1.4818,-0.5416,-1.5035,-1.3717,-1.5729
Baise,106.62,23.9,2023,8,2023-08,213.59,151.11,0.2275,-0.2754,-0.7447,-1.1814,-0.0604,-0.5351,-1.2253,-1.5359
Baise,106.62,23.9,2023,9,2023-09,141.3,123.9,-0.045,-0.097,-0.7038,-0.9301,-0.0565,-0.394,-1.091,-1.4044
Baise,106.62,23.9,2023,10,2023-10,57.66,87.83,-0.5088,-0.1319,-0.977,-0.9099,-0.7114,-0.3098,-1.4394,-1.5722
Baise,106.62,23.9,2023,11,2023-11,36.6,53.48,-0.0926,-0.4375,-0.464,-0.9436,-0.3232,-0.6033,-0.6983,-1.4374
Baise,106.62,23.9,2023,12,2023-12,14.57,27.72,-0.2519,-0.5931,-0.3806,-0.9505,-0.5912,-0.9618,-0.6119,-1.5689
Baise,106.62,23.9,2024,1,2024-01,81.84,24.09,1.3732,0.4643,0.055,-0.65,1.4537,0.0886,-0.2709,-1.2783
Baise,106.62,23.9,2024,2,2024-02,27.55,30.12,0.2697,0.969,-0.068,-0.6692,0.099,0.409,-0.3946,-1.3327
Baise,106.62,23.9,2024,3,2024-03,37.51,71.92,-0.1997,0.6763,-0.1987,-0.7422,-0.5825,0.2587,-0.7602,-1.2879
Baise,106.62,23.9,2024,4,2024-04,127.2,135.15,1.321,0.5985,0.6929,-0.6242,0.1796,-0.1772,-0.1351,-1.2567
Baise,106.62,23.9,2024,5,2024-05,483.6,124.69,2.6397,2.5861,2.4154,0.9848,2.3302,1.9176,1.709,0.443
Baise,106.62,23.9,2024,6,2024-06,510.3,148.67,2.2125,2.9826,2.684,1.7788,1.7455,2.1299,1.9827,1.5929
Baise,106.62,23.9,2024,7,2024-07,245.83,162.69,0.5226,2.6488,2.5738,1.8481,0.2817,2.7107,2.1892,1.9745
Baise,106.62,23.9,2024,8,2024-08,308.14,152.8,1.1449,1.9585,2.6723,2.2783,1.2006,2.0225,2.1562,2.3909
Baise,106.62,23.9,2024,9,2024-09,243.3,125.99,1.3351,1.3921,2.7895,2.4507,1.1245,1.3237,2.3274,2.1699
Baise,106.62,23.9,2024,10,2024-10,68.2,71.64,-0.2458,1.1516,2.5585,2.4371,-0.1104,1.0262,2.0101,1.863
Baise,106.62,23.9,2024,11,2024-11,2.1,46.81,-2.3165,0.3245,1.5975,2.2945,-3.09,0.3025,1.3868,1.8164
Baise,106.62,23.9,2024,12,2024-12,12.09,18.7,-0.4275,-1.0635,0.8215,2.3142,-0.0925,-0.8686,0.6512,1.8284
Baise,106.62,23.9,2025,1,2025-01,4.65,22.18,-1.6251,-2.7158,0.578,2.7308,-1.5677,-3.09,0.3851,2.0061
Baise,106.62,23.9,2025,2,2025-02,28.56,20.3,0.3139,-1.4591,-0.0731,2.7276,0.4918,-0.9553,-0.096,2.0482
Baise,106.62,23.9,2025,3,2025-03,12.4,60.73,-1.3526,-1.7634,-1.9251,2.6814,-1.131,-1.2632,-1.3643,2.4486
Baise,106.62,23.9,2025,4,2025-04,59.4,122.39,-0.702,-1.2109,-2.7831,2.292,-1.3222,-1.3361,-3.09,1.9524
Baise,106.62,23.9,2025,5,2025-05,262.57,130.47,0.7047,-0.0569,-0.4155,1.2518,0.7923,-0.0758,-0.338,1.0678
Baise,106.62,23.9,2025,6,2025-06,395.7,148.0,1.0924,0.8267,0.3157,0.834,1.0467,0.8056,0.3809,0.5811
Baise,106.62,23.9,2025,7,2025-07,196.23,167.5,-0.0935,0.7748,0.3776,0.6041,-0.4079,0.7219,0.3071,0.2926
Baise,106.62,23.9,2025,8,2025-08,210.49,144.26,0.1932,0.5359,0.3522,0.2448,-0.016,0.4078,0.3425,0.026
Baise,106.62,23.9,2025,9,2025-09,291.0,123.24,1.8508,0.8518,1.0433,0.3839,1.569,0.6479,0.9323,0.2859
Baise,106.62,23.9,2025,10,2025-10,140.43,80.01,1.0664,1.2718,1.3166,0.6312,0.9362,1.1671,1.1601,0.5725
Baise,106.62,23.9,2025,11,2025-11,57.9,33.07,0.4535,1.6671,1.2575,0.8148,0.7157,1.4482,1.1225,0.7468
Baise,106.62,23.9,2025,12,2025-12,24.49,26.59,0.2929,0.8284,1.0149,0.8677,0.1306,0.7575,0.8433,0.7761
Beihai,109.12,21.48,2005,1,2005-01,12.09,30.05,-0.6855,,,,-0.5948,,,
Beihai,109.12,21.48,2005,2,2005-02,15.96,43.04,-0.6699,,,,-0.4869,,,
Beihai,109.12,21.48,2005,3,2005-03,35.03,56.23,-0.6469,-1.4257,,,-0.1482,-3.09,,
Beihai,109.12,21.48,2005,4,2005-04,66.0,113.72,-0.4625,-1.0538,,,-0.3333,-0.8491,,
Beihai,109.12,21.48,2005,5,2005-05,176.7,180.11,0.1664,-0.3731,,,0.2359,-0.1143,,
Beihai,109.12,21.48,2005,6,2005-06,342.3,182.37,0.5313,0.2611,-0.2151,,0.6903,0.4002,0.0703,
Beihai,109.12,21.48,2005,7,2005-07,231.88,198.76,-0.6923,-0.0143,-0.4072,,-0.4372,0.0895,-0.1116,
Beihai,109.12,21.48,2005,8,2005-08,313.1,182.39,-0.736,-0.3759,-0.5357,,-0.7062,-0.0216,-0.313,
Beihai,109.12,21.48,2005,9,2005-09,197.1,157.16,-0.3322,-1.0865,-0.542,,-0.2949,-0.8397,-0.2441,
Beihai,109.12,21.48,2005,10,2005-10,10.85,117.73,-1.9463,-1.3517,-0.8196,,-2.034,-1.4244,-0.5035,
Beihai,109.12,21.48,2005,11,2005-11,21.9,74.51,-0.6731,-1.2822,-0.9536,,-1.1591,-1.1932,-0.6884,
Beihai,109.12,21.48,2005,12,2005-12,8.06,30.04,-0.7013,-2.0293,-1.5408,-1.2672,-0.1737,-1.5457,-1.3346,-1.0437
Beihai,109.12,21.48,2006,1,2006-01,5.27,31.91,-1.1573,-1.3509,-1.8316,-1.3151,-3.09,-3.09,-1.6458,-1.1203
Beihai,109.12,21.48,2006,2,2006-02,62.44,45.36,0.8521,-0.6733,-1.3691,-1.2065,0.7112,-0.3995,-1.2709,-1.0598
Beihai,109.12,21.48,2006,3,2006-03,124.62,63.55,1.791,0.7909,-1.1173,-0.8746,2.3322,0.8733,-0.9803,-0.6596
Beihai,109.12,21.48,2006,4,2006-04,49.2,109.85,-0.9839,0.7548,-0.4842,-0.9038,-0.6934,0.911,-0.1206,-0.6767
Beihai,109.12,21.48,2006,5,2006-05,141.98,160.41,-0.2716,0.0199,-0.3743,-0.9319,0.0807,0.3649,0.0566,-0.6538
Beihai,109.12,21.48,2006,6,2006-06,122.1,189.71,-1.5874,-1.641,-1.096,-1.9139,-1.5946,-1.3344,-0.7115,-2.1063
Beihai,109.12,21.48,2006,7,2006-07,341.93,206.59,0.4407,-0.7513,-0.5432,-1.5648,0.4696,-0.5277,-0.2364,-1.4006
Beihai,109.12,21.48,2006,8,2006-08,391.22,183.37,0.1907,-0.5404,-0.5086,-1.1574,0.1617,-0.2457,-0.2888,-0.9496
Beihai,109.12,21.48,2006,9,2006-09,48.9,141.56,-2.7292,-0.8314,-1.4885,-1.6469,-2.1664,-0.571,-1.1642,-1.3332
Beihai,109.12,21.48,2006,10,2006-10,35.65,140.26,-1.0924,-1.665,-1.5301,-1.6051,-1.8323,-2.5499,-2.0321,-1.4515
Beihai,109.12,21.48,2006,11,2006-11,62.1,85.94,0.2844,-2.0897,-1.3856,-1.5083,0.1054,-2.0009,-1.4873,-1.3782
Beihai,109.12,21.48,2006,12,2006-12,6.82,36.38,-0.8122,-0.9581,-1.0572,-1.3978,-0.6999,-1.2839,-1.0057,-1.3339
Beihai,109.12,21.48,2007,1,2007-01,18.91,25.44,-0.3896,-0.3925,-1.7846,-1.3805,0.0567,-0.3822,-1.715,-1.3183
Beihai,109.12,21.48,2007,2,2007-02,27.44,55.61,-0.1421,-1.2354,-2.2454,-1.5784,-0.5471,-3.09,-2.2134,-1.9398
Beihai,109.12,21.48,2007,3,2007-03,62.62,77.23,0.3397,-0.4364,-1.3138,-1.7903,0.0871,-0.5569,-2.1209,-2.3332
Beihai,109.12,21.48,2007,4,2007-04,137.4,91.34,1.077,0.646,-0.0654,-1.4108,1.359,0.7376,0.1685,-1.6651
Beihai,109.12,21.48,2007,5,2007-05,184.14,156.12,0.2526,0.6527,0.0079,-1.1434,0.5217,0.9242,0.3741,-1.2067
Beihai,109.12,21.48,2007,6,2007-06,252.6,195.39,-0.1668,0.1983,-0.019,-0.8987,0.0598,0.5059,0.251,-0.7998
Beihai,109.12,21.48,2007,7,2007-07,143.53,210.26,-1.9128,-0.8945,-0.7312,-1.6678,-1.7948,-0.6731,-0.4568,-1.6261
Beihai,109.12,21.48,2007,8,2007-08,328.91,190.5,-0.5368,-1.2554,-0.7905,-1.7351,-0.6263,-1.1094,-0.5631,-1.484
Beihai,109.12,21.48,2007,9,2007-09,180.9,152.57,-0.5096,-1.6883,-0.9339,-1.267,-0.4252,-1.4607,-0.5648,-1.1781
Beihai,109.12,21.48,2007,10,2007-10,39.99,110.43,-0.9967,-1.1624,-1.342,-1.2902,-0.7336,-1.0488,-1.3432,-1.1417
Beihai,109.12,21.48,2007,11,2007-11,4.5,51.04,-1.7114,-1.3196,-1.5896,-1.5284,-0.6232,-0.979,-1.5895,-1.2602
Beihai,109.12,21.48,2007,12,2007-12,19.53,46.02,-0.0234,-1.5492,-1.8695,-1.3698,-0.4354,-1.1332,-1.6702,-1.1525
Beihai,109.12,21.48,2008,1,2008-01,82.15,20.04,0.9077,-0.1597,-1.2248,-1.1754,1.0402,0.2124,-0.9724,-0.8876
Beihai,109.12,21.48,2008,2,2008-02,30.16,16.17,-0.041,0.3391,-1.019,-1.2218,0.6571,0.7052,-0.6325,-0.8161
Beihai,109.12,21.48,2008,3,2008-03,30.69,65.85,-0.8475,0.1218,-1.382,-1.3189,-0.6772,0.7864,-0.7143,-0.8861
Beihai,109.12,21.48,2008,4,2008-04,53.7,114.6,-0.8335,-1.102,-1.0317,-1.5786,-0.701,-0.5653,-0.2482,-1.5147
Beihai,109.12,21.48,2008,5,2008-05,142.6,160.94,-0.2631,-0.9583,-0.6667,-1.5586,0.0817,-0.5697,-0.0686,-1.8886
Beihai,109.12,21.48,2008,6,2008-06,627.9,172.6,2.1667,1.485,1.3678,-0.5198,1.8585,1.4623,1.4303,-0.0819
Beihai,109.12,21.48,2008,7,2008-07,325.5,189.76,0.2888,1.4223,1.1993,0.0249,0.4727,1.5028,1.3684,0.438
Beihai,109.12,21.48,2008,8,2008-08,423.46,186.84,0.537,1.7545,1.2295,0.2946,0.5328,1.6324,1.4581,0.5913
Beihai,109.12,21.48,2008,9,2008-09,306.3,169.02,0.6626,0.7128,1.3347,0.5939,0.6628,0.812,1.3891,0.8638
Beihai,109.12,21.48,2008,10,2008-10,149.11,126.44,0.3516,0.6377,1.3124,0.8745,0.3121,0.7082,1.317,1.0961
Beihai,109.12,21.48,2008,11,2008-11,79.5,56.22,0.5611,0.5678,1.4194,1.0776,0.8133,0.5426,1.4004,1.2583
Beihai,109.12,21.48,2008,12,2008-12,45.57,30.7,0.8225,0.4859,0.6592,1.1779,0.8442,0.4515,0.7459,1.3238
Beihai,109.12,21.48,2009,1,2009-01,7.44,18.85,-0.9719,0.1304,0.5297,1.1159,-0.1208,0.5106,0.5951,1.268
Beihai,109.12,21.48,2009,2,2009-02,7.0,60.66,-1.3374,-1.0499,0.2529,1.0956,-3.09,-1.5053,0.1916,1.2101
Beihai,109.12,21.48,2009,3,2009-03,76.26,67.88,0.7198,-0.7869,-0.0267,1.1966,0.8468,-0.9366,0.0734,1.2848
Beihai,109.12,21.48,2009,4,2009-04,96.0,109.72,0.2768,-0.0056,-0.0975,1.2667,0.408,-0.1532,0.3695,1.3485
Beihai,109.12,21.48,2009,5,2009-05,166.16,155.59,0.0401,0.2385,-0.3152,1.1357,0.3687,0.545,0.0922,1.2441
Beihai,109.12,21.48,2009,6,2009-06,160.2,188.71,-1.0929,-0.7781,-1.046,-0.026,-0.7889,-0.3826,-0.6647,0.2485
Beihai,109.12,21.48,2009,7,2009-07,274.97,205.95,-0.2128,-0.777,-0.8827,-0.2088,-0.086,-0.5194,-0.6108,-0.0522
Beihai,109.12,21.48,2009,8,2009-08,368.59,198.23,-0.0639,-0.8136,-0.6389,-0.3427,-0.28,-0.5848,-0.4528,-0.3004
Beihai,109.12,21.48,2009,9,2009-09,350.1,171.3,0.9949,0.3904,-0.2086,-0.2301,1.0163,0.3425,0.0191,-0.1287
Beihai,109.12,21.48,2009,10,2009-10,110.67,124.31,-0.0027,0.3997,-0.2799,-0.3591,-0.0036,0.4536,-0.0037,-0.1937
Beihai,109.12,21.48,2009,11,2009-11,23.7,47.0,-0.6102,0.3237,-0.3649,-0.5461,0.1168,0.3419,-0.1397,-0.3435
Beihai,109.12,21.48,2009,12,2009-12,20.15,36.07,0.0039,-0.425,0.0115,-0.5369,0.08,-0.3358,0.0733,-0.3079
Beihai,109.12,21.48,2010,1,2010-01,68.51,32.9,0.7114,-0.0875,0.223,-0.3197,0.7783,0.2766,0.2038,-0.1118
Beihai,109.12,21.48,2010,2,2010-02,10.64,42.43,-1.0156,-0.2015,0.2018,-0.3268,-0.793,-0.0001,0.1773,-0.058
Beihai,109.12,21.48,2010,3,2010-03,4.65,64.68,-3.0612,-0.932,-1.0673,-0.5575,-1.7559,-0.9017,-0.7743,-0.3067
Beihai,109.12,21.48,2010,4,2010-04,136.8,97.26,1.0666,-0.4263,-0.5557,-0.4115,1.2685,-0.0437,0.1755,-0.0755
Beihai,109.12,21.48,2010,5,2010-05,68.51,175.66,-1.533,-1.1748,-1.1461,-0.6711,-1.6505,-0.7366,-0.9672,-0.4243
Beihai,109.12,21.48,2010,6,2010-06,215.1,188.91,-0.5088,-0.7921,-1.1055,-0.6242,-0.1903,-0.4481,-0.7286,-0.4416
Beihai,109.12,21.48,2010,7,2010-07,192.82,212.87,-1.1829,-1.5207,-1.8062,-0.9449,-1.0618,-1.2801,-1.5042,-0.8455
Beihai,109.12,21.48,2010,8,2010-08,377.27,187.9,0.035,-0.9151,-1.3397,-0.8268,-0.0614,-0.6735,-1.0469,-0.7073
Beihai,109.12,21.48,2010,9,2010-09,336.3,165.55,0.8933,-0.0901,-0.5431,-0.871,0.9498,-0.074,-0.2965,-0.6869
Beihai,109.12,21.48,2010,10,2010-10,98.27,97.63,-0.1347,0.3133,-0.7621,-0.94,0.1287,0.5622,-0.4756,-0.6473
Beihai,109.12,21.48,2010,11,2010-11,4.5,56.46,-1.7114,0.0891,-0.5784,-1.0331,-1.0652,0.2294,-0.2659,-0.7632
Beihai,109.12,21.48,2010,12,2010-12,21.7,37.84,0.0696,-0.7279,-0.445,-0.9279,0.072,-0.4513,-0.2647,-0.6354
Beihai,109.12,21.48,2011,1,2011-01,7.44,11.9,-0.9719,-1.3935,-0.2267,-1.1394,0.1174,-0.6443,0.0091,-0.7716
Beihai,109.12,21.48,2011,2,2011-02,35.56,31.52,0.1427,-0.9312,-0.1851,-1.1041,0.4667,-0.0763,0.0577,-0.7187
Beihai,109.12,21.48,2011,3,2011-03,59.21,41.4,0.2363,-0.561,-1.1808,-0.8978,1.1357,0.5694,-0.2901,-0.4089
Beihai,109.12,21.48,2011,4,2011-04,23.4,102.12,-2.1211,-1.0307,-1.9377,-1.2582,-1.343,-0.1181,-2.0934,-0.8598
Beihai,109.12,21.48,2011,5,2011-05,179.18,150.0,0.1954,-0.5485,-0.9739,-0.8071,0.5314,0.2524,0.0664,-0.2405
Beihai,109.12,21.48,2011,6,2011-06,304.8,195.6,0.2564,-0.2067,-0.439,-0.6632,0.4068,0.1536,0.2292,-0.1594
Beihai,109.12,21.48,2011,7,2011-07,214.21,203.82,-0.9066,-0.2702,-0.6837,-0.6328,-0.6856,-0.0832,-0.1195,-0.1647
Beihai,109.12,21.48,2011,8,2011-08,221.65,192.11,-2.0486,-1.1652,-1.3033,-1.0603,-1.656,-0.9666,-0.847,-0.6468
Beihai,109.12,21.48,2011,9,2011-09,197.1,157.85,-0.3322,-1.8343,-1.2947,-1.5144,-0.3025,-1.5899,-0.9845,-0.9822
Beihai,109.12,21.48,2011,10,2011-10,164.3,103.97,0.4746,-0.9518,-0.7868,-1.3315,0.5835,-0.7493,-0.3985,-0.8279
Beihai,109.12,21.48,2011,11,2011-11,60.6,77.37,0.2583,-0.0033,-0.7913,-1.1804,0.2451,0.0397,-0.5736,-0.735
Beihai,109.12,21.48,2011,12,2011-12,25.42,23.86,0.215,0.3295,-1.0721,-1.0635,0.5726,0.3525,-0.8651,-0.5468
Beihai,109.12,21.48,2012,1,2012-01,52.39,19.75,0.4431,0.19,-0.8601,-0.9204,0.7441,0.4435,-0.6613,-0.3868
Beihai,109.12,21.48,2012,2,2012-02,23.49,28.68,-0.3022,-0.1651,-0.087,-1.0083,0.2611,0.5144,0.0979,-0.4746
Beihai,109.12,21.48,2012,3,2012-03,40.92,65.56,-0.4005,-0.2985,-0.0107,-1.058,-0.2745,0.4126,0.3304,-0.643
Beihai,109.12,21.48,2012,4,2012-04,79.2,124.58,-0.114,-0.568,-0.3795,-0.8376,-0.2741,-0.4362,0.1581,-0.4671
Beihai,109.12,21.48,2012,5,2012-05,264.74,193.9,1.0658,0.6588,0.3873,-0.5247,0.8527,0.5117,0.584,-0.2563
Beihai,109.12,21.48,2012,6,2012-06,312.3,189.94,0.3131,0.6554,0.4555,-0.6113,0.4846,0.5811,0.5373,-0.4155
Beihai,109.12,21.48,2012,7,2012-07,293.26,199.86,-0.0246,0.5244,0.3212,-0.3906,0.1301,0.4795,0.3892,-0.2363
Beihai,109.12,21.48,2012,8,2012-08,447.02,193.45,0.7792,0.4149,0.6031,0.2936,0.7676,0.5569,0.5386,0.3356
Beihai,109.12,21.48,2012,9,2012-09,147.3,149.96,-0.9157,-0.1976,0.2469,0.1312,-0.7962,-0.051,0.3591,0.2628
Beihai,109.12,21.48,2012,10,2012-10,226.3,123.81,0.9111,0.3568,0.5239,0.292,0.8443,0.531,0.6726,0.4135
Beihai,109.12,21.48,2012,11,2012-11,119.4,70.76,1.0717,0.3661,0.4288,0.4515,1.0772,0.3745,0.5912,0.5761
Beihai,109.12,21.48,2012,12,2012-12,20.15,34.84,0.0039,1.015,0.3952,0.493,0.1238,0.896,0.463,0.6062
Beihai,109.12,21.48,2013,1,2013-01,27.9,23.05,-0.1015,0.4606,0.4287,0.5134,0.3326,0.5925,0.4642,0.6238
Beihai,109.12,21.48,2013,2,2013-02,13.16,44.86,-0.839,-1.0189,0.0632,0.5003,-0.786,-0.7429,0.076,0.6007
Beihai,109.12,21.48,2013,3,2013-03,73.16,85.66,0.6376,-0.3432,0.7245,0.5817,0.1602,-0.2602,0.5906,0.6051
Beihai,109.12,21.48,2013,4,2013-04,171.6,102.9,1.6265,1.0119,0.8385,0.8162,1.6554,0.9933,0.9296,0.8876
Beihai,109.12,21.48,2013,5,2013-05,149.11,166.81,-0.1762,0.7364,0.1489,0.4044,0.0887,0.7835,0.3854,0.6288
Beihai,109.12,21.48,2013,6,2013-06,198.6,192.34,-0.6723,-0.1318,-0.2986,0.1079,-0.3776,0.1409,-0.0503,0.2961
Beihai,109.12,21.48,2013,7,2013-07,485.46,193.17,1.5992,0.3625,0.6782,0.659,1.5045,0.4571,0.7457,0.7879
Beihai,109.12,21.48,2013,8,2013-08,341.0,191.3,-0.3889,0.2893,0.5305,0.3275,-0.5068,0.4804,0.6023,0.3679
Beihai,109.12,21.48,2013,9,2013-09,309.9,156.47,0.6911,1.119,0.6253,0.7191,0.8034,1.2362,0.816,0.7836
Beihai,109.12,21.48,2013,10,2013-10,19.53,105.66,-1.5522,-0.4348,-0.0455,0.1718,-1.0716,-0.1437,0.323,0.3607
Beihai,109.12,21.48,2013,11,2013-11,262.8,62.61,2.3145,0.8276,0.6341,0.5613,2.1452,0.9274,0.8153,0.7331
Beihai,109.12,21.48,2013,12,2013-12,137.95,18.8,2.4041,1.2894,1.3935,0.9147,2.1333,1.4024,1.4842,1.0567
Beihai,109.12,21.48,2014,1,2014-01,1.24,24.51,-1.8162,1.9698,0.7872,0.9599,-3.09,1.7417,0.9606,1.0833
Beihai,109.12,21.48,2014,2,2014-02,16.24,26.75,-0.6542,0.6775,0.8961,1.0056,0.1239,0.9835,1.0701,1.1964
Beihai,109.12,21.48,2014,3,2014-03,47.43,64.97,-0.1551,-1.3778,0.755,0.9132,-0.0166,-0.6381,0.9875,1.1696
Beihai,109.12,21.48,2014,4,2014-04,128.4,121.88,0.9181,0.1779,1.9639,0.7655,0.7654,0.4119,1.715,1.0318
Beihai,109.12,21.48,2014,5,2014-05,99.51,181.28,-0.9212,-0.399,-0.0452,0.5211,-0.8518,-0.3238,0.357,0.8094
Beihai,109.12,21.48,2014,6,2014-06,385.5,208.6,0.8245,0.422,-0.0454,1.0896,0.7765,0.3658,0.107,1.2434
Beihai,109.12,21.48,2014,7,2014-07,349.99,212.65,0.5134,0.3706,0.3833,0.7174,0.4849,0.265,0.3874,0.8619
Beihai,109.12,21.48,2014,8,2014-08,496.0,190.1,1.2571,1.1828,0.8698,1.0601,1.5944,1.0538,0.7574,1.1699
Beihai,109.12,21.48,2014,9,2014-09,271.5,168.95,0.3757,1.0262,0.8704,0.9192,0.3447,0.9926,0.802,0.9734
Beihai,109.12,21.48,2014,10,2014-10,73.47,126.66,-0.4382,0.4564,0.4801,1.0605,-0.46,0.539,0.551,1.0656
Beihai,109.12,21.48,2014,11,2014-11,45.3,73.91,-0.0378,-0.182,0.6467,0.5079,-0.002,-0.3014,0.6458,0.5413
Beihai,109.12,21.48,2014,12,2014-12,66.03,24.15,1.2789,-0.1587,0.5661,0.3709,1.2747,-0.2366,0.5438,0.4335
Beihai,109.12,21.48,2015,1,2015-01,57.04,28.69,0.5255,0.4687,0.521,0.6105,0.6925,0.6109,0.4841,0.6335
Beihai,109.12,21.48,2015,2,2015-02,17.64,41.54,-0.5785,0.4707,-0.0491,0.6364,-0.3332,0.6767,-0.1065,0.6441
Beihai,109.12,21.48,2015,3,2015-03,21.7,84.29,-1.3381,-0.6731,-0.6799,0.5476,-1.8796,-1.0604,-0.6743,0.5033
Beihai,109.12,21.48,2015,4,2015-04,23.7,118.69,-2.1034,-2.3512,-0.9098,0.2298,-2.2905,-3.09,-3.09,0.2718
Beihai,109.12,21.48,2015,5,2015-05,118.73,199.48,-0.6074,-1.8253,-1.1913,0.2185,-0.8299,-3.09,-3.09,0.2644
Beihai,109.12,21.48,2015,6,2015-06,211.5,215.52,-0.5437,-1.2982,-1.4839,-0.3034,-0.4856,-1.7367,-2.2367,-0.4406
Beihai,109.12,21.48,2015,7,2015-07,443.92,198.55,1.2899,0.095,-0.5705,-0.0371,1.2246,-0.0327,-0.6805,-0.1779
Beihai,109.12,21.48,2015,8,2015-08,185.69,196.59,-2.6694,-0.6143,-1.2894,-0.9631,-1.9942,-0.4768,-1.3551,-1.0746
Beihai,109.12,21.48,2015,9,2015-09,225.9,166.44,-0.0398,-0.3846,-1.0071,-1.106,-0.0848,-0.3274,-1.1097,-1.2023
Beihai,109.12,21.48,2015,10,2015-10,169.26,122.28,0.5131,-0.9655,-0.5319,-0.8335,0.4922,-1.0565,-0.4914,-0.9368
Beihai,109.12,21.48,2015,11,2015-11,158.7,86.16,1.4768,0.6556,-0.0239,-0.5057,1.2907,0.5223,0.0369,-0.6247
Beihai,109.12,21.48,2015,12,2015-12,70.37,33.17,1.3637,1.1816,0.3966,-0.4085,1.2079,1.0072,0.3643,-0.5094
Beihai,109.12,21.48,2016,1,2016-01,304.73,27.16,2.8153,2.5762,0.9598,0.37,2.2483,2.0272,0.8395,0.2763
Beihai,109.12,21.48,2016,2,2016-02,13.34,19.81,-0.8274,2.9761,1.6017,0.3683,0.2295,2.1204,1.542,0.3427
Beihai,109.12,21.48,2016,3,2016-03,57.97,52.93,0.1977,2.5921,2.2186,0.4652,0.7415,2.0985,1.9285,0.4972
Beihai,109.12,21.48,2016,4,2016-04,81.3,121.19,-0.0623,-0.4178,2.4945,0.6106,-0.1411,0.1265,1.921,0.6614
Beihai,109.12,21.48,2016,5,2016-05,189.72,172.79,0.3157,0.1486,1.9069,0.6765,0.4259,0.3656,1.7082,0.7936
Beihai,109.12,21.48,2016,6,2016-06,226.8,206.49,-0.398,-0.2675,0.9459,0.7985,-0.243,-0.1988,0.9832,0.8865
Beihai,109.12,21.48,2016,7,2016-07,239.63,215.56,-0.6018,-0.484,-0.7255,0.1991,-0.5333,-0.4721,-0.4659,0.2188
Beihai,109.12,21.48,2016,8,2016-08,384.71,198.77,0.1185,-0.5618,-0.4681,0.7242,-0.1016,-0.4775,-0.4676,0.6622
Beihai,109.12,21.48,2016,9,2016-09,171.6,165.62,-0.6164,-0.7448,-0.6708,0.5468,-0.6891,-0.7688,-0.6412,0.5303
Beihai,109.12,21.48,2016,10,2016-10,168.33,134.26,0.5059,-0.1365,-0.445,0.5436,0.399,-0.0917,-0.3601,0.5392
Beihai,109.12,21.48,2016,11,2016-11,84.9,63.8,0.6387,0.0122,-0.4052,0.3465,0.7883,-0.0764,-0.3482,0.4121
Beihai,109.12,21.48,2016,12,2016-12,9.92,42.31,-0.5567,0.4147,-0.3321,0.242,-1.1558,0.2069,-0.3946,0.3282
Beihai,109.12,21.48,2017,1,2017-01,33.48,42.52,0.0452,0.0868,-0.1906,-0.5121,-0.027,0.1235,-0.3737,-0.431
Beihai,109.12,21.48,2017,2,2017-02,37.52,35.96,0.2046,-0.5622,-0.175,-0.4587,0.4146,-0.6712,-0.3258,-0.4572
Beihai,109.12,21.48,2017,3,2017-03,69.44,75.95,0.5359,0.0831,0.2413,-0.4167,0.3647,0.1988,0.1021,-0.5064
Beihai,109.12,21.48,2017,4,2017-04,54.6,107.68,-0.8044,-0.2743,-0.3033,-0.4889,-0.4751,-0.1372,-0.055,-0.5115
Beihai,109.12,21.48,2017,5,2017-05,139.19,168.11,-0.3098,-0.5324,-0.8037,-0.6061,-0.0371,-0.2782,-0.7767,-0.6183
Beihai,109.12,21.48,2017,6,2017-06,266.4,203.08,-0.0496,-0.515,-0.4924,-0.6003,0.1046,-0.2985,-0.3203,-0.6731
Beihai,109.12,21.48,2017,7,2017-07,533.2,199.81,1.9344,0.8116,0.7199,0.2892,1.7343,0.7875,0.7617,0.257
Beihai,109.12,21.48,2017,8,2017-08,443.3,200.72,0.7415,1.2292,0.8672,0.4323,0.6139,1.1116,0.8467,0.3083
Beihai,109.12,21.48,2017,9,2017-09,220.8,187.24,-0.0897,1.4118,0.6313,0.5286,-0.3661,1.3046,0.6473,0.4141
Beihai,109.12,21.48,2017,10,2017-10,235.6,109.89,0.9696,0.7352,0.9437,0.7029,0.9739,0.7289,0.9479,0.678
Beihai,109.12,21.48,2017,11,2017-11,62.7,59.79,0.2948,0.493,1.0308,0.6516,0.5578,0.4415,0.9975,0.6382
Beihai,109.12,21.48,2017,12,2017-12,28.83,28.68,0.3361,0.8034,1.2938,0.7495,0.5401,0.8531,1.2372,0.7684
Beihai,109.12,21.48,2018,1,2018-01,27.9,29.61,-0.1015,-0.0082,0.563,0.8404,0.1891,0.3182,0.5108,0.8663
Beihai,109.12,21.48,2018,2,2018-02,13.16,26.85,-0.839,-0.8068,0.2258,0.8026,0.0329,-0.0533,0.2521,0.8893
Beihai,109.12,21.48,2018,3,2018-03,40.92,75.52,-0.4005,-0.9717,0.2781,0.7042,-0.655,-0.5836,0.4966,0.8009
Beihai,109.12,21.48,2018,4,2018-04,96.0,110.26,0.2768,-0.4594,-0.5041,0.7937,0.3976,-0.2129,0.126,0.8986
Beihai,109.12,21.48,2018,5,2018-05,113.77,197.4,-0.6848,-0.675,-1.0322,0.6049,-0.893,-0.8015,-1.1281,0.7059
Beihai,109.12,21.48,2018,6,2018-06,290.1,210.96,0.1424,-0.2544,-0.6063,0.7392,0.2151,-0.299,-0.5366,0.7522
Beihai,109.12,21.48,2018,7,2018-07,442.99,199.18,1.2827,0.4228,0.2403,0.4756,1.215,0.2926,0.249,0.4496
Beihai,109.12,21.48,2018,8,2018-08,474.61,193.93,1.0524,1.0851,0.6845,0.5272,1.1738,1.0031,0.5424,0.4354
Beihai,109.12,21.48,2018,9,2018-09,224.4,163.78,-0.0544,1.1465,0.5796,0.5025,-0.0726,1.186,0.5781,0.5277
Beihai,109.12,21.48,2018,10,2018-10,61.69,111.11,-0.6084,0.0536,0.276,0.0277,-0.4083,0.2528,0.4107,0.1248
Beihai,109.12,21.48,2018,11,2018-11,60.9,81.05,0.2635,-0.4422,0.4552,0.0144,0.1809,-0.4746,0.5355,0.0562
Beihai,109.12,21.48,2018,12,2018-12,39.06,37.91,0.6501,-0.3593,0.5708,0.1115,0.5634,-0.459,0.5783,0.1673
Beihai,109.12,21.48,2019,1,2019-01,10.54,34.33,-0.7698,-0.1089,-0.1033,0.1251,-3.09,-0.1275,-0.1696,0.1802
Beihai,109.12,21.48,2019,2,2019-02,57.68,63.3,0.7436,-0.059,-0.4456,0.2626,0.2505,-0.3164,-0.6228,0.2134
Beihai,109.12,21.48,2019,3,2019-03,102.3,85.78,1.3375,0.511,-0.2685,0.4366,1.0968,0.2143,-0.5316,0.3315
Beihai,109.12,21.48,2019,4,2019-04,120.9,144.54,0.78,1.2695,0.5779,0.4918,0.2137,0.5309,0.1788,0.3469
Beihai,109.12,21.48,2019,5,2019-05,200.57,175.66,0.435,0.9859,0.7145,0.6125,0.4953,0.6374,0.3371,0.5665
Beihai,109.12,21.48,2019,6,2019-06,183.6,212.91,-0.8292,-0.2213,-0.0605,0.3792,-0.8002,-0.3589,-0.3679,0.2301
Beihai,109.12,21.48,2019,7,2019-07,200.88,221.52,-1.0764,-0.8676,-0.4174,-0.3849,-1.0697,-0.8859,-0.7736,-0.7301
Beihai,109.12,21.48,2019,8,2019-08,522.97,204.27,1.5072,-0.2744,0.1778,-0.2006,1.8278,-0.2792,-0.1747,-0.569
Beihai,109.12,21.48,2019,9,2019-09,116.4,168.77,-1.351,-0.4752,-0.4725,-0.5303,-1.483,-0.5985,-0.6226,-0.8414
Beihai,109.12,21.48,2019,10,2019-10,73.47,130.23,-0.4382,-0.2001,-0.7284,-0.5174,-0.5113,-0.1877,-0.8505,-0.8934
Beihai,109.12,21.48,2019,11,2019-11,15.9,69.88,-0.9151,-1.4907,-0.9678,-0.6778,-1.4662,-1.5176,-1.1684,-1.0398
Beihai,109.12,21.48,2019,12,2019-12,1.24,42.38,-1.7402,-1.139,-0.8626,-0.7041,-3.09,-1.2194,-0.9999,-1.0926
Beihai,109.12,21.48,2020,1,2020-01,50.53,47.74,0.4088,-0.6916,-0.55,-0.5612,0.2907,-2.069,-0.8086,-1.0107
Beihai,109.12,21.48,2020,2,2020-02,92.8,47.16,1.4433,0.5263,-1.0636,-0.4731,1.1382,0.2737,-1.3004,-0.905
Beihai,109.12,21.48,2020,3,2020-03,64.48,92.3,0.3946,0.9772,-0.5355,-0.5926,-0.3934,0.6012,-0.9942,-1.0823
Beihai,109.12,21.48,2020,4,2020-04,143.4,93.31,1.1793,1.4809,0.3927,-0.5029,1.4137,1.4669,0.4266,-0.7195
Beihai,109.12,21.48,2020,5,2020-05,57.97,192.26,-1.7865,-0.5032,-0.2134,-0.8873,-3.09,-0.5411,-0.4639,-1.5977
Beihai,109.12,21.48,2020,6,2020-06,143.4,231.71,-1.2993,-1.373,-0.7888,-1.196,-3.09,-1.6394,-1.1554,-2.0032
Beihai,109.12,21.48,2020,7,2020-07,221.65,233.93,-0.8149,-1.8804,-1.2124,-1.1776,-0.96,-2.0649,-1.605,-1.7163
Beihai,109.12,21.48,2020,8,2020-08,378.2,200.84,0.0455,-1.1504,-1.2703,-1.5563,-0.2007,-1.5373,-1.4673,-1.728
Beihai,109.12,21.48,2020,9,2020-09,369.9,180.63,1.1362,0.2616,-0.5903,-0.724,1.1015,0.0033,-0.7806,-1.0971
Beihai,109.12,21.48,2020,10,2020-10,383.78,99.84,1.7522,1.7334,0.1149,0.1561,1.6957,1.5602,0.0877,-0.0894
Beihai,109.12,21.48,2020,11,2020-11,11.4,70.37,-1.147,1.5236,0.3197,0.1383,-3.09,1.5356,0.2692,-0.1135
Beihai,109.12,21.48,2020,12,2020-12,6.51,27.37,-0.8423,1.1984,0.8008,0.2176,-0.1205,1.2563,0.709,0.0592
Beihai,109.12,21.48,2021,1,2021-01,7.75,24.95,-0.949,-1.6334,1.1307,0.1639,-0.4999,-3.09,1.12,0.0715
Beihai,109.12,21.48,2021,2,2021-02,101.08,50.85,1.5828,0.0778,1.3885,0.1917,1.1978,0.3326,1.3334,0.0854
Beihai,109.12,21.48,2021,3,2021-03,38.44,89.39,-0.501,0.1853,1.1182,0.1059,-1.3379,0.1415,1.0063,-0.0098
Beihai,109.12,21.48,2021,4,2021-04,94.2,137.92,0.2373,0.7237,-0.608,-0.0453,-0.2329,0.0791,-3.09,-0.2657
Beihai,109.12,21.48,2021,5,2021-05,180.42,203.05,0.2098,-0.0073,-0.0645,0.2442,0.0346,-0.6051,-0.4683,0.1057
Beihai,109.12,21.48,2021,6,2021-06,192.6,214.43,-0.734,-0.4678,-0.41,0.3985,-0.6981,-0.7933,-0.7888,0.1613
Beihai,109.12,21.48,2021,7,2021-07,219.17,229.02,-0.8452,-0.8277,-0.6316,0.3792,-0.9291,-1.0341,-1.1359,0.0712
Beihai,109.12,21.48,2021,8,2021-08,345.03,206.38,-0.3403,-1.0734,-0.9754,0.265,-0.6238,-1.2771,-1.3651,-0.1188
Beihai,109.12,21.48,2021,9,2021-09,185.7,181.7,-0.4559,-1.0358,-0.9758,-0.2724,-0.7134,-1.2605,-1.5044,-0.5692
Beihai,109.12,21.48,2021,10,2021-10,173.91,107.76,0.5486,-0.2448,-0.7321,-0.9289,0.6218,-0.1923,-1.0374,-1.3089
Beihai,109.12,21.48,2021,11,2021-11,12.9,61.46,-1.063,-0.2863,-0.9098,-0.9541,-0.7493,-0.2966,-1.0441,-1.3061
Beihai,109.12,21.48,2021,12,2021-12,15.5,36.45,-0.2171,-0.0181,-0.771,-0.8279,-0.1246,0.0288,-0.8428,-1.2177
Beihai,109.12,21.48,2022,1,2022-01,39.68,39.52,0.1896,-0.6849,-0.59,-0.7173,0.2332,-0.5678,-0.6967,-1.1969
Beihai,109.12,21.48,2022,2,2022-02,179.48,22.63,2.6511,1.6154,0.3082,-0.4882,2.2439,1.3079,0.2983,-0.8255
Beihai,109.12,21.48,2022,3,2022-03,64.17,82.49,0.3855,1.7771,0.7576,-0.3992,-0.0442,1.4475,0.7766,-0.6703
Beihai,109.12,21.48,2022,4,2022-04,100.2,104.48,0.3673,1.9128,0.7371,-0.3688,0.5804,2.0967,0.9372,-0.4699
Beihai,109.12,21.48,2022,5,2022-05,301.32,143.55,1.3817,1.317,1.8067,-0.0322,1.4004,1.3836,1.6417,0.142
Beihai,109.12,21.48,2022,6,2022-06,321.9,192.13,0.3844,1.0022,1.5386,0.3203,0.527,1.1334,1.4447,0.4433
Beihai,109.12,21.48,2022,7,2022-07,283.96,213.31,-0.1193,0.6808,1.3681,0.4981,-0.0711,0.7519,1.3741,0.601
Beihai,109.12,21.48,2022,8,2022-08,411.99,201.76,0.4159,0.256,0.7812,0.6415,0.1912,0.3384,0.8278,0.6728
Beihai,109.12,21.48,2022,9,2022-09,208.8,180.57,-0.2101,-0.0994,0.5339,0.6636,-0.4264,-0.2433,0.6516,0.7303
Beihai,109.12,21.48,2022,10,2022-10,65.72,104.61,-0.5478,-0.3447,0.2339,0.3801,-0.2751,-0.2485,0.4778,0.5134
Beihai,109.12,21.48,2022,11,2022-11,75.6,88.97,0.5029,-0.4227,-0.1084,0.5504,0.3059,-0.5654,-0.0324,0.6012
Beihai,109.12,21.48,2022,12,2022-12,6.51,23.3,-0.8423,-0.4886,-0.358,0.5794,0.0478,-0.4642,-0.3896,0.674
Beihai,109.12,21.48,2023,1,2023-01,95.79,26.19,1.0842,0.5504,-0.1356,0.8294,1.1041,0.5966,-0.2165,0.9054
Beihai,109.12,21.48,2023,2,2023-02,29.68,46.36,-0.0583,0.3413,-0.2969,0.4227,-0.0606,0.5836,-0.3711,0.552
Beihai,109.12,21.48,2023,3,2023-03,67.89,80.71,0.4925,0.8036,-0.2003,0.4229,0.1494,0.7792,-0.1414,0.5396
Beihai,109.12,21.48,2023,4,2023-04,62.1,123.06,-0.5746,-0.3042,0.1328,0.2989,-0.7026,-0.7322,0.2186,0.428
Beihai,109.12,21.48,2023,5,2023-05,121.83,187.22,-0.5602,-0.6619,-0.4422,-0.2401,-0.5412,-0.8944,-0.4442,-0.1867
Beihai,109.12,21.48,2023,6,2023-06,663.3,207.1,2.3332,1.5899,1.6813,0.7028,1.8614,1.3027,1.2908,0.5999
Beihai,109.12,21.48,2023,7,2023-07,346.89,232.25,0.4856,1.5541,1.5342,0.8779,0.3067,1.2768,1.1252,0.6645
Beihai,109.12,21.48,2023,8,2023-08,444.54,201.97,0.7541,2.0447,1.5951,0.8943,0.6138,1.5956,1.3124,0.625
Beihai,109.12,21.48,2023,9,2023-09,481.5,172.4,1.8539,1.762,2.0384,1.5022,1.9868,1.576,1.6334,1.293
Beihai,109.12,21.48,2023,10,2023-10,461.28,123.44,2.0874,2.6887,2.6384,2.4038,1.8995,2.1878,1.966,2.0242
Beihai,109.12,21.48,2023,11,2023-11,38.7,75.22,-0.1871,2.2654,2.6425,2.3697,-0.2162,2.2564,2.0729,2.0055
Beihai,109.12,21.48,2023,12,2023-12,26.04,38.1,0.2378,1.7642,2.1033,2.409,0.2108,1.6709,1.8141,1.8986
Beihai,109.12,21.48,2024,1,2024-01,43.4,36.05,0.2689,-0.1365,2.3518,2.5032,0.3801,-0.1078,2.1947,1.8703
Beihai,109.12,21.48,2024,2,2024-02,14.5,41.28,-0.7551,-0.4993,2.0007,2.5716,-0.4708,-0.3982,1.8422,1.9556
Beihai,109.12,21.48,2024,3,2024-03,68.51,75.76,0.5099,-0.1376,1.6534,2.5243,0.3396,-0.0005,1.3209,1.9742
Beihai,109.12,21.48,2024,4,2024-04,98.4,156.24,0.3288,0.0258,-0.3063,2.5243,-0.6097,-0.7615,-3.09,1.8917
Beihai,109.12,21.48,2024,5,2024-05,527.93,172.42,2.94,2.8533,2.2549,2.9614,2.3348,2.1652,1.5981,2.1774
Beihai,109.12,21.48,2024,6,2024-06,389.1,203.11,0.8479,2.3056,2.0913,2.8087,0.8212,1.808,1.5445,2.2809
Beihai,109.12,21.48,2024,7,2024-07,353.09,216.45,0.5411,2.0358,2.1561,2.8777,0.4797,1.8425,1.658,2.6273
Beihai,109.12,21.48,2024,8,2024-08,322.4,212.28,-0.618,0.469,1.7777,2.3789,-0.9139,0.4227,1.4951,2.3911
Beihai,109.12,21.48,2024,9,2024-09,365.4,175.04,1.1045,0.6387,1.857,2.053,1.1103,0.4413,1.4683,1.7727
Beihai,109.12,21.48,2024,10,2024-10,73.47,115.85,-0.4382,0.0566,1.4603,1.1855,-0.3176,0.0834,1.2597,0.935
Beihai,109.12,21.48,2024,11,2024-11,60.6,73.12,0.2583,0.398,0.4823,1.2584,0.3205,0.3101,0.4701,0.9975
Beihai,109.12,21.48,2024,12,2024-12,0.93,34.53,-1.8699,-0.6165,0.1147,1.229,-1.8816,-0.6255,0.0142,0.9753
Beihai,109.12,21.48,2025,1,2025-01,6.51,31.11,-1.0453,-0.6855,-0.3056,1.2705,-3.09,-0.5996,-0.4614,0.993
Beihai,109.12,21.48,2025,2,2025-02,15.12,39.56,-0.7182,-2.3883,-0.0933,1.3229,-0.3571,-3.09,-0.1736,1.0625
Beihai,109.12,21.48,2025,3,2025-03,54.56,64.68,0.0886,-1.1021,-1.3382,1.2589,0.2421,-1.1728,-1.1764,1.0369
Beihai,109.12,21.48,2025,4,2025-04,39.9,120.57,-1.3288,-1.2024,-1.5699,1.0643,-1.4297,-1.3041,-3.09,0.9865
Beihai,109.12,21.48,2025,5,2025-05,212.97,177.78,0.5662,-0.0637,-0.9396,0.1353,0.5811,0.0437,-0.94,0.2182
Beihai,109.12,21.48,2025,6,2025-06,406.2,202.45,0.9574,0.6705,0.2609,0.1798,0.9059,0.6277,0.3256,0.1475
Beihai,109.12,21.48,2025,7,2025-07,414.16,214.19,1.0566,1.1862,0.9086,0.3458,0.9325,1.045,0.8117,0.2438
Beihai,109.12,21.48,2025,8,2025-08,532.27,192.72,1.5915,1.662,1.4314,0.8776,2.2452,1.4088,1.3626,0.7763
Beihai,109.12,21.48,2025,9,2025-09,313.8,171.12,0.7216,1.7042,1.455,0.7058,0.7102,1.6509,1.2845,0.6453
Beihai,109.12,21.48,2025,10,2025-10,244.28,120.13,1.0229,1.5653,1.6962,1.1375,0.9654,1.4292,1.4446,1.0592
Beihai,109.12,21.48,2025,11,2025-11,33.6,52.86,-0.3152,0.8252,1.5012,1.087,0.1982,0.8391,1.364,1.0544
Beihai,109.12,21.48,2025,12,2025-12,30.38,47.5,0.388,0.6944,1.4298,1.1952,0.0356,0.6158,1.3251,1.1007
Fangchenggang,108.35,21.69,2005,1,2005-01,11.16,25.23,-0.6094,,,,-0.6174,,,
Fangchenggang,108.35,21.69,2005,2,2005-02,22.12,33.79,-0.3149,,,,-0.0375,,,
Fangchenggang,108.35,21.69,2005,3,2005-03,29.76,47.75,-0.6166,-1.0944,,,-0.1025,-0.6175,,
Fangchenggang,108.35,21.69,2005,4,2005-04,33.0,98.38,-1.1401,-1.1758,,,-1.0086,-0.7871,,
Fangchenggang,108.35,21.69,2005,5,2005-05,143.84,172.86,0.0917,-0.5183,,,0.1778,-0.3206,,
Fangchenggang,108.35,21.69,2005,6,2005-06,365.4,180.06,0.9181,0.4036,0.0152,,0.9677,0.5272,0.2198,
Fangchenggang,108.35,21.69,2005,7,2005-07,257.61,190.71,-0.4109,0.1847,-0.1001,,-0.2075,0.3436,0.1684,
Fangchenggang,108.35,21.69,2005,8,2005-08,210.49,176.63,-0.7957,-0.241,-0.3539,,-0.7334,-0.1207,-0.1603,
Fangchenggang,108.35,21.69,2005,9,2005-09,141.3,152.5,-0.6697,-0.9785,-0.4619,,-0.6864,-0.852,-0.3258,
Fangchenggang,108.35,21.69,2005,10,2005-10,6.51,112.14,-1.997,-1.2414,-0.5961,,-3.09,-1.0967,-0.4793,
Fangchenggang,108.35,21.69,2005,11,2005-11,71.7,70.25,0.7504,-1.0073,-0.5918,,0.7351,-0.9779,-0.4942,
Fangchenggang,108.35,21.69,2005,12,2005-12,16.43,29.48,-0.0535,-0.9168,-1.0977,-0.7029,0.2014,-0.7569,-0.9705,-0.6125
Fangchenggang,108.35,21.69,2006,1,2006-01,5.27,29.66,-0.9926,-0.2344,-1.2449,-0.7036,-1.6374,-0.1585,-1.1203,-0.643
Fangchenggang,108.35,21.69,2006,2,2006-02,45.64,34.88,0.4209,-0.6549,-1.0368,-0.6527,0.4992,-0.5218,-1.0108,-0.6179
Fangchenggang,108.35,21.69,2006,3,2006-03,45.57,54.05,0.1005,-0.4349,-1.0388,-0.6155,0.2742,-0.2187,-0.8995,-0.6117
Fangchenggang,108.35,21.69,2006,4,2006-04,39.9,101.66,-0.8435,-0.2968,-0.5058,-0.597,-0.8494,-0.0453,-0.2749,-0.5979
Fangchenggang,108.35,21.69,2006,5,2006-05,86.49,144.93,-0.783,-0.9368,-1.0149,-0.7247,-0.2472,-0.5432,-0.7957,-0.6251
Fangchenggang,108.35,21.69,2006,6,2006-06,164.4,179.52,-0.9847,-1.2676,-1.1308,-1.2215,-0.7347,-1.2291,-0.9185,-1.0917
Fangchenggang,108.35,21.69,2006,7,2006-07,339.14,199.0,0.2168,-0.5474,-0.6076,-1.0103,0.2944,-0.2505,-0.3036,-0.9032
Fangchenggang,108.35,21.69,2006,8,2006-08,261.64,178.43,-0.3864,-0.4833,-0.6593,-0.8899,-0.3984,-0.384,-0.4482,-0.7826
Fangchenggang,108.35,21.69,2006,9,2006-09,34.5,140.2,-2.7313,-0.8651,-1.0994,-1.1544,-2.567,-0.7443,-0.9271,-1.0111
Fangchenggang,108.35,21.69,2006,10,2006-10,15.19,133.07,-1.4901,-1.508,-1.1993,-1.1449,-3.09,-1.4395,-1.0821,-1.038
Fangchenggang,108.35,21.69,2006,11,2006-11,37.8,84.35,-0.0624,-2.4929,-1.1785,-1.2256,-0.7823,-3.09,-1.1277,-1.1383
Fangchenggang,108.35,21.69,2006,12,2006-12,2.48,37.96,-1.4049,-1.5939,-1.1472,-1.2455,-3.09,-3.09,-1.1412,-1.1813
Fangchenggang,108.35,21.69,2007,1,2007-01,4.96,26.24,-1.0209,-1.1492,-1.7458,-1.2881,-1.1195,-3.09,-1.6461,-1.2256
Fangchenggang,108.35,21.69,2007,2,2007-02,26.04,50.3,-0.1633,-1.5411,-2.5154,-1.3538,-0.5916,-3.09,-3.09,-1.3289
Fangchenggang,108.35,21.69,2007,3,2007-03,44.95,65.25,0.0759,-0.816,-1.6968,-1.3539,-0.1974,-1.2455,-2.7641,-1.3346
Fangchenggang,108.35,21.69,2007,4,2007-04,54.6,85.94,-0.3147,-0.3892,-1.1265,-1.3023,0.1405,-0.3363,-3.09,-1.2664
Fangchenggang,108.35,21.69,2007,5,2007-05,113.77,147.64,-0.3291,-0.4427,-0.9476,-1.1962,0.1192,-0.0205,-1.0479,-1.1813
Fangchenggang,108.35,21.69,2007,6,2007-06,196.5,187.62,-0.6014,-0.6971,-0.815,-1.1191,-0.3736,-0.3138,-0.6457,-1.1344
Fangchenggang,108.35,21.69,2007,7,2007-07,182.59,198.03,-1.1232,-1.0154,-1.0526,-1.5096,-1.0021,-0.8599,-1.076,-1.4991
Fangchenggang,108.35,21.69,2007,8,2007-08,165.85,187.02,-1.214,-1.3825,-1.2497,-1.7624,-1.1239,-1.3282,-1.2214,-1.774
Fangchenggang,108.35,21.69,2007,9,2007-09,162.9,147.35,-0.412,-1.4408,-1.2545,-1.4258,-0.3404,-1.2928,-1.1452,-1.4146
Fangchenggang,108.35,21.69,2007,10,2007-10,39.06,108.2,-0.8045,-1.1905,-1.3199,-1.3774,-0.5204,-1.0519,-1.2179,-1.3355
Fangchenggang,108.35,21.69,2007,11,2007-11,11.4,53.73,-1.2165,-1.0592,-1.4884,-1.4443,-0.5321,-0.8013,-1.3118,-1.2972
Fangchenggang,108.35,21.69,2007,12,2007-12,13.95,43.82,-0.1993,-1.4143,-1.6063,-1.403,-0.8067,-1.1131,-1.3989,-1.2874
Fangchenggang,108.35,21.69,2008,1,2008-01,53.94,18.74,0.4811,-0.4586,-1.2673,-1.3219,0.5887,-0.1759,-1.0915,-1.2045
Fangchenggang,108.35,21.69,2008,2,2008-02,33.93,16.73,0.0992,-0.0378,-0.8523,-1.3107,0.6152,0.2579,-0.5792,-1.1239
Fangchenggang,108.35,21.69,2008,3,2008-03,20.46,56.62,-1.1743,-0.24,-1.2235,-1.378,-0.8862,0.2955,-0.7719,-1.1513
Fangchenggang,108.35,21.69,2008,4,2008-04,46.5,99.02,-0.5918,-0.8406,-1.0095,-1.3896,-0.4957,-0.2516,-0.4487,-1.1989
Fangchenggang,108.35,21.69,2008,5,2008-05,94.86,148.44,-0.6343,-1.0703,-0.8017,-1.4018,-0.1622,-0.7673,-0.3165,-1.2172
Fangchenggang,108.35,21.69,2008,6,2008-06,318.6,165.4,0.5547,-0.071,-0.1568,-1.0879,0.7919,0.3216,0.2826,-0.9039
Fangchenggang,108.35,21.69,2008,7,2008-07,227.23,182.68,-0.6794,-0.324,-0.5243,-0.9729,-0.3899,0.0703,-0.0294,-0.7427
Fangchenggang,108.35,21.69,2008,8,2008-08,328.6,181.79,0.0737,-0.1023,-0.3649,-0.6108,0.0144,0.0656,-0.0801,-0.3858
Fangchenggang,108.35,21.69,2008,9,2008-09,347.4,159.6,1.1818,0.1566,0.0629,-0.26,1.2779,0.1885,0.2625,-0.1176
Fangchenggang,108.35,21.69,2008,10,2008-10,71.3,119.41,-0.2722,0.3578,0.0158,-0.2049,-0.1597,0.3743,0.1701,-0.0465
Fangchenggang,108.35,21.69,2008,11,2008-11,66.3,56.25,0.6413,0.6446,0.1736,-0.098,0.8929,0.68,0.2683,0.0163
Fangchenggang,108.35,21.69,2008,12,2008-12,23.56,31.09,0.295,-0.129,0.0535,-0.0447,0.3954,-0.0107,0.0749,0.1115
Fangchenggang,108.35,21.69,2009,1,2009-01,1.86,19.9,-1.4384,-0.2598,0.2536,-0.0736,-0.8471,0.1482,0.2551,0.0769
Fangchenggang,108.35,21.69,2009,2,2009-02,6.16,51.85,-1.2957,-1.6079,0.2106,-0.1352,-3.09,-3.09,0.1862,-0.0726
Fangchenggang,108.35,21.69,2009,3,2009-03,38.44,57.35,-0.1976,-1.5196,-0.8832,-0.0989,-0.1403,-2.7152,-0.7994,-0.061
Fangchenggang,108.35,21.69,2009,4,2009-04,73.8,98.98,0.2453,-0.5138,-0.6612,-0.0451,0.2967,-0.6453,-0.4037,0.0016
Fangchenggang,108.35,21.69,2009,5,2009-05,115.01,142.72,-0.3103,-0.2912,-0.8427,-0.0267,0.193,0.1114,-0.5955,0.0632
Fangchenggang,108.35,21.69,2009,6,2009-06,135.6,181.71,-1.3759,-0.9976,-1.2336,-0.4173,-1.6464,-0.7077,-1.1503,-0.3778
Fangchenggang,108.35,21.69,2009,7,2009-07,224.75,194.34,-0.7024,-1.1063,-1.167,-0.4357,-0.5156,-0.8819,-1.244,-0.3747
Fangchenggang,108.35,21.69,2009,8,2009-08,100.13,191.89,-2.0109,-1.7952,-1.5091,-0.9347,-1.6549,-1.7221,-1.598,-0.8667
Fangchenggang,108.35,21.69,2009,9,2009-09,150.0,171.21,-0.5628,-1.6284,-1.5061,-1.4277,-0.8279,-1.5508,-1.5932,-1.3402
Fangchenggang,108.35,21.69,2009,10,2009-10,96.41,123.54,0.0322,-1.3057,-1.4384,-1.376,0.0893,-1.4377,-1.4612,-1.3216
Fangchenggang,108.35,21.69,2009,11,2009-11,16.8,52.5,-0.884,-0.6649,-1.6088,-1.5033,-0.2361,-0.7011,-1.5236,-1.3961
Fangchenggang,108.35,21.69,2009,12,2009-12,8.68,37.22,-0.5849,-0.5582,-1.5179,-1.5332,-0.6683,-0.4491,-1.4367,-1.4607
Fangchenggang,108.35,21.69,2010,1,2010-01,102.92,30.9,1.1115,0.2362,-1.134,-1.3131,1.0673,0.4232,-1.1741,-1.2977
Fangchenggang,108.35,21.69,2010,2,2010-02,4.48,41.48,-1.4968,0.1754,-0.4735,-1.3287,-3.09,0.0457,-0.6035,-1.2929
Fangchenggang,108.35,21.69,2010,3,2010-03,4.65,59.65,-2.9099,-0.1818,-0.652,-1.4227,-1.816,-0.1852,-0.6557,-1.3562
Fangchenggang,108.35,21.69,2010,4,2010-04,86.1,84.63,0.5543,-0.9545,-0.5151,-1.3764,0.881,-0.6644,-0.128,-1.297
Fangchenggang,108.35,21.69,2010,5,2010-05,52.39,158.32,-1.5233,-1.3322,-0.8393,-1.5095,-3.09,-1.1444,-0.7525,-1.4672
Fangchenggang,108.35,21.69,2010,6,2010-06,156.0,181.34,-1.0935,-1.2369,-1.0139,-1.4549,-0.94,-1.1279,-0.8541,-1.403
Fangchenggang,108.35,21.69,2010,7,2010-07,184.76,203.14,-1.0999,-1.5677,-1.6965,-1.5413,-1.0391,-2.5989,-3.09,-1.5314
Fangchenggang,108.35,21.69,2010,8,2010-08,242.11,179.87,-0.5356,-1.2117,-1.3661,-1.1684,-0.5391,-1.1209,-1.3682,-1.1372
Fangchenggang,108.35,21.69,2010,9,2010-09,214.5,158.42,0.1208,-0.8389,-1.0697,-1.0306,0.1166,-0.812,-0.9699,-0.978
Fangchenggang,108.35,21.69,2010,10,2010-10,31.93,97.17,-0.9642,-0.6119,-1.2571,-1.1943,-0.4388,-0.4509,-1.1558,-1.0611
Fangchenggang,108.35,21.69,2010,11,2010-11,2.7,56.56,-2.2229,-0.7706,-1.2443,-1.2275,-1.6032,-0.5357,-1.0771,-1.0959
Fangchenggang,108.35,21.69,2010,12,2010-12,22.01,37.96,0.2261,-1.5692,-1.1201,-1.1794,0.0858,-1.0115,-0.9936,-1.0551
Fangchenggang,108.35,21.69,2011,1,2011-01,4.34,11.91,-1.0823,-1.6239,-0.94,-1.4914,-0.3475,-1.8307,-0.754,-1.2952
Fangchenggang,108.35,21.69,2011,2,2011-02,19.6,28.54,-0.4226,-1.1609,-0.982,-1.4597,0.0454,-0.6519,-0.7104,-1.2435
Fangchenggang,108.35,21.69,2011,3,2011-03,79.36,37.0,1.2004,-0.3208,-1.3606,-1.2473,2.0161,0.4023,-0.638,-1.0092
Fangchenggang,108.35,21.69,2011,4,2011-04,28.2,85.39,-1.3736,-0.3627,-1.3187,-1.3979,-0.6664,0.4427,-0.3474,-1.1396
Fangchenggang,108.35,21.69,2011,5,2011-05,109.74,136.07,-0.391,-0.3988,-0.805,-1.2071,0.2089,0.3713,0.066,-0.9228
Fangchenggang,108.35,21.69,2011,6,2011-06,258.6,184.28,0.0329,-0.4774,-0.496,-0.9558,0.2682,0.0113,0.0943,-0.7316
Fangchenggang,108.35,21.69,2011,7,2011-07,198.71,194.73,-0.955,-0.653,-0.7198,-0.919,-0.7779,-0.3192,-0.2094,-0.6506
Fangchenggang,108.35,21.69,2011,8,2011-08,133.3,182.97,-1.5728,-1.1778,-1.077,-1.174,-1.3339,-1.0772,-0.7766,-0.8828
Fangchenggang,108.35,21.69,2011,9,2011-09,171.6,152.34,-0.3149,-1.4797,-1.1793,-1.2934,-0.2957,-1.315,-0.9904,-0.9856
Fangchenggang,108.35,21.69,2011,10,2011-10,132.99,97.06,0.3904,-0.841,-0.9087,-1.0615,0.5999,-0.6568,-0.6958,-0.761
Fangchenggang,108.35,21.69,2011,11,2011-11,26.1,76.5,-0.4618,-0.2062,-0.9678,-1.0055,-1.1008,-0.0766,-0.8575,-0.7694
Fangchenggang,108.35,21.69,2011,12,2011-12,14.57,25.37,-0.1613,-0.0075,-1.1981,-1.0041,0.2842,0.1555,-1.0452,-0.7266
Fangchenggang,108.35,21.69,2012,1,2012-01,45.26,17.73,0.3328,-0.3499,-0.9126,-0.9159,0.4663,-0.1192,-0.7683,-0.6638
Fangchenggang,108.35,21.69,2012,2,2012-02,20.01,25.19,-0.4044,-0.4103,-0.3047,-0.9228,0.1486,0.1158,-0.1032,-0.6809
Fangchenggang,108.35,21.69,2012,3,2012-03,31.0,55.79,-0.552,-0.4385,-0.3633,-1.0478,-0.385,0.0659,-0.0505,-0.841
Fangchenggang,108.35,21.69,2012,4,2012-04,36.9,108.48,-0.9676,-1.1092,-1.0884,-1.018,-1.3212,-0.9931,-0.9543,-0.8686
Fangchenggang,108.35,21.69,2012,5,2012-05,181.97,179.89,0.5476,-0.058,-0.2841,-0.8214,0.4941,-0.1115,0.001,-0.7674
Fangchenggang,108.35,21.69,2012,6,2012-06,182.7,183.39,-0.7604,-0.4437,-0.5064,-1.0111,-0.5032,-0.4275,-0.338,-0.9586
Fangchenggang,108.35,21.69,2012,7,2012-07,248.93,191.89,-0.4853,-0.4419,-0.6891,-0.8877,-0.2858,-0.2884,-0.5594,-0.813
Fangchenggang,108.35,21.69,2012,8,2012-08,298.53,185.64,-0.1242,-0.6132,-0.5294,-0.5287,-0.2032,-0.5232,-0.4633,-0.4609
Fangchenggang,108.35,21.69,2012,9,2012-09,80.7,142.06,-1.5839,-0.896,-0.7946,-0.7405,-1.4908,-0.7789,-0.7406,-0.6692
Fangchenggang,108.35,21.69,2012,10,2012-10,158.72,120.35,0.6043,-0.4036,-0.5305,-0.6945,0.6158,-0.3025,-0.4591,-0.6418
Fangchenggang,108.35,21.69,2012,11,2012-11,49.2,68.34,0.2514,-0.4837,-0.6863,-0.6431,0.2808,-0.3835,-0.6066,-0.6009
Fangchenggang,108.35,21.69,2012,12,2012-12,19.84,34.0,0.1239,0.4592,-0.5726,-0.6063,0.1585,0.3813,-0.5453,-0.5683
Fangchenggang,108.35,21.69,2013,1,2013-01,15.81,22.15,-0.4076,-0.3672,-0.5045,-0.6531,-0.3048,-0.2235,-0.4818,-0.6477
Fangchenggang,108.35,21.69,2013,2,2013-02,15.68,38.95,-0.612,-1.02,-0.7001,-0.6696,-0.5291,-0.9597,-0.6527,-0.7144
Fangchenggang,108.35,21.69,2013,3,2013-03,29.76,75.73,-0.6166,-1.1361,-0.2207,-0.6733,-1.3526,-1.751,-0.3413,-0.7722
Fangchenggang,108.35,21.69,2013,4,2013-04,95.7,97.9,0.7757,-0.1355,-0.4902,-0.5318,0.8076,-0.2509,-0.4875,-0.6143
Fangchenggang,108.35,21.69,2013,5,2013-05,128.03,161.54,-0.1212,-0.022,-0.4699,-0.6528,0.1237,0.0176,-0.377,-0.6549
Fangchenggang,108.35,21.69,2013,6,2013-06,131.4,181.52,-1.4377,-0.7672,-0.9556,-0.7797,-1.9412,-0.5708,-0.9535,-0.7938
Fangchenggang,108.35,21.69,2013,7,2013-07,363.32,186.74,0.3832,-0.4017,-0.4351,-0.5321,0.5067,-0.1339,-0.2386,-0.5087
Fangchenggang,108.35,21.69,2013,8,2013-08,227.54,185.91,-0.6523,-0.6431,-0.5422,-0.6871,-0.6797,-0.5274,-0.4258,-0.6477
Fangchenggang,108.35,21.69,2013,9,2013-09,219.3,148.9,0.1658,-0.1717,-0.4262,-0.42,0.2634,-0.1214,-0.2667,-0.4325
Fangchenggang,108.35,21.69,2013,10,2013-10,33.79,100.6,-0.9202,-0.6466,-0.6509,-0.686,-0.4705,-0.4838,-0.4846,-0.613
Fangchenggang,108.35,21.69,2013,11,2013-11,146.7,60.74,1.9072,0.2018,-0.4074,-0.4804,1.9215,0.3924,-0.2778,-0.4308
Fangchenggang,108.35,21.69,2013,12,2013-12,78.12,20.71,1.8232,0.6931,0.0657,-0.3329,1.745,0.8377,0.1603,-0.246
Fangchenggang,108.35,21.69,2014,1,2014-01,1.24,24.61,-1.5921,1.2085,-0.192,-0.314,-1.4032,1.3146,-0.0864,-0.2517
Fangchenggang,108.35,21.69,2014,2,2014-02,16.52,25.09,-0.5687,-0.1326,0.1151,-0.3155,0.0562,0.2939,0.3446,-0.2429
Fangchenggang,108.35,21.69,2014,3,2014-03,46.81,55.36,0.1491,-1.0594,0.0194,-0.2792,0.2716,-0.5492,0.3305,-0.1863
Fangchenggang,108.35,21.69,2014,4,2014-04,75.6,104.51,0.2926,-0.1704,0.7427,-0.3254,0.2034,0.1562,0.9809,-0.237
Fangchenggang,108.35,21.69,2014,5,2014-05,52.7,163.42,-1.5152,-0.8965,-0.74,-0.4974,-3.09,-0.8817,-0.3475,-0.3709
Fangchenggang,108.35,21.69,2014,6,2014-06,228.6,195.96,-0.2589,-0.7544,-0.9259,-0.3013,-0.1028,-0.8004,-0.8352,-0.2449
Fangchenggang,108.35,21.69,2014,7,2014-07,329.22,201.95,0.1463,-0.4555,-0.4926,-0.3877,0.2144,-0.3326,-0.3219,-0.3138
Fangchenggang,108.35,21.69,2014,8,2014-08,229.4,182.97,-0.6371,-0.4036,-0.5826,-0.3908,-0.6467,-0.3906,-0.5196,-0.2992
Fangchenggang,108.35,21.69,2014,9,2014-09,201.6,163.65,-0.0035,-0.3584,-0.5536,-0.448,-0.0795,-0.3953,-0.5382,-0.4164
Fangchenggang,108.35,21.69,2014,10,2014-10,75.33,122.18,-0.2188,-0.5353,-0.6169,-0.3727,-0.1426,-0.5163,-0.6173,-0.3472
Fangchenggang,108.35,21.69,2014,11,2014-11,40.2,66.53,0.0085,-0.2929,-0.4539,-0.5866,0.0814,-0.3356,-0.4933,-0.593
Fangchenggang,108.35,21.69,2014,12,2014-12,33.79,25.61,0.6876,-0.25,-0.4025,-0.6555,0.8314,-0.184,-0.4492,-0.6548
Fangchenggang,108.35,21.69,2015,1,2015-01,45.57,26.74,0.3384,0.1265,-0.4925,-0.532,0.3122,0.3454,-0.5249,-0.5704
Fangchenggang,108.35,21.69,2015,2,2015-02,18.48,36.16,-0.4737,-0.1009,-0.2814,-0.5325,-0.2538,0.0856,-0.3173,-0.6165
Fangchenggang,108.35,21.69,2015,3,2015-03,25.42,68.79,-0.8588,-0.5581,-0.6114,-0.5842,-1.2257,-0.5853,-0.6218,-0.7072
Fangchenggang,108.35,21.69,2015,4,2015-04,21.3,104.26,-1.766,-1.6558,-0.9538,-0.7115,-2.1493,-3.09,-1.1992,-0.8215
Fangchenggang,108.35,21.69,2015,5,2015-05,108.19,176.98,-0.4152,-1.1646,-0.8953,-0.5772,-0.4643,-3.09,-3.09,-0.6907
Fangchenggang,108.35,21.69,2015,6,2015-06,189.9,199.63,-0.6765,-1.0366,-1.0,-0.6741,-0.642,-2.1023,-1.4163,-0.8137
Fangchenggang,108.35,21.69,2015,7,2015-07,443.3,193.77,0.8864,0.0868,-0.2692,-0.4363,0.8824,0.168,-0.2146,-0.5222
Fangchenggang,108.35,21.69,2015,8,2015-08,208.01,188.14,-0.8172,-0.2146,-0.4817,-0.4863,-0.8308,-0.208,-0.498,-0.5682
Fangchenggang,108.35,21.69,2015,9,2015-09,210.0,158.74,0.078,0.0116,-0.3862,-0.49,0.0656,-0.0103,-0.3837,-0.5878
Fangchenggang,108.35,21.69,2015,10,2015-10,61.07,116.3,-0.418,-0.6534,-0.364,-0.5272,-0.2638,-0.6103,-0.3645,-0.5792
Fangchenggang,108.35,21.69,2015,11,2015-11,143.1,81.07,1.8616,0.2806,-0.072,-0.318,1.6448,0.2284,-0.1334,-0.4313
Fangchenggang,108.35,21.69,2015,12,2015-12,87.42,31.64,2.0054,0.9237,0.2944,-0.181,1.7204,0.7551,0.2088,-0.2927
Fangchenggang,108.35,21.69,2016,1,2016-01,245.21,24.66,2.2419,2.8389,0.6066,0.2982,2.2919,2.3872,0.5111,0.1534
Fangchenggang,108.35,21.69,2016,2,2016-02,11.89,20.57,-0.8314,2.3796,1.1672,0.2863,0.0527,2.1304,1.1362,0.1573
Fangchenggang,108.35,21.69,2016,3,2016-03,43.71,47.53,0.026,1.8516,1.4925,0.3186,0.4516,1.79,1.4209,0.2147
Fangchenggang,108.35,21.69,2016,4,2016-04,141.3,105.05,1.6679,0.6442,2.6457,0.5401,1.4996,0.9355,2.1059,0.4606
Fangchenggang,108.35,21.69,2016,5,2016-05,168.95,152.67,0.3997,0.864,1.7652,0.5995,0.6151,0.9674,1.5723,0.5885
Fangchenggang,108.35,21.69,2016,6,2016-06,283.5,196.57,0.2583,0.6769,1.166,0.7384,0.364,0.7295,1.154,0.7322
Fangchenggang,108.35,21.69,2016,7,2016-07,561.72,202.98,1.5328,1.0395,1.0705,0.8763,1.3607,0.99,1.0867,0.8648
Fangchenggang,108.35,21.69,2016,8,2016-08,446.71,190.29,0.7516,1.1146,1.1238,1.2061,0.6827,1.0511,1.0978,1.1863
Fangchenggang,108.35,21.69,2016,9,2016-09,193.8,156.21,-0.0812,1.0796,0.9874,1.1461,-0.0835,1.0568,0.963,1.145
Fangchenggang,108.35,21.69,2016,10,2016-10,140.43,124.01,0.4549,0.4663,0.826,1.2596,0.4649,0.4467,0.7925,1.2263
Fangchenggang,108.35,21.69,2016,11,2016-11,60.0,59.67,0.5064,0.1708,0.8717,1.1467,0.7135,0.2084,0.8138,1.158
Fangchenggang,108.35,21.69,2016,12,2016-12,15.5,39.98,-0.1063,0.3641,0.9502,1.0972,-0.352,0.289,0.8818,1.0842
Fangchenggang,108.35,21.69,2017,1,2017-01,62.62,37.84,0.6143,0.3512,0.5008,0.9846,0.4194,0.3448,0.3797,0.9499
Fangchenggang,108.35,21.69,2017,2,2017-02,26.04,33.96,-0.1633,-0.0015,0.1277,1.016,0.0745,-0.1681,0.0417,0.9681
Fangchenggang,108.35,21.69,2017,3,2017-03,87.73,63.53,1.4233,0.6662,0.4576,1.0858,1.4378,0.5596,0.3151,1.0173
Fangchenggang,108.35,21.69,2017,4,2017-04,37.2,93.76,-0.9549,0.0153,0.1185,0.8876,-0.6425,0.2349,0.2688,0.8263
Fangchenggang,108.35,21.69,2017,5,2017-05,159.65,147.32,0.2894,0.2738,0.1217,0.8078,0.5826,0.5295,0.3473,0.7552
Fangchenggang,108.35,21.69,2017,6,2017-06,348.9,188.37,0.7937,0.4228,0.5163,0.8926,0.8335,0.6358,0.6125,0.8611
Fangchenggang,108.35,21.69,2017,7,2017-07,635.19,193.38,1.8908,1.4335,1.309,0.951,1.6783,1.3219,1.2626,0.936
Fangchenggang,108.35,21.69,2017,8,2017-08,515.84,193.21,1.0948,1.6253,1.4091,1.0274,1.0635,1.5709,1.3552,1.0058
Fangchenggang,108.35,21.69,2017,9,2017-09,256.5,175.67,0.4939,1.6291,1.2868,1.0843,0.3663,1.6169,1.2421,1.0411
Fangchenggang,108.35,21.69,2017,10,2017-10,302.25,107.95,1.5079,1.304,1.5489,1.3154,1.3834,1.2073,1.4596,1.279
Fangchenggang,108.35,21.69,2017,11,2017-11,43.8,58.26,0.1097,1.1787,1.643,1.2989,0.3965,1.1435,1.6074,1.2854
Fangchenggang,108.35,21.69,2017,12,2017-12,53.32,27.68,1.2613,1.5775,1.78,1.4133,1.2071,1.498,1.8343,1.3991
Fangchenggang,108.35,21.69,2018,1,2018-01,33.48,25.51,0.0966,0.2628,1.2835,1.5987,0.0877,0.5395,1.2567,1.637
Fangchenggang,108.35,21.69,2018,2,2018-02,10.92,23.94,-0.8957,-0.1028,0.9571,1.5857,-0.0814,0.2336,0.9833,1.6857
Fangchenggang,108.35,21.69,2018,3,2018-03,51.46,62.28,0.3239,-0.4455,1.0241,1.519,0.1834,-0.1224,1.0841,1.6516
Fangchenggang,108.35,21.69,2018,4,2018-04,65.7,92.83,0.0227,-0.3472,-0.1623,1.5413,0.2483,0.0851,0.3297,1.6792
Fangchenggang,108.35,21.69,2018,5,2018-05,107.26,173.03,-0.4299,-0.3215,-0.3395,1.3681,-0.3946,-0.2166,-0.002,1.3758
Fangchenggang,108.35,21.69,2018,6,2018-06,261.0,197.88,0.0552,-0.2328,-0.3438,1.2051,0.1776,-0.1211,-0.1946,1.217
Fangchenggang,108.35,21.69,2018,7,2018-07,486.7,194.73,1.135,0.5076,0.36,0.9113,1.0782,0.5442,0.502,0.8888
Fangchenggang,108.35,21.69,2018,8,2018-08,492.28,188.7,0.9813,0.9789,0.7255,0.8477,0.9555,0.9427,0.7348,0.8331
Fangchenggang,108.35,21.69,2018,9,2018-09,199.8,156.64,-0.0212,1.0131,0.6162,0.7267,-0.0219,1.0144,0.6319,0.732
Fangchenggang,108.35,21.69,2018,10,2018-10,88.04,105.47,-0.0624,0.4637,0.5236,0.3772,0.1853,0.5026,0.5268,0.4061
Fangchenggang,108.35,21.69,2018,11,2018-11,80.4,73.05,0.9156,0.0219,0.7139,0.4428,0.8449,0.0902,0.6841,0.4206
Fangchenggang,108.35,21.69,2018,12,2018-12,50.22,34.71,1.1803,0.3863,0.9021,0.4825,0.9991,0.3839,0.8796,0.4602
Fangchenggang,108.35,21.69,2019,1,2019-01,26.35,26.99,-0.0761,0.5599,0.5545,0.6043,-0.1293,0.5695,0.5029,0.5639
Fangchenggang,108.35,21.69,2019,2,2019-02,82.32,48.2,1.1669,0.7259,0.2579,0.7411,0.8786,0.5581,0.2022,0.6565
Fangchenggang,108.35,21.69,2019,3,2019-03,74.09,67.85,1.0523,0.7381,0.5114,0.7768,0.8209,0.5464,0.3808,0.6741
Fangchenggang,108.35,21.69,2019,4,2019-04,89.7,122.85,0.6391,1.2187,1.024,0.8059,0.0928,0.7777,0.7369,0.659
Fangchenggang,108.35,21.69,2019,5,2019-05,258.54,157.49,1.3014,1.3757,1.2129,0.9976,1.1808,1.1083,0.9949,0.9033
Fangchenggang,108.35,21.69,2019,6,2019-06,282.3,199.05,0.2477,0.8626,0.8711,1.0068,0.3366,0.7752,0.7182,0.9193
Fangchenggang,108.35,21.69,2019,7,2019-07,355.26,208.94,0.3286,0.6509,0.8659,0.7385,0.3318,0.6599,0.7579,0.6226
Fangchenggang,108.35,21.69,2019,8,2019-08,610.08,197.03,1.5179,0.9991,1.1744,0.8976,1.5595,0.902,1.0379,0.776
Fangchenggang,108.35,21.69,2019,9,2019-09,152.7,159.39,-0.5306,0.8366,0.8939,0.7918,-0.625,0.75,0.8076,0.6519
Fangchenggang,108.35,21.69,2019,10,2019-10,112.22,120.69,0.1966,0.7541,0.7818,0.8274,0.2665,0.6976,0.7188,0.6773
Fangchenggang,108.35,21.69,2019,11,2019-11,19.5,63.98,-0.7469,-0.5129,0.5547,0.7381,-0.6513,-0.5103,0.459,0.5821
Fangchenggang,108.35,21.69,2019,12,2019-12,3.1,36.61,-1.2754,-0.4076,0.5522,0.7126,-1.5032,-0.3967,0.4278,0.5575
Fangchenggang,108.35,21.69,2020,1,2020-01,103.54,38.85,1.1181,0.2087,0.7399,1.0077,0.9828,0.1771,0.6018,0.8135
Fangchenggang,108.35,21.69,2020,2,2020-02,88.16,40.5,1.2644,1.1167,0.038,1.0246,1.0594,0.8473,-0.0893,0.8497
Fangchenggang,108.35,21.69,2020,3,2020-03,88.66,76.27,1.4472,1.6817,0.5912,1.0433,1.0379,1.2562,0.3427,0.8512
Fangchenggang,108.35,21.69,2020,4,2020-04,116.4,78.06,1.2084,1.7029,1.139,1.0718,1.5333,1.5346,1.037,0.9842
Fangchenggang,108.35,21.69,2020,5,2020-05,91.76,168.62,-0.6882,0.3843,0.7403,0.7206,-0.6928,0.4853,0.7269,0.5914
Fangchenggang,108.35,21.69,2020,6,2020-06,249.0,201.42,-0.0579,-0.0882,0.5781,0.6412,0.0418,0.1191,0.5349,0.4925
Fangchenggang,108.35,21.69,2020,7,2020-07,129.58,211.21,-1.7634,-1.1328,-0.4364,0.2032,-2.2984,-1.5652,-0.3975,0.073
Fangchenggang,108.35,21.69,2020,8,2020-08,569.47,189.92,1.3411,0.1367,0.1977,0.1146,1.3788,0.0686,0.2216,0.0102
Fangchenggang,108.35,21.69,2020,9,2020-09,369.6,168.71,1.3316,0.6884,0.4304,0.4592,1.3758,0.5799,0.4332,0.314
Fangchenggang,108.35,21.69,2020,10,2020-10,532.58,95.03,2.5086,2.2285,1.0883,1.107,2.1693,2.0902,1.0097,1.0257
Fangchenggang,108.35,21.69,2020,11,2020-11,11.1,63.73,-1.2382,2.3266,1.2098,1.1006,-1.3775,2.2122,1.1501,1.0228
Fangchenggang,108.35,21.69,2020,12,2020-12,8.06,25.27,-0.6407,2.3339,1.398,1.1648,0.0318,2.1629,1.4139,1.0959
Fangchenggang,108.35,21.69,2021,1,2021-01,1.86,22.24,-1.4384,-1.9388,1.9567,1.2013,-1.0308,-3.09,2.0442,1.1626
Fangchenggang,108.35,21.69,2021,2,2021-02,90.16,43.51,1.2969,-0.0652,1.9786,1.2128,1.0466,0.0817,1.9531,1.1889
Fangchenggang,108.35,21.69,2021,3,2021-03,37.82,72.94,-0.2252,0.0797,1.8809,1.1187,-0.8389,-0.0212,1.7548,1.0988
Fangchenggang,108.35,21.69,2021,4,2021-04,163.5,110.88,2.0362,1.686,0.3216,1.1801,1.7542,1.2786,0.3728,1.1145
Fangchenggang,108.35,21.69,2021,5,2021-05,174.22,176.98,0.4604,1.032,0.6501,1.2329,0.4501,0.7632,0.6018,1.1377
Fangchenggang,108.35,21.69,2021,6,2021-06,197.4,200.6,-0.5913,0.3645,0.2784,1.1251,-0.54,0.3194,0.182,1.0417
Fangchenggang,108.35,21.69,2021,7,2021-07,208.01,210.77,-0.8623,-0.5948,-0.0293,1.1784,-0.8521,-0.6478,-0.0967,1.0859
Fangchenggang,108.35,21.69,2021,8,2021-08,439.58,199.53,0.7143,-0.2016,0.1355,0.9536,0.586,-0.2945,0.0445,0.8445
Fangchenggang,108.35,21.69,2021,9,2021-09,302.1,171.89,0.8559,0.312,0.3403,0.8169,0.8155,0.1493,0.2363,0.6909
Fangchenggang,108.35,21.69,2021,10,2021-10,209.56,100.49,0.9683,0.9729,0.3161,0.2917,1.011,0.9148,0.2493,0.1683
Fangchenggang,108.35,21.69,2021,11,2021-11,18.3,56.32,-0.806,0.8579,0.2091,0.3082,-0.3307,0.9044,0.1376,0.1652
Fangchenggang,108.35,21.69,2021,12,2021-12,7.75,32.59,-0.6698,0.5206,0.3795,0.3501,-0.3757,0.6547,0.2899,0.2082
Fangchenggang,108.35,21.69,2022,1,2022-01,59.83,31.29,0.5729,-0.3507,0.8407,0.5819,0.4831,-0.1299,0.7786,0.3907
Fangchenggang,108.35,21.69,2022,2,2022-02,205.8,19.89,2.712,1.8344,1.3209,0.8004,2.2962,1.6747,1.3498,0.6618
Fangchenggang,108.35,21.69,2022,3,2022-03,71.3,69.84,0.9712,2.1349,1.401,0.855,0.6479,1.8353,1.3871,0.7189
Fangchenggang,108.35,21.69,2022,4,2022-04,57.3,92.14,-0.2287,2.0871,1.1454,0.648,0.0471,1.8937,1.1954,0.5407
Fangchenggang,108.35,21.69,2022,5,2022-05,296.36,129.76,1.621,1.3943,1.7646,0.805,1.5166,1.4047,1.5891,0.8062
Fangchenggang,108.35,21.69,2022,6,2022-06,308.4,182.25,0.4708,1.0162,1.5206,0.9642,0.6299,1.1492,1.4557,1.0122
Fangchenggang,108.35,21.69,2022,7,2022-07,292.95,202.74,-0.1244,0.6564,1.1315,1.0362,-0.0342,0.7976,1.1871,1.0818
Fangchenggang,108.35,21.69,2022,8,2022-08,539.09,193.21,1.2035,0.708,0.9509,1.1541,1.1935,0.6921,0.9998,1.2002
Fangchenggang,108.35,21.69,2022,9,2022-09,183.3,170.87,-0.1893,0.5234,0.7502,0.9433,-0.3787,0.4178,0.8123,1.0004
Fangchenggang,108.35,21.69,2022,10,2022-10,107.26,103.5,0.1468,0.618,0.7002,0.7865,0.3683,0.5973,0.7467,0.8369
Fangchenggang,108.35,21.69,2022,11,2022-11,59.1,84.66,0.4863,-0.0889,0.4648,0.8546,0.1043,-0.1649,0.395,0.8543
Fangchenggang,108.35,21.69,2022,12,2022-12,3.72,24.71,-1.1649,-0.0417,0.3798,0.9006,-0.1492,0.013,0.2687,0.9122
Fangchenggang,108.35,21.69,2023,1,2023-01,66.03,23.96,0.6633,0.2417,0.6173,1.0895,0.69,0.2858,0.5212,1.1232
Fangchenggang,108.35,21.69,2023,2,2023-02,57.96,38.64,0.7046,0.3367,0.0292,0.8348,0.6512,0.4661,-0.0322,0.8314
Fangchenggang,108.35,21.69,2023,3,2023-03,38.44,69.55,-0.1976,0.5023,0.082,0.7691,-0.6591,0.4496,0.0453,0.7544
Fangchenggang,108.35,21.69,2023,4,2023-04,59.4,103.89,-0.1636,0.0869,0.0788,0.7589,-0.2322,0.0051,0.0897,0.7308
Fangchenggang,108.35,21.69,2023,5,2023-05,102.3,164.11,-0.5096,-0.5924,-0.2976,0.3552,-0.3116,-0.682,-0.1097,0.2626
Fangchenggang,108.35,21.69,2023,6,2023-06,599.7,195.96,2.3908,1.4713,1.268,0.8415,1.8872,1.2725,1.1033,0.7371
Fangchenggang,108.35,21.69,2023,7,2023-07,296.05,215.06,-0.1004,0.9882,0.9011,0.7915,-0.1009,0.8971,0.8262,0.6796
Fangchenggang,108.35,21.69,2023,8,2023-08,436.79,189.26,0.6995,1.2183,0.8789,0.6027,0.6303,1.1249,0.8126,0.5024
Fangchenggang,108.35,21.69,2023,9,2023-09,358.2,163.32,1.2554,0.7561,1.0968,0.8453,1.3311,0.658,1.0119,0.7478
Fangchenggang,108.35,21.69,2023,10,2023-10,170.5,118.02,0.6947,1.0126,1.1257,0.9398,0.7042,0.9547,1.0265,0.8277
Fangchenggang,108.35,21.69,2023,11,2023-11,62.1,73.33,0.5523,1.1285,1.3245,0.9498,0.4713,1.047,1.219,0.8476
Fangchenggang,108.35,21.69,2023,12,2023-12,18.6,35.53,0.062,0.6387,0.7714,1.0266,0.0438,0.5133,0.6376,0.9058
Fangchenggang,108.35,21.69,2024,1,2024-01,78.12,32.51,0.8247,0.5794,1.0758,1.2382,0.7396,0.5227,0.9701,1.0981
Fangchenggang,108.35,21.69,2024,2,2024-02,17.98,33.75,-0.4972,0.1556,0.9764,1.1786,-0.1788,0.134,0.8682,1.0564
Fangchenggang,108.35,21.69,2024,3,2024-03,63.86,63.28,0.7442,0.4723,0.568,1.2145,0.6153,0.451,0.4327,1.1163
Fangchenggang,108.35,21.69,2024,4,2024-04,99.6,130.13,0.8616,0.4445,0.5496,1.262,0.1618,0.1604,0.3564,1.1309
Fangchenggang,108.35,21.69,2024,5,2024-05,462.83,160.18,2.7868,2.6425,1.9507,1.7225,2.0764,1.9903,1.491,1.6124
Fangchenggang,108.35,21.69,2024,6,2024-06,538.2,192.74,2.046,2.787,2.3156,1.6024,1.6745,2.0916,1.8226,1.5407
Fangchenggang,108.35,21.69,2024,7,2024-07,604.5,206.37,1.7447,2.6414,2.5435,1.9369,1.5154,2.0809,1.9679,1.8373
Fangchenggang,108.35,21.69,2024,8,2024-08,380.68,199.82,0.3897,1.6799,2.0982,1.8212,0.2275,1.5698,1.7929,1.6875
Fangchenggang,108.35,21.69,2024,9,2024-09,430.8,167.7,1.717,1.6506,2.2466,1.8708,1.8114,1.608,1.9569,1.8017
Fangchenggang,108.35,21.69,2024,10,2024-10,53.94,111.82,-0.5302,0.7258,1.9386,1.7249,-0.3063,0.6649,1.7543,1.5867
Fangchenggang,108.35,21.69,2024,11,2024-11,29.1,71.37,-0.3491,0.7828,1.5291,1.6889,-0.529,0.7393,1.4349,1.5975
Fangchenggang,108.35,21.69,2024,12,2024-12,1.55,33.49,-1.6597,-1.0675,1.1374,1.7336,-1.1019,-0.9657,1.0412,1.6088
Fangchenggang,108.35,21.69,2025,1,2025-01,4.96,28.72,-1.0209,-1.4125,0.4464,1.8887,-1.479,-3.09,0.3087,1.798
Fangchenggang,108.35,21.69,2025,2,2025-02,29.96,29.98,-0.0269,-1.4415,0.3595,1.9202,0.2749,-1.4377,0.3115,1.8945
Fangchenggang,108.35,21.69,2025,3,2025-03,31.93,56.02,-0.5047,-1.0083,-1.456,1.8619,-0.3554,-0.7108,-1.3131,1.896
Fangchenggang,108.35,21.69,2025,4,2025-04,32.7,101.54,-1.1539,-0.9677,-1.6946,1.7338,-1.1757,-0.7284,-3.09,1.7911
Fangchenggang,108.35,21.69,2025,5,2025-05,186.31,155.32,0.5953,-0.0473,-0.6062,1.2136,0.73,0.1997,-0.2957,1.1617
Fangchenggang,108.35,21.69,2025,6,2025-06,336.3,186.32,0.696,0.4745,0.0913,0.8638,0.7734,0.6184,0.2862,0.8108
Fangchenggang,108.35,21.69,2025,7,2025-07,486.7,203.34,1.135,1.0241,0.7486,0.617,1.0396,0.9956,0.8372,0.5732
Fangchenggang,108.35,21.69,2025,8,2025-08,527.62,188.32,1.1502,1.2638,1.0293,0.8278,1.1569,1.2219,1.0272,0.8053
Fangchenggang,108.35,21.69,2025,9,2025-09,309.3,165.31,0.9097,1.4112,1.1473,0.6042,0.9314,1.3926,1.1085,0.5699
Fangchenggang,108.35,21.69,2025,10,2025-10,292.33,115.64,1.4556,1.443,1.4199,0.9706,1.3127,1.3518,1.3351,0.9405
Fangchenggang,108.35,21.69,2025,11,2025-11,47.4,50.39,0.2054,1.3712,1.4624,1.0035,0.6476,1.3568,1.4401,1.0054
Fangchenggang,108.35,21.69,2025,12,2025-12,50.22,43.61,1.1803,1.5252,1.5922,1.1317,0.7929,1.3808,1.5998,1.1122
Guilin,110.3,25.28,2005,1,2005-01,63.24,5.01,0.109,,,,0.073,,,
Guilin,110.3,25.28,2005,2,2005-02,84.84,11.02,0.406,,,,0.4287,,,
Guilin,110.3,25.28,2005,3,2005-03,140.74,31.54,0.1903,0.1917,,,0.3524,0.5062,,
Guilin,110.3,25.28,2005,4,2005-04,97.2,76.31,-1.3287,-0.7998,,,-1.2693,-0.6191,,
Guilin,110.3,25.28,2005,5,2005-05,368.9,122.76,0.9217,-0.1785,,,0.7929,-0.1044,,
Guilin,110.3,25.28,2005,6,2005-06,489.6,136.48,0.7374,0.3134,0.2927,,0.6785,0.3424,0.4623,
Guilin,110.3,25.28,2005,7,2005-07,115.01,147.34,-0.6716,0.3871,-0.0557,,-0.5629,0.2724,0.0559,
Guilin,110.3,25.28,2005,8,2005-08,99.51,134.89,-0.4122,-0.1571,-0.2545,,-0.3558,-0.0317,-0.2267,
Guilin,110.3,25.28,2005,9,2005-09,41.7,109.36,-0.934,-1.25,-0.5357,,-0.9252,-1.1301,-0.5717,
Guilin,110.3,25.28,2005,10,2005-10,16.43,66.57,-1.0705,-1.1075,-0.2373,,-0.8281,-0.991,-0.1295,
Guilin,110.3,25.28,2005,11,2005-11,52.5,40.09,-0.261,-1.2627,-0.7307,,-0.2939,-1.1585,-0.5936,
Guilin,110.3,25.28,2005,12,2005-12,58.28,9.85,0.5965,-0.5693,-1.2152,-0.5626,0.6886,-0.2336,-1.0805,-0.4941
Guilin,110.3,25.28,2006,1,2006-01,66.34,10.67,0.1793,-0.1578,-0.9271,-0.5573,0.0108,-0.1718,-0.8593,-0.4606
Guilin,110.3,25.28,2006,2,2006-02,119.84,15.14,1.0405,0.8863,-0.5073,-0.4476,1.1521,0.9167,-0.3323,-0.362
Guilin,110.3,25.28,2006,3,2006-03,96.72,39.67,-0.6946,0.1161,-0.404,-0.6112,-0.652,0.2291,-0.1025,-0.5633
Guilin,110.3,25.28,2006,4,2006-04,199.8,79.12,0.09,0.0783,-0.1404,-0.2424,-0.0137,0.121,0.0777,-0.1056
Guilin,110.3,25.28,2006,5,2006-05,252.65,104.66,-0.4592,-0.6512,-0.1707,-0.6065,-0.2866,-0.5568,-0.0083,-0.36
Guilin,110.3,25.28,2006,6,2006-06,357.3,130.98,-0.3969,-0.5551,-0.4082,-1.0457,-0.323,-0.398,-0.1767,-0.9775
Guilin,110.3,25.28,2006,7,2006-07,258.23,147.23,0.614,-0.1443,-0.1012,-0.5165,0.6255,-0.1128,0.0446,-0.4241
Guilin,110.3,25.28,2006,8,2006-08,108.19,136.31,-0.262,-0.0528,-0.4129,-0.5361,-0.2365,0.0842,-0.3379,-0.4595
Guilin,110.3,25.28,2006,9,2006-09,51.3,94.26,-0.6699,0.0128,-0.4645,-0.5322,-0.3533,0.1318,-0.341,-0.3792
Guilin,110.3,25.28,2006,10,2006-10,52.7,81.05,0.1846,-0.5119,-0.4797,-0.4527,-0.0861,-0.4945,-0.2658,-0.3393
Guilin,110.3,25.28,2006,11,2006-11,87.0,36.73,0.2924,-0.2733,-0.2481,-0.3252,0.2936,-0.1059,-0.0451,-0.266
Guilin,110.3,25.28,2006,12,2006-12,10.54,13.33,-1.4447,-0.2648,-0.1494,-0.4504,-1.4252,-0.1099,-0.0913,-0.3735
Guilin,110.3,25.28,2007,1,2007-01,72.54,7.09,0.3136,-0.2402,-0.5839,-0.4259,0.2458,-0.2179,-0.4872,-0.2692
Guilin,110.3,25.28,2007,2,2007-02,95.48,33.37,0.6145,-0.0694,-0.3848,-0.5377,0.1492,-0.4223,-0.3294,-0.479
Guilin,110.3,25.28,2007,3,2007-03,100.44,45.25,-0.6103,-0.0729,-0.3324,-0.5181,-0.6912,-0.2137,-0.3444,-0.4567
Guilin,110.3,25.28,2007,4,2007-04,150.9,60.32,-0.501,-0.5593,-0.6628,-0.6847,-0.3526,-0.5775,-0.5088,-0.5273
Guilin,110.3,25.28,2007,5,2007-05,178.25,113.02,-1.5898,-1.751,-1.486,-0.9073,-1.8883,-2.2199,-1.6926,-0.8903
Guilin,110.3,25.28,2007,6,2007-06,373.5,130.68,-0.2443,-1.2621,-1.0179,-0.829,-0.1773,-1.3001,-1.0647,-0.7478
Guilin,110.3,25.28,2007,7,2007-07,96.1,145.41,-0.9157,-1.4157,-1.3247,-1.2795,-0.7838,-1.2908,-1.4119,-1.2214
Guilin,110.3,25.28,2007,8,2007-08,123.07,139.99,-0.0224,-0.7904,-1.5451,-1.3249,-0.0606,-0.6485,-1.5341,-1.2737
Guilin,110.3,25.28,2007,9,2007-09,109.2,95.57,0.4491,-0.6335,-1.4138,-1.174,0.6079,-0.4789,-1.2771,-1.1821
Guilin,110.3,25.28,2007,10,2007-10,4.65,66.44,-2.0617,-0.2765,-1.4926,-1.4355,-1.5727,-0.1992,-1.6503,-1.4552
Guilin,110.3,25.28,2007,11,2007-11,7.8,30.25,-1.774,-1.1021,-1.2578,-1.7242,-1.276,-0.6291,-1.1093,-1.6046
Guilin,110.3,25.28,2007,12,2007-12,60.76,17.24,0.6613,-1.4769,-1.0964,-1.4964,0.5816,-3.09,-0.8888,-1.4661
Guilin,110.3,25.28,2008,1,2008-01,56.73,3.19,-0.0466,-0.8279,-0.725,-1.6364,-0.0418,-0.7783,-0.5148,-1.9929
Guilin,110.3,25.28,2008,2,2008-02,95.41,4.64,0.6132,0.4532,-0.6871,-1.7045,0.8283,0.5535,-0.2106,-1.9649
Guilin,110.3,25.28,2008,3,2008-03,142.6,47.28,0.2233,0.2664,-0.7707,-1.5198,0.1017,0.488,-0.3748,-1.5091
Guilin,110.3,25.28,2008,4,2008-04,120.3,73.02,-0.9412,-0.4483,-0.9063,-1.5435,-0.8958,-0.3228,-0.635,-1.9975
Guilin,110.3,25.28,2008,5,2008-05,334.49,103.6,0.5474,-0.2538,-0.0631,-0.901,0.6498,-0.1269,0.154,-0.6018
Guilin,110.3,25.28,2008,6,2008-06,405.3,126.01,0.0428,-0.2445,-0.1138,-0.7704,0.1261,0.0053,0.2124,-0.5011
Guilin,110.3,25.28,2008,7,2008-07,177.63,143.03,-0.0226,0.1092,-0.1354,-0.4611,0.0888,0.1696,0.0822,-0.2633
Guilin,110.3,25.28,2008,8,2008-08,248.0,132.74,1.4798,0.4864,0.2153,-0.1197,1.5586,0.6014,0.3199,0.0684
Guilin,110.3,25.28,2008,9,2008-09,81.0,109.75,-0.026,0.5694,0.148,-0.2198,-0.0777,0.5995,0.2661,-0.0172
Guilin,110.3,25.28,2008,10,2008-10,55.8,73.46,0.2585,0.8671,0.5294,-0.0797,0.1754,0.8283,0.6647,0.1081
Guilin,110.3,25.28,2008,11,2008-11,189.6,28.36,1.3545,0.8816,0.7917,0.4986,1.3662,0.8422,0.8616,0.5924
Guilin,110.3,25.28,2008,12,2008-12,12.09,14.23,-1.3149,0.843,0.751,0.3886,-1.3385,0.8937,0.7563,0.5273
Guilin,110.3,25.28,2009,1,2009-01,20.46,6.22,-1.2822,0.3229,0.7346,0.3301,-1.0922,0.466,0.7808,0.5333
Guilin,110.3,25.28,2009,2,2009-02,32.2,33.0,-1.0338,-2.5791,-0.2079,0.1181,-1.4078,-1.8806,-0.1362,0.2628
Guilin,110.3,25.28,2009,3,2009-03,140.43,35.99,0.1848,-1.1908,-0.0752,0.1173,0.2676,-1.2345,0.1403,0.298
Guilin,110.3,25.28,2009,4,2009-04,192.9,66.67,0.013,-0.3799,-0.1783,0.3,0.0459,-0.3568,0.1039,0.5156
Guilin,110.3,25.28,2009,5,2009-05,246.14,100.59,-0.5482,-0.3988,-1.2108,0.0353,-0.3201,-0.1045,-1.1276,0.3755
Guilin,110.3,25.28,2009,6,2009-06,331.8,132.19,-0.6468,-0.8042,-1.0555,-0.2128,-0.5716,-0.5767,-0.9919,-0.0104
Guilin,110.3,25.28,2009,7,2009-07,413.85,145.94,1.5442,0.4754,0.1762,0.4468,1.4381,0.4825,0.3055,0.4998
Guilin,110.3,25.28,2009,8,2009-08,23.56,141.02,-2.5027,0.182,-0.1005,-0.1893,-2.2173,0.2717,0.0318,-0.122
Guilin,110.3,25.28,2009,9,2009-09,51.6,117.0,-0.6623,0.4645,-0.318,-0.2967,-0.8661,0.3983,-0.2452,-0.208
Guilin,110.3,25.28,2009,10,2009-10,26.66,75.76,-0.6006,-1.8935,-0.4158,-0.4274,-0.7812,-1.817,-0.2901,-0.3411
Guilin,110.3,25.28,2009,11,2009-11,40.2,23.52,-0.5207,-1.1475,-0.375,-0.9351,-0.2147,-1.0233,-0.2099,-0.878
Guilin,110.3,25.28,2009,12,2009-12,48.36,11.56,0.3176,-0.7431,0.0312,-0.7719,0.4234,-0.3406,0.0479,-0.7028
Guilin,110.3,25.28,2010,1,2010-01,111.6,12.72,1.0222,0.0972,-1.1841,-0.4533,0.994,0.2479,-1.2288,-0.3403
Guilin,110.3,25.28,2010,2,2010-02,7.0,21.0,-2.6499,-0.261,-1.1502,-0.5697,-1.7472,-0.4665,-1.3112,-0.4275
Guilin,110.3,25.28,2010,3,2010-03,39.37,39.51,-2.4467,-1.8171,-1.7151,-0.9629,-2.0261,-1.9263,-3.09,-0.8937
Guilin,110.3,25.28,2010,4,2010-04,293.1,57.19,0.9914,-0.6316,-0.5026,-0.5574,1.0878,-0.4364,-0.0843,-0.3219
Guilin,110.3,25.28,2010,5,2010-05,216.07,109.17,-0.9815,-0.6565,-0.6963,-0.6245,-0.9267,-0.3953,-0.4834,-0.3506
Guilin,110.3,25.28,2010,6,2010-06,466.8,115.03,0.5579,0.4268,-0.2115,-0.1811,0.669,0.6864,0.1373,0.04
Guilin,110.3,25.28,2010,7,2010-07,128.03,145.51,-0.5195,-0.4516,-0.6414,-1.033,-0.3939,-0.3289,-0.3673,-0.8745
Guilin,110.3,25.28,2010,8,2010-08,52.08,134.18,-1.4548,-0.473,-0.7452,-1.0175,-1.2577,-0.2032,-0.5101,-0.8378
Guilin,110.3,25.28,2010,9,2010-09,139.8,108.06,0.8802,-0.7006,-0.1581,-0.7602,0.8582,-0.59,0.0553,-0.5397
Guilin,110.3,25.28,2010,10,2010-10,21.7,57.88,-0.8081,-0.4982,-0.7555,-0.8349,-0.3094,-0.3819,-0.43,-0.5407
Guilin,110.3,25.28,2010,11,2010-11,33.9,31.57,-0.6764,-0.2282,-0.5938,-0.8426,-0.5024,0.0572,-0.2202,-0.622
Guilin,110.3,25.28,2010,12,2010-12,121.52,14.55,1.8947,0.0528,-0.5263,-0.5521,1.6549,0.4396,-0.3518,-0.3286
Guilin,110.3,25.28,2011,1,2011-01,37.82,0.54,-0.5826,0.0228,-0.4178,-0.8351,-0.4554,0.1847,-0.1825,-0.5083
Guilin,110.3,25.28,2011,2,2011-02,50.4,18.59,-0.4216,0.4076,-0.0967,-0.6996,-0.5886,0.3593,0.2195,-0.3457
Guilin,110.3,25.28,2011,3,2011-03,98.27,23.1,-0.6592,-1.3021,-0.81,-0.4671,-0.2825,-0.7802,-0.1963,-0.0273
Guilin,110.3,25.28,2011,4,2011-04,71.4,68.31,-1.8488,-1.9946,-1.4608,-1.2734,-1.5452,-1.8072,-1.3618,-1.0269
Guilin,110.3,25.28,2011,5,2011-05,251.72,94.94,-0.4719,-1.8338,-1.3094,-1.0863,-0.17,-1.7236,-0.911,-0.6376
Guilin,110.3,25.28,2011,6,2011-06,366.0,134.43,-0.3143,-1.3565,-1.5343,-1.4157,-0.276,-1.3961,-1.6113,-1.2059
Guilin,110.3,25.28,2011,7,2011-07,62.0,146.48,-1.4615,-1.2152,-1.7777,-1.5179,-1.4159,-1.0414,-1.8173,-1.243
Guilin,110.3,25.28,2011,8,2011-08,74.09,131.07,-0.9121,-1.3679,-2.0436,-1.5513,-0.7394,-1.3121,-1.9036,-1.2459
Guilin,110.3,25.28,2011,9,2011-09,83.1,100.8,0.0129,-1.6147,-2.0711,-1.8358,0.1181,-1.3436,-1.9557,-1.6295
Guilin,110.3,25.28,2011,10,2011-10,89.59,61.82,0.9289,-0.1873,-1.2646,-1.6766,0.996,-0.049,-1.0603,-1.4595
Guilin,110.3,25.28,2011,11,2011-11,30.6,46.83,-0.7665,-0.1492,-1.3071,-1.6687,-1.021,0.0235,-1.3059,-1.4014
Guilin,110.3,25.28,2011,12,2011-12,14.26,8.97,-1.1527,-0.4698,-1.4188,-2.0741,-0.7148,-0.1418,-1.194,-1.9042
Guilin,110.3,25.28,2012,1,2012-01,106.02,4.39,0.9321,-0.4773,-0.4789,-1.8895,1.0523,-0.5258,-0.2852,-2.1722
Guilin,110.3,25.28,2012,2,2012-02,63.22,11.29,-0.0785,0.0097,-0.2431,-1.91,-0.0963,0.086,0.0693,-2.2542
Guilin,110.3,25.28,2012,3,2012-03,134.23,38.29,0.0725,0.3746,-0.1758,-1.7488,0.1131,0.5979,0.19,-1.8778
Guilin,110.3,25.28,2012,4,2012-04,189.0,78.43,-0.0313,-0.1864,-0.5186,-1.1743,-0.1245,-0.0892,-0.2673,-1.0596
Guilin,110.3,25.28,2012,5,2012-05,238.7,116.69,-0.6519,-0.5438,-0.4906,-1.1697,-0.6693,-0.5293,-0.3183,-1.4604
Guilin,110.3,25.28,2012,6,2012-06,390.6,129.2,-0.088,-0.5015,-0.269,-1.0481,-0.0198,-0.4052,-0.0239,-0.9164
Guilin,110.3,25.28,2012,7,2012-07,155.0,143.14,-0.2357,-0.5993,-0.5567,-0.67,-0.1053,-0.56,-0.407,-0.5224
Guilin,110.3,25.28,2012,8,2012-08,98.58,139.34,-0.4288,-0.4885,-0.6986,-0.6481,-0.4471,-0.311,-0.6609,-0.5351
Guilin,110.3,25.28,2012,9,2012-09,121.8,91.4,0.6351,-0.2804,-0.62,-0.5518,0.8403,-0.11,-0.5214,-0.3832
Guilin,110.3,25.28,2012,10,2012-10,42.78,69.66,-0.0736,-0.0443,-0.6409,-0.7615,-0.0475,0.0293,-0.4115,-0.6216
Guilin,110.3,25.28,2012,11,2012-11,133.2,31.43,0.8366,0.6687,-0.1228,-0.3953,0.8612,0.7879,0.1623,-0.258
Guilin,110.3,25.28,2012,12,2012-12,60.76,10.85,0.6613,0.6566,0.0695,-0.204,0.7196,0.7962,0.2101,-0.0476
Guilin,110.3,25.28,2013,1,2013-01,30.69,9.37,-0.8342,0.3476,0.0862,-0.456,-0.8894,0.4626,0.2538,-0.2371
Guilin,110.3,25.28,2013,2,2013-02,52.64,24.19,-0.3576,-0.667,0.1833,-0.5165,-0.6719,-0.7724,0.4206,-0.3579
Guilin,110.3,25.28,2013,3,2013-03,208.01,51.84,1.2381,0.2236,0.5031,-0.2322,1.1322,0.0882,0.5883,-0.0941
Guilin,110.3,25.28,2013,4,2013-04,261.0,65.2,0.7059,0.9205,0.7805,-0.0115,0.733,0.8779,0.8424,0.2178
Guilin,110.3,25.28,2013,5,2013-05,292.02,110.01,0.0486,0.9533,0.5225,0.1798,0.1377,0.9565,0.5539,0.4777
Guilin,110.3,25.28,2013,6,2013-06,232.5,130.88,-1.7691,-0.7093,-0.4847,-0.3364,-1.6801,-0.5137,-0.3218,-0.1339
Guilin,110.3,25.28,2013,7,2013-07,48.98,144.34,-1.7297,-1.9113,-0.8761,-0.6258,-1.7159,-1.6978,-0.8077,-0.5018
Guilin,110.3,25.28,2013,8,2013-08,200.26,138.04,0.9818,-1.5073,-0.5405,-0.3585,0.9852,-1.5235,-0.4769,-0.2525
Guilin,110.3,25.28,2013,9,2013-09,126.3,100.88,0.6985,-0.2793,-0.7731,-0.3648,0.7731,-0.1704,-0.6336,-0.2504
Guilin,110.3,25.28,2013,10,2013-10,26.04,62.81,-0.6249,0.6469,-1.2668,-0.4576,-0.3279,0.6999,-1.2049,-0.3124
Guilin,110.3,25.28,2013,11,2013-11,110.7,34.22,0.5904,0.3913,-1.0928,-0.5223,0.6038,0.5437,-0.8961,-0.4461
Guilin,110.3,25.28,2013,12,2013-12,71.3,8.56,0.9189,0.3803,-0.0707,-0.451,0.969,0.6536,0.0716,-0.344
Guilin,110.3,25.28,2014,1,2014-01,17.36,14.02,-1.4504,0.0887,0.4469,-0.498,-1.4184,0.1397,0.5496,-0.3451
Guilin,110.3,25.28,2014,2,2014-02,71.68,11.08,0.1226,-0.3744,0.0444,-0.4472,0.113,-0.3949,0.3375,-0.2387
Guilin,110.3,25.28,2014,3,2014-03,119.66,39.62,-0.2057,-0.9376,-0.3486,-0.7844,-0.1873,-0.7847,0.0446,-0.5395
Guilin,110.3,25.28,2014,4,2014-04,189.3,78.74,-0.0279,-0.2394,-0.2289,-1.0161,-0.1246,-0.1551,0.0452,-0.8987
Guilin,110.3,25.28,2014,5,2014-05,259.78,107.51,-0.3635,-0.4872,-0.6022,-1.0848,-0.2291,-0.3934,-0.4451,-1.0697
Guilin,110.3,25.28,2014,6,2014-06,370.2,136.38,-0.275,-0.4954,-0.7265,-0.587,-0.256,-0.386,-0.5956,-0.3875
Guilin,110.3,25.28,2014,7,2014-07,203.05,149.39,0.1958,-0.3312,-0.3815,-0.0926,0.2369,-0.3359,-0.2506,-0.0013
Guilin,110.3,25.28,2014,8,2014-08,198.4,135.19,0.9609,0.1944,-0.1341,-0.117,0.9967,0.2745,-0.0972,-0.0281
Guilin,110.3,25.28,2014,9,2014-09,84.6,112.09,0.0403,0.4467,-0.1166,-0.2597,-0.0546,0.423,-0.1165,-0.1554
Guilin,110.3,25.28,2014,10,2014-10,40.3,76.12,-0.1444,0.4348,-0.1198,-0.2426,-0.2986,0.3211,-0.0101,-0.1739
Guilin,110.3,25.28,2014,11,2014-11,112.8,34.98,0.6146,0.1733,0.177,-0.2255,0.6183,0.1891,0.2685,-0.2274
Guilin,110.3,25.28,2014,12,2014-12,33.79,9.72,-0.1721,0.1601,0.3543,-0.314,0.0719,0.3819,0.3334,-0.2898
Guilin,110.3,25.28,2015,1,2015-01,62.0,13.36,0.0802,0.1856,0.3372,-0.1429,-0.1637,0.228,0.3316,-0.0439
Guilin,110.3,25.28,2015,2,2015-02,81.48,22.51,0.3366,-0.0903,-0.0202,-0.1143,0.0737,-0.3225,0.0209,-0.0582
Guilin,110.3,25.28,2015,3,2015-03,61.07,43.52,-1.6473,-1.0036,-0.563,-0.3258,-1.5592,-1.1024,-0.4569,-0.2861
Guilin,110.3,25.28,2015,4,2015-04,98.1,72.74,-1.3125,-1.7281,-1.1699,-0.6551,-1.2032,-1.939,-1.4555,-0.5944
Guilin,110.3,25.28,2015,5,2015-05,398.97,116.74,1.2305,-0.5755,-0.5588,-0.1484,1.1075,-0.5624,-0.5396,0.0541
Guilin,110.3,25.28,2015,6,2015-06,411.6,135.86,0.0978,0.0438,-0.3096,-0.0325,0.0976,0.151,-0.1969,0.0258
Guilin,110.3,25.28,2015,7,2015-07,245.52,134.05,0.5233,0.7776,-0.0539,0.0826,0.6284,0.7325,0.0576,0.0961
Guilin,110.3,25.28,2015,8,2015-08,216.07,129.87,1.1544,0.6862,0.227,0.1272,1.254,0.7704,0.3049,0.137
Guilin,110.3,25.28,2015,9,2015-09,151.8,104.53,1.0324,1.1584,0.784,0.3262,1.0582,1.2275,0.8318,0.3888
Guilin,110.3,25.28,2015,10,2015-10,160.58,71.41,1.9299,1.726,1.6605,0.694,1.7743,1.8342,1.4825,0.739
Guilin,110.3,25.28,2015,11,2015-11,321.9,38.07,2.2735,2.6538,2.0645,1.2979,2.1661,2.1662,1.737,1.2699
Guilin,110.3,25.28,2015,12,2015-12,135.47,11.7,2.1189,3.09,2.4091,1.6207,1.8712,2.2514,2.2661,1.5474
Guilin,110.3,25.28,2016,1,2016-01,93.31,8.45,0.7148,2.682,2.7008,1.8638,0.6898,2.7057,2.5048,1.6721
Guilin,110.3,25.28,2016,2,2016-02,23.49,13.13,-1.4201,0.9877,2.7627,1.762,-1.1245,1.1017,2.2651,1.6383
Guilin,110.3,25.28,2016,3,2016-03,115.63,36.96,-0.2867,-0.5764,2.4422,1.9392,-0.214,-0.3363,1.9439,1.7481
Guilin,110.3,25.28,2016,4,2016-04,350.1,81.28,1.4522,0.6741,2.2496,2.3912,1.3613,0.7157,1.8184,1.9579
Guilin,110.3,25.28,2016,5,2016-05,318.37,105.79,0.3633,1.1092,1.2695,2.1458,0.4686,1.1012,1.2363,1.712
Guilin,110.3,25.28,2016,6,2016-06,292.8,133.33,-1.0557,0.3447,0.0649,1.7336,-0.9815,0.4434,0.2842,1.5766
Guilin,110.3,25.28,2016,7,2016-07,153.76,149.04,-0.248,-0.709,-0.2201,1.36,-0.171,-0.6551,-0.0787,1.2984
Guilin,110.3,25.28,2016,8,2016-08,145.08,141.81,0.2986,-0.7966,0.0081,1.259,0.2355,-0.709,0.0366,1.1949
Guilin,110.3,25.28,2016,9,2016-09,75.6,104.91,-0.1293,-0.2872,0.0154,1.0968,-0.0879,-0.2612,0.0254,1.0664
Guilin,110.3,25.28,2016,10,2016-10,41.85,78.22,-0.0998,-0.0496,-0.7405,0.7939,-0.3155,-0.177,-0.6644,0.7915
Guilin,110.3,25.28,2016,11,2016-11,117.3,33.65,0.6657,0.1469,-0.6725,0.1747,0.6802,0.2155,-0.5618,0.1764
Guilin,110.3,25.28,2016,12,2016-12,52.08,20.32,0.4262,0.4122,-0.0603,-0.0546,0.2937,0.4858,-0.0975,-0.0391
Guilin,110.3,25.28,2017,1,2017-01,62.31,18.66,0.0874,0.4161,0.1236,-0.133,-0.2901,0.3195,0.0363,-0.0805
Guilin,110.3,25.28,2017,2,2017-02,59.08,19.72,-0.1836,-0.1524,-0.0726,-0.0099,-0.4029,-0.5641,-0.083,0.0192
Guilin,110.3,25.28,2017,3,2017-03,200.26,37.89,1.1299,0.5936,0.537,0.2999,1.2283,0.5524,0.5529,0.3178
Guilin,110.3,25.28,2017,4,2017-04,113.7,73.47,-1.0461,-0.3096,-0.0676,-0.5611,-0.992,-0.2411,0.0905,-0.4888
Guilin,110.3,25.28,2017,5,2017-05,231.57,107.04,-0.7534,-0.6821,-0.6719,-0.827,-0.6294,-0.543,-0.655,-0.8643
Guilin,110.3,25.28,2017,6,2017-06,559.5,126.28,1.2558,0.0211,0.2123,0.0467,1.2076,0.2291,0.3953,0.1335
Guilin,110.3,25.28,2017,7,2017-07,339.76,148.1,1.1358,1.1141,0.7061,0.535,1.0764,1.0753,0.7609,0.5067
Guilin,110.3,25.28,2017,8,2017-08,274.66,139.89,1.7316,1.9526,1.2792,0.909,1.7521,1.6879,1.2671,0.8462
Guilin,110.3,25.28,2017,9,2017-09,107.7,120.63,0.4261,1.6933,1.1893,1.0252,0.1983,1.5417,1.123,0.9387
Guilin,110.3,25.28,2017,10,2017-10,23.87,67.87,-0.7135,1.007,1.4801,1.0115,-0.5742,0.8915,1.3111,0.9527
Guilin,110.3,25.28,2017,11,2017-11,52.8,34.74,-0.2553,-0.3425,1.5486,0.8254,-0.19,-0.2751,1.3372,0.756
Guilin,110.3,25.28,2017,12,2017-12,32.24,13.12,-0.2322,-0.8397,1.0227,0.8077,-0.0918,-0.5784,0.9185,0.7804
Guilin,110.3,25.28,2018,1,2018-01,71.3,8.73,0.2874,-0.4078,0.5038,0.9294,0.1774,-0.3955,0.471,0.9399
Guilin,110.3,25.28,2018,2,2018-02,22.96,15.92,-1.4467,-1.0103,-0.904,0.8458,-1.2082,-0.9195,-0.9139,0.8964
Guilin,110.3,25.28,2018,3,2018-03,171.12,51.96,0.6969,-0.1141,-0.7138,0.757,0.526,-0.1329,-0.5638,0.7681
Guilin,110.3,25.28,2018,4,2018-04,127.8,75.64,-0.8267,-0.809,-0.9467,0.6908,-0.8306,-0.8992,-0.9953,0.739
Guilin,110.3,25.28,2018,5,2018-05,269.7,121.98,-0.2332,-0.4882,-0.8397,0.8065,-0.2903,-0.6236,-0.9403,0.8283
Guilin,110.3,25.28,2018,6,2018-06,262.2,129.77,-1.4035,-1.5663,-1.2623,-0.1252,-1.2889,-2.8671,-1.8711,-0.0836
Guilin,110.3,25.28,2018,7,2018-07,190.03,153.87,0.0864,-0.9594,-1.1017,-0.5552,0.1014,-0.9741,-1.2273,-0.5977
Guilin,110.3,25.28,2018,8,2018-08,163.37,140.71,0.5414,-0.6539,-0.7946,-0.9696,0.4987,-0.5549,-0.8976,-1.0335
Guilin,110.3,25.28,2018,9,2018-09,131.7,107.19,0.7726,0.4409,-0.8504,-0.9308,0.7606,0.3884,-0.9095,-0.9786
Guilin,110.3,25.28,2018,10,2018-10,119.97,57.94,1.4024,1.0632,-0.21,-0.6548,1.459,1.1072,-0.0745,-0.6351
Guilin,110.3,25.28,2018,11,2018-11,109.5,35.03,0.5763,1.1247,0.0338,-0.4476,0.5818,1.0888,0.219,-0.47
Guilin,110.3,25.28,2018,12,2018-12,66.65,11.56,0.8085,1.1655,0.8219,-0.296,0.8244,1.1548,0.8024,-0.2901
Guilin,110.3,25.28,2019,1,2019-01,90.83,9.77,0.6702,0.7408,1.101,-0.213,0.6051,0.8168,1.1202,-0.1422
Guilin,110.3,25.28,2019,2,2019-02,108.36,13.17,0.8475,1.1592,1.4003,0.0885,0.9315,1.3349,1.3662,0.1724
Guilin,110.3,25.28,2019,3,2019-03,207.7,42.5,1.2338,1.5242,1.6283,0.2263,1.2718,1.5048,1.4834,0.3331
Guilin,110.3,25.28,2019,4,2019-04,342.6,79.97,1.3944,1.8636,1.7145,0.8341,1.3109,1.7843,1.4791,0.8654
Guilin,110.3,25.28,2019,5,2019-05,163.99,103.3,-1.8424,0.6277,0.9575,0.5188,-2.0345,0.6879,0.9743,0.7102
Guilin,110.3,25.28,2019,6,2019-06,507.0,133.11,0.8708,0.6333,1.037,1.1555,0.8218,0.6978,1.0307,1.1151
Guilin,110.3,25.28,2019,7,2019-07,562.65,145.73,2.2431,1.5539,1.9632,1.9064,2.0334,1.4946,1.7081,1.7747
Guilin,110.3,25.28,2019,8,2019-08,110.05,153.03,-0.2308,1.9747,1.8612,1.8952,-0.4855,1.6545,1.7062,1.7724
Guilin,110.3,25.28,2019,9,2019-09,30.3,110.42,-1.3119,1.6032,1.5227,1.7081,-1.2836,1.4536,1.3885,1.5788
Guilin,110.3,25.28,2019,10,2019-10,89.59,71.62,0.9289,-0.3411,1.1935,1.7012,0.8448,-0.5451,1.083,1.538
Guilin,110.3,25.28,2019,11,2019-11,38.7,34.79,-0.5561,-0.6289,1.4767,1.5059,-0.4675,-0.4813,1.259,1.4251
Guilin,110.3,25.28,2019,12,2019-12,34.1,18.68,-0.1604,-0.1169,1.1567,1.4601,-0.2289,0.1098,1.0058,1.3517
Guilin,110.3,25.28,2020,1,2020-01,89.59,15.51,0.6476,-0.3328,-0.515,1.597,0.4468,-0.4859,-0.6676,1.4046
Guilin,110.3,25.28,2020,2,2020-02,154.28,27.13,1.5567,1.3078,0.1438,1.8006,1.6657,1.0588,0.1108,1.5413
Guilin,110.3,25.28,2020,3,2020-03,261.02,48.35,1.9167,2.4494,1.4147,1.9736,1.9616,2.1121,1.1637,1.6261
Guilin,110.3,25.28,2020,4,2020-04,179.1,55.4,-0.1467,1.4389,0.8389,1.2968,0.0189,1.4276,0.8566,1.1765
Guilin,110.3,25.28,2020,5,2020-05,342.86,122.81,0.6407,1.1017,1.4024,1.7699,0.5439,1.0813,1.2106,1.4112
Guilin,110.3,25.28,2020,6,2020-06,533.1,138.36,1.0653,0.8552,1.5848,1.7343,0.9611,0.8687,1.3353,1.4443
Guilin,110.3,25.28,2020,7,2020-07,309.69,146.88,0.9539,1.3517,1.6187,0.9744,0.9249,1.193,1.4062,0.8307
Guilin,110.3,25.28,2020,8,2020-08,130.2,138.83,0.0855,1.1342,1.4041,1.0794,0.064,1.0386,1.3235,0.953
Guilin,110.3,25.28,2020,9,2020-09,268.5,99.67,2.2234,1.6288,1.6924,1.7362,2.3269,1.5837,1.614,1.5551
Guilin,110.3,25.28,2020,10,2020-10,82.77,56.81,0.809,1.4637,1.9661,1.7941,0.9689,1.6088,1.6621,1.6259
Guilin,110.3,25.28,2020,11,2020-11,11.7,35.61,-1.5071,1.1369,1.4683,1.7173,-1.3473,1.1386,1.3348,1.6399
Guilin,110.3,25.28,2020,12,2020-12,16.74,8.61,-0.9881,-0.804,0.9773,1.7152,-0.5559,-0.2419,1.0131,1.6315
Guilin,110.3,25.28,2021,1,2021-01,7.75,10.39,-2.1857,-2.749,0.2577,1.6357,-1.6054,-3.09,0.4212,1.5065
Guilin,110.3,25.28,2021,2,2021-02,110.32,30.52,0.8814,-0.8443,0.5813,1.5644,0.5704,-0.9653,0.7171,1.4646
Guilin,110.3,25.28,2021,3,2021-03,177.32,50.24,0.7928,0.2745,-0.4335,1.3112,0.6607,0.0668,-0.2235,1.2432
Guilin,110.3,25.28,2021,4,2021-04,239.4,68.09,0.5006,0.9605,-0.341,1.3253,0.5026,0.8621,-0.1867,1.2173
Guilin,110.3,25.28,2021,5,2021-05,487.32,115.01,2.0584,1.8748,1.283,1.7049,1.7852,1.6548,1.1363,1.4311
Guilin,110.3,25.28,2021,6,2021-06,259.8,137.2,-1.4319,0.4853,0.4564,0.8836,-1.4083,0.5611,0.4952,0.8831
Guilin,110.3,25.28,2021,7,2021-07,185.07,152.89,0.0434,0.1834,0.5484,0.4798,0.0692,0.0866,0.5052,0.471
Guilin,110.3,25.28,2021,8,2021-08,128.03,144.03,0.0531,-0.911,0.4024,0.4931,-0.0466,-0.9114,0.3449,0.4595
Guilin,110.3,25.28,2021,9,2021-09,89.4,126.27,0.1258,-0.0902,0.2422,-0.0297,-0.2314,-0.2569,0.1327,-0.0704
Guilin,110.3,25.28,2021,10,2021-10,98.27,62.09,1.0734,0.3777,0.2936,0.0024,1.1183,0.1926,0.2872,-0.0537
Guilin,110.3,25.28,2021,11,2021-11,122.4,32.16,0.7221,0.7617,-0.3973,0.3586,0.748,0.6954,-0.328,0.2363
Guilin,110.3,25.28,2021,12,2021-12,13.95,15.72,-1.1747,0.637,0.1887,0.3888,-1.2932,0.7953,0.1127,0.2771
Guilin,110.3,25.28,2022,1,2022-01,107.88,12.04,0.9625,0.535,0.4897,0.7787,0.9292,0.5737,0.4206,0.6832
Guilin,110.3,25.28,2022,2,2022-02,131.6,5.38,1.2262,1.0026,1.0132,0.8795,1.6447,1.126,0.9927,0.8483
Guilin,110.3,25.28,2022,3,2022-03,100.44,57.74,-0.6103,0.8055,0.8232,0.6294,-0.9635,0.7622,0.8886,0.5997
Guilin,110.3,25.28,2022,4,2022-04,312.0,68.67,1.1501,1.0848,1.0112,0.7543,1.1508,1.0967,1.0117,0.7429
Guilin,110.3,25.28,2022,5,2022-05,456.63,90.03,1.7827,1.6588,1.7265,0.6648,1.7458,1.5701,1.6177,0.7721
Guilin,110.3,25.28,2022,6,2022-06,627.9,130.78,1.7237,2.4954,2.2341,1.6036,1.5905,2.06,1.8418,1.43
Guilin,110.3,25.28,2022,7,2022-07,137.95,148.31,-0.4107,1.5073,1.5763,1.344,-0.319,1.502,1.4635,1.2648
Guilin,110.3,25.28,2022,8,2022-08,60.76,146.44,-1.2242,0.4656,1.197,1.2511,-1.34,0.4888,1.1652,1.1875
Guilin,110.3,25.28,2022,9,2022-09,6.6,115.02,-2.7576,-1.7626,1.0941,1.0704,-2.5384,-1.7966,1.0926,1.0706
Guilin,110.3,25.28,2022,10,2022-10,8.06,70.36,-1.6642,-2.3808,0.5109,0.8494,-1.6241,-2.1046,0.6074,0.8654
Guilin,110.3,25.28,2022,11,2022-11,72.6,51.9,0.0839,-1.6453,-0.2521,0.7049,-0.144,-3.09,-0.2155,0.6461
Guilin,110.3,25.28,2022,12,2022-12,22.94,9.2,-0.6427,-0.924,-1.7485,0.7719,-0.2964,-3.09,-1.8553,0.7515
Guilin,110.3,25.28,2023,1,2023-01,16.74,13.77,-1.4867,-1.0256,-2.2725,0.5678,-1.4297,-1.5222,-3.09,0.6092
Guilin,110.3,25.28,2023,2,2023-02,67.48,22.13,0.0249,-1.4282,-2.181,0.3678,-0.2563,-1.2654,-3.09,0.3859
Guilin,110.3,25.28,2023,3,2023-03,132.68,50.49,0.0439,-0.8098,-1.2194,0.4877,-0.1457,-1.0086,-3.09,0.5106
Guilin,110.3,25.28,2023,4,2023-04,188.4,80.28,-0.0382,-0.1673,-0.7788,0.0049,-0.1517,-0.3008,-1.0698,0.0884
Guilin,110.3,25.28,2023,5,2023-05,344.72,117.6,0.6612,0.2747,-0.3062,-0.34,0.6134,0.213,-0.3736,-0.2887
Guilin,110.3,25.28,2023,6,2023-06,341.4,137.61,-0.5512,-0.1578,-0.4141,-1.3148,-0.5315,-0.1052,-0.4132,-1.8476
Guilin,110.3,25.28,2023,7,2023-07,55.49,154.64,-1.5897,-0.8436,-0.7264,-1.4792,-1.8471,-0.8914,-0.8143,-1.7145
Guilin,110.3,25.28,2023,8,2023-08,139.5,144.24,0.2204,-1.1414,-0.7157,-1.308,0.121,-1.2243,-0.864,-1.5005
Guilin,110.3,25.28,2023,9,2023-09,77.4,116.19,-0.0943,-1.1023,-0.8403,-1.1112,-0.2692,-1.1942,-1.0084,-1.3965
Guilin,110.3,25.28,2023,10,2023-10,33.79,78.9,-0.3459,-0.1526,-0.9189,-1.0918,-0.6164,-0.4001,-1.1715,-1.4466
Guilin,110.3,25.28,2023,11,2023-11,68.4,42.63,0.0178,-0.3934,-1.2487,-1.0907,-0.0594,-0.48,-1.7953,-1.3037
Guilin,110.3,25.28,2023,12,2023-12,25.73,19.08,-0.509,-0.5594,-1.1046,-1.0474,-0.6354,-0.7471,-1.2808,-1.3533
Guilin,110.3,25.28,2024,1,2024-01,181.04,15.84,1.9613,0.812,0.3037,-0.4653,2.2867,0.6992,0.1066,-0.7187
Guilin,110.3,25.28,2024,2,2024-02,71.05,15.5,0.1082,1.306,0.2972,-0.4721,-0.0088,1.2595,0.1873,-0.7286
Guilin,110.3,25.28,2024,3,2024-03,104.16,51.58,-0.5281,0.9887,0.183,-0.5762,-0.747,0.8517,0.1498,-0.8339
Guilin,110.3,25.28,2024,4,2024-04,389.4,93.65,1.7425,1.2319,1.2836,0.114,1.5748,1.0402,1.0303,0.0047
Guilin,110.3,25.28,2024,5,2024-05,259.16,106.81,-0.3718,0.8964,1.2377,-0.1427,-0.228,0.762,1.0118,-0.1299
Guilin,110.3,25.28,2024,6,2024-06,642.3,133.23,1.818,2.0188,1.9111,0.7333,1.6589,1.6299,1.526,0.5881
Guilin,110.3,25.28,2024,7,2024-07,230.95,151.98,0.4155,1.121,1.3547,1.0974,0.4176,1.0373,1.1702,0.8834
Guilin,110.3,25.28,2024,8,2024-08,125.55,144.93,0.0156,1.2451,1.389,1.122,-0.0985,1.1051,1.2136,0.8925
Guilin,110.3,25.28,2024,9,2024-09,55.5,120.29,-0.5653,-0.0256,1.4724,1.0993,-0.8505,-0.1538,1.2596,0.8829
Guilin,110.3,25.28,2024,10,2024-10,77.19,65.49,0.706,-0.0866,0.8997,1.2643,0.7423,-0.2615,0.8434,1.0539
Guilin,110.3,25.28,2024,11,2024-11,8.1,40.95,-1.7501,-0.8461,0.7209,1.0933,-2.0336,-0.8367,0.6744,0.8907
Guilin,110.3,25.28,2024,12,2024-12,20.77,13.12,-0.755,-0.8846,-0.411,1.121,-0.5808,-0.7745,-0.4746,0.9469
Guilin,110.3,25.28,2025,1,2025-01,43.71,16.52,-0.3989,-1.7525,-0.9571,0.8065,-0.7261,-2.812,-1.1452,0.6857
Guilin,110.3,25.28,2025,2,2025-02,68.04,13.44,0.0381,-0.8893,-1.2727,0.8275,-0.0317,-0.91,-1.7462,0.7157
Guilin,110.3,25.28,2025,3,2025-03,84.94,40.06,-0.9772,-1.1312,-1.399,0.772,-0.9148,-1.0754,-2.6287,0.6878
Guilin,110.3,25.28,2025,4,2025-04,172.2,83.31,-0.2297,-0.7752,-1.5921,-0.0292,-0.3724,-0.7865,-3.09,0.0502
Guilin,110.3,25.28,2025,5,2025-05,403.0,108.25,1.2707,0.2324,-0.177,0.4438,1.2099,0.2925,-0.1133,0.5486
Guilin,110.3,25.28,2025,6,2025-06,461.4,132.7,0.5146,0.7571,0.2429,-0.14,0.5037,0.7618,0.3789,-0.1067
Guilin,110.3,25.28,2025,7,2025-07,108.5,159.31,-0.7522,0.3841,-0.0488,-0.488,-0.8051,0.2987,0.0201,-0.543
Guilin,110.3,25.28,2025,8,2025-08,283.03,140.71,1.8075,0.5912,0.5387,-0.0494,1.8248,0.566,0.486,-0.1224
Guilin,110.3,25.28,2025,9,2025-09,78.9,117.9,-0.0656,0.3513,0.7244,0.0139,-0.2734,0.2079,0.5993,-0.0155
Guilin,110.3,25.28,2025,10,2025-10,40.3,78.83,-0.1444,0.9813,0.8358,-0.1219,-0.3837,0.7996,0.7445,-0.1925
Guilin,110.3,25.28,2025,11,2025-11,84.6,32.16,0.2594,-0.1442,0.38,0.1326,0.3215,-0.1429,0.3789,0.019
Guilin,110.3,25.28,2025,12,2025-12,48.98,24.25,0.3361,0.0163,0.2225,0.2596,0.0922,0.1243,0.0556,0.1423
Hechi,108.06,24.7,2005,1,2005-01,42.16,7.6,0.0568,,,,0.0115,,,
Hechi,108.06,24.7,2005,2,2005-02,26.88,18.05,-0.3247,,,,-0.1626,,,
Hechi,108.06,24.7,2005,3,2005-03,68.82,41.35,0.0785,-0.3659,,,0.2882,0.1323,,
Hechi,108.06,24.7,2005,4,2005-04,133.5,89.28,0.6161,0.1069,,,0.4786,0.3888,,
Hechi,108.06,24.7,2005,5,2005-05,203.98,146.35,-0.3832,-0.0896,,,-0.7788,-0.159,,
Hechi,108.06,24.7,2005,6,2005-06,493.5,147.12,1.7463,1.152,0.7877,,1.5353,0.9436,0.7762,
Hechi,108.06,24.7,2005,7,2005-07,115.01,158.49,-1.2406,0.2803,0.2429,,-1.1606,0.05,0.2151,
Hechi,108.06,24.7,2005,8,2005-08,140.12,144.28,-0.3533,0.2108,0.0987,,-0.4632,0.1932,0.0383,
Hechi,108.06,24.7,2005,9,2005-09,56.1,117.74,-1.4906,-1.7329,-0.3522,,-3.09,-1.5333,-0.4127,
Hechi,108.06,24.7,2005,10,2005-10,30.69,75.65,-1.1424,-1.37,-0.6903,,-1.0413,-1.246,-0.7017,
Hechi,108.06,24.7,2005,11,2005-11,38.4,44.87,-0.2652,-1.55,-0.7315,,-0.2334,-1.7172,-0.5894,
Hechi,108.06,24.7,2005,12,2005-12,43.4,12.45,0.7216,-0.6803,-1.7162,-0.5802,0.839,-0.5806,-1.5719,-0.5391
Hechi,108.06,24.7,2006,1,2006-01,16.74,14.97,-1.0046,-0.645,-1.4053,-0.7128,-1.1017,-0.6759,-1.2479,-0.6537
Hechi,108.06,24.7,2006,2,2006-02,65.24,20.35,0.9704,0.2059,-1.2587,-0.5599,0.9513,0.1734,-1.1393,-0.5183
Hechi,108.06,24.7,2006,3,2006-03,27.9,48.82,-1.2376,-0.9819,-1.2121,-0.7512,-1.0869,-0.7205,-1.0161,-0.8079
Hechi,108.06,24.7,2006,4,2006-04,115.8,100.72,0.1605,-0.231,-0.7358,-0.829,-0.3364,-0.2578,-0.7356,-0.8867
Hechi,108.06,24.7,2006,5,2006-05,208.63,122.86,-0.3001,-0.7984,-0.5099,-0.8265,-0.298,-0.8574,-0.5065,-0.7864
Hechi,108.06,24.7,2006,6,2006-06,286.5,142.47,-0.5426,-0.4987,-0.7139,-1.6016,-0.3893,-0.417,-0.6256,-1.3923
Hechi,108.06,24.7,2006,7,2006-07,268.77,157.85,0.7255,-0.0514,-0.1427,-0.8805,0.6112,-0.0796,-0.1089,-0.9672
Hechi,108.06,24.7,2006,8,2006-08,189.41,142.98,0.2793,0.183,-0.2048,-0.7766,0.1972,0.2108,-0.2004,-0.8392
Hechi,108.06,24.7,2006,9,2006-09,71.1,102.93,-1.1366,0.0009,-0.3624,-0.7603,-0.6731,0.1047,-0.2509,-0.7061
Hechi,108.06,24.7,2006,10,2006-10,77.5,90.53,0.1733,-0.3916,-0.369,-0.5716,-0.1964,-0.4668,-0.1949,-0.5392
Hechi,108.06,24.7,2006,11,2006-11,59.7,43.39,0.2474,-0.5775,-0.2864,-0.4601,0.316,-0.465,-0.082,-0.4436
Hechi,108.06,24.7,2006,12,2006-12,7.75,16.93,-1.2148,-0.1834,-0.1224,-0.5703,-1.1857,-0.3636,-0.0568,-0.5356
Hechi,108.06,24.7,2007,1,2007-01,38.13,9.3,-0.0736,-0.5074,-0.5496,-0.4937,-0.1776,-0.4602,-0.5972,-0.3639
Hechi,108.06,24.7,2007,2,2007-02,51.52,39.71,0.5868,-0.4365,-0.7508,-0.5725,-0.0589,-0.7331,-0.767,-0.5595
Hechi,108.06,24.7,2007,3,2007-03,52.08,55.58,-0.3672,-0.2876,-0.4413,-0.4652,-0.5147,-0.4753,-0.7478,-0.5748
Hechi,108.06,24.7,2007,4,2007-04,119.7,69.61,0.2647,0.0106,-0.455,-0.4485,0.6445,0.0624,-0.2103,-0.3189
Hechi,108.06,24.7,2007,5,2007-05,206.77,121.11,-0.3332,-0.4456,-0.5267,-0.4762,-0.2999,-0.1219,-0.4498,-0.3602
Hechi,108.06,24.7,2007,6,2007-06,283.8,146.28,-0.5789,-0.5043,-0.5077,-0.4245,-0.4785,-0.176,-0.3461,-0.5028
Hechi,108.06,24.7,2007,7,2007-07,226.92,155.84,0.2887,-0.3817,-0.3285,-0.5556,0.0959,-0.3827,-0.2588,-0.7386
Hechi,108.06,24.7,2007,8,2007-08,312.48,149.16,1.4845,0.7191,0.3367,-0.1521,1.7683,0.6738,0.4144,-0.3363
Hechi,108.06,24.7,2007,9,2007-09,154.8,99.37,0.2199,1.0098,0.4405,0.1477,0.5271,1.0424,0.6315,0.1235
Hechi,108.06,24.7,2007,10,2007-10,8.68,71.59,-2.4756,0.5548,0.08,-0.1226,-1.6981,0.5968,0.2944,-0.015
Hechi,108.06,24.7,2007,11,2007-11,18.3,31.46,-0.9875,-0.8524,-0.0073,-0.2655,-0.4779,-0.3887,0.2877,-0.1299
Hechi,108.06,24.7,2007,12,2007-12,37.82,21.17,0.5253,-1.6378,0.3238,-0.1161,0.4738,-1.3116,0.4474,0.035
Hechi,108.06,24.7,2008,1,2008-01,47.12,5.25,0.2062,-0.5524,0.2585,-0.0495,0.2498,-0.2722,0.301,0.192
Hechi,108.06,24.7,2008,2,2008-02,53.94,7.26,0.6589,0.4817,-0.624,-0.0461,1.0002,0.7271,-0.1347,0.311
Hechi,108.06,24.7,2008,3,2008-03,88.66,53.18,0.5205,0.5819,-0.8101,0.1146,0.4671,0.882,-0.4189,0.3354
Hechi,108.06,24.7,2008,4,2008-04,88.2,86.96,-0.6538,0.1327,-0.3891,-0.0282,-0.7192,0.4288,0.2142,0.2494
Hechi,108.06,24.7,2008,5,2008-05,249.86,114.9,0.388,0.1621,0.2822,0.1332,0.5028,0.3388,0.5069,0.3975
Hechi,108.06,24.7,2008,6,2008-06,327.9,135.38,-0.013,-0.0529,0.139,0.2777,0.1944,0.2331,0.4638,0.3849
Hechi,108.06,24.7,2008,7,2008-07,326.43,150.86,1.2597,0.8721,0.7394,0.5767,1.5842,0.9868,0.9149,0.6845
Hechi,108.06,24.7,2008,8,2008-08,270.94,139.48,1.1192,1.3678,1.0612,0.4482,1.3336,1.4685,1.1922,0.6086
Hechi,108.06,24.7,2008,9,2008-09,116.1,118.21,-0.3207,1.1169,0.7846,0.3079,-0.1262,1.1224,0.9179,0.5071
Hechi,108.06,24.7,2008,10,2008-10,106.02,80.4,0.7143,0.6587,1.0032,0.6528,0.5682,0.5909,1.0591,0.8215
Hechi,108.06,24.7,2008,11,2008-11,138.9,30.75,1.4701,0.664,1.3566,1.0503,1.4717,0.6816,1.2808,1.1933
Hechi,108.06,24.7,2008,12,2008-12,10.54,16.55,-0.9363,1.0896,1.3023,1.0058,-0.6494,1.0444,1.2302,1.1521
Hechi,108.06,24.7,2009,1,2009-01,11.16,9.2,-1.3905,0.3983,0.6493,1.0158,-1.0948,0.6366,0.6262,1.1212
Hechi,108.06,24.7,2009,2,2009-02,10.64,44.87,-1.3486,-2.7279,-0.0591,0.865,-2.121,-2.0601,-0.0752,0.9087
Hechi,108.06,24.7,2009,3,2009-03,75.95,42.59,0.2461,-1.2828,0.241,0.8291,0.4207,-1.3681,0.1739,0.8731
Hechi,108.06,24.7,2009,4,2009-04,74.7,82.63,-1.1168,-1.1237,-0.5453,0.7551,-0.9714,-1.2865,-0.1969,0.8518
Hechi,108.06,24.7,2009,5,2009-05,156.55,114.66,-1.3157,-1.45,-1.9851,0.361,-1.0556,-1.0661,-1.8263,0.5127
Hechi,108.06,24.7,2009,6,2009-06,293.1,144.73,-0.4549,-1.2585,-1.4091,0.1927,-0.3314,-1.0733,-1.3927,0.1376
Hechi,108.06,24.7,2009,7,2009-07,270.01,154.72,0.7377,-0.366,-0.687,-0.0197,0.6711,-0.309,-0.5828,-0.2716
Hechi,108.06,24.7,2009,8,2009-08,36.27,150.24,-2.5813,-0.9185,-1.2857,-0.9723,-1.8598,-0.8528,-1.0926,-0.9417
Hechi,108.06,24.7,2009,9,2009-09,79.5,125.17,-0.9613,-1.0666,-1.6301,-1.1867,-1.0927,-1.0333,-1.6331,-1.1308
Hechi,108.06,24.7,2009,10,2009-10,33.79,83.28,-1.022,-2.2758,-1.6368,-1.5135,-1.1894,-1.932,-1.9293,-1.4694
Hechi,108.06,24.7,2009,11,2009-11,13.5,29.86,-1.2447,-1.5274,-1.6411,-2.0348,-0.6268,-1.6784,-2.159,-1.9508
Hechi,108.06,24.7,2009,12,2009-12,10.85,16.45,-0.9089,-1.809,-1.5666,-2.0166,-0.6061,-1.6156,-1.4641,-2.0478
Hechi,108.06,24.7,2010,1,2010-01,81.22,16.23,1.0248,-0.5076,-2.0235,-1.818,0.9827,-0.3173,-1.6745,-2.2666
Hechi,108.06,24.7,2010,2,2010-02,5.32,27.12,-1.9685,-0.4368,-1.5297,-1.8927,-1.4333,-0.6142,-1.5987,-2.1932
Hechi,108.06,24.7,2010,3,2010-03,6.82,50.44,-2.7479,-1.3981,-2.2682,-2.285,-2.1083,-1.4159,-1.8856,-1.9461
Hechi,108.06,24.7,2010,4,2010-04,126.9,72.29,0.4512,-1.6037,-1.6466,-1.9777,0.7724,-1.3419,-3.09,-2.016
Hechi,108.06,24.7,2010,5,2010-05,203.05,126.96,-0.4,-1.0163,-0.9392,-1.7543,-0.4614,-0.7456,-0.8168,-1.7807
Hechi,108.06,24.7,2010,6,2010-06,344.7,125.87,0.1891,0.0152,-0.4041,-1.3034,0.4668,0.3709,-0.1013,-1.1199
Hechi,108.06,24.7,2010,7,2010-07,176.08,157.22,-0.3212,-0.3358,-0.7986,-1.6116,-0.5116,-0.2554,-0.5457,-1.3061
Hechi,108.06,24.7,2010,8,2010-08,108.19,142.04,-0.8495,-0.6807,-0.9347,-1.4436,-0.8458,-0.4616,-0.6803,-1.2003
Hechi,108.06,24.7,2010,9,2010-09,171.0,115.52,0.4192,-0.5211,-0.4152,-1.1074,0.5277,-0.4386,-0.1529,-0.9295
Hechi,108.06,24.7,2010,10,2010-10,44.64,63.47,-0.6542,-0.5028,-0.6471,-1.0636,-0.3309,-0.4583,-0.3258,-0.7785
Hechi,108.06,24.7,2010,11,2010-11,23.7,34.79,-0.7523,-0.2847,-0.7635,-0.9784,-0.3946,0.0013,-0.3183,-0.7371
Hechi,108.06,24.7,2010,12,2010-12,78.43,18.3,1.6861,-0.1579,-0.533,-0.6714,1.3856,0.098,-0.3037,-0.4185
Hechi,108.06,24.7,2011,1,2011-01,22.63,1.92,-0.6893,-0.1617,-0.5171,-0.9668,-0.4494,0.1493,-0.4076,-0.5596
Hechi,108.06,24.7,2011,2,2011-02,17.92,22.11,-0.8057,0.0681,-0.3217,-0.9351,-0.6507,0.1546,-0.0169,-0.5157
Hechi,108.06,24.7,2011,3,2011-03,83.08,27.33,0.4035,-0.6673,-0.6243,-0.5861,0.8833,0.155,-0.0633,-0.2077
Hechi,108.06,24.7,2011,4,2011-04,71.7,79.5,-1.2274,-0.8951,-0.8719,-0.8371,-0.9676,-0.1761,0.042,-0.3473
Hechi,108.06,24.7,2011,5,2011-05,164.3,108.3,-1.1512,-1.2724,-0.8996,-1.0372,-0.8072,-0.4976,-0.2976,-0.4768
Hechi,108.06,24.7,2011,6,2011-06,310.8,148.21,-0.226,-1.0538,-1.06,-1.0451,-0.1507,-0.7475,-0.5346,-0.7485
Hechi,108.06,24.7,2011,7,2011-07,52.08,157.98,-2.675,-1.9117,-1.884,-1.4827,-1.7477,-1.5584,-1.5073,-1.1145
Hechi,108.06,24.7,2011,8,2011-08,71.3,144.28,-1.5724,-2.4195,-2.2747,-1.7977,-1.3442,-2.1495,-1.8654,-1.2724
Hechi,108.06,24.7,2011,9,2011-09,179.1,112.32,0.5142,-1.8181,-2.0013,-1.8463,0.6283,-1.5561,-1.926,-1.391
Hechi,108.06,24.7,2011,10,2011-10,172.98,67.43,1.6889,0.2189,-1.17,-1.2573,1.7475,0.2083,-0.9437,-0.8757
Hechi,108.06,24.7,2011,11,2011-11,41.1,50.89,-0.1908,0.8781,-1.0056,-1.1345,-0.346,0.8461,-0.8747,-0.8443
Hechi,108.06,24.7,2011,12,2011-12,9.92,11.06,-0.993,0.772,-1.0002,-1.4091,-0.2555,0.757,-0.7995,-1.0625
Hechi,108.06,24.7,2012,1,2012-01,90.52,5.9,1.2075,0.1123,0.1798,-1.1853,1.5817,0.2103,0.1443,-0.7943
Hechi,108.06,24.7,2012,2,2012-02,23.78,14.35,-0.4762,0.1813,0.7611,-1.1896,-0.1415,0.4794,0.8385,-0.7712
Hechi,108.06,24.7,2012,3,2012-03,52.39,47.27,-0.3581,0.1856,0.5881,-1.3509,-0.2696,0.5546,0.7272,-1.0183
Hechi,108.06,24.7,2012,4,2012-04,86.4,95.36,-0.7125,-1.0976,-0.7812,-1.266,-0.9994,-0.9265,-0.4523,-1.0095
Hechi,108.06,24.7,2012,5,2012-05,247.69,133.23,0.3537,-0.3421,-0.202,-0.8889,0.1748,-0.405,-0.0969,-0.7548
Hechi,108.06,24.7,2012,6,2012-06,352.8,141.32,0.2843,0.1101,0.1264,-0.6059,0.3932,0.1521,0.2767,-0.6049
Hechi,108.06,24.7,2012,7,2012-07,205.84,153.33,0.0482,0.239,-0.1653,-0.0224,-0.128,0.1673,-0.0856,-0.2676
Hechi,108.06,24.7,2012,8,2012-08,84.32,146.52,-1.2922,-0.5709,-0.5727,-0.0052,-1.2076,-0.4761,-0.5638,-0.128
Hechi,108.06,24.7,2012,9,2012-09,105.3,99.27,-0.4931,-0.9868,-0.6636,-0.3097,-0.0126,-0.7407,-0.5493,-0.2037
Hechi,108.06,24.7,2012,10,2012-10,56.11,78.53,-0.3285,-1.1839,-0.6242,-0.7916,-0.4175,-1.0224,-0.4146,-0.6538
Hechi,108.06,24.7,2012,11,2012-11,71.7,38.83,0.4827,-0.3413,-0.7185,-0.6339,0.5986,-0.069,-0.3837,-0.476
Hechi,108.06,24.7,2012,12,2012-12,41.54,15.45,0.6581,0.1422,-0.7579,-0.4768,0.7258,0.1706,-0.5073,-0.3052
Hechi,108.06,24.7,2013,1,2013-01,25.73,11.32,-0.5466,0.0718,-0.9535,-0.7739,-0.6635,0.2055,-0.8269,-0.5435
Hechi,108.06,24.7,2013,2,2013-02,23.8,30.8,-0.4752,-0.5988,-0.5947,-0.7971,-0.765,-0.6936,-0.3824,-0.6699
Hechi,108.06,24.7,2013,3,2013-03,79.05,66.36,0.3157,-0.5599,-0.319,-0.6784,-0.0695,-0.8519,-0.4959,-0.7033
Hechi,108.06,24.7,2013,4,2013-04,91.5,80.76,-0.548,-0.4882,-0.3983,-0.6525,-0.4568,-0.6893,-0.2785,-0.5275
Hechi,108.06,24.7,2013,5,2013-05,275.28,123.19,0.7752,0.3904,0.0332,-0.5474,0.7712,0.3807,-0.0497,-0.4005
Hechi,108.06,24.7,2013,6,2013-06,194.4,142.23,-1.9431,-0.9257,-0.9252,-1.1206,-2.2077,-0.7038,-0.9063,-1.015
Hechi,108.06,24.7,2013,7,2013-07,134.85,154.72,-0.9112,-1.2507,-1.2065,-1.337,-0.9231,-1.0958,-1.1945,-1.1857
Hechi,108.06,24.7,2013,8,2013-08,238.08,147.72,0.8038,-1.1852,-0.6637,-0.8183,0.7801,-1.0535,-0.6407,-0.8324
Hechi,108.06,24.7,2013,9,2013-09,150.3,105.12,0.1621,-0.0399,-0.6527,-0.678,0.4301,0.0441,-0.4564,-0.661
Hechi,108.06,24.7,2013,10,2013-10,56.73,65.88,-0.3123,0.3609,-0.6368,-0.6801,-0.1101,0.3944,-0.3562,-0.5672
Hechi,108.06,24.7,2013,11,2013-11,100.8,38.62,0.9619,0.2806,-0.7238,-0.5334,0.9931,0.4894,-0.3682,-0.4454
Hechi,108.06,24.7,2013,12,2013-12,73.16,10.41,1.5614,0.8419,0.298,-0.3768,1.4271,0.9436,0.4519,-0.2386
Hechi,108.06,24.7,2014,1,2014-01,11.47,16.95,-1.3657,0.7391,0.5313,-0.4368,-1.3583,0.8275,0.5515,-0.2346
Hechi,108.06,24.7,2014,2,2014-02,42.0,15.02,0.2793,0.2322,0.2295,-0.3716,0.4331,0.3059,0.4621,-0.1178
Hechi,108.06,24.7,2014,3,2014-03,94.24,45.5,0.6328,-0.1695,0.4768,-0.3041,0.7448,0.1224,0.6632,-0.1102
Hechi,108.06,24.7,2014,4,2014-04,118.2,91.71,0.2249,0.5011,0.8331,-0.1911,-0.0188,0.6783,0.9914,0.073
Hechi,108.06,24.7,2014,5,2014-05,191.89,125.62,-0.6056,-0.1143,-0.0194,-0.5781,-0.6293,-0.0081,0.092,-0.3168
Hechi,108.06,24.7,2014,6,2014-06,262.8,149.29,-0.8694,-0.823,-0.7153,-0.2389,-0.8395,-0.7958,-0.5821,-0.2421
Hechi,108.06,24.7,2014,7,2014-07,268.77,157.85,0.7255,-0.3384,-0.1138,0.2308,0.6112,-0.4059,-0.0377,0.0118
Hechi,108.06,24.7,2014,8,2014-08,183.21,143.57,0.2064,-0.0311,-0.0877,0.0197,0.1079,-0.0417,-0.0758,-0.0561
Hechi,108.06,24.7,2014,9,2014-09,235.2,120.39,1.1055,0.9703,0.2304,0.3246,1.0014,0.9106,0.2333,0.3581
Hechi,108.06,24.7,2014,10,2014-10,52.7,82.37,-0.4201,0.5248,0.0853,0.3016,-0.6017,0.3833,0.1463,0.3172
Hechi,108.06,24.7,2014,11,2014-11,110.4,39.42,1.1,0.9111,0.5435,0.3372,1.0949,0.8128,0.5697,0.3334
Hechi,108.06,24.7,2014,12,2014-12,22.01,11.56,-0.1648,0.3361,0.8712,0.1907,0.2741,0.337,0.8011,0.2212
Hechi,108.06,24.7,2015,1,2015-01,57.04,17.83,0.4762,0.7914,0.684,0.4345,0.1636,0.8418,0.5491,0.4896
Hechi,108.06,24.7,2015,2,2015-02,53.2,27.82,0.6371,0.3486,0.8401,0.484,0.3836,0.1223,0.7182,0.4846
Hechi,108.06,24.7,2015,3,2015-03,34.72,52.34,-0.9506,-0.2234,0.0143,0.2465,-0.9687,-0.2828,-0.0978,0.1055
Hechi,108.06,24.7,2015,4,2015-04,44.7,87.77,-2.4092,-1.7521,-0.543,-0.0745,-1.926,-2.1899,-0.3493,-0.052
Hechi,108.06,24.7,2015,5,2015-05,256.99,136.53,0.4991,-1.0214,-0.5969,0.1796,0.2717,-1.1989,-0.7194,0.1236
Hechi,108.06,24.7,2015,6,2015-06,341.7,151.24,0.1535,-0.2327,-0.2745,0.4406,0.1719,-0.2201,-0.3171,0.1952
Hechi,108.06,24.7,2015,7,2015-07,252.34,146.23,0.5598,0.5341,-0.081,0.3495,0.5462,0.4203,-0.0983,-0.0307
Hechi,108.06,24.7,2015,8,2015-08,161.82,140.06,-0.0589,0.2615,-0.2301,0.2715,-0.1263,0.3237,-0.217,0.0211
Hechi,108.06,24.7,2015,9,2015-09,228.3,112.13,1.0381,0.7121,0.353,0.2407,1.0111,0.7938,0.4126,0.184
Hechi,108.06,24.7,2015,10,2015-10,137.33,77.08,1.2079,0.8608,0.922,0.5428,1.1264,0.8874,0.9157,0.5354
Hechi,108.06,24.7,2015,11,2015-11,211.5,45.91,2.2378,1.9254,1.5634,0.883,1.9457,1.6388,1.3663,0.8329
Hechi,108.06,24.7,2015,12,2015-12,109.74,14.87,2.3381,2.7034,1.8486,1.2213,1.8766,2.3545,1.6748,1.1348
Hechi,108.06,24.7,2016,1,2016-01,60.14,11.32,0.5541,2.7401,1.8011,1.3991,0.4736,2.5413,2.0701,1.2408
Hechi,108.06,24.7,2016,2,2016-02,13.34,14.76,-1.1224,1.2798,2.0532,1.2761,-0.5417,1.4857,1.8007,1.2027
Hechi,108.06,24.7,2016,3,2016-03,37.51,44.24,-0.8447,-0.9555,1.9984,1.306,-0.6124,-0.4044,1.9952,1.3123
Hechi,108.06,24.7,2016,4,2016-04,159.3,93.43,1.2138,-0.2102,2.2843,1.6977,1.0929,0.0517,1.8109,1.5348
Hechi,108.06,24.7,2016,5,2016-05,248.31,123.89,0.3635,0.3821,0.7988,1.6445,0.3352,0.4667,0.8819,1.5484
Hechi,108.06,24.7,2016,6,2016-06,328.2,146.79,-0.0093,0.4788,0.0857,1.3963,0.0712,0.5102,0.2568,1.6081
Hechi,108.06,24.7,2016,7,2016-07,110.98,157.59,-1.3123,-0.6029,-0.5854,0.8672,-1.1914,-0.6106,-0.4633,0.9124
Hechi,108.06,24.7,2016,8,2016-08,292.33,149.75,1.3115,0.0894,0.2098,1.332,1.4847,0.0491,0.2027,1.5856
Hechi,108.06,24.7,2016,9,2016-09,118.5,112.99,-0.2839,-0.0495,0.2187,0.9982,-0.0196,-0.0442,0.2404,1.0009
Hechi,108.06,24.7,2016,10,2016-10,94.86,85.21,0.5156,0.734,0.0787,0.8409,0.2752,0.6099,0.1529,0.8124
Hechi,108.06,24.7,2016,11,2016-11,52.5,39.58,0.0906,-0.0543,-0.0475,0.2715,0.2496,0.0204,0.0795,0.2829
Hechi,108.06,24.7,2016,12,2016-12,13.95,24.72,-0.6617,0.0386,-0.0739,-0.0442,-3.09,-0.126,-0.0878,-0.0197
Hechi,108.06,24.7,2017,1,2017-01,63.86,23.27,0.6442,-0.0685,0.5594,0.0075,0.2084,-0.3227,0.2971,0.0541
Hechi,108.06,24.7,2017,2,2017-02,19.32,23.89,-0.7207,-0.4433,-0.2857,0.0273,-0.6662,-0.8533,-0.3573,0.0221
Hechi,108.06,24.7,2017,3,2017-03,129.27,48.06,1.2546,0.9431,0.4342,0.4186,1.3483,0.7959,0.1755,0.2334
Hechi,108.06,24.7,2017,4,2017-04,74.4,86.36,-1.1277,0.0055,-0.1492,0.0522,-1.0817,0.1587,-0.0333,0.0416
Hechi,108.06,24.7,2017,5,2017-05,238.7,119.59,0.2097,0.3496,0.0562,-0.0084,0.25,0.517,-0.0105,-0.0173
Hechi,108.06,24.7,2017,6,2017-06,409.2,139.06,0.9095,0.3787,0.5978,0.2891,0.9377,0.5441,0.6641,0.1077
Hechi,108.06,24.7,2017,7,2017-07,296.98,155.47,0.9953,1.122,0.9079,0.8591,1.0466,1.17,0.9555,0.7326
Hechi,108.06,24.7,2017,8,2017-08,235.29,147.96,0.7757,1.4664,1.2078,0.705,0.7396,1.4651,1.2641,0.543
Hechi,108.06,24.7,2017,9,2017-09,138.0,129.83,-0.0021,0.874,0.8436,0.7863,0.0155,0.7548,0.841,0.6716
Hechi,108.06,24.7,2017,10,2017-10,96.72,74.07,0.5498,0.518,1.0788,0.7831,0.5156,0.3377,1.0291,0.7218
Hechi,108.06,24.7,2017,11,2017-11,48.9,38.14,0.0067,0.0914,1.078,0.7576,0.2052,0.1193,0.9975,0.6986
Hechi,108.06,24.7,2017,12,2017-12,28.83,15.45,0.164,0.2062,0.7425,0.8527,0.3728,0.2837,0.6688,0.8275
Hechi,108.06,24.7,2018,1,2018-01,67.58,12.44,0.7309,0.1708,0.452,0.9953,0.6744,0.2945,0.28,0.9714
Hechi,108.06,24.7,2018,2,2018-02,9.8,19.22,-1.4276,-0.2222,-0.0848,0.9752,-0.8658,-0.1929,-0.027,0.9813
Hechi,108.06,24.7,2018,3,2018-03,104.16,60.05,0.8222,0.445,0.2675,0.8921,0.6501,0.422,0.2423,0.8271
Hechi,108.06,24.7,2018,4,2018-04,90.3,84.18,-0.5862,-0.3121,-0.195,0.9318,-0.5847,-0.2271,0.1187,0.902
Hechi,108.06,24.7,2018,5,2018-05,252.65,134.1,0.4317,0.4055,0.1768,0.9644,0.2409,0.3069,0.1097,0.8811
Hechi,108.06,24.7,2018,6,2018-06,219.6,143.42,-1.5211,-0.9136,-0.5594,0.1846,-1.5523,-0.8551,-0.4807,-0.0112
Hechi,108.06,24.7,2018,7,2018-07,281.17,159.75,0.8463,-0.1248,-0.2301,0.1115,0.7563,-0.24,-0.2348,-0.2762
Hechi,108.06,24.7,2018,8,2018-08,159.96,152.42,-0.083,-0.4337,-0.1472,-0.189,-0.3115,-0.4523,-0.2387,-0.4431
Hechi,108.06,24.7,2018,9,2018-09,222.3,114.31,0.9784,0.8346,0.0658,0.113,0.9528,0.7544,0.0771,0.0492
Hechi,108.06,24.7,2018,10,2018-10,106.95,64.12,0.7303,0.6355,0.3118,0.1441,0.8568,0.6141,0.3945,0.1667
Hechi,108.06,24.7,2018,11,2018-11,36.9,39.2,-0.308,0.699,0.1074,0.1063,-0.1089,0.7728,0.298,0.1087
Hechi,108.06,24.7,2018,12,2018-12,39.99,16.38,0.6037,0.3209,0.7545,0.1851,0.664,0.4649,0.7379,0.2147
Hechi,108.06,24.7,2019,1,2019-01,70.68,13.03,0.8009,0.2054,0.5634,0.2575,0.7534,0.2896,0.5034,0.3379
Hechi,108.06,24.7,2019,2,2019-02,75.04,20.24,1.2136,1.3207,0.9654,0.5247,1.2155,1.3571,0.9769,0.5605
Hechi,108.06,24.7,2019,3,2019-03,120.9,51.29,1.117,1.7128,1.0989,0.6033,1.1433,1.5401,1.1458,0.5604
Hechi,108.06,24.7,2019,4,2019-04,138.9,99.01,0.7471,1.6069,1.2693,0.7783,0.3567,1.3897,1.1336,0.7358
Hechi,108.06,24.7,2019,5,2019-05,161.51,116.58,-1.2098,0.0962,0.6272,0.3938,-1.0016,0.1449,0.6132,0.4553
Hechi,108.06,24.7,2019,6,2019-06,336.3,146.64,0.0889,-0.2867,0.4187,0.7509,0.1632,-0.1663,0.4826,0.6717
Hechi,108.06,24.7,2019,7,2019-07,331.39,154.22,1.3027,0.3913,0.8884,0.8497,1.6111,0.3857,0.8677,0.8397
Hechi,108.06,24.7,2019,8,2019-08,158.41,160.05,-0.1033,0.7382,0.5629,0.8822,-0.4307,0.6304,0.489,0.8289
Hechi,108.06,24.7,2019,9,2019-09,88.2,116.02,-0.7929,0.3183,0.0107,0.4229,-0.5805,0.2393,0.0033,0.3975
Hechi,108.06,24.7,2019,10,2019-10,101.37,76.6,0.6333,-0.3153,0.0019,0.3941,0.5532,-0.5101,0.1093,0.3632
Hechi,108.06,24.7,2019,11,2019-11,45.6,38.83,-0.074,-0.3224,0.2842,0.4234,0.1185,-0.1726,0.3631,0.3797
Hechi,108.06,24.7,2019,12,2019-12,11.78,20.4,-0.8299,0.0049,0.21,0.3628,-1.043,0.0117,0.1838,0.3363
Hechi,108.06,24.7,2020,1,2020-01,55.8,21.74,0.4442,-0.3657,-0.4363,0.3815,-0.0048,-0.5406,-0.6512,0.3707
Hechi,108.06,24.7,2020,2,2020-02,73.08,30.37,1.1666,0.5168,-0.1884,0.3762,0.8914,-0.0143,-0.2228,0.3213
Hechi,108.06,24.7,2020,3,2020-03,177.32,58.05,1.9521,2.2135,1.216,0.6163,1.958,1.682,0.9311,0.3892
Hechi,108.06,24.7,2020,4,2020-04,119.7,62.72,0.2647,2.0374,1.278,0.5217,0.8396,1.9193,1.1835,0.5343
Hechi,108.06,24.7,2020,5,2020-05,321.16,140.68,1.4185,2.2066,1.7734,1.1234,1.2049,1.9715,1.5848,0.9635
Hechi,108.06,24.7,2020,6,2020-06,444.6,153.84,1.2734,1.5148,1.932,1.3347,1.1095,1.3385,1.591,1.2392
Hechi,108.06,24.7,2020,7,2020-07,252.96,160.88,0.5661,1.5581,1.9666,1.0008,0.3611,1.3857,1.7426,0.817
Hechi,108.06,24.7,2020,8,2020-08,185.69,146.28,0.2357,1.1067,1.731,1.1396,0.1049,0.9934,1.6637,1.0575
Hechi,108.06,24.7,2020,9,2020-09,469.8,109.25,2.9002,2.1085,2.4942,2.3834,2.2872,2.0487,2.2631,2.4075
Hechi,108.06,24.7,2020,10,2020-10,156.55,59.24,1.4758,2.2748,2.7069,2.532,1.6416,2.9238,2.1891,2.3569
Hechi,108.06,24.7,2020,11,2020-11,18.0,38.56,-1.002,2.2543,2.3777,2.3868,-0.8834,1.9859,1.8964,2.3032
Hechi,108.06,24.7,2020,12,2020-12,7.75,10.41,-1.2148,0.3024,1.8076,2.4353,-0.3571,0.5636,1.6792,2.246
Hechi,108.06,24.7,2021,1,2021-01,7.13,12.32,-1.7744,-2.4989,1.5346,2.5697,-1.3479,-3.09,1.8402,2.111
Hechi,108.06,24.7,2021,2,2021-02,69.72,35.38,1.0843,-0.7729,1.9028,2.6107,0.6532,-0.8294,1.7242,2.1782
Hechi,108.06,24.7,2021,3,2021-03,44.64,59.63,-0.5974,-0.7146,-0.2565,2.1898,-0.878,-0.9997,-0.1949,2.2369
Hechi,108.06,24.7,2021,4,2021-04,169.5,81.27,1.4327,0.9291,-0.6127,2.3181,1.735,0.746,-0.4542,1.9541
Hechi,108.06,24.7,2021,5,2021-05,275.59,133.53,0.7798,0.8915,0.3563,2.1395,0.6148,0.7877,0.225,1.8697
Hechi,108.06,24.7,2021,6,2021-06,282.9,149.78,-0.591,0.421,0.1018,1.3722,-0.5407,0.4589,0.0656,1.4552
Hechi,108.06,24.7,2021,7,2021-07,159.96,162.94,-0.5393,-0.3747,0.0245,0.9924,-0.7472,-0.5262,-0.1088,1.0883
Hechi,108.06,24.7,2021,8,2021-08,196.54,157.82,0.3613,-0.5987,-0.0352,1.077,0.0959,-0.7127,-0.1856,1.0429
Hechi,108.06,24.7,2021,9,2021-09,93.3,133.06,-0.6995,-0.5619,-0.1722,-0.2758,-0.8882,-0.7432,-0.3069,-0.4295
Hechi,108.06,24.7,2021,10,2021-10,100.13,65.88,0.6113,-0.0092,-0.3363,-0.5075,0.7161,-0.2479,-0.3848,-0.6317
Hechi,108.06,24.7,2021,11,2021-11,89.1,35.8,0.7817,0.0827,-0.4579,-0.207,0.8836,0.1633,-0.3934,-0.3382
Hechi,108.06,24.7,2021,12,2021-12,19.22,18.19,-0.3196,0.6042,-0.2106,-0.1286,-0.1298,0.7015,-0.232,-0.2553
Hechi,108.06,24.7,2022,1,2022-01,76.26,15.86,0.9219,0.7279,0.2331,0.1859,0.8397,0.7702,0.0054,0.0937
Hechi,108.06,24.7,2022,2,2022-02,99.12,8.15,1.7361,1.4639,0.5106,0.3064,2.0778,1.6958,0.5579,0.2948
Hechi,108.06,24.7,2022,3,2022-03,78.43,66.28,0.3019,1.5406,1.1944,0.4544,-0.0834,1.343,1.1916,0.2705
Hechi,108.06,24.7,2022,4,2022-04,150.6,78.24,1.0198,1.522,1.5651,0.3623,1.2783,1.504,1.4139,0.3112
Hechi,108.06,24.7,2022,5,2022-05,356.19,101.14,1.8705,1.8876,1.9196,0.6657,2.2855,1.8438,2.0258,0.6809
Hechi,108.06,24.7,2022,6,2022-06,381.0,141.29,0.6045,1.53,1.688,0.9164,0.6668,1.5145,1.6136,0.9031
Hechi,108.06,24.7,2022,7,2022-07,209.25,159.75,0.0882,1.1315,1.4342,0.9982,-0.1634,1.2593,1.4902,1.2475
Hechi,108.06,24.7,2022,8,2022-08,107.57,153.76,-0.86,-0.1551,0.7356,0.7504,-1.0037,-0.1867,0.7871,0.7294
Hechi,108.06,24.7,2022,9,2022-09,66.6,119.88,-1.2367,-1.0862,0.2836,0.6698,-1.4776,-1.0749,0.4356,0.7656
Hechi,108.06,24.7,2022,10,2022-10,28.21,73.37,-1.2453,-1.6296,-0.1359,0.4013,-1.0478,-1.4819,0.076,0.499
Hechi,108.06,24.7,2022,11,2022-11,48.0,57.83,-0.015,-1.3124,-0.9263,0.2526,-0.3476,-1.6009,-0.968,0.2669
Hechi,108.06,24.7,2022,12,2022-12,16.12,12.33,-0.5114,-1.0412,-1.3403,0.2803,0.0073,-1.1317,-1.3552,0.3441
Hechi,108.06,24.7,2023,1,2023-01,7.44,16.23,-1.7396,-1.2464,-1.8474,0.0693,-1.4769,-2.1744,-1.64,0.2157
Hechi,108.06,24.7,2023,2,2023-02,36.12,27.91,0.0654,-1.5455,-1.7698,-0.2053,-0.1847,-1.2768,-2.083,-0.1311
Hechi,108.06,24.7,2023,3,2023-03,72.85,61.35,0.1746,-0.8293,-1.3946,-0.2282,-0.1,-1.0849,-1.5145,-0.2708
Hechi,108.06,24.7,2023,4,2023-04,126.3,101.86,0.4359,0.2042,-0.7445,-0.3387,-0.0761,-0.1696,-3.09,-0.3523
Hechi,108.06,24.7,2023,5,2023-05,110.67,139.45,-2.4275,-1.4104,-1.6344,-1.5032,-2.3788,-2.3996,-2.0467,-1.8959
Hechi,108.06,24.7,2023,6,2023-06,267.3,160.92,-0.8058,-1.4468,-1.4197,-1.8218,-0.9584,-2.6801,-2.3585,-1.7565
Hechi,108.06,24.7,2023,7,2023-07,127.1,176.85,-1.0355,-2.1128,-1.5997,-2.0696,-1.2221,-2.1032,-2.1738,-1.7223
Hechi,108.06,24.7,2023,8,2023-08,203.05,155.96,0.4345,-0.9343,-1.2815,-1.8061,0.2059,-1.1964,-1.7214,-1.7338
Hechi,108.06,24.7,2023,9,2023-09,163.5,125.8,0.3286,-0.2438,-1.1232,-1.4405,0.3553,-0.4751,-1.6396,-1.8115
Hechi,108.06,24.7,2023,10,2023-10,47.74,89.22,-0.561,0.158,-1.3457,-1.3546,-0.9341,-0.1783,-2.2387,-1.9128
Hechi,108.06,24.7,2023,11,2023-11,41.1,50.58,-0.1908,-0.1697,-0.872,-1.3333,-0.335,-0.3203,-1.3911,-1.7981
Hechi,108.06,24.7,2023,12,2023-12,19.53,24.6,-0.3017,-0.7502,-0.5331,-1.2948,-0.5535,-1.2351,-0.8209,-1.9138
Hechi,108.06,24.7,2024,1,2024-01,113.46,21.42,1.6125,0.5874,0.3084,-0.8873,1.803,0.2679,-0.1441,-1.6807
Hechi,108.06,24.7,2024,2,2024-02,42.63,23.81,0.301,1.1527,0.1851,-0.8827,0.1753,0.739,-0.0809,-1.6623
Hechi,108.06,24.7,2024,3,2024-03,45.26,61.47,-0.5773,0.7701,-0.194,-1.0204,-0.9198,0.4911,-0.6739,-1.4956
Hechi,108.06,24.7,2024,4,2024-04,176.4,116.67,1.576,0.6479,0.8174,-0.7789,0.918,0.1231,0.3279,-1.4644
Hechi,108.06,24.7,2024,5,2024-05,294.5,121.8,1.0526,1.1791,1.2876,0.0115,1.0873,0.7966,0.8533,-0.4659
Hechi,108.06,24.7,2024,6,2024-06,554.1,146.55,2.2922,2.3821,2.0973,1.0108,1.9541,1.8218,1.6277,0.5007
Hechi,108.06,24.7,2024,7,2024-07,199.95,164.47,-0.0219,1.7284,1.6158,1.1554,-0.3254,1.7339,1.3161,0.75
Hechi,108.06,24.7,2024,8,2024-08,241.8,153.87,0.8408,1.7894,1.7767,1.3415,0.7477,1.6565,1.5268,1.0014
Hechi,108.06,24.7,2024,9,2024-09,111.9,127.44,-0.3863,0.162,1.6429,1.2068,-0.3404,-0.0043,1.3505,0.8279
Hechi,108.06,24.7,2024,10,2024-10,67.58,71.52,-0.0459,0.2049,1.3104,1.2621,0.0017,-0.0048,1.1439,0.9415
Hechi,108.06,24.7,2024,11,2024-11,2.7,45.27,-2.3495,-0.848,0.8575,1.1092,-3.09,-0.8369,0.7513,0.8192
Hechi,108.06,24.7,2024,12,2024-12,16.43,15.91,-0.4911,-1.1515,-0.3111,1.1465,-0.1577,-1.0264,-0.3501,0.8839
Hechi,108.06,24.7,2025,1,2025-01,8.37,19.81,-1.6416,-2.7526,-0.5158,0.9137,-1.5723,-3.09,-0.7188,0.6682
Hechi,108.06,24.7,2025,2,2025-02,39.48,16.15,0.1902,-1.3878,-1.2995,0.9162,0.3198,-1.1005,-1.296,0.6927
Hechi,108.06,24.7,2025,3,2025-03,26.97,51.09,-1.2806,-1.9319,-2.1,0.859,-1.2067,-1.8354,-1.7223,0.583
Hechi,108.06,24.7,2025,4,2025-04,47.4,105.34,-2.2712,-2.2168,-3.09,0.3215,-2.3249,-3.09,-3.09,0.2237
Hechi,108.06,24.7,2025,5,2025-05,332.32,124.84,1.5659,-0.0847,-0.5746,0.455,1.6054,-0.2087,-0.6906,0.3191
Hechi,108.06,24.7,2025,6,2025-06,453.3,147.24,1.3599,1.1659,0.4446,0.0365,1.2317,0.9822,0.417,-0.2513
Hechi,108.06,24.7,2025,7,2025-07,146.01,169.95,-0.7405,1.0414,0.2637,-0.1601,-0.9647,0.898,0.1626,-0.5931
Hechi,108.06,24.7,2025,8,2025-08,177.63,147.48,0.1393,0.4076,0.2453,-0.4485,-0.0166,0.2835,0.0867,-0.7137
Hechi,108.06,24.7,2025,9,2025-09,168.3,125.7,0.3869,-0.2559,0.5358,-0.2564,0.4048,-0.3833,0.3798,-0.4351
Hechi,108.06,24.7,2025,10,2025-10,91.45,83.28,0.4519,0.3109,0.8808,-0.1691,0.2465,0.0813,0.7591,-0.3399
Hechi,108.06,24.7,2025,11,2025-11,58.8,34.44,0.2285,0.3612,0.4564,0.0558,0.4609,0.3463,0.4396,-0.0928
Hechi,108.06,24.7,2025,12,2025-12,29.76,27.54,0.2046,0.2746,-0.1349,0.1424,-0.0678,0.1503,-0.2371,-0.0151
Liuzhou,109.43,24.33,2005,1,2005-01,38.75,8.07,-0.4571,,,,-0.4307,,,
Liuzhou,109.43,24.33,2005,2,2005-02,59.08,17.24,0.0872,,,,0.1905,,,
Liuzhou,109.43,24.33,2005,3,2005-03,144.77,42.0,0.66,0.0049,,,0.8659,0.3751,,
Liuzhou,109.43,24.33,2005,4,2005-04,123.0,92.75,-0.5787,-0.0857,,,-0.69,0.1048,,
Liuzhou,109.43,24.33,2005,5,2005-05,263.5,152.41,0.0111,-0.134,,,-0.2919,-0.2162,,
Liuzhou,109.43,24.33,2005,6,2005-06,584.7,158.02,1.4621,0.8808,0.6938,,1.4471,0.7054,0.6653,
Liuzhou,109.43,24.33,2005,7,2005-07,135.47,173.64,-0.4831,0.8195,0.558,,-0.3896,0.591,0.4692,
Liuzhou,109.43,24.33,2005,8,2005-08,121.83,159.04,-0.4623,0.7362,0.4407,,-0.4398,0.6037,0.2768,
Liuzhou,109.43,24.33,2005,9,2005-09,39.6,128.5,-1.4967,-1.431,-0.0451,,-1.2569,-1.2388,-0.3139,
Liuzhou,109.43,24.33,2005,10,2005-10,15.19,80.18,-1.0835,-1.5139,-0.0391,,-0.7716,-1.3014,-0.0491,
Liuzhou,109.43,24.33,2005,11,2005-11,63.0,47.6,0.0491,-1.4401,-0.1026,,-0.1598,-3.09,-0.0428,
Liuzhou,109.43,24.33,2005,12,2005-12,50.22,12.85,0.4761,-0.413,-1.2817,-0.2292,0.5973,-0.0439,-1.2093,-0.2716
Liuzhou,109.43,24.33,2006,1,2006-01,59.21,14.6,0.0539,-0.1283,-1.2017,-0.1529,-0.0988,-0.1374,-1.286,-0.1105
Liuzhou,109.43,24.33,2006,2,2006-02,98.28,20.54,0.88,0.502,-0.7991,0.0076,0.8676,0.4738,-0.569,-0.0039
Liuzhou,109.43,24.33,2006,3,2006-03,80.6,48.79,-0.601,-0.0583,-0.4573,-0.2957,-0.5476,0.1213,-0.0946,-0.3907
Liuzhou,109.43,24.33,2006,4,2006-04,148.8,97.22,-0.1189,-0.0771,-0.2577,-0.2096,-0.3053,-0.0333,-0.1291,-0.203
Liuzhou,109.43,24.33,2006,5,2006-05,278.07,123.56,0.2093,-0.394,-0.0474,-0.1406,0.3083,-0.2856,0.0964,0.0523
Liuzhou,109.43,24.33,2006,6,2006-06,291.6,151.57,-0.7907,-0.5925,-0.5137,-1.258,-0.7432,-0.5492,-0.383,-1.1754
Liuzhou,109.43,24.33,2006,7,2006-07,287.68,171.52,1.1119,0.1137,0.0227,-0.5555,1.0406,0.0836,0.059,-0.4976
Liuzhou,109.43,24.33,2006,8,2006-08,179.8,157.58,0.41,0.1917,-0.0565,-0.3683,0.4457,0.0912,-0.0855,-0.3127
Liuzhou,109.43,24.33,2006,9,2006-09,78.3,109.75,-0.4486,0.7539,-0.0665,-0.2651,-0.1076,0.8455,-0.0623,-0.1908
Liuzhou,109.43,24.33,2006,10,2006-10,24.49,97.8,-0.6316,-0.2872,-0.1655,-0.2775,-1.5538,-0.1913,0.0624,-0.2739
Liuzhou,109.43,24.33,2006,11,2006-11,100.2,44.03,0.555,-0.2995,-0.0883,-0.0993,0.4509,-0.0427,0.0554,-0.1166
Liuzhou,109.43,24.33,2006,12,2006-12,9.3,16.66,-1.2107,-0.338,0.3392,-0.2402,-0.9779,-0.2366,0.4486,-0.2136
Liuzhou,109.43,24.33,2007,1,2007-01,58.28,9.78,0.0336,-0.1822,-0.4149,-0.2595,-0.0111,-0.1384,-0.1428,-0.0861
Liuzhou,109.43,24.33,2007,2,2007-02,60.48,39.55,0.1208,-0.6675,-0.747,-0.4872,-0.2922,-0.8737,-0.7122,-0.4353
Liuzhou,109.43,24.33,2007,3,2007-03,89.9,54.59,-0.3837,-0.492,-0.6772,-0.4359,-0.4623,-0.5901,-0.8997,-0.4552
Liuzhou,109.43,24.33,2007,4,2007-04,158.4,70.58,0.0384,-0.2749,-0.4455,-0.422,0.2834,-0.2144,-0.2692,-0.1889
Liuzhou,109.43,24.33,2007,5,2007-05,188.17,128.75,-1.1531,-1.222,-1.2564,-0.876,-1.1134,-0.9782,-1.1581,-0.7529
Liuzhou,109.43,24.33,2007,6,2007-06,482.1,155.23,0.7832,0.0866,-0.1134,0.0745,0.7206,0.2037,-0.0124,0.1737
Liuzhou,109.43,24.33,2007,7,2007-07,96.41,170.67,-1.0859,-0.4368,-0.4766,-0.5848,-0.933,-0.4649,-0.4285,-0.521
Liuzhou,109.43,24.33,2007,8,2007-08,189.41,164.8,0.5355,0.2516,-0.359,-0.5706,0.4783,0.0832,-0.3395,-0.5201
Liuzhou,109.43,24.33,2007,9,2007-09,138.3,111.0,0.6131,-0.2042,-0.1303,-0.3987,0.7857,-0.0901,-0.0691,-0.4065
Liuzhou,109.43,24.33,2007,10,2007-10,5.58,78.13,-1.8733,0.1891,-0.4182,-0.5451,-1.4269,0.3294,-0.1495,-0.4744
Liuzhou,109.43,24.33,2007,11,2007-11,19.5,32.95,-0.9532,-0.7774,-0.2832,-0.8272,-0.7078,-0.1494,-0.0096,-0.689
Liuzhou,109.43,24.33,2007,12,2007-12,60.76,22.1,0.7288,-1.0758,-0.6833,-0.6009,0.6225,-0.9171,-0.3528,-0.482
Liuzhou,109.43,24.33,2008,1,2008-01,77.19,5.76,0.4107,-0.3058,-0.135,-0.5705,0.4687,-0.1471,0.2416,-0.3203
Liuzhou,109.43,24.33,2008,2,2008-02,96.28,7.17,0.8452,0.8231,-0.1635,-0.4653,1.055,1.0213,0.4853,-0.0821
Liuzhou,109.43,24.33,2008,3,2008-03,119.35,55.91,0.217,0.6611,-0.349,-0.3116,0.1528,0.8881,0.186,0.0256
Liuzhou,109.43,24.33,2008,4,2008-04,110.7,87.82,-0.8213,-0.091,-0.3873,-0.5831,-0.8309,0.1105,-0.0248,-0.2233
Liuzhou,109.43,24.33,2008,5,2008-05,326.74,122.19,0.8255,0.1362,0.4971,0.0848,0.9272,0.267,0.6747,0.4834
Liuzhou,109.43,24.33,2008,6,2008-06,526.8,145.29,1.0895,0.8439,0.8797,0.2575,1.1226,0.913,0.9933,0.5054
Liuzhou,109.43,24.33,2008,7,2008-07,219.79,164.82,0.4947,1.2848,0.918,0.6186,0.5695,1.4263,1.0073,0.7686
Liuzhou,109.43,24.33,2008,8,2008-08,181.66,154.44,0.4347,1.2663,0.9346,0.6011,0.5136,1.5141,1.032,0.7823
Liuzhou,109.43,24.33,2008,9,2008-09,96.3,129.26,-0.0851,0.3945,0.9796,0.4915,-0.1335,0.439,1.1289,0.6324
Liuzhou,109.43,24.33,2008,10,2008-10,44.02,87.49,0.0152,0.0873,1.3242,0.6716,0.0072,0.0967,1.2917,0.7915
Liuzhou,109.43,24.33,2008,11,2008-11,144.9,32.55,1.0186,0.5206,1.367,1.0906,1.1218,0.6306,1.3601,1.2435
Liuzhou,109.43,24.33,2008,12,2008-12,10.54,16.55,-1.1108,0.415,0.434,0.9501,-0.8635,0.65,0.5771,1.0976
Liuzhou,109.43,24.33,2009,1,2009-01,14.26,9.15,-1.4418,-0.1598,-0.1287,0.82,-1.1369,0.0379,0.1626,0.9703
Liuzhou,109.43,24.33,2009,2,2009-02,12.6,44.6,-1.6819,-2.9788,-0.8264,0.5188,-2.383,-2.175,-0.9714,0.6191
Liuzhou,109.43,24.33,2009,3,2009-03,110.98,44.03,0.0575,-1.742,-0.7279,0.5065,0.2223,-2.1329,-0.5223,0.6502
Liuzhou,109.43,24.33,2009,4,2009-04,153.6,83.08,-0.0394,-0.6247,-0.6914,0.6324,0.0113,-0.671,-0.4879,0.8779
Liuzhou,109.43,24.33,2009,5,2009-05,228.78,120.43,-0.4929,-0.552,-1.5568,0.1878,-0.3323,-0.1974,-1.5029,0.4991
Liuzhou,109.43,24.33,2009,6,2009-06,234.3,153.66,-1.3999,-1.2855,-1.6267,-0.9637,-1.2419,-1.1169,-1.5624,-0.7747
Liuzhou,109.43,24.33,2009,7,2009-07,345.34,171.24,1.5657,-0.1783,-0.429,-0.4041,1.4241,-0.1829,-0.3745,-0.3298
Liuzhou,109.43,24.33,2009,8,2009-08,36.89,166.42,-2.5794,-0.8458,-0.8398,-0.9518,-2.3036,-0.8509,-0.7302,-0.8471
Liuzhou,109.43,24.33,2009,9,2009-09,94.8,139.15,-0.1136,0.2323,-1.0604,-1.0484,-0.3346,0.0799,-0.9928,-0.9848
Liuzhou,109.43,24.33,2009,10,2009-10,20.15,88.29,-0.8233,-1.8726,-1.3534,-1.296,-0.9758,-1.9659,-1.3989,-1.1817
Liuzhou,109.43,24.33,2009,11,2009-11,36.6,28.74,-0.4563,-0.9355,-1.3967,-1.6885,-0.2911,-0.8183,-1.4071,-1.4499
Liuzhou,109.43,24.33,2009,12,2009-12,29.14,16.21,-0.1632,-1.0749,-0.3426,-1.6019,0.0055,-0.9179,-0.2135,-1.4246
Liuzhou,109.43,24.33,2010,1,2010-01,168.33,16.33,1.673,0.5093,-0.8993,-1.0114,1.8255,0.6811,-0.9184,-0.9679
Liuzhou,109.43,24.33,2010,2,2010-02,8.4,25.59,-2.0396,0.4787,-0.5071,-1.1566,-1.5437,0.3079,-0.2688,-1.0889
Liuzhou,109.43,24.33,2010,3,2010-03,18.91,47.93,-2.9227,-0.6971,-1.2928,-1.6771,-2.7393,-0.5726,-1.6304,-1.6768
Liuzhou,109.43,24.33,2010,4,2010-04,204.3,69.19,0.7136,-1.1805,-0.5344,-1.3922,0.9604,-0.8935,-0.1043,-1.7116
Liuzhou,109.43,24.33,2010,5,2010-05,209.87,129.94,-0.7894,-1.2638,-0.6351,-1.5045,-0.7706,-0.9302,-0.3677,-2.1591
Liuzhou,109.43,24.33,2010,6,2010-06,431.4,133.48,0.4123,0.1852,-0.0947,-0.3533,0.5032,0.4159,0.1628,-0.1414
Liuzhou,109.43,24.33,2010,7,2010-07,129.89,169.27,-0.5611,-0.4086,-0.8271,-1.0876,-0.4055,-0.3194,-0.554,-0.8883
Liuzhou,109.43,24.33,2010,8,2010-08,66.96,156.53,-1.6124,-0.7548,-1.0976,-1.0042,-1.3913,-0.5972,-0.7998,-0.7671
Liuzhou,109.43,24.33,2010,9,2010-09,185.4,127.82,1.2459,-0.5764,-0.2708,-0.7329,1.1813,-0.4706,-0.1218,-0.5158
Liuzhou,109.43,24.33,2010,10,2010-10,18.29,68.9,-0.9147,-0.4076,-0.7972,-0.8442,-0.1915,-0.1918,-0.3687,-0.5305
Liuzhou,109.43,24.33,2010,11,2010-11,16.8,35.88,-1.0596,-0.1085,-0.8283,-0.8612,-0.8328,0.285,-0.3864,-0.595
Liuzhou,109.43,24.33,2010,12,2010-12,99.51,17.96,1.4691,-0.33,-0.6376,-0.5566,1.3002,0.2367,-0.2887,-0.2992
Liuzhou,109.43,24.33,2011,1,2011-01,21.08,2.51,-1.0878,-0.5626,-0.7272,-1.3042,-0.7467,-0.3604,-0.2631,-0.8281
Liuzhou,109.43,24.33,2011,2,2011-02,38.92,22.68,-0.471,-0.1594,-0.311,-1.2948,-0.414,-0.1258,0.2604,-0.8213
Liuzhou,109.43,24.33,2011,3,2011-03,103.23,28.36,-0.0976,-1.2517,-1.1203,-0.8566,0.3744,-0.509,-0.297,-0.3011
Liuzhou,109.43,24.33,2011,4,2011-04,65.7,81.91,-1.9153,-1.5007,-1.6291,-1.6008,-1.6707,-1.0979,-1.1924,-1.3661
Liuzhou,109.43,24.33,2011,5,2011-05,236.84,111.32,-0.3715,-1.6085,-1.2499,-1.4667,-0.0848,-0.9557,-0.6384,-0.8854
Liuzhou,109.43,24.33,2011,6,2011-06,376.2,158.68,-0.026,-0.8545,-1.1228,-1.3573,-0.1181,-0.6711,-0.7146,-0.9275
Liuzhou,109.43,24.33,2011,7,2011-07,68.51,171.66,-1.6335,-0.9952,-1.4097,-1.441,-1.5536,-0.8567,-1.0655,-1.0377
Liuzhou,109.43,24.33,2011,8,2011-08,99.51,153.26,-0.8746,-1.4353,-1.7206,-1.3504,-0.7188,-1.2067,-1.2704,-0.931
Liuzhou,109.43,24.33,2011,9,2011-09,91.2,119.3,-0.1831,-1.8631,-2.0643,-1.8891,-0.0508,-1.4197,-1.4983,-1.3232
Liuzhou,109.43,24.33,2011,10,2011-10,102.61,74.46,1.196,-0.1819,-1.2515,-1.7059,1.1813,0.059,-0.8526,-1.1669
Liuzhou,109.43,24.33,2011,11,2011-11,17.4,57.08,-1.0349,-0.2084,-1.4895,-1.5886,-1.3716,0.0452,-1.4035,-1.1633
Liuzhou,109.43,24.33,2011,12,2011-12,10.54,12.14,-1.1108,-0.384,-1.5576,-2.0055,-0.5763,-0.0568,-1.4557,-1.4766
Liuzhou,109.43,24.33,2012,1,2012-01,104.78,7.05,0.8638,-0.626,-0.5918,-1.782,0.9577,-0.75,-0.2305,-1.445
Liuzhou,109.43,24.33,2012,2,2012-02,49.59,16.01,-0.1559,-0.0791,-0.3441,-1.9289,0.0101,0.0585,0.1594,-1.6104
Liuzhou,109.43,24.33,2012,3,2012-03,108.81,47.18,0.0148,0.2838,-0.2179,-1.9259,0.1163,0.5712,0.2087,-1.6553
Liuzhou,109.43,24.33,2012,4,2012-04,140.1,96.42,-0.2674,-0.3859,-0.8257,-1.4981,-0.4439,-0.2714,-0.7051,-1.7283
Liuzhou,109.43,24.33,2012,5,2012-05,264.12,144.19,0.0197,-0.3326,-0.329,-1.363,-0.164,-0.4315,-0.2064,-1.766
Liuzhou,109.43,24.33,2012,6,2012-06,505.8,152.77,0.9478,0.55,0.5154,-0.5142,0.9144,0.4356,0.5352,-0.3675
Liuzhou,109.43,24.33,2012,7,2012-07,138.57,166.62,-0.4407,0.4072,0.119,-0.2126,-0.2621,0.2773,0.1079,-0.1545
Liuzhou,109.43,24.33,2012,8,2012-08,114.08,160.9,-0.5991,0.1874,-0.0329,-0.1743,-0.5998,0.0895,-0.1438,-0.135
Liuzhou,109.43,24.33,2012,9,2012-09,105.6,108.4,0.0848,-0.8023,-0.0441,-0.1485,0.3527,-0.5207,-0.1353,-0.1093
Liuzhou,109.43,24.33,2012,10,2012-10,46.5,83.93,0.0818,-0.4536,0.0494,-0.4205,0.1523,-0.2317,0.2241,-0.3986
Liuzhou,109.43,24.33,2012,11,2012-11,111.3,38.95,0.681,0.3203,0.2787,-0.0127,0.6599,0.6058,0.4893,0.0186
Liuzhou,109.43,24.33,2012,12,2012-12,62.31,15.21,0.7634,0.6175,-0.2474,0.2076,0.7784,0.773,0.0734,0.2633
Liuzhou,109.43,24.33,2013,1,2013-01,33.17,11.84,-0.6287,0.2428,-0.2563,-0.0639,-0.6721,0.3659,0.1118,0.1198
Liuzhou,109.43,24.33,2013,2,2013-02,49.84,30.61,-0.1491,-0.3793,-0.0727,-0.0817,-0.3355,-0.5216,0.3618,0.0269
Liuzhou,109.43,24.33,2013,3,2013-03,156.55,64.33,0.848,-0.0376,0.3193,0.1652,0.6873,-0.1622,0.4388,0.1489
Liuzhou,109.43,24.33,2013,4,2013-04,170.1,79.7,0.2217,0.4006,0.3618,0.2494,0.3228,0.3601,0.4498,0.4496
Liuzhou,109.43,24.33,2013,5,2013-05,272.8,130.18,0.1385,0.5702,0.1694,0.2921,0.1505,0.5862,0.1985,0.5411
Liuzhou,109.43,24.33,2013,6,2013-06,216.6,152.22,-1.6088,-0.9852,-0.8128,-0.8579,-1.3816,-0.8618,-0.7492,-0.6774
Liuzhou,109.43,24.33,2013,7,2013-07,102.3,166.91,-0.9852,-1.6385,-0.9998,-0.8914,-0.7705,-1.3744,-0.9284,-0.7573
Liuzhou,109.43,24.33,2013,8,2013-08,328.91,161.57,2.0173,-0.6053,-0.1493,-0.1455,2.1405,-0.6082,-0.1936,-0.0763
Liuzhou,109.43,24.33,2013,9,2013-09,144.3,117.78,0.7008,0.966,-0.2302,-0.0281,0.775,0.9984,-0.1984,-0.0316
Liuzhou,109.43,24.33,2013,10,2013-10,15.81,71.45,-1.0479,1.4041,-0.5421,-0.1784,-0.357,1.4494,-0.2144,-0.1367
Liuzhou,109.43,24.33,2013,11,2013-11,147.6,39.95,1.0435,0.7168,-0.1294,-0.0108,1.0709,0.8879,0.1447,-0.0055
Liuzhou,109.43,24.33,2013,12,2013-12,90.21,10.22,1.3109,0.9211,1.1055,0.1184,1.2794,1.0485,1.1429,0.1817
Liuzhou,109.43,24.33,2014,1,2014-01,8.68,16.81,-1.8462,0.6238,1.2983,0.039,-1.5748,0.7428,1.2766,0.2148
Liuzhou,109.43,24.33,2014,2,2014-02,51.8,15.22,-0.0967,-0.2944,0.3145,0.0406,0.0771,-0.2351,0.7264,0.2834
Liuzhou,109.43,24.33,2014,3,2014-03,125.24,46.83,0.3248,-0.8597,0.1595,-0.0973,0.4405,-0.5548,0.5784,0.2054
Liuzhou,109.43,24.33,2014,4,2014-04,219.9,93.43,0.9201,0.5886,0.7742,0.0924,0.8431,0.7023,0.8862,0.4543
Liuzhou,109.43,24.33,2014,5,2014-05,269.08,128.99,0.0879,0.7156,0.3137,0.0759,0.1164,0.7585,0.4562,0.445
Liuzhou,109.43,24.33,2014,6,2014-06,409.5,160.69,0.2432,0.486,0.1094,0.775,0.1268,0.4288,0.1778,0.8672
Liuzhou,109.43,24.33,2014,7,2014-07,177.01,171.8,0.0381,0.1034,0.3151,0.9143,0.1088,-0.0097,0.3161,0.9449
Liuzhou,109.43,24.33,2014,8,2014-08,206.15,156.92,0.7446,0.4167,0.5919,0.5461,0.8022,0.2602,0.5233,0.6053
Liuzhou,109.43,24.33,2014,9,2014-09,60.9,133.53,-0.8597,-0.0356,0.3598,0.2857,-0.8898,-0.0586,0.1726,0.2929
Liuzhou,109.43,24.33,2014,10,2014-10,40.92,89.56,-0.0719,-0.0422,-0.0189,0.3942,-0.1332,-0.0985,0.0282,0.3196
Liuzhou,109.43,24.33,2014,11,2014-11,109.2,42.69,0.6578,-0.2105,0.1687,0.2473,0.5863,-0.1068,0.1604,0.1512
Liuzhou,109.43,24.33,2014,12,2014-12,48.67,12.17,0.4361,0.4082,0.1328,0.1141,0.5799,0.591,0.2336,0.0618
Liuzhou,109.43,24.33,2015,1,2015-01,66.65,17.91,0.2093,0.4185,0.1386,0.3841,-0.0057,0.4784,0.2622,0.4141
Liuzhou,109.43,24.33,2015,2,2015-02,50.96,28.83,-0.119,-0.059,-0.334,0.4103,-0.262,-0.2499,-0.1656,0.378
Liuzhou,109.43,24.33,2015,3,2015-03,58.59,53.33,-1.1952,-1.0214,-0.3814,0.1146,-1.2892,-1.1292,-0.2037,0.022
Liuzhou,109.43,24.33,2015,4,2015-04,58.5,87.84,-2.1371,-2.0998,-1.1718,-0.7206,-1.9983,-2.7796,-1.2843,-0.8265
Liuzhou,109.43,24.33,2015,5,2015-05,367.04,140.36,1.2914,-0.6571,-0.5438,-0.2414,1.1811,-0.7099,-0.5591,-0.2169
Liuzhou,109.43,24.33,2015,6,2015-06,375.6,160.96,-0.0309,-0.0771,-0.4086,-0.2913,-0.1409,-0.1506,-0.444,-0.3182
Liuzhou,109.43,24.33,2015,7,2015-07,235.6,157.49,0.6485,0.7904,-0.1502,-0.0588,0.7576,0.7059,-0.1665,-0.1213
Liuzhou,109.43,24.33,2015,8,2015-08,153.14,153.65,0.0367,0.2274,-0.1434,-0.25,0.1255,0.1846,-0.1825,-0.2811
Liuzhou,109.43,24.33,2015,9,2015-09,231.6,124.24,1.7729,1.2728,0.7733,0.3372,1.7662,1.3701,0.7443,0.2633
Liuzhou,109.43,24.33,2015,10,2015-10,181.35,84.09,2.2223,1.9129,2.1117,0.8889,1.8719,1.8507,1.7861,0.8289
Liuzhou,109.43,24.33,2015,11,2015-11,279.3,46.62,2.0178,3.09,2.5963,1.4367,2.2232,2.3329,2.2358,1.4428
Liuzhou,109.43,24.33,2015,12,2015-12,152.83,14.89,2.2356,3.09,2.8098,1.8214,1.9429,2.2314,2.2659,1.7994
Liuzhou,109.43,24.33,2016,1,2016-01,116.87,11.42,1.0379,2.6977,3.0015,2.2217,1.0916,2.6979,2.3,1.8877
Liuzhou,109.43,24.33,2016,2,2016-02,26.1,14.76,-0.9432,1.4867,3.09,2.3542,-0.5479,1.7943,2.2631,2.15
Liuzhou,109.43,24.33,2016,3,2016-03,76.26,45.06,-0.7083,-0.3318,2.6686,2.4958,-0.5629,0.0425,1.992,2.4826
Liuzhou,109.43,24.33,2016,4,2016-04,235.2,97.69,1.1135,0.0232,2.2229,3.0312,0.9925,0.1554,1.8968,2.493
Liuzhou,109.43,24.33,2016,5,2016-05,301.01,128.78,0.5079,0.6985,1.2747,2.8047,0.5353,0.7237,1.2433,2.2505
Liuzhou,109.43,24.33,2016,6,2016-06,328.8,156.45,-0.4381,0.2972,0.1096,2.0826,-0.4792,0.2478,0.2111,1.9042
Liuzhou,109.43,24.33,2016,7,2016-07,154.07,171.22,-0.238,-0.3292,-0.2631,1.626,-0.1332,-0.3803,-0.2086,1.6041
Liuzhou,109.43,24.33,2016,8,2016-08,180.73,163.31,0.4224,-0.4869,-0.011,1.7336,0.3797,-0.5757,-0.098,1.6641
Liuzhou,109.43,24.33,2016,9,2016-09,109.2,123.88,0.1479,-0.0361,0.1794,1.4828,0.1684,-0.03,0.0144,1.4901
Liuzhou,109.43,24.33,2016,10,2016-10,55.8,93.35,0.3124,0.2984,-0.2302,1.1801,0.1494,0.2154,-0.1422,1.1301
Liuzhou,109.43,24.33,2016,11,2016-11,125.4,40.91,0.8297,0.5666,-0.139,0.5906,0.8076,0.6066,-0.0897,0.5149
Liuzhou,109.43,24.33,2016,12,2016-12,28.21,24.5,-0.1979,0.5142,0.1926,0.1546,-0.3228,0.5643,0.2339,0.0904
Liuzhou,109.43,24.33,2017,1,2017-01,64.79,23.86,0.1716,0.359,0.3366,-0.0394,-0.1835,0.241,0.3416,-0.0236
Liuzhou,109.43,24.33,2017,2,2017-02,29.68,24.49,-0.7972,-0.7628,-0.0375,-0.0386,-0.7273,-1.042,0.0982,-0.1045
Liuzhou,109.43,24.33,2017,3,2017-03,194.68,48.52,1.4001,0.6158,0.6123,0.5455,1.5279,0.5641,0.6008,0.4182
Liuzhou,109.43,24.33,2017,4,2017-04,126.0,87.56,-0.522,0.1504,0.2582,-0.0288,-0.5384,0.2484,0.3011,0.0352
Liuzhou,109.43,24.33,2017,5,2017-05,253.89,128.51,-0.1237,0.3197,-0.1817,-0.2552,-0.0867,0.4476,-0.1705,-0.1827
Liuzhou,109.43,24.33,2017,6,2017-06,366.9,152.09,-0.1039,-0.4117,-0.1201,-0.0288,-0.1395,-0.3492,-0.0483,-0.0136
Liuzhou,109.43,24.33,2017,7,2017-07,294.19,171.94,1.1659,0.4437,0.3694,0.429,1.0833,0.3773,0.382,0.3362
Liuzhou,109.43,24.33,2017,8,2017-08,255.13,163.04,1.2988,1.1944,0.9593,0.6679,1.324,1.2153,0.9571,0.5636
Liuzhou,109.43,24.33,2017,9,2017-09,97.2,144.89,-0.0682,1.4453,0.6275,0.6673,-0.3958,1.2494,0.4406,0.4721
Liuzhou,109.43,24.33,2017,10,2017-10,23.87,81.99,-0.6574,0.5557,0.7406,0.5986,-0.45,0.384,0.6759,0.4147
Liuzhou,109.43,24.33,2017,11,2017-11,81.0,40.91,0.3135,-0.3098,0.8419,0.4208,0.2266,-0.2293,0.752,0.229
Liuzhou,109.43,24.33,2017,12,2017-12,38.13,16.45,0.1385,-0.2214,0.9118,0.4846,0.2488,0.1507,0.812,0.3621
Liuzhou,109.43,24.33,2018,1,2018-01,120.59,12.86,1.0891,0.5619,0.6453,0.7793,1.1302,0.6504,0.6428,0.7387
Liuzhou,109.43,24.33,2018,2,2018-02,17.36,19.16,-1.3738,0.0814,-0.3268,0.7975,-0.9501,0.0295,-0.0748,0.7958
Liuzhou,109.43,24.33,2018,3,2018-03,117.49,61.59,0.1822,0.1807,-0.1776,0.4708,-0.0014,0.2161,0.1023,0.419
Liuzhou,109.43,24.33,2018,4,2018-04,125.7,88.03,-0.5276,-0.8197,-0.2564,0.4032,-0.5524,-0.8535,-0.1076,0.49
Liuzhou,109.43,24.33,2018,5,2018-05,187.86,144.15,-1.1585,-1.2889,-0.8944,0.0994,-1.3944,-1.6924,-0.9586,0.1373
Liuzhou,109.43,24.33,2018,6,2018-06,177.9,154.84,-2.1115,-2.2552,-1.6725,-0.6194,-1.7433,-2.303,-1.8097,-0.6689
Liuzhou,109.43,24.33,2018,7,2018-07,174.22,176.48,0.0058,-2.0398,-1.903,-0.9831,0.0309,-1.779,-1.8471,-1.0416
Liuzhou,109.43,24.33,2018,8,2018-08,140.74,166.42,-0.1518,-1.8874,-1.8737,-1.4626,-0.255,-1.5479,-1.7372,-1.4635
Liuzhou,109.43,24.33,2018,9,2018-09,152.7,127.71,0.8197,0.1575,-1.9215,-1.3549,0.754,0.0561,-1.6627,-1.3109
Liuzhou,109.43,24.33,2018,10,2018-10,126.48,67.73,1.5472,0.902,-1.3559,-1.0547,1.5138,0.916,-1.3849,-1.0174
Liuzhou,109.43,24.33,2018,11,2018-11,84.9,41.42,0.3654,1.1705,-0.7726,-0.9606,0.2754,1.145,-0.6163,-0.9453
Liuzhou,109.43,24.33,2018,12,2018-12,69.75,17.21,0.9226,1.1514,0.7058,-0.8164,0.8716,1.1584,0.7397,-0.8154
Liuzhou,109.43,24.33,2019,1,2019-01,77.19,13.35,0.4107,0.4883,0.8491,-1.1032,0.3162,0.5583,0.9077,-1.1066
Liuzhou,109.43,24.33,2019,2,2019-02,115.36,19.42,1.1603,1.1381,1.448,-0.7259,1.1628,1.2037,1.3266,-0.749
Liuzhou,109.43,24.33,2019,3,2019-03,174.22,52.43,1.1136,1.5043,1.6158,-0.4353,1.1689,1.4052,1.4328,-0.4316
Liuzhou,109.43,24.33,2019,4,2019-04,271.5,99.01,1.542,1.9071,1.6997,0.2257,1.4413,1.7614,1.4815,0.3273
Liuzhou,109.43,24.33,2019,5,2019-05,115.32,120.66,-2.6431,0.1804,0.7186,-0.1151,-2.4119,0.2483,0.7389,0.1152
Liuzhou,109.43,24.33,2019,6,2019-06,365.4,156.95,-0.1166,-0.3775,0.2706,0.6168,-0.1899,-0.3676,0.3245,0.6465
Liuzhou,109.43,24.33,2019,7,2019-07,438.65,169.55,2.2078,0.4682,1.2314,1.3339,1.9666,0.4332,1.1749,1.3061
Liuzhou,109.43,24.33,2019,8,2019-08,143.22,176.94,-0.1133,1.3788,1.0343,1.3644,-0.3832,1.3399,0.9263,1.2927
Liuzhou,109.43,24.33,2019,9,2019-09,78.3,128.84,-0.4486,1.5335,0.7265,1.2242,-0.4488,1.3693,0.5279,1.1904
Liuzhou,109.43,24.33,2019,10,2019-10,73.47,83.74,0.6881,-0.1657,0.2897,1.1478,0.6607,-0.2998,0.3277,1.0458
Liuzhou,109.43,24.33,2019,11,2019-11,22.5,40.29,-0.8474,-0.6388,0.8603,0.884,-0.8034,-0.3912,0.7606,0.7641
Liuzhou,109.43,24.33,2019,12,2019-12,16.74,21.23,-0.7127,-0.6365,0.8285,0.7272,-0.7521,-0.3991,0.7416,0.609
Liuzhou,109.43,24.33,2020,1,2020-01,64.79,21.51,0.1716,-1.0543,-0.7966,0.7721,-0.1293,-1.5212,-0.9745,0.6739
Liuzhou,109.43,24.33,2020,2,2020-02,138.62,32.72,1.5024,0.6558,-0.1899,0.9486,1.3141,0.2656,-0.0362,0.7872
Liuzhou,109.43,24.33,2020,3,2020-03,239.01,60.36,1.9611,2.2596,1.0129,1.277,1.9656,1.772,0.8652,1.0677
Liuzhou,109.43,24.33,2020,4,2020-04,164.7,64.21,0.1382,1.7704,0.7937,0.7151,0.4737,1.7288,0.8085,0.7846
Liuzhou,109.43,24.33,2020,5,2020-05,334.8,145.46,0.9216,1.8571,1.5886,1.6687,0.746,1.7025,1.3304,1.3861
Liuzhou,109.43,24.33,2020,6,2020-06,420.6,161.94,0.3296,0.6055,1.3158,1.5126,0.2031,0.6041,1.1438,1.2694
Liuzhou,109.43,24.33,2020,7,2020-07,205.84,174.33,0.3528,0.6987,1.319,0.6561,0.3634,0.4751,1.1825,0.4694
Liuzhou,109.43,24.33,2020,8,2020-08,226.3,160.63,0.9819,0.8041,1.3817,0.9208,1.0081,0.6373,1.375,0.7686
Liuzhou,109.43,24.33,2020,9,2020-09,215.7,120.91,1.5997,1.4539,1.5018,1.4241,1.6251,1.4158,1.6983,1.3249
Liuzhou,109.43,24.33,2020,10,2020-10,65.72,66.43,0.5316,1.532,1.7199,1.5338,0.8055,1.5838,1.4765,1.5233
Liuzhou,109.43,24.33,2020,11,2020-11,5.4,43.27,-1.7636,0.5349,0.9617,1.4075,-1.3174,0.7577,0.9789,1.3853
Liuzhou,109.43,24.33,2020,12,2020-12,16.12,12.0,-0.7471,-1.0507,0.6348,1.4449,-0.3057,-0.4446,0.7622,1.4163
Liuzhou,109.43,24.33,2021,1,2021-01,8.68,13.35,-1.8462,-2.8334,0.1731,1.4087,-1.454,-3.09,0.4798,1.2993
Liuzhou,109.43,24.33,2021,2,2021-02,92.4,37.23,0.7763,-0.8628,-0.1109,1.3535,0.4598,-0.9762,0.3044,1.3058
Liuzhou,109.43,24.33,2021,3,2021-03,99.2,62.19,-0.1813,-0.623,-1.2286,0.7689,-0.4218,-0.8983,-2.1848,0.7956
Liuzhou,109.43,24.33,2021,4,2021-04,166.5,86.27,0.1662,0.2258,-1.2114,0.6997,0.1659,0.0806,-1.5526,0.7447
Liuzhou,109.43,24.33,2021,5,2021-05,349.06,140.86,1.0879,0.7209,0.0763,0.7694,0.9698,0.5879,-0.025,0.7969
Liuzhou,109.43,24.33,2021,6,2021-06,302.1,161.77,-0.6882,0.0215,-0.2075,0.2065,-0.7408,-0.053,-0.3046,0.2157
Liuzhou,109.43,24.33,2021,7,2021-07,120.59,180.23,-0.6964,-0.4049,-0.2247,-0.0956,-0.6925,-0.5914,-0.4059,-0.1667
Liuzhou,109.43,24.33,2021,8,2021-08,112.22,170.95,-0.6329,-1.515,-0.6342,-0.5049,-0.8062,-1.4102,-0.8327,-0.5691
Liuzhou,109.43,24.33,2021,9,2021-09,80.4,150.4,-0.4035,-1.2558,-0.8353,-1.1003,-0.8341,-1.4494,-1.0785,-1.2207
Liuzhou,109.43,24.33,2021,10,2021-10,80.91,74.79,0.8286,-0.3783,-0.7742,-1.1749,0.9018,-0.5656,-1.0078,-1.3158
Liuzhou,109.43,24.33,2021,11,2021-11,82.8,37.91,0.3376,0.1338,-1.3173,-0.7642,0.2955,0.2287,-1.5676,-0.9593
Liuzhou,109.43,24.33,2021,12,2021-12,9.61,19.27,-1.1848,0.1378,-0.8417,-0.7794,-1.2326,0.4945,-0.9273,-0.9946
Liuzhou,109.43,24.33,2022,1,2022-01,99.2,17.02,0.779,0.0845,-0.3106,-0.44,0.6754,0.1083,-0.2914,-0.6754
Liuzhou,109.43,24.33,2022,2,2022-02,165.2,8.98,1.8518,1.263,0.7446,-0.1418,1.9969,1.432,0.8313,-0.2948
Liuzhou,109.43,24.33,2022,3,2022-03,126.79,71.17,0.3526,1.7582,1.0767,0.0063,-0.0072,1.5075,1.0438,-0.2368
Liuzhou,109.43,24.33,2022,4,2022-04,175.5,81.29,0.3035,1.192,0.8774,-0.0005,0.3803,1.198,0.8989,-0.0783
Liuzhou,109.43,24.33,2022,5,2022-05,445.16,108.16,2.1078,1.9342,1.9651,0.4481,2.3128,1.8275,1.808,0.5229
Liuzhou,109.43,24.33,2022,6,2022-06,601.2,153.53,1.5639,2.1093,2.2701,1.3972,1.5956,2.1505,2.062,1.2622
Liuzhou,109.43,24.33,2022,7,2022-07,172.98,173.49,-0.0086,1.9911,1.9843,1.3899,0.0494,2.3109,1.9641,1.3192
Liuzhou,109.43,24.33,2022,8,2022-08,117.8,169.02,-0.5327,1.0475,1.5781,1.4307,-0.675,0.9449,1.6687,1.3497
Liuzhou,109.43,24.33,2022,9,2022-09,16.5,136.21,-2.5877,-1.3187,1.3134,1.3309,-2.1061,-1.3009,1.4617,1.3493
Liuzhou,109.43,24.33,2022,10,2022-10,14.57,82.6,-1.1203,-1.9183,1.1752,1.2204,-0.9676,-1.922,1.1016,1.2106
Liuzhou,109.43,24.33,2022,11,2022-11,109.5,62.41,0.6611,-1.0901,0.3429,1.2592,0.3266,-3.09,0.1981,1.169
Liuzhou,109.43,24.33,2022,12,2022-12,19.84,12.0,-0.5536,-0.2099,-1.0907,1.3318,-0.1632,-0.0562,-1.2963,1.2533
Liuzhou,109.43,24.33,2023,1,2023-01,26.66,17.12,-0.8571,-0.3236,-1.5947,1.2167,-1.0034,-0.6142,-3.09,1.0867
Liuzhou,109.43,24.33,2023,2,2023-02,69.44,29.39,0.3242,-0.8862,-1.5051,0.9184,0.1526,-0.9376,-3.09,0.79
Liuzhou,109.43,24.33,2023,3,2023-03,93.93,63.26,-0.2944,-0.7883,-0.7601,0.804,-0.5759,-1.0423,-1.2401,0.7111
Liuzhou,109.43,24.33,2023,4,2023-04,132.0,99.4,-0.4114,-0.4203,-0.6535,0.5308,-0.646,-0.6989,-1.0295,0.5027
Liuzhou,109.43,24.33,2023,5,2023-05,234.05,141.11,-0.4132,-0.9384,-1.1579,-0.4646,-0.5651,-1.3718,-1.4947,-0.7946
Liuzhou,109.43,24.33,2023,6,2023-06,297.3,166.81,-0.7347,-0.9588,-1.0597,-1.5957,-0.8222,-1.1409,-1.3118,-2.1369
Liuzhou,109.43,24.33,2023,7,2023-07,62.93,186.07,-1.7617,-1.6191,-1.4084,-1.8607,-2.2541,-1.5941,-1.6052,-2.0263
Liuzhou,109.43,24.33,2023,8,2023-08,209.25,169.43,0.782,-1.2236,-1.2712,-1.528,0.6807,-1.2783,-1.4439,-1.7273
Liuzhou,109.43,24.33,2023,9,2023-09,135.0,137.62,0.5638,-0.3516,-1.2033,-1.1579,0.3555,-0.5868,-1.3807,-1.412
Liuzhou,109.43,24.33,2023,10,2023-10,50.84,93.63,0.1929,0.7084,-1.1513,-1.1424,0.0242,0.4474,-1.6595,-1.4492
Liuzhou,109.43,24.33,2023,11,2023-11,43.5,51.38,-0.3044,-0.0158,-1.1755,-1.3467,-0.5911,-0.0911,-1.654,-1.5334
Liuzhou,109.43,24.33,2023,12,2023-12,22.63,23.54,-0.4249,-0.5738,-0.5897,-1.3295,-0.5387,-1.3139,-0.8459,-1.6228
Liuzhou,109.43,24.33,2024,1,2024-01,140.43,21.75,1.3468,0.2406,0.562,-0.9177,1.3118,0.0191,0.3939,-1.5064
Liuzhou,109.43,24.33,2024,2,2024-02,69.31,22.17,0.3214,0.8014,0.3392,-1.0311,0.3008,0.5457,0.3096,-1.7536
Liuzhou,109.43,24.33,2024,3,2024-03,78.74,61.71,-0.6465,0.6075,-0.1182,-1.1212,-0.9369,0.4607,-0.1959,-1.782
Liuzhou,109.43,24.33,2024,4,2024-04,332.7,115.52,2.1882,1.2986,1.0593,-0.1317,1.968,1.0162,0.7292,-0.7207
Liuzhou,109.43,24.33,2024,5,2024-05,259.47,127.47,-0.045,1.2534,1.243,-0.0109,0.0056,0.936,0.9054,-0.4117
Liuzhou,109.43,24.33,2024,6,2024-06,548.7,157.78,1.2334,1.732,1.5808,0.9124,1.1908,1.5401,1.3002,0.5745
Liuzhou,109.43,24.33,2024,7,2024-07,197.47,177.9,0.2646,0.936,1.254,1.2073,0.2512,0.8405,1.0344,0.8723
Liuzhou,109.43,24.33,2024,8,2024-08,147.56,170.8,-0.0468,1.0582,1.2716,1.044,-0.2168,0.8766,1.0265,0.6939
Liuzhou,109.43,24.33,2024,9,2024-09,64.2,140.29,-0.776,-0.3336,1.4156,0.8816,-0.9645,-0.5374,1.1431,0.4838
Liuzhou,109.43,24.33,2024,10,2024-10,63.55,78.91,0.4856,-0.3602,0.6816,1.005,0.5779,-0.489,0.5768,0.615
Liuzhou,109.43,24.33,2024,11,2024-11,3.3,49.21,-2.0239,-1.2311,0.2963,0.8249,-1.5714,-2.5144,0.1682,0.4421
Liuzhou,109.43,24.33,2024,12,2024-12,8.37,17.31,-1.2924,-1.2765,-0.856,0.8061,-1.1422,-3.09,-0.9536,0.4771
Liuzhou,109.43,24.33,2025,1,2025-01,22.94,20.53,-1.0064,-2.6635,-1.5479,0.4312,-1.2212,-3.09,-3.09,0.1945
Liuzhou,109.43,24.33,2025,2,2025-02,45.92,18.15,-0.2585,-1.7147,-2.0817,0.358,-0.1245,-1.4344,-3.09,0.0929
Liuzhou,109.43,24.33,2025,3,2025-03,55.8,51.27,-1.2812,-2.0219,-2.2813,0.2716,-1.3126,-2.3513,-3.09,0.0081
Liuzhou,109.43,24.33,2025,4,2025-04,76.5,106.21,-1.6133,-1.938,-3.09,-1.0373,-2.0078,-2.6267,-3.09,-1.7778
Liuzhou,109.43,24.33,2025,5,2025-05,427.49,130.54,1.9317,0.1675,-0.6506,-0.2041,1.9244,0.0773,-0.7032,-0.3051
Liuzhou,109.43,24.33,2025,6,2025-06,355.2,159.49,-0.204,0.2638,-0.376,-0.8953,-0.2913,0.1415,-0.3961,-1.0619
Liuzhou,109.43,24.33,2025,7,2025-07,170.5,187.84,-0.0377,0.6549,-0.2176,-0.8908,-0.1354,0.451,-0.3344,-1.0459
Liuzhou,109.43,24.33,2025,8,2025-08,228.16,161.97,1.0031,0.1561,0.1663,-0.6197,1.0146,-0.131,-0.0854,-0.7601
Liuzhou,109.43,24.33,2025,9,2025-09,135.0,139.03,0.5638,0.6652,0.6251,-0.409,0.334,0.4073,0.2305,-0.6107
Liuzhou,109.43,24.33,2025,10,2025-10,43.09,94.2,-0.0105,0.7963,1.1265,-0.5633,-0.2066,0.5744,0.8478,-0.827
Liuzhou,109.43,24.33,2025,11,2025-11,49.5,37.0,-0.1855,-0.0339,0.0323,-0.3291,-0.2094,0.0165,-0.1072,-0.5801
Liuzhou,109.43,24.33,2025,12,2025-12,48.67,29.4,0.4361,-0.2436,0.3125,-0.1514,0.1864,-0.1494,0.181,-0.4309
Nanning,108.37,22.82,2005,1,2005-01,26.97,14.06,-0.2705,,,,-0.2606,,,
Nanning,108.37,22.82,2005,2,2005-02,30.52,29.14,-0.0314,,,,0.0804,,,
Nanning,108.37,22.82,2005,3,2005-03,62.93,55.12,0.1914,-0.3715,,,0.4604,-0.0303,,
Nanning,108.37,22.82,2005,4,2005-04,62.4,118.31,-0.5233,-0.4129,,,-0.7249,-0.1559,,
Nanning,108.37,22.82,2005,5,2005-05,178.25,178.5,0.1135,-0.1362,,,0.1325,-0.1037,,
Nanning,108.37,22.82,2005,6,2005-06,458.7,162.84,2.3729,1.2467,0.8694,,1.8243,1.0348,0.8061,
Nanning,108.37,22.82,2005,7,2005-07,138.57,171.91,-1.0865,0.801,0.5545,,-0.9922,0.7207,0.5758,
Nanning,108.37,22.82,2005,8,2005-08,159.03,163.49,-0.8857,0.4319,0.1991,,-0.8882,0.4613,0.2982,
Nanning,108.37,22.82,2005,9,2005-09,113.7,133.92,-0.3479,-1.5144,0.0515,,-0.5163,-1.2646,0.1294,
Nanning,108.37,22.82,2005,10,2005-10,11.16,99.04,-1.8397,-1.4694,-0.2312,,-1.8807,-1.2963,-0.0649,
Nanning,108.37,22.82,2005,11,2005-11,33.0,59.79,-0.217,-1.2565,-0.3714,,-0.3473,-1.2127,-0.3887,
Nanning,108.37,22.82,2005,12,2005-12,27.59,19.08,0.2913,-1.198,-1.8515,-0.4853,0.4415,-1.1362,-1.6762,-0.4732
Nanning,108.37,22.82,2006,1,2006-01,6.82,24.26,-1.3323,-0.8635,-1.6203,-0.6502,-1.5136,-1.1787,-1.4131,-0.7894
Nanning,108.37,22.82,2006,2,2006-02,56.28,30.57,0.7412,-0.4004,-1.2462,-0.5054,0.6699,-0.3073,-1.1629,-0.7096
Nanning,108.37,22.82,2006,3,2006-03,36.58,62.95,-0.6435,-0.7837,-1.7598,-0.6437,-0.4262,-0.6491,-1.4546,-0.8741
Nanning,108.37,22.82,2006,4,2006-04,54.9,127.53,-0.7867,-0.561,-1.2513,-0.6849,-1.214,-0.6785,-1.6363,-0.9515
Nanning,108.37,22.82,2006,5,2006-05,149.11,148.19,-0.2797,-0.8179,-0.8145,-0.7079,0.1469,-0.7116,-0.7389,-0.7716
Nanning,108.37,22.82,2006,6,2006-06,189.6,163.75,-0.9006,-0.9071,-1.0076,-1.8963,-0.7044,-1.0337,-0.9926,-1.9553
Nanning,108.37,22.82,2006,7,2006-07,386.88,172.23,1.7483,0.4956,0.2199,-0.7148,2.0421,0.6191,0.3544,-0.769
Nanning,108.37,22.82,2006,8,2006-08,233.43,155.16,0.2251,0.7937,0.1523,-0.4448,0.2094,0.818,0.3471,-0.4275
Nanning,108.37,22.82,2006,9,2006-09,35.1,112.31,-2.4375,0.5538,-0.2639,-0.8419,-1.4587,0.6531,0.0676,-0.7623
Nanning,108.37,22.82,2006,10,2006-10,26.66,113.63,-1.0872,-1.3476,-0.4433,-0.7999,-1.8228,-1.1262,-0.0284,-0.7426
Nanning,108.37,22.82,2006,11,2006-11,50.7,62.33,0.2847,-1.9761,-0.3191,-0.7152,0.1162,-1.5651,-0.2715,-0.6777
Nanning,108.37,22.82,2006,12,2006-12,4.34,23.79,-1.2563,-1.0036,-0.0393,-0.8199,-0.8382,-1.2946,-0.0599,-0.8062
Nanning,108.37,22.82,2007,1,2007-01,14.26,15.78,-0.8096,-0.8233,-1.5024,-0.9481,-0.7631,-1.0622,-1.2493,-0.903
Nanning,108.37,22.82,2007,2,2007-02,24.64,55.04,-0.2674,-1.7559,-2.4113,-1.2125,-1.1349,-2.1348,-1.8194,-1.3988
Nanning,108.37,22.82,2007,3,2007-03,55.18,70.27,-0.0243,-0.9049,-1.6922,-1.0198,-0.0864,-1.1746,-1.8133,-1.1827
Nanning,108.37,22.82,2007,4,2007-04,47.4,90.42,-1.0763,-0.9637,-1.539,-1.049,-0.3785,-1.095,-1.9593,-0.9982
Nanning,108.37,22.82,2007,5,2007-05,125.24,156.38,-0.6428,-0.9706,-1.3815,-0.958,-0.3727,-0.5772,-3.09,-0.9431
Nanning,108.37,22.82,2007,6,2007-06,186.9,169.59,-0.9462,-1.211,-1.2887,-0.8754,-1.0005,-1.2883,-1.5014,-0.8687
Nanning,108.37,22.82,2007,7,2007-07,183.83,170.97,-0.3996,-1.126,-1.4243,-1.7787,-0.4703,-1.1379,-2.2605,-1.7455
Nanning,108.37,22.82,2007,8,2007-08,239.01,164.55,0.2982,-0.6535,-0.9948,-1.7861,0.1583,-0.571,-0.9545,-2.3633
Nanning,108.37,22.82,2007,9,2007-09,156.9,114.06,0.3678,-0.0218,-0.8577,-1.3271,0.5517,0.0364,-0.5673,-1.8387
Nanning,108.37,22.82,2007,10,2007-10,27.28,87.12,-1.065,-0.1498,-1.0283,-1.3644,-0.7961,-0.1424,-1.0722,-1.5899
Nanning,108.37,22.82,2007,11,2007-11,17.4,39.77,-0.8535,-0.6905,-1.0557,-1.5236,-0.1905,-0.387,-0.7467,-1.5436
Nanning,108.37,22.82,2007,12,2007-12,21.7,32.51,0.0406,-1.3111,-0.6309,-1.4589,-0.2554,-0.9671,-0.3977,-1.4572
Nanning,108.37,22.82,2008,1,2008-01,59.21,10.24,0.5537,-0.285,-0.2823,-1.5911,0.6734,-0.015,-0.1736,-1.35
Nanning,108.37,22.82,2008,2,2008-02,60.9,9.68,0.8531,0.5834,-0.3386,-1.3933,1.1636,0.8192,-0.0627,-0.8864
Nanning,108.37,22.82,2008,3,2008-03,36.27,66.76,-0.6555,0.2412,-1.0269,-1.4457,-0.5693,0.592,-0.5674,-0.9173
Nanning,108.37,22.82,2008,4,2008-04,60.0,112.39,-0.6051,-0.3892,-0.6836,-1.3278,-0.6279,0.0802,-0.1807,-0.952
Nanning,108.37,22.82,2008,5,2008-05,134.85,151.1,-0.4913,-0.9305,-0.4627,-1.0029,-0.0905,-0.7289,-0.0503,-0.713
Nanning,108.37,22.82,2008,6,2008-06,321.3,154.22,0.9335,0.0572,0.1,-0.3247,1.0453,0.3542,0.4421,-0.0257
Nanning,108.37,22.82,2008,7,2008-07,271.25,161.24,0.6549,0.5069,0.2857,0.0086,0.6871,0.7138,0.6355,0.2694
Nanning,108.37,22.82,2008,8,2008-08,319.92,154.49,1.2501,1.4441,0.6049,0.2761,1.4005,1.4806,0.8248,0.6138
Nanning,108.37,22.82,2008,9,2008-09,231.3,131.23,1.3411,1.6846,1.1261,0.5567,1.545,1.8526,1.2249,0.8349
Nanning,108.37,22.82,2008,10,2008-10,117.8,94.13,0.7018,1.5949,1.4314,0.9067,0.6012,1.7962,1.3542,1.0518
Nanning,108.37,22.82,2008,11,2008-11,91.2,35.41,1.099,1.4518,2.0777,1.1846,1.2409,1.5219,2.0443,1.27
Nanning,108.37,22.82,2008,12,2008-12,17.98,18.96,-0.1428,0.8334,1.6826,1.241,0.1484,0.8351,1.6491,1.3465
Nanning,108.37,22.82,2009,1,2009-01,8.37,12.28,-1.1961,0.0138,1.3064,1.6793,-0.859,0.4409,1.3885,1.767
Nanning,108.37,22.82,2009,2,2009-02,5.88,61.39,-1.5293,-2.2193,0.6565,1.422,-3.09,-2.5701,0.4272,1.405
Nanning,108.37,22.82,2009,3,2009-03,44.33,54.96,-0.364,-1.8237,-0.2743,1.3962,0.0323,-1.6673,-0.2886,1.4639
Nanning,108.37,22.82,2009,4,2009-04,108.0,104.36,0.7371,-0.3706,-0.4208,1.5828,0.7125,-0.4447,-0.1335,1.5475
Nanning,108.37,22.82,2009,5,2009-05,176.7,137.92,0.0937,0.112,-0.5584,1.2814,0.5268,0.5154,-0.1961,1.3836
Nanning,108.37,22.82,2009,6,2009-06,180.0,160.58,-1.0648,-0.3266,-0.8051,0.6711,-0.9163,0.1207,-0.5126,0.7922
Nanning,108.37,22.82,2009,7,2009-07,258.23,173.97,0.5138,-0.2346,-0.3949,0.574,0.3717,0.0695,-0.1377,0.6601
Nanning,108.37,22.82,2009,8,2009-08,101.99,167.75,-2.0156,-1.2307,-0.8125,-0.2751,-1.6825,-1.1026,-0.4871,-0.0807
Nanning,108.37,22.82,2009,9,2009-09,86.7,151.11,-0.8956,-1.1682,-1.0148,-0.9465,-1.2489,-1.1831,-1.1997,-0.89
Nanning,108.37,22.82,2009,10,2009-10,56.73,106.46,-0.2799,-1.9113,-1.3871,-1.2656,-0.5538,-1.7113,-3.09,-1.4372
Nanning,108.37,22.82,2009,11,2009-11,15.0,39.41,-0.9856,-1.2485,-1.8767,-1.636,-0.26,-1.2443,-1.9327,-2.0313
Nanning,108.37,22.82,2009,12,2009-12,8.06,27.34,-0.8216,-1.0396,-1.5,-1.7158,-0.8223,-0.9723,-1.5026,-2.2096
Nanning,108.37,22.82,2010,1,2010-01,120.59,22.44,1.5172,0.3705,-1.2903,-1.4675,1.6036,0.4811,-1.2875,-1.5619
Nanning,108.37,22.82,2010,2,2010-02,3.36,37.49,-1.9158,0.4158,-0.8204,-1.5476,-1.3681,0.1763,-1.0109,-1.5311
Nanning,108.37,22.82,2010,3,2010-03,7.75,62.21,-2.4315,-0.1674,-1.1769,-1.7177,-1.9376,-0.2122,-1.0994,-1.6171
Nanning,108.37,22.82,2010,4,2010-04,119.7,87.75,1.0006,-0.8903,-0.4373,-1.5944,1.2848,-0.3313,-0.0322,-1.6135
Nanning,108.37,22.82,2010,5,2010-05,155.62,152.1,-0.1876,-0.3467,-0.1327,-1.3561,0.1779,0.1535,0.1872,-1.2864
Nanning,108.37,22.82,2010,6,2010-06,261.6,151.86,0.1802,0.2048,0.0781,-0.855,0.566,0.6096,0.3847,-0.7755
Nanning,108.37,22.82,2010,7,2010-07,248.62,173.18,0.4067,0.1114,-0.2461,-0.8794,0.2652,0.3423,0.1683,-0.8218
Nanning,108.37,22.82,2010,8,2010-08,130.51,153.41,-1.4071,-0.4105,-0.509,-0.7932,-1.1289,-0.1571,-0.0289,-0.6641
Nanning,108.37,22.82,2010,9,2010-09,176.7,131.86,0.652,-0.214,-0.0389,-0.4761,0.586,-0.1956,0.4154,-0.1943
Nanning,108.37,22.82,2010,10,2010-10,14.88,73.77,-1.6081,-1.07,-0.6279,-0.6808,-0.7717,-0.804,-0.052,-0.2193
Nanning,108.37,22.82,2010,11,2010-11,11.7,44.19,-1.1957,-0.6703,-0.8321,-0.6908,-0.5961,-0.4492,-0.4334,-0.2952
Nanning,108.37,22.82,2010,12,2010-12,44.64,25.53,0.8585,-1.2089,-0.7619,-0.5177,0.7096,-0.7121,-0.4671,-0.1014
Nanning,108.37,22.82,2011,1,2011-01,14.57,4.63,-0.7928,-0.7897,-1.2572,-1.2765,-0.3554,-0.3362,-0.8156,-0.6362
Nanning,108.37,22.82,2011,2,2011-02,23.24,28.56,-0.3292,-0.5922,-0.866,-1.1888,-0.1155,-0.1794,-0.5539,-0.52
Nanning,108.37,22.82,2011,3,2011-03,96.1,33.51,0.9552,-0.1288,-1.264,-0.542,1.4028,0.5617,-0.407,0.1484
Nanning,108.37,22.82,2011,4,2011-04,53.4,99.03,-0.8423,-0.1196,-0.8434,-0.9572,-0.4468,0.6302,0.0746,-0.1783
Nanning,108.37,22.82,2011,5,2011-05,94.86,133.02,-1.1819,-0.7739,-0.854,-1.0691,-0.5588,0.1358,0.0366,-0.4476
Nanning,108.37,22.82,2011,6,2011-06,247.5,180.35,-0.014,-0.8886,-0.763,-1.0285,0.0814,-0.5837,-0.1335,-0.5251
Nanning,108.37,22.82,2011,7,2011-07,111.6,174.77,-1.5737,-1.4755,-1.3984,-1.6254,-1.3204,-1.6127,-0.987,-1.1065
Nanning,108.37,22.82,2011,8,2011-08,118.42,162.88,-1.6523,-1.7966,-1.7031,-1.7173,-1.4084,-1.8271,-2.5869,-1.3788
Nanning,108.37,22.82,2011,9,2011-09,178.5,138.63,0.6767,-1.5423,-1.6567,-1.8458,0.5008,-1.3301,-3.09,-1.8132
Nanning,108.37,22.82,2011,10,2011-10,211.11,76.21,1.6861,0.5137,-0.7767,-0.9385,1.6689,0.4111,-0.4901,-0.4311
Nanning,108.37,22.82,2011,11,2011-11,19.5,59.03,-0.7485,1.225,-0.5493,-0.8979,-1.0647,1.1338,-0.5615,-0.4994
Nanning,108.37,22.82,2011,12,2011-12,15.5,14.63,-0.2803,1.0074,-0.5733,-1.0398,0.2111,0.9918,-0.4476,-0.5652
Nanning,108.37,22.82,2012,1,2012-01,76.26,9.52,0.8684,-0.08,0.3553,-0.8934,1.0409,0.1593,0.3162,-0.3691
Nanning,108.37,22.82,2012,2,2012-02,19.14,20.14,-0.5269,0.0244,0.9765,-0.9612,0.013,0.507,1.0488,-0.3937
Nanning,108.37,22.82,2012,3,2012-03,39.68,60.78,-0.5272,-0.1086,0.6815,-1.2849,-0.2595,0.2764,0.8742,-0.8797
Nanning,108.37,22.82,2012,4,2012-04,44.4,124.2,-1.2011,-1.4958,-1.2617,-1.3157,-1.4407,-1.6414,-0.9515,-1.09
Nanning,108.37,22.82,2012,5,2012-05,194.06,171.06,0.309,-0.3988,-0.3337,-0.5657,0.3844,-0.426,-0.0617,-0.5941
Nanning,108.37,22.82,2012,6,2012-06,219.3,159.71,-0.426,-0.3805,-0.3642,-0.6265,-0.0264,-0.3672,-0.1517,-0.5242
Nanning,108.37,22.82,2012,7,2012-07,171.74,169.41,-0.5706,-0.4463,-0.9586,-0.3757,-0.5908,-0.3266,-0.9256,-0.3029
Nanning,108.37,22.82,2012,8,2012-08,214.83,162.33,-0.0272,-0.6844,-0.7291,-0.0342,-0.1358,-0.4981,-0.7525,0.1017
Nanning,108.37,22.82,2012,9,2012-09,71.1,114.79,-1.2685,-1.0674,-0.9929,-0.5087,-0.9069,-0.7949,-1.2307,-0.2116
Nanning,108.37,22.82,2012,10,2012-10,107.57,102.3,0.5663,-0.403,-0.6811,-0.9966,0.3691,-0.4535,-0.4615,-0.8732
Nanning,108.37,22.82,2012,11,2012-11,63.6,50.19,0.5796,-0.2353,-0.8043,-0.7895,0.6318,-0.2625,-0.5946,-0.5937
Nanning,108.37,22.82,2012,12,2012-12,40.3,22.08,0.7299,0.6851,-0.4762,-0.6724,0.6889,0.4509,-0.3356,-0.4837
Nanning,108.37,22.82,2013,1,2013-01,21.08,15.1,-0.4904,0.1203,-0.3032,-1.1586,-0.4881,0.2827,-0.2964,-1.001
Nanning,108.37,22.82,2013,2,2013-02,23.52,40.03,-0.3167,-0.5339,-0.4804,-1.1771,-0.4957,-0.484,-0.5176,-1.2109
Nanning,108.37,22.82,2013,3,2013-03,60.76,83.25,0.1329,-0.6654,0.059,-0.9701,-0.3018,-0.9097,-0.3284,-1.1059
Nanning,108.37,22.82,2013,4,2013-04,124.5,100.68,1.1039,0.4473,0.2652,-0.4506,1.1261,0.3078,0.2142,-0.4083
Nanning,108.37,22.82,2013,5,2013-05,152.83,149.05,-0.2268,0.1973,-0.0734,-0.587,0.181,0.3355,0.1052,-0.5149
Nanning,108.37,22.82,2013,6,2013-06,179.7,161.33,-1.07,-0.3862,-0.5526,-0.6956,-0.9571,0.0063,-0.3655,-0.585
Nanning,108.37,22.82,2013,7,2013-07,253.58,166.59,0.4623,-0.4391,-0.2571,-0.3527,0.4048,-0.1506,-0.0503,-0.2872
Nanning,108.37,22.82,2013,8,2013-08,275.28,159.44,0.7475,0.0951,0.133,-0.1502,0.7184,0.2322,0.3716,-0.0051
Nanning,108.37,22.82,2013,9,2013-09,146.4,120.51,0.2073,0.6974,0.1595,0.1209,0.262,0.7483,0.5493,0.2802
Nanning,108.37,22.82,2013,10,2013-10,31.62,74.67,-0.9195,0.0951,-0.3403,-0.1994,-0.4123,0.1656,0.2553,0.111
Nanning,108.37,22.82,2013,11,2013-11,153.6,44.38,1.9839,0.6082,0.4,0.1782,1.8113,0.7564,0.651,0.4187
Nanning,108.37,22.82,2013,12,2013-12,77.5,11.06,1.6421,1.1516,1.1125,0.3682,1.565,1.3003,1.2421,0.618
Nanning,108.37,22.82,2014,1,2014-01,3.72,18.63,-1.7021,1.3561,0.7649,0.602,-1.372,1.416,0.9079,0.7927
Nanning,108.37,22.82,2014,2,2014-02,20.72,20.87,-0.4475,-0.1569,0.3776,0.6037,0.0375,0.2805,0.6058,0.9308
Nanning,108.37,22.82,2014,3,2014-03,50.84,58.05,-0.1542,-1.3532,0.2723,0.5179,0.1188,-0.7198,0.6064,0.9506
Nanning,108.37,22.82,2014,4,2014-04,78.0,114.45,-0.038,-0.5276,0.8017,0.2149,-0.211,-0.1077,0.9928,0.6665
Nanning,108.37,22.82,2014,5,2014-05,78.74,166.68,-1.5192,-1.2251,-1.0105,-0.2269,-3.09,-1.543,-0.7244,0.0221
Nanning,108.37,22.82,2014,6,2014-06,242.4,171.15,-0.0861,-0.8595,-1.1393,0.0565,0.1363,-1.1931,-1.1172,0.2625
Nanning,108.37,22.82,2014,7,2014-07,275.9,172.7,0.7042,-0.3607,-0.5666,0.1171,0.603,-0.3145,-0.3951,0.2684
Nanning,108.37,22.82,2014,8,2014-08,163.68,157.96,-0.807,-0.099,-0.698,-0.3488,-0.7548,-0.0355,-0.65,-0.0686
Nanning,108.37,22.82,2014,9,2014-09,255.9,135.48,1.6173,0.8409,-0.0294,0.055,1.9042,0.7529,0.1011,0.3087
Nanning,108.37,22.82,2014,10,2014-10,72.85,94.2,0.0301,0.3976,-0.0697,0.216,-0.0206,0.2124,0.1731,0.3889
Nanning,108.37,22.82,2014,11,2014-11,79.2,47.42,0.8877,1.2163,0.6874,-0.0839,0.9219,1.0954,0.6397,0.0735
Nanning,108.37,22.82,2014,12,2014-12,34.41,14.53,0.5401,0.4303,0.8091,-0.2459,0.7273,0.3873,0.7681,-0.0831
Nanning,108.37,22.82,2015,1,2015-01,49.6,21.39,0.3493,0.6104,0.5751,0.1116,0.1763,0.7452,0.4689,0.1473
Nanning,108.37,22.82,2015,2,2015-02,26.04,37.6,-0.2079,0.0076,0.9633,0.1457,-0.3177,0.0423,0.7848,0.0713
Nanning,108.37,22.82,2015,3,2015-03,37.2,69.83,-0.6197,-0.5161,-0.125,0.0592,-0.649,-0.6137,-0.2368,-0.1136
Nanning,108.37,22.82,2015,4,2015-04,32.7,114.33,-1.7544,-1.6742,-0.635,-0.2301,-1.5006,-3.09,-0.5459,-0.2637
Nanning,108.37,22.82,2015,5,2015-05,157.17,175.62,-0.1661,-0.9797,-0.7634,0.1141,-0.1261,-1.5935,-0.9653,-0.0511
Nanning,108.37,22.82,2015,6,2015-06,167.4,175.24,-1.2897,-1.2319,-1.1699,-0.1869,-3.09,-3.09,-1.8946,-0.2875
Nanning,108.37,22.82,2015,7,2015-07,278.38,171.91,0.7302,-0.3188,-0.8858,-0.1902,0.6433,-0.363,-1.2809,-0.3118
Nanning,108.37,22.82,2015,8,2015-08,220.72,158.11,0.0542,-0.2144,-0.6756,-0.0055,-0.0006,-0.1642,-0.8251,-0.054
Nanning,108.37,22.82,2015,9,2015-09,186.6,128.43,0.7863,0.7718,-0.2955,-0.3153,0.8155,0.7376,-0.2287,-0.3074
Nanning,108.37,22.82,2015,10,2015-10,74.09,88.71,0.0519,0.314,-0.0969,-0.3257,0.0854,0.223,0.1473,-0.2604
Nanning,108.37,22.82,2015,11,2015-11,148.5,57.68,1.9211,1.2256,0.606,-0.0283,1.6308,1.1262,0.5617,-0.0502
Nanning,108.37,22.82,2015,12,2015-12,118.42,19.12,2.3687,1.7627,1.5696,0.3535,2.0042,1.6451,1.4268,0.2869
Nanning,108.37,22.82,2016,1,2016-01,122.45,15.24,1.5409,2.5738,1.7356,1.1088,1.7505,2.2554,1.7721,0.8143
Nanning,108.37,22.82,2016,2,2016-02,15.08,15.05,-0.7551,2.1402,1.8503,1.0821,0.0425,2.1068,2.2004,0.9292
Nanning,108.37,22.82,2016,3,2016-03,38.75,51.13,-0.5614,0.5404,1.8004,1.0384,-0.0134,0.8866,2.0099,0.9754
Nanning,108.37,22.82,2016,4,2016-04,122.7,115.6,1.0654,-0.0565,2.4137,1.4677,0.7854,0.4329,2.066,1.3178
Nanning,108.37,22.82,2016,5,2016-05,191.89,143.93,0.2828,0.3375,1.1518,1.1694,0.6022,0.5836,1.1899,1.2088
Nanning,108.37,22.82,2016,6,2016-06,294.6,166.53,0.6091,0.6909,0.6989,1.5163,0.7343,0.7919,0.8634,1.4922
Nanning,108.37,22.82,2016,7,2016-07,144.15,170.83,-0.9942,-0.1259,-0.1804,0.9844,-0.918,0.1123,0.2324,1.062
Nanning,108.37,22.82,2016,8,2016-08,343.17,162.63,1.494,0.6068,0.5654,1.3542,1.6107,0.6044,0.7583,1.3645
Nanning,108.37,22.82,2016,9,2016-09,102.6,126.81,-0.5609,0.0584,0.4844,1.1256,-0.5829,0.0328,0.6967,1.1983
Nanning,108.37,22.82,2016,10,2016-10,120.9,100.57,0.7414,0.9305,0.4863,1.3139,0.5608,0.7869,0.7276,1.262
Nanning,108.37,22.82,2016,11,2016-11,52.8,46.31,0.3359,0.1071,0.5052,0.9708,0.5069,-0.0227,0.505,1.0575
Nanning,108.37,22.82,2016,12,2016-12,9.3,31.98,-0.7112,0.3934,0.1801,0.6045,-1.2606,0.1281,0.1337,0.7389
Nanning,108.37,22.82,2017,1,2017-01,78.74,30.21,0.9102,0.3342,0.8754,0.7894,0.6639,0.2156,0.6111,0.7912
Nanning,108.37,22.82,2017,2,2017-02,14.56,31.02,-0.7874,-0.1432,-0.043,0.8126,-0.494,-0.4501,-0.322,0.7539
Nanning,108.37,22.82,2017,3,2017-03,136.71,66.29,1.6849,1.2508,0.9639,1.3294,1.514,0.9721,0.5737,1.1332
Nanning,108.37,22.82,2017,4,2017-04,33.6,101.56,-1.7072,0.0793,0.175,0.7789,-1.0723,0.3229,0.1747,0.7555
Nanning,108.37,22.82,2017,5,2017-05,233.74,140.69,0.7572,0.7767,0.5135,0.6923,0.9192,0.8824,0.6105,0.6324
Nanning,108.37,22.82,2017,6,2017-06,206.4,163.45,-0.6264,-0.2571,0.2719,0.3082,-0.3063,0.1629,0.4522,0.326
Nanning,108.37,22.82,2017,7,2017-07,318.06,169.24,1.1282,0.6966,0.6204,0.8911,1.1752,0.8262,0.8084,0.8511
Nanning,108.37,22.82,2017,8,2017-08,301.32,161.23,1.0466,0.8977,1.003,0.7112,1.0504,0.8919,1.1005,0.7519
Nanning,108.37,22.82,2017,9,2017-09,114.3,146.29,-0.3368,1.1046,0.524,0.7776,-0.7125,0.9563,0.7416,0.7788
Nanning,108.37,22.82,2017,10,2017-10,153.45,83.8,1.1219,0.9469,1.1139,0.9108,1.0962,0.796,1.1353,0.9099
Nanning,108.37,22.82,2017,11,2017-11,60.0,44.82,0.5016,0.575,1.0424,0.9435,0.662,0.4143,1.0003,0.9319
Nanning,108.37,22.82,2017,12,2017-12,47.43,18.4,0.937,1.1359,1.4071,1.1514,0.9247,1.1432,1.2847,1.1256
Nanning,108.37,22.82,2018,1,2018-01,47.43,19.2,0.2996,0.5104,0.9674,1.6565,0.1769,0.6716,0.8533,1.5611
Nanning,108.37,22.82,2018,2,2018-02,11.48,22.95,-0.9985,-0.0666,0.3815,1.699,-0.3144,0.193,0.2794,1.7138
Nanning,108.37,22.82,2018,3,2018-03,74.4,72.22,0.4803,-0.1393,0.7987,1.271,0.3386,-0.0753,0.8033,1.3353
Nanning,108.37,22.82,2018,4,2018-04,67.5,102.9,-0.3564,-0.4575,-0.0259,1.3897,-0.1845,-0.1221,0.2642,1.3643
Nanning,108.37,22.82,2018,5,2018-05,180.42,159.97,0.141,0.0479,-0.0312,0.7626,0.3597,0.2027,0.2313,0.7394
Nanning,108.37,22.82,2018,6,2018-06,248.7,169.44,0.0028,-0.0853,-0.1432,0.8606,0.2373,0.1377,0.0453,0.8183
Nanning,108.37,22.82,2018,7,2018-07,318.37,172.55,1.1312,0.6312,0.3804,0.8024,1.137,0.6396,0.5097,0.7598
Nanning,108.37,22.82,2018,8,2018-08,226.61,165.61,0.1342,0.6859,0.4734,0.5044,-0.0222,0.629,0.5656,0.5475
Nanning,108.37,22.82,2018,9,2018-09,155.1,129.19,0.3408,0.8731,0.4729,0.6677,0.2624,0.7778,0.6373,0.7737
Nanning,108.37,22.82,2018,10,2018-10,86.8,74.4,0.2625,0.2146,0.5792,0.4168,0.462,0.1705,0.7903,0.5958
Nanning,108.37,22.82,2018,11,2018-11,31.8,50.46,-0.2572,0.0819,0.5582,0.3105,-0.0748,0.1255,0.6131,0.4618
Nanning,108.37,22.82,2018,12,2018-12,38.75,24.14,0.6818,0.1035,0.6723,0.3144,0.6016,0.1707,0.6782,0.4493
Nanning,108.37,22.82,2019,1,2019-01,45.26,18.03,0.2483,-0.0118,0.1355,0.615,0.1506,0.0922,0.1088,0.6449
Nanning,108.37,22.82,2019,2,2019-02,67.48,38.57,1.0035,0.7417,0.3156,0.9768,0.7373,0.5661,0.2207,0.899
Nanning,108.37,22.82,2019,3,2019-03,117.8,63.19,1.3652,1.2572,0.7422,1.1757,1.2848,1.0628,0.6832,1.116
Nanning,108.37,22.82,2019,4,2019-04,97.2,118.92,0.4767,1.4312,0.9409,1.2767,0.1468,1.131,0.7525,1.1226
Nanning,108.37,22.82,2019,5,2019-05,152.52,145.47,-0.2311,0.4643,0.5946,0.7795,0.2186,0.5667,0.6376,0.7346
Nanning,108.37,22.82,2019,6,2019-06,282.3,171.62,0.4532,0.1703,0.5823,0.8443,0.5751,0.3397,0.5996,0.7987
Nanning,108.37,22.82,2019,7,2019-07,268.46,172.39,0.625,0.3547,0.856,0.6108,0.5156,0.4781,0.8274,0.5888
Nanning,108.37,22.82,2019,8,2019-08,262.57,173.48,0.5948,0.8162,0.7792,0.7018,0.3553,0.6861,0.7981,0.7128
Nanning,108.37,22.82,2019,9,2019-09,66.9,130.07,-1.3787,0.1209,0.1479,0.3902,-1.2285,-0.0217,0.3057,0.4822
Nanning,108.37,22.82,2019,10,2019-10,61.69,90.72,-0.1787,-0.4235,-0.0433,0.2918,-0.1495,-0.5733,0.2691,0.3462
Nanning,108.37,22.82,2019,11,2019-11,19.2,50.94,-0.763,-1.402,-0.0761,0.2467,-0.5592,-1.1183,-0.1042,0.2663
Nanning,108.37,22.82,2019,12,2019-12,4.65,28.94,-1.2109,-0.933,-0.3817,0.1413,-1.6858,-0.8677,-0.399,0.155
Nanning,108.37,22.82,2020,1,2020-01,55.49,32.97,0.4774,-0.6218,-0.6472,0.4416,0.0226,-1.0947,-0.7945,0.2097
Nanning,108.37,22.82,2020,2,2020-02,66.41,38.45,0.9797,0.3188,-0.9787,0.4477,0.7175,-0.1354,-1.0358,0.2012
Nanning,108.37,22.82,2020,3,2020-03,159.03,72.27,2.0285,1.8308,0.5457,0.6712,1.7335,1.3423,0.0957,0.3286
Nanning,108.37,22.82,2020,4,2020-04,126.3,67.56,1.1419,2.2138,1.2568,0.7928,1.7814,1.9888,1.1549,0.7836
Nanning,108.37,22.82,2020,5,2020-05,169.57,157.44,0.0012,1.1821,0.9861,0.6011,0.2744,1.1838,0.9486,0.5035
Nanning,108.37,22.82,2020,6,2020-06,218.7,173.22,-0.4351,0.0458,0.7493,0.317,-0.2588,0.4568,0.7764,0.2784
Nanning,108.37,22.82,2020,7,2020-07,83.39,184.68,-2.1828,-1.3257,-0.0803,-0.4307,-1.7305,-1.7861,0.1559,-0.484
Nanning,108.37,22.82,2020,8,2020-08,253.58,161.73,0.4837,-1.0983,-0.0501,-0.5018,0.3926,-1.1186,0.2245,-0.4561
Nanning,108.37,22.82,2020,9,2020-09,174.6,134.84,0.6229,-0.5851,-0.3841,-0.107,0.4989,-0.6629,-0.0611,-0.0245
Nanning,108.37,22.82,2020,10,2020-10,230.02,70.39,1.8498,1.528,0.1427,0.5604,1.8596,1.8163,0.4332,0.6414
Nanning,108.37,22.82,2020,11,2020-11,7.5,47.83,-1.5414,1.2473,-0.035,0.5205,-1.1429,1.3426,0.0265,0.594
Nanning,108.37,22.82,2020,12,2020-12,5.27,16.73,-1.1268,0.9779,0.0672,0.5701,-0.2883,1.092,0.1568,0.6749
Nanning,108.37,22.82,2021,1,2021-01,2.79,18.89,-1.8629,-2.6185,0.6817,0.6861,-1.4374,-3.09,0.6953,0.7914
Nanning,108.37,22.82,2021,2,2021-02,70.0,46.56,1.0585,-0.6998,0.7778,0.7305,0.621,-0.733,0.6914,0.8185
Nanning,108.37,22.82,2021,3,2021-03,26.04,82.96,-1.1004,-0.8018,0.3079,-0.1017,-2.2467,-1.2257,0.1492,-0.0329
Nanning,108.37,22.82,2021,4,2021-04,141.0,112.79,1.4405,0.8479,-0.722,-0.0278,1.2123,0.4328,-0.9406,-0.0957
Nanning,108.37,22.82,2021,5,2021-05,130.82,165.75,-0.5539,-0.1939,-0.4385,-0.2539,-0.4667,-0.26,-0.5712,-0.4097
Nanning,108.37,22.82,2021,6,2021-06,224.7,174.6,-0.3444,-0.0861,-0.3489,-0.1965,-0.1775,-0.0133,-0.498,-0.3021
Nanning,108.37,22.82,2021,7,2021-07,201.19,188.82,-0.167,-0.6547,-0.2643,0.2394,-0.476,-0.8241,-0.556,0.0728
Nanning,108.37,22.82,2021,8,2021-08,166.47,171.92,-0.7605,-0.7934,-0.6943,-0.1248,-0.9012,-0.9438,-1.2097,-0.2385
Nanning,108.37,22.82,2021,9,2021-09,140.7,149.45,0.117,-0.6128,-0.4975,-0.2976,-0.3239,-0.8837,-0.8712,-0.4703
Nanning,108.37,22.82,2021,10,2021-10,124.31,81.13,0.7841,-0.0813,-0.6264,-0.7779,0.8237,-0.348,-1.0718,-1.1646
Nanning,108.37,22.82,2021,11,2021-11,30.9,45.59,-0.288,0.2917,-0.5386,-0.6679,0.0367,0.1262,-0.6738,-0.9697
Nanning,108.37,22.82,2021,12,2021-12,7.75,25.57,-0.8511,0.1695,-0.4617,-0.6507,-0.6936,0.1939,-0.5621,-0.9873
Nanning,108.37,22.82,2022,1,2022-01,65.1,25.39,0.6684,-0.1968,-0.1882,-0.3497,0.4626,-0.1498,-0.3845,-0.8459
Nanning,108.37,22.82,2022,2,2022-02,154.28,12.92,2.4525,1.7978,0.9962,0.1822,2.4457,1.6781,0.9035,-0.1676
Nanning,108.37,22.82,2022,3,2022-03,84.01,74.57,0.7004,2.0654,1.4069,0.5234,0.4944,1.859,1.4033,0.1772
Nanning,108.37,22.82,2022,4,2022-04,82.8,93.44,0.0979,1.8808,1.198,0.1522,0.4009,1.7584,1.2053,0.0666
Nanning,108.37,22.82,2022,5,2022-05,321.16,117.2,1.5935,1.4302,1.7403,0.8478,1.4962,1.379,1.5636,0.8334
Nanning,108.37,22.82,2022,6,2022-06,214.5,159.98,-0.4996,0.7504,1.3508,0.7464,-0.1046,1.0674,1.3686,0.7967
Nanning,108.37,22.82,2022,7,2022-07,153.76,174.61,-0.8407,0.2656,0.9895,0.5241,-0.8528,0.6003,1.2025,0.6405
Nanning,108.37,22.82,2022,8,2022-08,164.3,166.83,-0.7966,-1.2974,0.0009,0.4811,-0.863,-1.1605,0.4042,0.685
Nanning,108.37,22.82,2022,9,2022-09,77.7,149.58,-1.1044,-1.672,-0.4475,0.2452,-1.3715,-1.5138,-0.0273,0.5369
Nanning,108.37,22.82,2022,10,2022-10,44.64,97.13,-0.5554,-1.4395,-0.6957,-0.083,-0.6161,-1.3865,-0.3532,0.2141
Nanning,108.37,22.82,2022,11,2022-11,71.1,79.96,0.7332,-0.789,-1.6695,0.0883,0.1839,-1.1985,-1.9445,0.1983
Nanning,108.37,22.82,2022,12,2022-12,8.99,16.48,-0.7377,-0.3152,-1.5488,0.1257,-0.1021,-0.6713,-1.6757,0.27
Nanning,108.37,22.82,2023,1,2023-01,31.62,21.1,-0.1199,-0.0732,-1.2126,0.1525,-0.3367,-0.3821,-1.3277,0.2421
Nanning,108.37,22.82,2023,2,2023-02,57.12,38.46,0.762,-0.2458,-0.8133,-0.4834,0.5144,-0.2164,-1.1221,-0.5079
Nanning,108.37,22.82,2023,3,2023-03,37.2,76.68,-0.6197,-0.2701,-0.6766,-0.7554,-0.9361,-0.5205,-1.058,-0.7812
Nanning,108.37,22.82,2023,4,2023-04,106.2,121.01,0.6949,0.3235,0.0206,-0.5993,0.3068,0.0209,-0.4874,-0.7483
Nanning,108.37,22.82,2023,5,2023-05,95.17,166.68,-1.1758,-0.8417,-0.7706,-1.6233,-3.09,-1.3258,-1.1147,-1.8973
Nanning,108.37,22.82,2023,6,2023-06,306.3,182.78,0.7535,-0.0043,-0.1218,-1.0405,0.6941,-0.0611,-0.2756,-1.4772
Nanning,108.37,22.82,2023,7,2023-07,148.8,188.16,-0.9191,-0.703,-0.5392,-1.0373,-1.0589,-0.9801,-0.9918,-1.5075
Nanning,108.37,22.82,2023,8,2023-08,265.98,166.98,0.6362,0.1849,-0.316,-0.641,0.4894,-0.0155,-0.5799,-1.198
Nanning,108.37,22.82,2023,9,2023-09,190.8,136.92,0.8418,0.1801,0.0645,-0.225,0.7415,-0.0816,-0.0377,-0.6169
Nanning,108.37,22.82,2023,10,2023-10,103.54,95.66,0.5106,0.8868,0.042,0.0079,0.4036,0.6557,0.077,-0.299
Nanning,108.37,22.82,2023,11,2023-11,33.9,56.13,-0.1875,0.5792,0.4535,-0.1418,-0.186,0.2984,0.1782,-0.3989
Nanning,108.37,22.82,2023,12,2023-12,21.39,28.06,0.0262,0.1211,0.1286,-0.0639,-0.0673,-0.1337,-0.0881,-0.3693
Nanning,108.37,22.82,2024,1,2024-01,98.27,26.03,1.2137,0.4945,0.9112,0.4922,1.1465,0.3526,0.5824,-0.1078
Nanning,108.37,22.82,2024,2,2024-02,34.8,30.01,0.1213,0.789,0.7267,0.367,0.1733,0.5604,0.3604,-0.2238
Nanning,108.37,22.82,2024,3,2024-03,62.0,70.4,0.1665,0.8031,0.4268,0.4994,0.0891,0.579,0.0555,-0.0698
Nanning,108.37,22.82,2024,4,2024-04,126.6,142.25,1.1482,0.6587,0.7261,0.5802,0.2876,0.2538,0.2297,0.0322
Nanning,108.37,22.82,2024,5,2024-05,543.74,139.04,3.09,2.9957,2.5866,2.0992,2.2363,2.0249,1.8029,1.6669
Nanning,108.37,22.82,2024,6,2024-06,456.3,164.39,2.3503,3.09,2.9605,2.3981,1.804,2.3616,2.1453,1.9306
Nanning,108.37,22.82,2024,7,2024-07,271.56,176.23,0.6582,3.09,3.09,2.625,0.5066,2.5589,2.3075,2.2805
Nanning,108.37,22.82,2024,8,2024-08,334.8,171.5,1.4075,2.3157,3.09,2.7817,1.3709,2.0033,2.335,2.2129
Nanning,108.37,22.82,2024,9,2024-09,189.6,140.49,0.8261,1.5159,3.09,2.9381,0.6593,1.3359,2.4137,2.2024
Nanning,108.37,22.82,2024,10,2024-10,35.65,84.42,-0.7968,0.8849,3.09,2.7933,-0.5327,0.6792,2.1496,2.0331
Nanning,108.37,22.82,2024,11,2024-11,8.4,59.79,-1.4567,-0.3272,1.7951,2.7211,-3.09,-0.4882,1.5251,2.0664
Nanning,108.37,22.82,2024,12,2024-12,4.03,25.52,-1.3043,-1.7548,0.5965,2.789,-1.0735,-1.3438,0.4044,2.0988
Nanning,108.37,22.82,2025,1,2025-01,4.34,29.55,-1.6123,-2.5431,0.0873,3.09,-2.0439,-3.09,-0.2176,2.8185
Nanning,108.37,22.82,2025,2,2025-02,33.04,27.43,0.0602,-1.8264,-0.9715,3.09,0.1951,-1.7406,-1.0005,3.0884
Nanning,108.37,22.82,2025,3,2025-03,22.63,66.29,-1.2765,-1.7799,-2.9209,3.09,-1.1442,-1.5134,-1.988,3.0796
Nanning,108.37,22.82,2025,4,2025-04,53.4,137.83,-0.8423,-1.3588,-2.8454,2.9982,-1.5935,-3.09,-3.09,2.2298
Nanning,108.37,22.82,2025,5,2025-05,294.5,146.33,1.3559,0.4908,-0.1565,1.2592,1.2309,0.4388,-0.1354,0.9661
Nanning,108.37,22.82,2025,6,2025-06,411.0,162.39,1.9093,1.5886,0.8652,0.9989,1.5691,1.3094,0.76,0.7586
Nanning,108.37,22.82,2025,7,2025-07,249.24,182.86,0.4137,1.8013,1.27,0.857,0.1565,1.5452,1.0728,0.6153
Nanning,108.37,22.82,2025,8,2025-08,256.68,158.99,0.5223,1.4712,1.2588,0.5487,0.4716,1.3277,1.1172,0.4481
Nanning,108.37,22.82,2025,9,2025-09,237.0,138.5,1.4067,1.167,1.8233,0.7386,1.5176,0.9981,1.5027,0.6522
Nanning,108.37,22.82,2025,10,2025-10,146.32,92.66,1.0433,1.4137,2.2887,1.16,0.9352,1.4257,1.7078,0.9413
Nanning,108.37,22.82,2025,11,2025-11,47.4,37.26,0.2014,1.3832,2.0524,1.307,0.574,1.3709,1.8495,1.1135
Nanning,108.37,22.82,2025,12,2025-12,33.79,33.04,0.5189,0.8383,1.2828,1.4915,0.2072,0.7093,1.0861,1.2227
Wuzhou,111.28,23.47,2005,1,2005-01,20.15,15.97,-0.6536,,,,-0.3109,,,
Wuzhou,111.28,23.47,2005,2,2005-02,39.76,30.01,-0.2292,,,,-0.1332,,,
Wuzhou,111.28,23.47,2005,3,2005-03,119.66,51.09,0.0594,-0.7959,,,0.0081,-0.3695,,
Wuzhou,111.28,23.47,2005,4,2005-04,174.3,107.38,0.1505,-0.1163,,,0.0708,-0.1714,,
Wuzhou,111.28,23.47,2005,5,2005-05,355.26,153.57,1.1109,0.6706,,,0.8443,0.4225,,
Wuzhou,111.28,23.47,2005,6,2005-06,443.1,161.21,1.5097,1.3797,0.8825,,1.3029,1.1447,0.768,
Wuzhou,111.28,23.47,2005,7,2005-07,117.8,179.39,-1.1228,1.0565,0.7458,,-1.0157,0.8725,0.6309,
Wuzhou,111.28,23.47,2005,8,2005-08,158.1,166.54,-0.5182,0.3736,0.601,,-0.4241,0.3906,0.4585,
Wuzhou,111.28,23.47,2005,9,2005-09,130.8,139.51,-0.0351,-0.9953,0.5956,,0.0121,-0.8104,0.406,
Wuzhou,111.28,23.47,2005,10,2005-10,3.41,104.13,-1.6611,-1.1422,0.4074,,-1.4681,-0.9764,0.1903,
Wuzhou,111.28,23.47,2005,11,2005-11,49.5,61.75,0.0327,-0.837,-0.2585,,-0.4326,-0.8661,-0.3406,
Wuzhou,111.28,23.47,2005,12,2005-12,12.4,19.01,-0.4645,-1.1034,-1.3887,-0.1771,-0.1638,-1.1484,-1.2012,-0.3338
Wuzhou,111.28,23.47,2006,1,2006-01,18.6,24.96,-0.7118,-0.8131,-1.4372,-0.1569,-0.7771,-0.8459,-2.3303,-0.2821
Wuzhou,111.28,23.47,2006,2,2006-02,116.48,32.81,1.1525,-0.0524,-0.7774,0.2114,1.0773,0.0662,-0.7365,0.0605
Wuzhou,111.28,23.47,2006,3,2006-03,124.0,53.83,0.1298,0.2208,-0.6164,0.2229,0.036,0.3189,-0.5014,0.0803
Wuzhou,111.28,23.47,2006,4,2006-04,111.0,102.93,-0.7594,0.03,-0.597,-0.1152,-0.808,-0.0366,-0.6225,-0.1316
Wuzhou,111.28,23.47,2006,5,2006-05,344.72,127.5,0.9913,0.1274,0.0434,-0.1527,1.0323,0.0756,0.1129,-0.017
Wuzhou,111.28,23.47,2006,6,2006-06,362.7,158.34,0.8014,0.5399,0.5155,-0.4591,0.8322,0.6114,0.537,-0.2525
Wuzhou,111.28,23.47,2006,7,2006-07,332.32,175.97,2.0754,1.7127,1.3978,0.3702,2.6662,1.621,1.3055,0.4106
Wuzhou,111.28,23.47,2006,8,2006-08,247.69,163.18,0.652,2.0612,1.2953,0.6379,0.7606,1.9247,1.3993,0.6172
Wuzhou,111.28,23.47,2006,9,2006-09,110.4,110.57,-0.4434,1.288,1.1903,0.5613,0.1471,1.4562,1.3534,0.5726
Wuzhou,111.28,23.47,2006,10,2006-10,17.36,112.75,-0.6801,-0.1753,1.5788,0.676,-1.174,0.2581,1.8,0.6458
Wuzhou,111.28,23.47,2006,11,2006-11,121.5,57.86,0.9289,-0.0517,1.6132,0.9295,0.8651,0.071,1.735,0.9658
Wuzhou,111.28,23.47,2006,12,2006-12,15.19,18.94,-0.3233,0.1291,0.9553,1.0059,-0.0549,-0.0409,0.9508,1.0784
Wuzhou,111.28,23.47,2007,1,2007-01,39.99,14.04,-0.0998,0.248,-0.0631,1.2522,0.1819,0.2776,0.3017,1.3492
Wuzhou,111.28,23.47,2007,2,2007-02,60.48,47.12,0.2516,-0.5183,-0.4681,1.1395,-0.0539,-0.3913,-0.197,1.2103
Wuzhou,111.28,23.47,2007,3,2007-03,98.89,63.9,-0.3039,-0.5181,-0.3813,0.9248,-0.5521,-0.4736,-0.4044,0.9157
Wuzhou,111.28,23.47,2007,4,2007-04,144.9,78.11,-0.238,-0.371,-0.2592,0.9109,0.0692,-0.4165,-0.2237,1.007
Wuzhou,111.28,23.47,2007,5,2007-05,208.01,141.01,-0.8447,-0.9991,-0.9971,0.4114,-0.7567,-0.8314,-0.7876,0.5876
Wuzhou,111.28,23.47,2007,6,2007-06,278.1,164.27,-0.0661,-0.6361,-0.835,0.0551,0.1208,-0.3667,-0.6299,0.2792
Wuzhou,111.28,23.47,2007,7,2007-07,84.01,184.0,-1.9548,-1.1679,-1.2666,-0.9605,-1.5586,-0.9731,-1.029,-0.6969
Wuzhou,111.28,23.47,2007,8,2007-08,195.3,175.3,0.0109,-1.078,-1.2466,-1.0791,-0.0137,-0.953,-1.0209,-0.8659
Wuzhou,111.28,23.47,2007,9,2007-09,112.8,127.67,-0.3928,-1.1388,-1.2609,-1.0593,-0.0884,-0.9368,-0.9548,-0.9524
Wuzhou,111.28,23.47,2007,10,2007-10,11.16,102.48,-0.9826,-0.8104,-1.698,-1.2654,-0.9937,-0.4889,-1.2847,-1.0653
Wuzhou,111.28,23.47,2007,11,2007-11,9.9,47.35,-1.0824,-1.5764,-1.9005,-1.7484,-0.936,-1.1389,-1.3849,-1.3048
Wuzhou,111.28,23.47,2007,12,2007-12,44.64,36.03,0.5863,-1.0959,-1.5,-1.7025,0.3083,-1.1584,-1.3366,-1.313
Wuzhou,111.28,23.47,2008,1,2008-01,114.39,10.8,1.0161,0.1801,-0.5126,-1.444,1.0666,0.1893,-0.2233,-1.1623
Wuzhou,111.28,23.47,2008,2,2008-02,61.77,8.13,0.2776,0.8088,-0.56,-1.6328,0.6628,0.9228,-0.0495,-1.1925
Wuzhou,111.28,23.47,2008,3,2008-03,101.06,62.37,-0.2636,0.4223,-0.4647,-1.4333,-0.4926,0.7315,-0.1135,-1.0142
Wuzhou,111.28,23.47,2008,4,2008-04,152.4,96.69,-0.1341,-0.2744,-0.2378,-1.3079,-0.0733,-0.1486,-0.0926,-1.0269
Wuzhou,111.28,23.47,2008,5,2008-05,318.68,130.17,0.685,0.0656,0.427,-0.8243,0.6853,-0.0233,0.5361,-0.5214
Wuzhou,111.28,23.47,2008,6,2008-06,523.5,150.52,2.1393,1.4917,1.4385,0.2718,1.7666,1.4123,1.4664,0.5059
Wuzhou,111.28,23.47,2008,7,2008-07,181.04,168.49,0.0688,1.628,1.1597,0.5979,0.1065,1.6029,1.2384,0.7519
Wuzhou,111.28,23.47,2008,8,2008-08,132.99,163.07,-0.9255,1.3048,0.7925,0.3428,-0.78,1.3597,0.8839,0.5337
Wuzhou,111.28,23.47,2008,9,2008-09,132.6,140.04,-0.0012,-0.6198,0.8841,0.4011,0.0324,-0.3987,0.9699,0.4708
Wuzhou,111.28,23.47,2008,10,2008-10,57.97,105.71,0.3598,-0.7592,1.2044,0.6159,0.1426,-0.4771,1.2716,0.6824
Wuzhou,111.28,23.47,2008,11,2008-11,49.8,43.47,0.0379,-0.1493,0.9154,0.7567,-0.0881,-0.0887,0.979,0.8608
Wuzhou,111.28,23.47,2008,12,2008-12,18.91,23.84,-0.1618,-0.1814,-0.6542,0.7129,-0.0982,-0.1558,-0.3503,0.8804
Wuzhou,111.28,23.47,2009,1,2009-01,17.05,13.23,-0.7737,-0.7368,-1.1257,0.413,-0.3224,-0.4678,-0.8461,0.5929
Wuzhou,111.28,23.47,2009,2,2009-02,1.4,74.7,-2.6694,-2.2933,-1.315,0.1499,-3.09,-3.09,-2.4783,0.1394
Wuzhou,111.28,23.47,2009,3,2009-03,142.29,54.74,0.4098,-1.0805,-0.9377,0.3359,0.3473,-1.3955,-1.1438,0.3377
Wuzhou,111.28,23.47,2009,4,2009-04,173.7,86.46,0.1431,-0.2556,-0.8081,0.3363,0.3132,-0.5284,-0.8154,0.4284
Wuzhou,111.28,23.47,2009,5,2009-05,266.6,135.18,0.0188,0.1507,-0.6356,0.1468,0.0026,0.1622,-0.6272,0.3013
Wuzhou,111.28,23.47,2009,6,2009-06,248.4,159.09,-0.4123,-0.2517,-0.7218,-1.0084,-0.1268,-0.0117,-0.6093,-0.7835
Wuzhou,111.28,23.47,2009,7,2009-07,205.22,177.43,0.4492,-0.1156,-0.3321,-0.8744,0.3511,-0.0251,-0.2994,-0.7
Wuzhou,111.28,23.47,2009,8,2009-08,173.91,177.7,-0.284,-0.4175,-0.1668,-0.6394,-0.353,-0.3307,-0.1232,-0.5726
Wuzhou,111.28,23.47,2009,9,2009-09,122.7,149.75,-0.1917,-0.1362,-0.3421,-0.6713,-0.2956,-0.2347,-0.3272,-0.7193
Wuzhou,111.28,23.47,2009,10,2009-10,16.12,107.15,-0.7332,-0.889,-0.6967,-0.9731,-0.9817,-1.0545,-0.695,-0.9643
Wuzhou,111.28,23.47,2009,11,2009-11,76.8,35.75,0.4374,-0.4344,-0.6921,-0.8354,0.5066,-0.3701,-0.6358,-0.8284
Wuzhou,111.28,23.47,2009,12,2009-12,44.95,22.85,0.5932,-0.0495,-0.2196,-0.7621,0.6019,0.0367,-0.1252,-0.7786
Wuzhou,111.28,23.47,2010,1,2010-01,128.96,20.84,1.1713,0.8151,0.0127,-0.2585,1.1038,0.8676,0.164,-0.3765
Wuzhou,111.28,23.47,2010,2,2010-02,36.12,34.46,-0.3307,0.6955,0.0432,-0.1182,-0.3249,0.6565,0.1824,-0.049
Wuzhou,111.28,23.47,2010,3,2010-03,21.08,61.35,-2.6047,-0.7012,-0.6194,-0.6745,-1.6654,-0.5367,-0.3802,-0.5358
Wuzhou,111.28,23.47,2010,4,2010-04,208.5,77.07,0.5508,-0.7313,-0.0288,-0.5065,0.777,-0.5997,0.1498,-0.3224
Wuzhou,111.28,23.47,2010,5,2010-05,288.92,138.49,0.314,-0.3883,0.0514,-0.4161,0.2289,-0.3331,0.1513,-0.2094
Wuzhou,111.28,23.47,2010,6,2010-06,407.1,145.45,1.2038,1.0203,0.5814,0.2748,1.1882,1.1157,0.6863,0.4561
Wuzhou,111.28,23.47,2010,7,2010-07,168.64,176.13,-0.1395,0.7659,0.1554,0.1083,-0.2076,0.7857,0.3428,0.2545
Wuzhou,111.28,23.47,2010,8,2010-08,135.16,162.87,-0.8883,0.3063,-0.0697,-0.0322,-0.7387,0.4932,0.0902,0.1296
Wuzhou,111.28,23.47,2010,9,2010-09,248.1,137.51,1.7357,0.2724,0.9538,0.389,1.5873,0.3344,1.0992,0.4459
Wuzhou,111.28,23.47,2010,10,2010-10,26.97,73.71,-0.3419,0.1863,0.7973,0.4674,0.1609,0.6026,0.9702,0.6515
Wuzhou,111.28,23.47,2010,11,2010-11,3.0,43.22,-1.6827,0.2493,0.3368,0.188,-0.9943,0.5542,0.6104,0.3329
Wuzhou,111.28,23.47,2010,12,2010-12,46.19,23.58,0.6206,-0.9053,-0.2936,0.2129,0.6117,-0.3601,0.0926,0.3647
Wuzhou,111.28,23.47,2011,1,2011-01,22.94,5.15,-0.5568,-0.9423,-0.5555,-0.2036,0.0289,-0.5252,0.0882,0.148
Wuzhou,111.28,23.47,2011,2,2011-02,54.6,28.5,0.1284,-0.3926,-0.1513,-0.1422,0.2014,0.0177,0.4039,0.3393
Wuzhou,111.28,23.47,2011,3,2011-03,79.98,34.52,-0.6832,-1.1314,-1.4602,0.1605,-0.3823,-0.2864,-0.5283,0.6564
Wuzhou,111.28,23.47,2011,4,2011-04,71.4,99.59,-1.535,-1.3679,-1.8688,-0.4906,-1.6225,-1.0107,-1.2381,0.0302
Wuzhou,111.28,23.47,2011,5,2011-05,262.88,124.09,-0.032,-1.3703,-1.2102,-0.6228,0.0902,-0.9131,-0.6808,0.0482
Wuzhou,111.28,23.47,2011,6,2011-06,297.9,167.82,0.1512,-0.6281,-1.0823,-1.0307,0.2681,-0.41,-0.5895,-0.4039
Wuzhou,111.28,23.47,2011,7,2011-07,155.0,178.41,-0.3809,-0.1445,-0.9841,-1.056,-0.4511,-0.0416,-0.5813,-0.4958
Wuzhou,111.28,23.47,2011,8,2011-08,58.59,172.3,-2.5955,-1.5418,-1.7382,-1.2664,-3.09,-1.2895,-1.2301,-0.7577
Wuzhou,111.28,23.47,2011,9,2011-09,94.2,148.08,-0.8059,-2.0494,-1.7556,-1.898,-0.8,-1.7198,-1.3605,-1.2607
Wuzhou,111.28,23.47,2011,10,2011-10,123.69,85.74,1.2553,-1.3469,-0.9704,-1.7286,1.3119,-1.2249,-0.7454,-1.1599
Wuzhou,111.28,23.47,2011,11,2011-11,58.5,64.84,0.18,0.2323,-1.1133,-1.438,-0.3206,0.1591,-0.9808,-1.0395
Wuzhou,111.28,23.47,2011,12,2011-12,3.41,15.33,-1.2148,0.444,-1.2253,-1.7276,-0.414,0.4736,-0.9965,-1.1722
Wuzhou,111.28,23.47,2012,1,2012-01,99.82,10.5,0.8477,0.1151,-0.8924,-1.4577,0.9429,0.1591,-0.6165,-1.0001
Wuzhou,111.28,23.47,2012,2,2012-02,53.36,22.14,0.1012,0.0683,0.1016,-1.6633,0.2952,0.4527,0.3814,-1.1446
Wuzhou,111.28,23.47,2012,3,2012-03,111.6,56.23,-0.0761,0.2851,0.3208,-1.3054,-0.2176,0.5686,0.5978,-0.9461
Wuzhou,111.28,23.47,2012,4,2012-04,287.7,103.79,1.3356,0.7819,0.5573,-0.2587,1.2489,0.8243,0.5868,-0.0694
Wuzhou,111.28,23.47,2012,5,2012-05,221.03,153.3,-0.6398,0.4497,0.3355,-0.4476,-0.7481,0.1687,0.369,-0.3099
Wuzhou,111.28,23.47,2012,6,2012-06,272.7,161.39,-0.1271,0.3232,0.3568,-0.5009,0.0968,0.2829,0.3744,-0.2968
Wuzhou,111.28,23.47,2012,7,2012-07,180.42,171.97,0.0587,-0.4214,0.1372,-0.3913,0.0415,-0.36,0.1758,-0.2329
Wuzhou,111.28,23.47,2012,8,2012-08,143.22,170.93,-0.7537,-0.7048,-0.1337,-0.0511,-0.7387,-0.4934,-0.2118,0.0168
Wuzhou,111.28,23.47,2012,9,2012-09,84.9,123.42,-1.0338,-0.9775,-0.345,-0.0857,-0.5022,-0.6483,-0.3262,-0.0644
Wuzhou,111.28,23.47,2012,10,2012-10,92.07,107.96,0.8774,-0.7993,-0.9562,-0.2464,0.6548,-0.4376,-0.7936,-0.3311
Wuzhou,111.28,23.47,2012,11,2012-11,155.4,48.89,1.2278,0.7647,-0.0752,0.1426,1.4957,0.782,-0.033,0.1005
Wuzhou,111.28,23.47,2012,12,2012-12,62.0,19.43,0.934,1.4204,0.2557,0.3956,0.9495,1.3041,0.401,0.3251
Wuzhou,111.28,23.47,2013,1,2013-01,16.74,14.72,-0.7865,0.6989,-0.0483,0.1129,-0.3826,0.7402,0.2711,0.121
Wuzhou,111.28,23.47,2013,2,2013-02,21.84,39.28,-0.8184,-0.7703,0.1013,-0.0458,-0.898,-0.5246,0.3384,-0.0308
Wuzhou,111.28,23.47,2013,3,2013-03,213.59,75.97,1.3183,0.1416,1.0119,0.4393,1.3426,0.0744,0.8787,0.3241
Wuzhou,111.28,23.47,2013,4,2013-04,196.5,83.85,0.4157,0.6376,0.8418,-0.0315,0.5889,0.5288,0.8168,0.0486
Wuzhou,111.28,23.47,2013,5,2013-05,277.14,139.75,0.1601,0.9515,0.3978,0.2277,0.0736,0.8885,0.3648,0.3775
Wuzhou,111.28,23.47,2013,6,2013-06,189.9,160.76,-1.1869,-0.4166,-0.3414,-0.1106,-0.9719,-0.1764,-0.2441,0.1086
Wuzhou,111.28,23.47,2013,7,2013-07,186.62,168.32,0.1595,-0.5619,-0.0765,-0.0975,0.1982,-0.3747,0.0015,0.0606
Wuzhou,111.28,23.47,2013,8,2013-08,404.86,164.85,2.1586,0.8753,1.0585,0.7925,2.158,0.9117,1.0653,0.8003
Wuzhou,111.28,23.47,2013,9,2013-09,196.8,128.17,1.0488,1.9275,0.9328,1.1265,1.0958,2.0055,1.0371,1.1542
Wuzhou,111.28,23.47,2013,10,2013-10,1.24,79.59,-2.1342,1.8908,0.6911,0.9514,-0.5523,1.6308,0.816,1.1201
Wuzhou,111.28,23.47,2013,11,2013-11,140.7,44.23,1.1038,0.8214,1.1791,0.8896,1.3532,1.044,1.4479,1.0082
Wuzhou,111.28,23.47,2013,12,2013-12,130.51,9.93,1.8981,1.1601,2.0075,1.209,1.8497,1.3393,1.8639,1.5393
Wuzhou,111.28,23.47,2014,1,2014-01,1.55,18.23,-2.093,0.9624,1.7971,1.3262,-3.09,1.0415,1.6221,1.5045
Wuzhou,111.28,23.47,2014,2,2014-02,42.84,18.73,-0.1483,0.2972,0.704,1.5851,0.1637,0.624,1.0383,1.8994
Wuzhou,111.28,23.47,2014,3,2014-03,171.43,55.58,0.8105,-0.301,0.5676,1.2552,0.8895,0.0854,0.9077,1.5438
Wuzhou,111.28,23.47,2014,4,2014-04,189.6,99.04,0.3355,0.4349,0.8981,1.0519,0.3509,0.5107,1.0651,1.256
Wuzhou,111.28,23.47,2014,5,2014-05,345.96,139.75,1.0055,1.0935,0.9138,1.3978,0.899,1.1428,0.983,1.5255
Wuzhou,111.28,23.47,2014,6,2014-06,228.3,175.56,-0.6628,0.2179,0.0086,1.4224,-0.581,0.2132,0.0843,1.4309
Wuzhou,111.28,23.47,2014,7,2014-07,216.69,184.83,0.6193,0.3294,0.4787,1.4385,0.4173,0.2008,0.4426,1.4181
Wuzhou,111.28,23.47,2014,8,2014-08,252.65,167.93,0.7079,0.1951,0.7694,0.8458,0.7628,0.0854,0.6128,0.9185
Wuzhou,111.28,23.47,2014,9,2014-09,81.9,145.87,-1.1111,0.2672,0.2867,0.4643,-1.0114,0.1718,0.0937,0.4578
Wuzhou,111.28,23.47,2014,10,2014-10,21.7,104.24,-0.5139,-0.3846,0.035,0.5894,-0.679,-0.2057,-0.1993,0.4547
Wuzhou,111.28,23.47,2014,11,2014-11,78.9,55.71,0.4642,-0.8532,-0.4205,0.3565,0.208,-0.8857,-0.5835,0.1968
Wuzhou,111.28,23.47,2014,12,2014-12,53.01,15.53,0.7632,0.1244,0.1783,0.0734,0.8707,0.0961,0.19,-0.0946
Wuzhou,111.28,23.47,2015,1,2015-01,69.13,21.7,0.4322,0.4495,-0.0284,0.4322,0.4982,0.4454,0.1463,0.2851
Wuzhou,111.28,23.47,2015,2,2015-02,21.28,39.57,-0.8418,-0.1077,-0.8276,0.3698,-0.9297,0.0192,-0.8072,0.1865
Wuzhou,111.28,23.47,2015,3,2015-03,41.54,70.44,-1.7133,-1.5641,-0.9546,-0.2573,-1.5077,-1.839,-1.0494,-0.3989
Wuzhou,111.28,23.47,2015,4,2015-04,51.9,108.78,-2.0382,-2.6622,-1.5195,-0.8922,-2.8048,-2.278,-1.5151,-0.9605
Wuzhou,111.28,23.47,2015,5,2015-05,461.59,155.95,2.2066,-0.076,-0.1316,-0.3845,2.1168,-0.4877,-0.3175,-0.5513
Wuzhou,111.28,23.47,2015,6,2015-06,179.7,173.17,-1.3382,-0.2227,-0.8663,-0.5416,-1.5148,-0.3194,-0.9713,-0.6388
Wuzhou,111.28,23.47,2015,7,2015-07,236.53,167.06,0.9,0.8412,-0.5796,-0.4521,1.0486,0.6703,-0.6343,-0.5005
Wuzhou,111.28,23.47,2015,8,2015-08,122.45,168.4,-1.1124,-1.2639,-0.7762,-0.9003,-1.0739,-0.9837,-0.8324,-0.9092
Wuzhou,111.28,23.47,2015,9,2015-09,182.7,138.84,0.8401,0.191,-0.1134,-0.5141,0.7784,0.2775,-0.2516,-0.651
Wuzhou,111.28,23.47,2015,10,2015-10,185.69,96.03,1.8495,0.9524,1.3255,0.0557,1.8142,0.9217,1.147,-0.2442
Wuzhou,111.28,23.47,2015,11,2015-11,128.1,56.59,0.9909,2.0489,0.6415,0.2494,0.9854,1.8425,0.5158,-0.0329
Wuzhou,111.28,23.47,2015,12,2015-12,137.33,19.21,1.9749,2.267,1.6934,0.6073,1.8268,2.1352,1.4716,0.277
Wuzhou,111.28,23.47,2016,1,2016-01,299.15,16.0,2.489,2.4435,2.6403,1.6783,2.1565,2.3185,1.9681,1.4563
Wuzhou,111.28,23.47,2016,2,2016-02,23.49,14.92,-0.752,2.7301,3.09,1.8954,-0.1599,2.2944,2.4071,1.7801
Wuzhou,111.28,23.47,2016,3,2016-03,138.88,48.39,0.3595,2.1022,2.7358,2.0949,0.4013,1.9358,2.2545,1.9993
Wuzhou,111.28,23.47,2016,4,2016-04,238.2,110.13,0.8647,0.4105,2.2566,2.4736,0.7442,0.4838,2.3713,2.2117
Wuzhou,111.28,23.47,2016,5,2016-05,301.94,139.76,0.4793,0.8917,2.1613,2.0511,0.3692,0.821,2.0945,1.8339
Wuzhou,111.28,23.47,2016,6,2016-06,210.6,170.36,-0.8962,0.1382,1.1661,1.9856,-0.774,0.1119,1.0851,1.7135
Wuzhou,111.28,23.47,2016,7,2016-07,167.09,178.25,-0.1662,-0.3843,-0.1048,1.6519,-0.2642,-0.339,0.0045,1.4878
Wuzhou,111.28,23.47,2016,8,2016-08,277.14,169.53,0.9737,-0.1737,0.4393,1.9603,1.0013,-0.1549,0.3129,1.8126
Wuzhou,111.28,23.47,2016,9,2016-09,139.8,131.63,0.1314,0.5218,0.3823,1.8125,0.2745,0.54,0.2404,2.1113
Wuzhou,111.28,23.47,2016,10,2016-10,73.47,107.73,0.6146,0.9485,0.1753,1.6907,0.3761,0.8864,0.0247,2.3629
Wuzhou,111.28,23.47,2016,11,2016-11,138.3,48.15,1.0828,0.9336,0.4528,1.7025,1.262,0.8741,0.3037,2.0545
Wuzhou,111.28,23.47,2016,12,2016-12,9.92,27.26,-0.6111,0.7635,0.7488,1.3614,-0.8162,0.6288,0.6983,1.4742
Wuzhou,111.28,23.47,2017,1,2017-01,35.03,30.81,-0.2155,0.3041,0.7033,0.44,-0.3097,0.2077,0.6936,0.323
Wuzhou,111.28,23.47,2017,2,2017-02,35.56,29.47,-0.347,-1.1506,0.0944,0.5474,-0.2173,-1.2766,0.1968,0.4151
Wuzhou,111.28,23.47,2017,3,2017-03,180.11,61.27,0.9211,0.1245,0.4657,0.6855,0.9498,0.1441,0.4535,0.4928
Wuzhou,111.28,23.47,2017,4,2017-04,107.4,94.91,-0.8209,-0.2066,-0.0932,0.035,-0.7285,-0.2347,-0.1425,0.041
Wuzhou,111.28,23.47,2017,5,2017-05,221.65,136.41,-0.6303,-0.4705,-0.8415,-0.305,-0.5429,-0.5106,-0.7569,-0.2072
Wuzhou,111.28,23.47,2017,6,2017-06,188.4,165.96,-1.2088,-1.4687,-1.2168,-0.357,-1.1083,-1.2794,-1.0042,-0.1995
Wuzhou,111.28,23.47,2017,7,2017-07,264.43,174.84,1.2699,-0.4192,-0.5517,0.0226,1.4017,-0.3056,-0.3691,0.0822
Wuzhou,111.28,23.47,2017,8,2017-08,222.89,171.99,0.3611,0.0082,-0.2955,-0.1668,0.3791,0.0388,-0.2956,-0.1322
Wuzhou,111.28,23.47,2017,9,2017-09,118.2,157.98,-0.2817,0.6835,-0.7017,-0.2439,-0.5257,0.5128,-0.6783,-0.4001
Wuzhou,111.28,23.47,2017,10,2017-10,47.43,93.0,0.1593,-0.0369,-0.4992,-0.4075,0.1822,0.06,-0.5241,-0.5507
Wuzhou,111.28,23.47,2017,11,2017-11,102.0,47.61,0.7321,0.1427,0.0265,-0.5429,0.7207,0.0799,-0.1035,-0.6118
Wuzhou,111.28,23.47,2017,12,2017-12,13.64,20.18,-0.3992,0.2232,0.5446,-0.5521,-0.1608,0.322,0.5251,-0.6021
Wuzhou,111.28,23.47,2018,1,2018-01,88.66,18.99,0.7078,0.4752,0.205,-0.3089,0.7531,0.513,0.3444,-0.3065
Wuzhou,111.28,23.47,2018,2,2018-02,23.8,24.16,-0.7399,-0.3567,-0.2189,-0.4217,-0.3765,-0.0263,0.0219,-0.3398
Wuzhou,111.28,23.47,2018,3,2018-03,84.94,72.59,-0.5782,-0.5448,-0.3261,-0.8292,-0.9054,-0.3799,-0.0555,-0.7046
Wuzhou,111.28,23.47,2018,4,2018-04,132.0,102.71,-0.4254,-0.9839,-0.5044,-0.6891,-0.4511,-1.0282,-0.483,-0.5948
Wuzhou,111.28,23.47,2018,5,2018-05,158.72,158.81,-1.7114,-1.7768,-1.4833,-1.012,-1.5353,-1.5934,-1.4028,-1.0261
Wuzhou,111.28,23.47,2018,6,2018-06,287.1,162.73,0.0339,-1.0122,-1.1724,-0.4831,0.2176,-1.0119,-1.0795,-0.4155
Wuzhou,111.28,23.47,2018,7,2018-07,196.54,180.04,0.3162,-0.6407,-1.2139,-0.7534,0.1694,-0.6239,-1.0984,-0.7182
Wuzhou,111.28,23.47,2018,8,2018-08,287.37,170.89,1.0802,0.7938,-0.4938,-0.4438,1.0899,0.7072,-0.6331,-0.4626
Wuzhou,111.28,23.47,2018,9,2018-09,197.4,134.62,1.0575,1.2256,0.0093,-0.1583,1.023,1.1608,-0.137,-0.2684
Wuzhou,111.28,23.47,2018,10,2018-10,99.51,76.07,0.973,1.7432,0.5155,0.0055,1.1521,1.5082,0.4048,-0.1455
Wuzhou,111.28,23.47,2018,11,2018-11,43.2,52.41,-0.0818,0.8336,1.1234,-0.2196,-0.3746,0.972,1.1677,-0.3087
Wuzhou,111.28,23.47,2018,12,2018-12,39.37,23.76,0.4635,0.4107,1.054,-0.1169,0.4697,0.5583,1.0303,-0.2446
Wuzhou,111.28,23.47,2019,1,2019-01,14.57,22.25,-0.882,-0.5822,0.749,-0.432,-0.8748,-0.5419,0.8676,-0.4368
Wuzhou,111.28,23.47,2019,2,2019-02,122.92,42.39,1.2363,0.3208,0.7274,0.0272,1.0371,0.2574,0.8088,-0.0951
Wuzhou,111.28,23.47,2019,3,2019-03,203.98,61.84,1.2086,1.0731,0.7863,0.5777,1.4414,0.8783,0.8316,0.4584
Wuzhou,111.28,23.47,2019,4,2019-04,261.9,111.36,1.0973,1.6362,0.9473,0.9737,0.9571,1.6133,0.7524,0.8356
Wuzhou,111.28,23.47,2019,5,2019-05,260.09,132.99,-0.0704,1.2275,1.0236,1.4443,-0.0488,1.2192,0.8281,1.3138
Wuzhou,111.28,23.47,2019,6,2019-06,237.6,168.76,-0.5451,0.1921,0.6329,1.1525,-0.3648,0.1972,0.471,1.0471
Wuzhou,111.28,23.47,2019,7,2019-07,194.37,179.88,0.2824,-0.3009,0.8927,1.074,0.1374,-0.2328,0.6973,0.965
Wuzhou,111.28,23.47,2019,8,2019-08,297.6,180.59,1.1842,0.4606,1.0001,1.0166,1.095,0.3088,0.7953,0.8877
Wuzhou,111.28,23.47,2019,9,2019-09,69.3,135.4,-1.4589,0.3461,0.3148,0.5975,-1.0578,0.2634,0.1369,0.4333
Wuzhou,111.28,23.47,2019,10,2019-10,31.31,102.92,-0.2176,0.0637,-0.3232,0.4102,-0.37,0.179,-0.3941,0.0667
Wuzhou,111.28,23.47,2019,11,2019-11,1.2,58.99,-2.0677,-2.1623,-0.7802,0.2516,-1.3798,-1.8968,-0.803,-0.0619
Wuzhou,111.28,23.47,2019,12,2019-12,2.17,32.59,-1.4326,-1.8374,-0.5024,0.1245,-3.09,-2.0746,-0.4871,-0.2232
Wuzhou,111.28,23.47,2020,1,2020-01,41.23,35.88,-0.0725,-1.4646,-0.8563,0.3053,-0.2751,-1.9974,-1.1679,-0.0648
Wuzhou,111.28,23.47,2020,2,2020-02,124.12,38.29,1.2516,0.207,-1.4058,0.341,1.1046,-0.0506,-3.09,0.0019
Wuzhou,111.28,23.47,2020,3,2020-03,217.62,69.61,1.3633,1.4518,0.0962,0.3805,1.5722,1.0546,-0.0877,0.0467
Wuzhou,111.28,23.47,2020,4,2020-04,143.1,68.27,-0.2634,0.9974,0.0532,-0.203,0.1679,1.1203,-0.0747,-0.2272
Wuzhou,111.28,23.47,2020,5,2020-05,204.91,157.63,-0.8948,0.0121,0.079,-0.4489,-0.9868,-0.1215,-0.0748,-0.5362
Wuzhou,111.28,23.47,2020,6,2020-06,200.1,171.14,-1.041,-1.2325,-0.2559,-0.5542,-0.9755,-1.0311,-0.2967,-0.5963
Wuzhou,111.28,23.47,2020,7,2020-07,82.46,203.72,-1.9983,-1.8304,-0.6932,-1.009,-1.8494,-1.7498,-0.7002,-1.1323
Wuzhou,111.28,23.47,2020,8,2020-08,221.34,173.6,0.3422,-1.6211,-0.9082,-1.2205,0.341,-1.6094,-0.9299,-1.2557
Wuzhou,111.28,23.47,2020,9,2020-09,168.0,144.5,0.6109,-0.3946,-1.2795,-0.8236,0.4986,-0.5887,-1.1602,-0.9824
Wuzhou,111.28,23.47,2020,10,2020-10,44.02,84.41,0.088,0.4156,-1.4698,-0.9113,0.2736,0.5669,-1.3224,-1.0228
Wuzhou,111.28,23.47,2020,11,2020-11,1.8,64.03,-1.9038,-0.456,-1.6779,-0.8875,-1.4821,-0.3918,-1.4527,-1.0008
Wuzhou,111.28,23.47,2020,12,2020-12,11.47,20.65,-0.5167,-1.2656,-0.9629,-0.8921,-0.2751,-1.0161,-0.9282,-0.9754
Wuzhou,111.28,23.47,2021,1,2021-01,8.06,22.5,-1.256,-2.1534,-0.7641,-1.1108,-3.09,-2.0979,-0.5823,-1.0771
Wuzhou,111.28,23.47,2021,2,2021-02,94.36,51.27,0.8401,-0.5466,-0.8105,-1.4365,0.4976,-0.6586,-0.8451,-1.4597
Wuzhou,111.28,23.47,2021,3,2021-03,57.66,79.26,-1.2219,-1.0908,-1.6352,-2.1378,-1.4046,-1.6537,-3.09,-1.9641
Wuzhou,111.28,23.47,2021,4,2021-04,135.3,110.06,-0.3763,-0.5253,-1.5831,-2.0181,-0.5149,-0.9826,-1.8298,-2.307
Wuzhou,111.28,23.47,2021,5,2021-05,161.82,169.14,-1.6518,-2.0089,-1.7449,-2.3502,-1.6184,-1.8391,-1.9954,-3.09
Wuzhou,111.28,23.47,2021,6,2021-06,254.7,176.52,-0.3366,-1.2046,-1.5807,-1.8572,-0.2519,-1.4895,-1.8369,-3.09
Wuzhou,111.28,23.47,2021,7,2021-07,97.03,200.37,-1.6104,-1.6136,-1.7266,-1.7172,-1.6049,-1.6695,-1.9889,-2.0391
Wuzhou,111.28,23.47,2021,8,2021-08,196.23,179.95,0.0233,-1.1713,-1.879,-1.6716,-0.0643,-1.3049,-1.835,-1.8355
Wuzhou,111.28,23.47,2021,9,2021-09,58.5,179.57,-1.7947,-1.5557,-1.9815,-2.132,-2.626,-1.8652,-1.9695,-1.9778
Wuzhou,111.28,23.47,2021,10,2021-10,87.42,98.26,0.8152,-0.5432,-1.9486,-2.2478,0.7252,-0.9347,-1.8718,-1.9659
Wuzhou,111.28,23.47,2021,11,2021-11,35.1,49.77,-0.2477,-0.8731,-1.5848,-2.0407,-0.4789,-1.1773,-1.6058,-1.885
Wuzhou,111.28,23.47,2021,12,2021-12,19.84,27.22,-0.125,0.0014,-1.2198,-2.1158,-0.1955,-0.014,-1.5637,-1.9266
Wuzhou,111.28,23.47,2022,1,2022-01,50.84,28.55,0.1221,-0.4732,-0.8163,-2.0596,0.1165,-0.5243,-1.3793,-2.1233
Wuzhou,111.28,23.47,2022,2,2022-02,213.08,11.8,2.1987,1.4081,0.3473,-1.6111,2.2784,1.2684,0.2783,-1.9506
Wuzhou,111.28,23.47,2022,3,2022-03,165.54,75.14,0.7333,1.846,1.0704,-0.8695,0.3998,1.544,0.9897,-1.2563
Wuzhou,111.28,23.47,2022,4,2022-04,120.6,86.57,-0.6017,1.0908,0.504,-0.9025,-0.3786,1.2514,0.5006,-1.1988
Wuzhou,111.28,23.47,2022,5,2022-05,343.79,117.43,0.9806,0.5238,1.08,-0.0958,1.1433,0.5427,1.1069,-0.2019
Wuzhou,111.28,23.47,2022,6,2022-06,403.2,159.7,1.1697,0.8181,1.5515,0.51,1.0809,0.9472,1.484,0.4396
Wuzhou,111.28,23.47,2022,7,2022-07,190.03,182.18,0.214,1.1712,1.5963,0.8026,0.0321,1.1457,1.542,0.6857
Wuzhou,111.28,23.47,2022,8,2022-08,169.88,172.93,-0.3423,0.7312,0.7161,0.6516,-0.3419,0.645,0.6943,0.5571
Wuzhou,111.28,23.47,2022,9,2022-09,111.0,153.12,-0.4307,-0.4024,0.4003,0.8074,-0.5698,-0.492,0.3824,0.7428
Wuzhou,111.28,23.47,2022,10,2022-10,17.05,102.7,-0.6932,-1.0713,0.5645,0.6493,-0.7815,-1.2532,0.4237,0.51
Wuzhou,111.28,23.47,2022,11,2022-11,150.9,76.23,1.1907,0.2582,0.6862,1.0584,1.0331,-0.1298,0.27,0.8903
Wuzhou,111.28,23.47,2022,12,2022-12,9.61,12.56,-0.6313,0.3673,-0.1645,1.0942,-0.0267,0.1727,-0.2364,1.0002
Wuzhou,111.28,23.47,2023,1,2023-01,96.41,18.76,0.8061,0.8574,-0.0448,1.4485,0.8333,0.729,-0.0204,1.3828
Wuzhou,111.28,23.47,2023,2,2023-02,42.84,36.99,-0.1483,-0.0338,0.0605,0.8184,-0.2229,0.1748,-0.0101,0.658
Wuzhou,111.28,23.47,2023,3,2023-03,154.69,73.86,0.5863,0.6004,0.46,0.698,0.2252,0.4698,0.3587,0.5493
Wuzhou,111.28,23.47,2023,4,2023-04,135.3,100.25,-0.3763,-0.1238,0.4161,0.634,-0.3634,-0.3625,0.1903,0.5065
Wuzhou,111.28,23.47,2023,5,2023-05,172.05,150.92,-1.4605,-0.9015,-0.6964,-0.0502,-1.2903,-1.033,-0.7098,-0.1967
Wuzhou,111.28,23.47,2023,6,2023-06,237.3,183.67,-0.5489,-1.2587,-0.786,-0.7258,-0.5682,-1.3678,-0.8736,-0.9379
Wuzhou,111.28,23.47,2023,7,2023-07,194.68,195.85,0.2873,-0.9151,-0.8961,-0.6882,-0.1095,-1.0162,-1.0323,-0.9161
Wuzhou,111.28,23.47,2023,8,2023-08,195.92,178.5,0.0192,-0.4141,-0.7967,-0.5275,-0.0487,-0.6659,-1.004,-0.7734
Wuzhou,111.28,23.47,2023,9,2023-09,281.4,146.42,2.1341,1.1612,-0.2067,0.0792,1.8512,0.8612,-0.512,-0.3331
Wuzhou,111.28,23.47,2023,10,2023-10,136.4,95.82,1.3899,1.9752,0.4627,0.5283,1.3399,1.4636,-0.0075,-0.0208
Wuzhou,111.28,23.47,2023,11,2023-11,22.8,56.59,-0.5629,1.6473,0.8558,0.0415,-0.86,1.4318,0.3703,-0.3391
Wuzhou,111.28,23.47,2023,12,2023-12,27.9,26.75,0.1519,0.458,1.0317,0.1273,0.1054,0.3723,0.7651,-0.3384
Wuzhou,111.28,23.47,2024,1,2024-01,60.76,27.14,0.2982,-0.4049,1.0007,0.0254,0.3061,-0.5159,0.8383,-0.415
Wuzhou,111.28,23.47,2024,2,2024-02,36.83,29.85,-0.3104,-0.3659,1.0628,-0.0124,-0.1963,-0.3003,0.8954,-0.4359
Wuzhou,111.28,23.47,2024,3,2024-03,97.34,69.69,-0.333,-0.5786,-0.1619,-0.2667,-0.6687,-0.5538,-0.1106,-0.5736
Wuzhou,111.28,23.47,2024,4,2024-04,455.1,131.87,2.6244,1.6389,1.0245,0.9961,2.2586,1.4968,0.6813,0.532
Wuzhou,111.28,23.47,2024,5,2024-05,263.81,130.71,-0.0193,1.8354,1.2234,1.4299,0.0225,1.9968,0.912,0.9881
Wuzhou,111.28,23.47,2024,6,2024-06,421.5,162.76,1.3282,2.1995,1.7201,1.9501,1.1713,1.778,1.3552,1.4406
Wuzhou,111.28,23.47,2024,7,2024-07,222.27,184.51,0.6999,1.0089,1.8572,1.9286,0.5141,0.9102,1.4832,1.4947
Wuzhou,111.28,23.47,2024,8,2024-08,189.72,179.5,-0.0638,1.2746,1.8344,1.7472,-0.1487,1.0405,1.6637,1.4004
Wuzhou,111.28,23.47,2024,9,2024-09,154.8,149.05,0.3937,0.3891,2.0396,1.3541,0.238,0.1799,1.8595,1.0926
Wuzhou,111.28,23.47,2024,10,2024-10,24.8,92.52,-0.4095,-0.2413,0.8089,1.1476,-0.2743,-0.1029,0.5985,0.8005
Wuzhou,111.28,23.47,2024,11,2024-11,27.6,61.83,-0.4279,-0.5365,0.6773,1.1515,-0.869,-0.5745,0.3634,0.7797
Wuzhou,111.28,23.47,2024,12,2024-12,0.31,25.22,-2.2084,-1.3658,-0.3485,1.1289,-3.09,-1.2813,-0.3608,0.7339
Wuzhou,111.28,23.47,2025,1,2025-01,10.23,27.57,-1.1114,-1.621,-1.1411,1.0893,-3.09,-1.809,-1.6857,0.6655
Wuzhou,111.28,23.47,2025,2,2025-02,10.08,33.92,-1.4518,-3.0374,-1.8862,1.0927,-1.1571,-3.09,-3.09,0.6666
Wuzhou,111.28,23.47,2025,3,2025-03,89.28,60.78,-0.4897,-1.9939,-2.3057,0.956,-0.6552,-2.2787,-3.09,0.5982
Wuzhou,111.28,23.47,2025,4,2025-04,73.5,126.99,-1.4871,-1.7786,-2.585,-0.7793,-2.5987,-1.7954,-2.5026,-0.8783
Wuzhou,111.28,23.47,2025,5,2025-05,367.66,140.17,1.2488,-0.2846,-1.1147,-0.3246,1.1571,-0.6074,-1.1997,-0.4849
Wuzhou,111.28,23.47,2025,6,2025-06,331.8,167.05,0.5018,0.2727,-0.5294,-0.6611,0.5501,0.1563,-0.6091,-0.7919
Wuzhou,111.28,23.47,2025,7,2025-07,220.41,187.34,0.6731,1.077,-0.0391,-0.6533,0.4371,0.889,-0.1804,-0.7825
Wuzhou,111.28,23.47,2025,8,2025-08,325.5,167.16,1.4568,1.6007,0.7856,-0.0993,1.4828,1.3643,0.5034,-0.2563
Wuzhou,111.28,23.47,2025,9,2025-09,148.8,147.67,0.2909,1.3173,1.005,-0.122,0.1673,1.1394,0.6808,-0.3909
Wuzhou,111.28,23.47,2025,10,2025-10,29.76,106.47,-0.2605,1.0699,1.6258,-0.1408,-0.5058,0.8938,1.3975,-0.5339
Wuzhou,111.28,23.47,2025,11,2025-11,30.6,44.87,-0.352,-0.5125,0.972,-0.1205,-0.4712,-0.5055,0.7144,-0.4232
Wuzhou,111.28,23.47,2025,12,2025-12,34.1,38.44,0.3292,-0.6125,0.6586,0.0207,-0.0765,-0.7634,0.4995,-0.372

# 数据来源: 基于NASA POWER降水和气温数据计算得到
# 变量说明: 月降水量/月潜在蒸散发(PET)/SPI标准降水指数(1/3/6/12月尺度)/SPEI标准降水蒸散发指数(1/3/6/12月尺度)
# 时间范围: 2005-2025 | 空间范围: 广西8个代表性城市
# 计算方法: PET采用Thornthwaite公式; SPI采用Gamma分布拟合; SPEI采用Pearson Type III分布拟合
# 计算工具: Python climate-indices包(v2.4.0), 校准期2005-2024年, 遵循WMO标准
# 指数判读: SPI/SPEI > 0偏湿, < 0偏干, < -1中度干旱, < -2极端干旱
