station,longitude,latitude,year,month,date,比湿_gkg_500hPa,比湿_gkg_700hPa,比湿_gkg_850hPa,比湿_gkg_925hPa,比湿_gkg_1000hPa,水汽通量_kg_ms_500hPa,水汽通量_kg_ms_700hPa,水汽通量_kg_ms_850hPa,水汽通量_kg_ms_925hPa,水汽通量_kg_ms_1000hPa,温度_℃_200hPa,温度_℃_500hPa,温度_℃_700hPa,温度_℃_850hPa,温度_℃_925hPa,温度_℃_1000hPa,露点温度_℃_500hPa,露点温度_℃_700hPa,露点温度_℃_850hPa,露点温度_℃_925hPa,露点温度_℃_1000hPa,风向_度_200hPa,风向_度_500hPa,风向_度_700hPa,风向_度_850hPa,风向_度_925hPa,风向_度_1000hPa,风速_ms_200hPa,风速_ms_500hPa,风速_ms_700hPa,风速_ms_850hPa,风速_ms_925hPa,风速_ms_1000hPa,K指数_℃,Showalter指数_℃,LCL高度_m_850hPa,整层水汽通量_kg_ms
Baise,107.5,25.0,2005,1,2005-01,0.889,3.465,5.792,6.472,7.703,0.002749,0.005354,0.002392,0.001811,0.001596,-53.05,-9.76,3.91,6.18,8.51,12.16,-26.39,-6.12,3.48,6.27,9.95,260.85,269.21,268.64,192.11,120.68,100.2,54.6,30.32,15.15,4.05,2.74,2.03,9.39,9.21,337.25,0.013903
Baise,107.5,25.0,2005,2,2005-02,0.72,4.447,7.918,8.656,10.355,0.002103,0.008043,0.004801,0.003197,0.003049,-51.57,-11.19,4.85,10.04,12.05,15.95,-28.68,-2.82,7.95,10.51,14.38,263.39,268.7,260.62,195.51,127.6,107.74,57.09,28.65,17.74,5.95,3.62,2.89,21.5,-0.84,261.7,0.021194
Baise,107.5,25.0,2005,3,2005-03,1.248,4.926,7.979,9.143,10.992,0.002732,0.006324,0.003106,0.00249,0.002096,-51.74,-10.57,4.47,10.03,13.26,17.27,-22.62,-1.45,8.06,11.32,15.29,267.06,271.81,263.98,187.98,128.16,112.31,50.72,21.47,12.59,3.82,2.67,1.87,22.74,-0.35,246.52,0.016748
Baise,107.5,25.0,2005,4,2005-04,1.332,6.008,10.438,12.565,15.113,0.002461,0.006392,0.004527,0.002793,0.002338,-52.88,-7.45,7.91,15.78,19.7,23.89,-21.88,1.26,12.01,16.12,20.24,261.25,269.34,262.73,205.78,163.48,145.47,39.0,18.12,10.43,4.25,2.18,1.52,28.59,-8.7,471.1,0.018512
Baise,107.5,25.0,2005,5,2005-05,2.099,7.542,13.628,17.31,20.267,0.002796,0.007292,0.007558,0.005171,0.004421,-50.83,-5.08,10.41,19.54,23.4,27.3,-16.58,4.43,16.04,21.12,24.93,264.64,257.22,248.47,196.67,156.67,125.1,22.04,13.06,9.48,5.44,2.93,2.14,34.69,-17.98,436.99,0.027237
Baise,107.5,25.0,2005,6,2005-06,4.264,10.043,15.796,20.005,23.66,0.00182,0.003301,0.004712,0.004256,0.004409,-48.67,-2.47,11.64,20.09,24.27,28.35,-7.81,8.54,18.32,23.43,27.46,310.08,267.26,246.22,185.89,150.73,111.51,5.53,4.18,3.22,2.93,2.09,1.83,37.78,-20.0,220.82,0.018498
Baise,107.5,25.0,2005,7,2005-07,2.787,7.908,14.239,19.521,22.71,0.000768,0.003416,0.007478,0.006554,0.005283,-48.76,-2.92,11.79,20.72,24.73,28.54,-13.15,5.1,16.72,23.03,26.79,70.11,174.27,201.9,180.78,160.3,148.26,8.96,2.7,4.24,5.15,3.29,2.28,33.67,-18.57,500.39,0.023499
Baise,107.5,25.0,2005,8,2005-08,3.193,8.75,14.053,19.106,22.306,0.000317,0.001386,0.005183,0.005397,0.004533,-49.04,-2.7,11.43,19.99,24.01,27.86,-11.47,6.55,16.52,22.69,26.5,40.68,115.51,156.07,124.52,99.77,86.84,10.79,0.98,1.55,3.62,2.77,1.99,34.32,-17.13,434.35,0.016817
Baise,107.5,25.0,2005,9,2005-09,2.791,7.022,12.338,16.76,19.438,0.000472,0.001596,0.00418,0.003999,0.002681,-49.85,-3.77,9.77,18.43,22.42,26.11,-13.13,3.43,14.53,20.61,24.26,64.51,121.68,118.41,101.99,71.56,51.6,3.58,1.66,2.23,3.32,2.34,1.35,30.39,-12.33,487.81,0.012927
Baise,107.5,25.0,2005,10,2005-10,2.278,6.905,10.213,12.934,15.209,0.002132,0.003042,0.002431,0.003367,0.002381,-51.61,-5.53,7.91,14.22,18.02,21.81,-15.6,3.2,11.69,16.57,20.34,271.12,262.43,251.23,117.0,72.91,58.59,13.34,9.18,4.32,2.33,2.55,1.53,26.72,-4.71,316.57,0.013353
Baise,107.5,25.0,2005,11,2005-11,1.457,5.382,9.024,10.984,12.992,0.003019,0.00573,0.00245,0.002138,0.001622,-52.38,-6.62,5.76,11.31,15.01,18.78,-20.85,-0.25,9.86,14.07,17.87,263.29,263.98,256.94,182.58,120.19,110.06,34.69,20.32,10.44,2.66,1.91,1.22,21.78,-0.12,181.65,0.014959
Baise,107.5,25.0,2005,12,2005-12,1.445,4.138,4.964,5.692,6.611,0.003814,0.005029,0.001213,0.0019,0.001407,-52.95,-7.52,3.52,5.31,7.93,11.22,-20.95,-3.78,1.33,4.44,7.71,256.68,270.75,264.32,129.07,84.74,71.56,39.53,25.88,11.92,2.4,3.27,2.09,6.86,14.19,497.3,0.013363
Baise,107.5,25.0,2006,1,2006-01,0.328,2.938,6.139,6.731,8.021,0.000802,0.004064,0.002393,0.002136,0.001956,-51.06,-7.1,5.73,7.17,9.49,13.25,-36.79,-8.25,4.3,6.83,10.55,256.29,272.87,267.17,184.8,119.45,107.53,44.53,23.97,13.57,3.82,3.11,2.39,4.59,10.14,358.55,0.011351
Baise,107.5,25.0,2006,2,2006-02,0.757,5.106,7.718,8.302,9.969,0.001471,0.006669,0.004173,0.002262,0.001966,-51.29,-10.36,3.32,8.44,10.91,14.8,-28.14,-0.96,7.58,9.89,13.81,264.1,267.08,254.79,185.3,121.85,102.24,47.55,19.05,12.81,5.3,2.67,1.93,22.09,1.98,107.92,0.016541
Baise,107.5,25.0,2006,3,2006-03,0.85,5.31,9.082,10.294,12.582,0.00209,0.007356,0.004072,0.002958,0.002666,-51.37,-9.46,6.05,11.78,14.85,19.11,-26.88,-0.43,9.95,13.09,17.37,261.28,270.78,262.56,186.4,126.34,111.75,48.52,24.11,13.58,4.4,2.82,2.08,24.71,-3.55,228.66,0.019142
Baise,107.5,25.0,2006,4,2006-04,1.408,6.474,10.99,13.448,16.163,0.002713,0.007846,0.005862,0.00353,0.002742,-51.84,-6.91,8.94,16.89,20.46,24.7,-21.25,2.29,12.78,17.17,21.3,257.45,260.71,256.17,211.08,176.66,157.75,40.3,18.9,11.88,5.23,2.57,1.66,29.94,-10.6,513.51,0.022693
Baise,107.5,25.0,2006,5,2006-05,2.825,6.921,12.277,15.628,18.483,0.00264,0.003626,0.003459,0.003063,0.002812,-50.58,-5.23,9.32,17.52,21.36,25.37,-12.98,3.23,14.45,19.51,23.45,271.49,266.93,254.07,177.51,130.57,105.15,18.91,9.16,5.14,2.76,1.92,1.49,31.11,-12.73,383.36,0.015598
Baise,107.5,25.0,2006,6,2006-06,4.17,9.695,15.114,19.261,22.701,0.002312,0.006048,0.007345,0.005563,0.00482,-49.01,-2.8,11.28,19.77,23.69,27.7,-8.09,8.03,17.64,22.82,26.78,358.45,266.94,245.57,198.47,159.33,127.59,5.93,5.44,6.12,4.77,2.83,2.08,36.96,-19.69,266.4,0.026088
Baise,107.5,25.0,2006,7,2006-07,3.949,9.222,15.335,20.333,23.67,0.000866,0.001304,0.005166,0.004535,0.003879,-47.45,-2.12,12.3,21.01,25.09,28.92,-8.79,7.3,17.86,23.69,27.47,72.84,110.12,174.21,171.82,154.26,132.23,10.64,2.15,1.39,3.3,2.19,1.61,36.0,-20.0,393.42,0.01575
Baise,107.5,25.0,2006,8,2006-08,3.665,8.436,13.336,19.113,22.163,0.001442,0.003102,0.003923,0.002875,0.002094,-49.31,-3.32,11.48,20.38,24.23,27.97,-9.74,6.02,15.71,22.7,26.39,74.82,96.85,105.77,122.97,100.55,83.18,8.36,3.86,3.61,2.88,1.47,0.93,33.96,-16.34,583.56,0.013435
Baise,107.5,25.0,2006,9,2006-09,2.951,6.509,11.139,15.559,18.154,0.000441,0.000424,0.003414,0.003227,0.001959,-50.5,-3.79,9.96,17.46,21.44,25.24,-12.44,2.37,12.98,19.44,23.16,349.27,316.94,63.03,93.62,66.84,53.46,4.24,1.46,0.64,3.01,2.03,1.06,26.64,-8.41,559.54,0.009465
Baise,107.5,25.0,2006,10,2006-10,2.667,7.7,11.778,15.024,17.528,0.00266,0.003411,0.002527,0.002351,0.001916,-52.43,-5.59,7.91,15.96,19.96,23.66,-13.69,4.73,13.83,18.89,22.6,271.06,259.28,255.2,159.41,97.87,81.42,18.33,9.78,4.34,2.1,1.53,1.07,32.2,-10.3,266.76,0.012865
Baise,107.5,25.0,2006,11,2006-11,1.2,4.269,8.517,10.423,12.14,0.002515,0.00401,0.002835,0.002258,0.001406,-53.17,-8.5,4.98,12.37,15.55,19.06,-23.06,-3.37,9.01,13.28,16.82,269.27,267.96,257.14,182.81,120.55,102.2,39.01,20.55,9.21,3.26,2.12,1.14,21.53,-1.8,420.32,0.013024
Baise,107.5,25.0,2006,12,2006-12,0.384,3.514,5.508,6.359,7.218,0.00088,0.003259,0.001477,0.00176,0.001174,-51.31,-9.52,1.8,7.39,10.15,13.1,-35.21,-5.93,2.78,6.02,8.99,267.74,271.94,258.78,159.98,92.96,73.61,48.51,22.48,9.09,2.63,2.71,1.59,11.95,9.0,576.72,0.008549
Baise,107.5,25.0,2007,1,2007-01,0.41,3.596,5.086,5.565,6.465,0.001092,0.004313,0.001085,0.001739,0.001478,-52.43,-9.7,0.98,5.22,7.77,11.04,-34.55,-5.63,1.67,4.12,7.39,263.54,268.44,259.91,150.49,77.37,65.49,52.53,26.13,11.76,2.09,3.06,2.24,9.98,11.81,444.01,0.009707
Baise,107.5,25.0,2007,2,2007-02,0.718,4.125,7.87,9.258,11.059,0.001819,0.005599,0.004842,0.00337,0.002605,-51.34,-12.49,2.78,11.49,15.18,19.1,-28.71,-3.82,7.86,11.5,15.38,259.01,263.06,255.38,202.61,163.9,155.99,53.97,24.84,13.31,6.03,3.57,2.31,25.23,-3.4,454.13,0.018235
Baise,107.5,25.0,2007,3,2007-03,0.447,4.529,9.077,10.475,12.751,0.001067,0.007012,0.005912,0.003483,0.002877,-51.93,-7.72,6.6,13.25,16.56,20.89,-33.67,-2.58,9.94,13.35,17.58,255.18,267.26,256.94,200.05,154.77,139.4,42.43,23.41,15.18,6.39,3.26,2.21,21.73,-3.21,413.58,0.020351
Baise,107.5,25.0,2007,4,2007-04,1.395,5.184,8.885,10.725,13.004,0.002153,0.005104,0.002328,0.001564,0.001355,-52.14,-9.05,6.99,13.23,16.84,21.14,-21.35,-0.76,9.63,13.71,17.88,265.07,266.74,265.13,196.04,132.17,113.05,39.53,15.13,9.65,2.57,1.43,1.02,24.16,-4.06,450.38,0.012504
Baise,107.5,25.0,2007,5,2007-05,2.683,6.568,11.801,15.265,18.129,0.002105,0.003332,0.00472,0.003632,0.002563,-50.53,-4.65,10.19,18.1,22.03,26.1,-13.61,2.49,13.85,19.14,23.14,278.98,260.95,245.03,206.17,186.15,168.77,15.95,7.7,4.97,3.92,2.33,1.39,28.91,-11.54,530.81,0.016353
Baise,107.5,25.0,2007,6,2007-06,3.209,8.735,15.153,19.243,22.697,0.002185,0.005883,0.007862,0.005852,0.005335,-49.27,-2.86,11.65,19.74,23.73,27.75,-11.4,6.52,17.68,22.81,26.78,269.63,257.55,248.13,199.04,161.02,128.66,6.15,6.68,6.61,5.09,2.98,2.31,35.15,-19.82,257.66,0.027118
Baise,107.5,25.0,2007,7,2007-07,3.095,8.876,15.884,19.927,23.351,0.001777,0.007464,0.013754,0.010429,0.00851,-48.46,-2.15,12.02,20.52,24.68,28.61,-11.85,6.75,18.41,23.36,27.25,63.68,210.3,221.46,197.47,174.63,160.55,8.39,5.63,8.25,8.49,5.13,3.57,35.81,-20.0,263.82,0.041934
Baise,107.5,25.0,2007,8,2007-08,2.974,7.759,13.818,19.298,22.324,0.000765,0.000911,0.001754,0.001303,0.001235,-48.95,-2.88,11.39,20.75,24.61,28.33,-12.35,4.83,16.26,22.85,26.51,54.25,53.22,67.0,135.0,128.25,112.78,7.57,2.52,1.15,1.24,0.66,0.54,33.33,-17.49,561.83,0.005967
Baise,107.5,25.0,2007,9,2007-09,3.124,6.733,11.759,15.361,17.885,0.000798,0.000636,0.004348,0.005029,0.004004,-50.03,-3.39,9.99,17.04,20.96,24.65,-11.74,2.84,13.8,19.24,22.92,310.83,283.15,47.19,73.66,45.5,30.07,3.5,2.51,0.93,3.63,3.21,2.2,27.08,-9.13,404.93,0.014816
Baise,107.5,25.0,2007,10,2007-10,1.776,5.867,9.698,12.415,14.381,0.001347,0.001834,0.00361,0.003948,0.002485,-51.52,-4.88,7.73,14.26,18.31,21.88,-18.56,0.93,10.92,15.94,19.46,272.75,265.91,235.64,111.36,72.26,56.31,10.61,7.44,3.06,3.65,3.12,1.69,23.26,-2.84,417.71,0.013224
Baise,107.5,25.0,2007,11,2007-11,1.128,3.536,4.961,6.833,7.717,0.001699,0.0015,0.001501,0.002022,0.001202,-51.51,-8.62,4.42,10.39,13.54,16.58,-23.76,-5.85,1.32,7.05,9.97,254.26,264.87,271.38,74.56,60.7,39.42,32.14,14.77,4.16,2.97,2.9,1.53,10.06,8.45,1133.81,0.007924
Baise,107.5,25.0,2007,12,2007-12,0.59,3.588,6.866,7.641,9.013,0.001478,0.004632,0.002569,0.0021,0.00177,-52.51,-7.13,3.4,8.27,11.14,14.76,-30.79,-5.66,5.89,8.67,12.29,270.07,269.14,262.47,191.95,125.64,113.24,42.07,24.56,12.66,3.67,2.69,1.93,12.23,7.38,297.14,0.012549
Baise,107.5,25.0,2008,1,2008-01,0.629,3.21,5.207,5.25,6.113,0.001758,0.005523,0.002397,0.001657,0.00137,-52.39,-8.75,5.67,5.56,7.07,10.32,-30.12,-7.11,1.99,3.3,6.58,249.5,256.48,254.64,185.98,111.01,97.32,48.29,27.41,16.87,4.51,3.1,2.2,3.52,12.16,445.74,0.012706
Baise,107.5,25.0,2008,2,2008-02,0.555,3.833,4.015,4.305,5.155,0.0017,0.005207,0.000978,0.001491,0.001264,-50.61,-8.45,-0.22,2.01,4.8,8.57,-31.43,-4.79,-1.57,0.54,4.15,254.19,267.81,261.32,117.42,72.53,66.21,42.65,30.04,13.32,2.39,3.4,2.4,4.32,18.47,447.26,0.01064
Baise,107.5,25.0,2008,3,2008-03,1.162,4.737,7.878,9.248,11.26,0.002357,0.004855,0.003522,0.002375,0.002038,-52.11,-10.97,4.34,11.72,15.71,19.85,-23.42,-1.98,7.87,11.49,15.66,269.42,270.69,260.38,189.05,152.32,140.03,46.75,19.89,10.05,4.38,2.52,1.77,24.24,-2.12,481.06,0.015147
Baise,107.5,25.0,2008,4,2008-04,1.269,6.055,10.941,12.934,15.773,0.002136,0.006246,0.005423,0.003511,0.002963,-52.23,-6.63,8.68,15.75,19.61,24.04,-22.43,1.37,12.72,16.57,20.91,265.93,264.37,251.98,187.45,151.99,138.52,32.84,16.51,10.12,4.86,2.66,1.84,27.78,-9.08,379.27,0.020279
Baise,107.5,25.0,2008,5,2008-05,3.335,7.435,12.515,15.76,18.877,0.00295,0.003215,0.00369,0.002815,0.002764,-50.55,-4.7,9.28,17.12,21.38,25.59,-10.92,4.23,14.75,19.64,23.79,285.95,264.24,249.43,174.84,139.4,115.14,16.92,8.67,4.24,2.89,1.75,1.44,31.52,-12.39,296.85,0.015434
Baise,107.5,25.0,2008,6,2008-06,3.161,8.121,14.214,18.338,21.729,0.001397,0.002489,0.003829,0.003493,0.00389,-49.72,-3.42,10.6,19.04,23.16,27.24,-11.59,5.48,16.69,22.04,26.07,297.14,272.38,242.67,178.05,143.93,106.89,7.61,4.33,3.01,2.64,1.87,1.76,34.03,-17.29,293.57,0.015098
Baise,107.5,25.0,2008,7,2008-07,3.038,8.186,14.691,19.276,22.6,0.000876,0.003508,0.007826,0.006768,0.005352,-48.51,-3.19,11.19,20.3,24.23,28.16,-12.08,5.6,17.2,22.83,26.71,54.71,216.22,214.33,196.46,177.5,155.31,5.37,2.83,4.2,5.22,3.44,2.32,35.09,-19.56,387.59,0.024329
Baise,107.5,25.0,2008,8,2008-08,3.12,8.087,14.285,19.064,22.245,0.000629,0.002079,0.004305,0.003472,0.003066,-49.38,-3.06,11.42,19.93,23.91,27.75,-11.75,5.42,16.77,22.66,26.45,39.79,159.27,190.28,168.88,145.95,114.48,9.73,1.98,2.52,2.96,1.79,1.35,33.76,-18.02,395.34,0.013551
Baise,107.5,25.0,2008,9,2008-09,2.192,6.94,12.583,17.269,20.155,0.000462,0.00151,0.003912,0.003434,0.002451,-50.09,-3.38,10.33,18.8,22.69,26.51,-16.06,3.26,14.83,21.08,24.85,37.61,131.47,157.4,122.54,89.12,78.88,1.54,2.07,2.13,3.05,1.95,1.19,29.94,-12.92,496.74,0.011769
Baise,107.5,25.0,2008,10,2008-10,2.494,6.319,10.987,13.733,16.097,0.002143,0.002504,0.003599,0.003548,0.00219,-51.56,-5.29,8.88,15.5,19.49,23.28,-14.5,1.96,12.78,17.49,21.24,263.15,245.23,231.48,137.02,93.17,75.23,16.26,8.43,3.89,3.21,2.53,1.33,26.65,-7.61,340.12,0.013983
Baise,107.5,25.0,2008,11,2008-11,1.033,3.938,6.606,8.148,9.486,0.00174,0.002902,0.001509,0.002261,0.001481,-51.65,-7.99,4.49,9.66,12.79,16.18,-24.74,-4.44,5.34,9.61,13.05,265.6,269.76,259.72,120.0,76.83,61.09,36.11,16.52,7.23,2.24,2.72,1.53,14.06,5.83,539.93,0.009893
Baise,107.5,25.0,2008,12,2008-12,0.508,2.91,4.939,5.514,6.36,0.001079,0.002448,0.001346,0.001179,0.000805,-52.0,-9.28,2.86,6.82,9.87,13.08,-32.35,-8.37,1.26,3.99,7.15,267.54,272.23,253.01,162.58,106.62,92.77,43.18,20.84,8.25,2.67,2.1,1.24,6.13,11.11,694.91,0.006858
Baise,107.5,25.0,2009,1,2009-01,0.256,3.299,4.298,4.609,5.429,0.000609,0.003197,0.001166,0.001415,0.001229,-52.27,-10.08,1.16,4.69,7.25,10.65,-39.22,-6.75,-0.65,1.48,4.88,264.14,275.93,262.93,149.0,91.14,77.78,49.95,23.34,9.5,2.66,3.01,2.22,6.21,13.75,666.92,0.007616
Baise,107.5,25.0,2009,2,2009-02,0.36,3.947,8.533,9.541,11.564,0.000874,0.005684,0.007553,0.004918,0.004312,-52.15,-6.55,6.45,13.78,17.34,21.61,-35.86,-4.41,9.03,11.95,16.07,248.63,259.75,248.96,196.81,169.51,158.84,38.3,23.82,14.12,8.68,5.05,3.66,18.5,-1.23,593.29,0.023341
Baise,107.5,25.0,2009,3,2009-03,0.953,4.329,7.991,9.007,10.885,0.002103,0.006274,0.004049,0.002721,0.002296,-52.93,-8.81,7.26,12.55,15.2,19.36,-25.63,-3.19,8.08,11.09,15.14,253.06,259.94,256.33,194.09,135.68,121.15,43.0,21.64,14.21,4.97,2.96,2.07,18.99,-1.01,559.04,0.017444
Baise,107.5,25.0,2009,4,2009-04,1.383,6.486,10.234,12.597,15.288,0.001937,0.005622,0.005197,0.004193,0.003548,-50.71,-7.24,7.39,14.23,18.02,22.33,-21.45,2.32,11.72,16.16,20.42,275.74,271.08,253.74,167.95,131.9,121.53,34.2,13.73,8.5,4.98,3.26,2.28,28.12,-6.48,313.99,0.020497
Baise,107.5,25.0,2009,5,2009-05,2.757,7.932,12.818,15.906,19.177,0.001929,0.004617,0.00688,0.005392,0.004779,-50.52,-4.41,9.41,16.42,20.84,25.12,-13.28,5.15,15.11,19.79,24.04,283.91,265.49,235.78,169.16,142.58,131.52,12.27,6.86,5.71,5.26,3.32,2.44,31.68,-12.14,163.75,0.023597
Baise,107.5,25.0,2009,6,2009-06,3.762,8.797,15.022,19.395,22.831,0.001807,0.003822,0.006347,0.005592,0.004973,-48.88,-2.83,11.6,20.08,24.1,28.1,-9.41,6.62,17.54,22.93,26.88,355.82,258.12,229.09,186.1,162.72,133.86,5.9,4.71,4.26,4.14,2.83,2.14,35.48,-19.81,317.0,0.022541
Baise,107.5,25.0,2009,7,2009-07,3.169,9.254,15.675,20.03,23.467,0.000769,0.004011,0.008794,0.007097,0.005958,-47.51,-1.43,12.02,20.39,24.66,28.59,-11.56,7.35,18.2,23.45,27.33,67.78,153.54,199.37,178.65,157.49,136.3,15.6,2.38,4.25,5.5,3.47,2.49,35.36,-20.0,273.3,0.026628
Baise,107.5,25.0,2009,8,2009-08,2.701,7.644,13.971,19.295,22.292,0.000483,0.001221,0.003678,0.003098,0.002746,-48.54,-2.83,11.66,20.63,24.62,28.31,-13.53,4.62,16.42,22.85,26.49,63.87,106.57,155.07,139.4,115.59,109.33,10.67,1.75,1.57,2.58,1.57,1.21,32.85,-17.71,525.67,0.011225
Baise,107.5,25.0,2009,9,2009-09,2.221,7.601,12.915,17.638,20.483,0.000704,0.001581,0.003905,0.003248,0.002153,-49.29,-3.12,10.71,19.14,23.07,26.81,-15.9,4.54,15.22,21.42,25.11,120.58,142.58,143.97,115.79,82.36,71.92,1.79,3.11,2.04,2.97,1.81,1.03,31.32,-13.83,489.68,0.011592
Baise,107.5,25.0,2009,10,2009-10,1.935,7.223,10.624,13.643,15.679,0.002021,0.003086,0.004118,0.00447,0.003203,-51.04,-4.15,8.37,15.41,19.43,22.88,-17.55,3.83,12.28,17.39,20.82,275.49,276.33,251.78,117.24,74.1,59.72,14.95,10.24,4.19,3.8,3.21,2.0,27.29,-5.49,391.8,0.016898
Baise,107.5,25.0,2009,11,2009-11,1.027,4.33,6.475,7.93,9.292,0.0019,0.003354,0.001271,0.001932,0.001562,-52.71,-5.9,5.51,9.22,11.46,14.99,-24.81,-3.18,5.06,9.22,12.74,269.72,268.89,256.91,132.89,81.09,70.14,33.26,18.14,7.6,1.92,2.39,1.65,11.48,8.64,520.53,0.010019
Baise,107.5,25.0,2009,12,2009-12,0.365,3.839,6.498,7.312,8.727,0.000966,0.004664,0.002774,0.002273,0.001996,-53.13,-9.99,2.9,7.14,9.69,13.41,-35.72,-4.77,5.11,8.03,11.8,268.76,271.81,261.07,183.01,126.19,107.38,56.57,25.94,11.91,4.19,3.05,2.24,14.56,6.44,254.03,0.012672
Baise,107.5,25.0,2010,1,2010-01,0.628,3.077,6.837,7.291,8.55,0.001577,0.003825,0.003609,0.002187,0.001746,-52.79,-8.35,4.77,8.51,10.48,14.0,-30.13,-7.66,5.83,7.99,11.5,258.23,267.74,254.93,199.17,144.69,126.47,47.0,24.63,12.19,5.18,2.94,2.0,10.27,6.0,334.73,0.012943
Baise,107.5,25.0,2010,2,2010-02,0.266,3.137,6.648,7.375,8.645,0.000742,0.005408,0.004633,0.002669,0.002105,-53.06,-10.06,5.7,11.41,13.96,17.64,-38.84,-7.41,5.43,8.15,11.66,262.87,265.13,255.54,204.46,160.75,146.44,60.19,27.34,16.91,6.83,3.55,2.39,13.79,2.03,747.56,0.015555
Baise,107.5,25.0,2010,3,2010-03,0.764,4.49,7.718,8.42,10.157,0.00167,0.006082,0.004352,0.003002,0.002623,-52.17,-8.94,6.97,12.97,16.36,20.54,-28.04,-2.7,7.57,10.1,14.08,261.87,265.37,254.32,194.66,158.35,146.44,50.55,21.44,13.28,5.53,3.5,2.53,19.82,-0.88,674.62,0.01773
Baise,107.5,25.0,2010,4,2010-04,1.391,6.484,10.483,12.227,14.8,0.002434,0.00787,0.005466,0.003786,0.003155,-51.8,-7.33,8.44,14.36,17.44,21.71,-21.39,2.32,12.08,15.71,19.91,268.08,266.49,254.85,186.51,137.54,118.89,40.97,17.16,11.9,5.11,3.04,2.09,27.64,-7.3,285.41,0.022711
Baise,107.5,25.0,2010,5,2010-05,2.671,8.27,14.566,17.735,21.195,0.003407,0.007722,0.009241,0.006486,0.005781,-49.53,-3.66,11.42,18.65,22.33,26.52,-13.67,5.74,17.07,21.51,25.66,282.51,263.99,248.34,186.65,147.06,125.41,23.63,12.51,9.16,6.22,3.59,2.67,33.7,-18.02,197.64,0.032637
Baise,107.5,25.0,2010,6,2010-06,4.535,9.972,15.102,18.717,21.981,0.004319,0.007688,0.006693,0.005124,0.005047,-48.71,-2.72,11.14,18.83,23.0,26.95,-7.02,8.44,17.63,22.36,26.26,305.35,265.52,249.24,188.34,141.81,108.92,11.65,9.34,7.56,4.35,2.68,2.25,36.47,-18.61,150.33,0.02887
Baise,107.5,25.0,2010,7,2010-07,3.261,9.18,15.865,20.291,23.595,0.001282,0.006376,0.01324,0.010222,0.008135,-48.08,-2.19,12.28,20.97,24.99,28.81,-11.2,7.24,18.39,23.66,27.42,62.99,195.8,210.14,190.77,165.82,153.66,10.39,3.86,6.81,8.18,4.94,3.38,36.51,-20.0,322.45,0.039255
Baise,107.5,25.0,2010,8,2010-08,2.901,8.289,13.947,18.999,22.108,0.000813,0.002391,0.005495,0.004612,0.003487,-48.91,-2.59,11.48,20.15,24.08,27.88,-12.65,5.77,16.4,22.6,26.35,60.26,119.64,164.83,163.77,142.17,130.28,9.76,2.75,2.83,3.86,2.38,1.55,33.43,-16.92,468.91,0.016798
Baise,107.5,25.0,2010,9,2010-09,2.954,8.645,13.677,17.947,20.886,8.7e-05,0.001582,0.003383,0.002897,0.002814,-50.31,-3.12,10.77,18.98,22.92,26.69,-12.43,6.38,16.1,21.69,25.42,46.16,255.97,236.13,160.74,117.05,92.6,3.84,0.29,1.79,2.43,1.58,1.32,33.8,-15.58,360.05,0.010764
Baise,107.5,25.0,2010,10,2010-10,2.656,6.625,8.95,11.821,13.859,0.002248,0.00101,0.003945,0.004918,0.003551,-51.16,-5.27,8.24,13.42,16.74,20.47,-13.74,2.62,9.73,15.19,18.88,279.52,272.83,274.6,78.12,56.19,38.37,15.66,8.3,1.49,4.32,4.08,2.51,22.8,-0.61,460.76,0.015672
Baise,107.5,25.0,2010,11,2010-11,0.813,4.352,6.531,8.293,9.529,0.001495,0.003033,0.000996,0.001899,0.001434,-52.11,-8.16,4.35,10.06,13.43,16.73,-27.37,-3.11,5.18,9.87,13.12,272.16,272.0,261.59,118.79,73.18,49.95,37.64,18.03,6.83,1.49,2.25,1.48,15.93,5.47,610.3,0.008857
Baise,107.5,25.0,2010,12,2010-12,1.064,4.228,6.042,7.057,8.242,0.002969,0.005062,0.001413,0.001368,0.001168,-52.67,-7.86,3.67,8.09,10.59,14.01,-24.41,-3.5,4.08,7.52,10.95,262.99,271.28,263.64,183.0,108.72,91.24,44.58,27.37,11.74,2.29,1.9,1.39,12.86,8.76,501.77,0.011981
Baise,107.5,25.0,2011,1,2011-01,0.462,3.797,4.185,4.131,4.831,0.001421,0.006145,0.001132,0.001707,0.001577,-52.06,-10.15,0.83,1.31,2.54,5.86,-33.33,-4.92,-1.01,-0.02,3.24,251.15,265.8,262.1,149.67,77.16,63.27,51.47,30.17,15.87,2.65,4.05,3.2,4.71,17.01,289.44,0.011982
Baise,107.5,25.0,2011,2,2011-02,0.388,3.322,7.105,7.769,9.307,0.000925,0.004899,0.00414,0.002666,0.002382,-51.52,-10.09,4.91,9.03,11.76,15.65,-35.1,-6.67,6.38,8.92,12.77,262.67,270.42,260.41,198.47,148.86,134.84,45.37,23.39,14.46,5.71,3.36,2.51,13.93,3.14,330.91,0.015013
Baise,107.5,25.0,2011,3,2011-03,1.043,4.588,6.629,7.401,9.011,0.002367,0.005612,0.002002,0.002024,0.00183,-52.11,-9.52,3.99,7.59,10.82,14.94,-24.63,-2.41,5.39,8.21,12.28,253.48,264.64,258.41,159.85,97.28,87.41,45.68,22.26,11.99,2.96,2.68,1.99,16.11,6.18,274.79,0.013835
Baise,107.5,25.0,2011,4,2011-04,1.393,5.849,10.227,12.282,14.956,0.002293,0.004889,0.005154,0.003724,0.003427,-52.89,-7.17,7.64,15.06,19.29,23.69,-21.37,0.89,11.71,15.77,20.07,263.56,270.18,259.1,189.79,165.59,157.77,37.37,16.14,8.2,4.94,2.97,2.25,27.19,-7.2,419.11,0.019487
Baise,107.5,25.0,2011,5,2011-05,2.398,6.105,11.364,14.842,17.589,0.002214,0.003447,0.003321,0.002603,0.002442,-50.35,-4.74,10.35,17.11,20.89,24.92,-14.98,1.48,13.28,18.7,22.65,283.25,260.46,252.12,183.8,132.41,111.1,19.89,9.06,5.54,2.87,1.72,1.36,26.27,-9.57,478.13,0.014028
Baise,107.5,25.0,2011,6,2011-06,4.0,9.833,15.762,19.796,23.305,0.001775,0.004548,0.00815,0.006658,0.0056,-48.95,-2.41,11.73,20.0,24.31,28.31,-8.63,8.23,18.29,23.26,27.22,314.65,243.67,227.23,180.9,151.18,121.46,4.65,4.35,4.54,5.07,3.3,2.36,37.2,-20.0,213.75,0.026731
Baise,107.5,25.0,2011,7,2011-07,2.458,7.936,14.449,19.364,22.58,0.00045,0.002306,0.005479,0.004358,0.004098,-48.21,-2.45,12.07,20.74,24.81,28.67,-14.68,5.15,16.94,22.91,26.7,73.61,185.11,205.58,170.71,148.9,130.67,8.26,1.8,2.85,3.72,2.21,1.78,33.22,-18.65,474.69,0.016692
Baise,107.5,25.0,2011,8,2011-08,2.882,7.284,13.349,18.548,21.591,0.000376,0.001207,0.00414,0.003536,0.0029,-49.11,-3.58,11.1,20.15,24.13,27.93,-12.73,3.94,15.73,22.22,25.96,76.69,207.97,197.54,170.54,152.61,138.08,3.65,1.28,1.63,3.04,1.87,1.32,32.3,-16.4,552.92,0.012159
Baise,107.5,25.0,2011,9,2011-09,3.113,8.529,12.642,16.476,19.204,0.00041,0.002302,0.005341,0.004593,0.003214,-50.0,-3.29,10.49,17.84,21.58,25.35,-11.78,6.18,14.9,20.34,24.06,66.79,144.46,164.44,112.42,78.61,64.37,6.34,1.29,2.65,4.14,2.73,1.64,31.72,-12.01,367.73,0.01586
Baise,107.5,25.0,2011,10,2011-10,2.551,7.277,10.175,12.666,14.92,0.002372,0.002462,0.003143,0.003795,0.002581,-51.74,-6.19,7.63,13.67,17.24,21.01,-14.23,3.93,11.63,16.25,20.04,265.45,252.12,236.93,108.67,72.98,52.18,18.65,9.12,3.32,3.03,2.94,1.7,27.79,-4.74,254.7,0.014354
Baise,107.5,25.0,2011,11,2011-11,0.727,4.234,8.647,11.087,12.945,0.000945,0.002537,0.002805,0.002563,0.001524,-52.05,-9.23,4.76,12.41,16.17,19.8,-28.57,-3.48,9.23,14.21,17.81,256.88,249.62,232.95,159.0,120.18,127.96,32.52,12.75,5.88,3.18,2.27,1.15,22.63,-2.88,397.6,0.010374
Baise,107.5,25.0,2011,12,2011-12,0.692,3.746,4.805,5.17,5.878,0.001772,0.004615,0.00119,0.002154,0.001647,-51.98,-6.33,2.16,4.77,7.05,10.07,-29.1,-5.1,0.88,3.08,6.02,263.24,267.1,260.04,112.77,71.3,58.39,38.93,25.11,12.08,2.43,4.09,2.75,4.73,16.25,485.94,0.011378
Baise,107.5,25.0,2012,1,2012-01,0.605,3.264,6.019,6.218,7.425,0.00196,0.005967,0.002469,0.002093,0.002055,-52.11,-8.27,2.76,4.93,6.68,10.34,-30.53,-6.89,4.02,5.7,9.41,253.56,261.89,257.93,188.43,100.12,84.08,46.44,31.77,17.93,4.02,3.3,2.71,7.57,11.33,113.21,0.014544
Baise,107.5,25.0,2012,2,2012-02,0.309,3.713,7.083,7.351,8.848,0.000896,0.006854,0.004468,0.002691,0.00253,-52.14,-8.58,5.08,7.84,9.97,13.9,-37.38,-5.21,6.34,8.11,12.01,254.81,265.91,255.54,191.09,127.19,110.89,44.84,28.43,18.1,6.19,3.59,2.8,12.46,5.82,187.61,0.017439
Baise,107.5,25.0,2012,3,2012-03,0.542,4.62,8.61,9.755,11.789,0.001325,0.007118,0.005146,0.003551,0.003048,-51.66,-8.2,6.05,12.14,15.2,19.33,-31.68,-2.31,9.17,12.28,16.37,254.78,262.45,250.35,186.76,138.41,124.88,40.87,23.98,15.11,5.86,3.57,2.54,21.14,-1.5,371.68,0.020188
Baise,107.5,25.0,2012,4,2012-04,1.109,5.989,11.386,13.675,16.354,0.002031,0.007197,0.005948,0.00362,0.003095,-52.8,-7.58,8.5,16.84,20.5,24.66,-23.95,1.22,13.31,17.43,21.49,261.59,261.81,254.4,197.73,150.97,124.46,40.08,17.96,11.78,5.12,2.6,1.86,30.45,-12.2,440.71,0.021892
Baise,107.5,25.0,2012,5,2012-05,3.313,9.038,14.203,17.449,20.74,0.002894,0.006308,0.006653,0.004871,0.004663,-50.1,-3.86,10.86,18.45,22.48,26.6,-11.0,7.01,16.68,21.25,25.31,275.34,252.47,234.03,167.81,123.23,100.19,10.32,8.57,6.84,4.59,2.74,2.2,35.14,-17.1,221.25,0.025389
Baise,107.5,25.0,2012,6,2012-06,4.58,10.093,15.118,19.142,22.576,0.002354,0.00313,0.003909,0.003925,0.004626,-48.48,-2.38,11.41,19.61,23.66,27.68,-6.89,8.61,17.64,22.72,26.69,330.25,271.25,246.55,138.2,102.93,81.99,7.96,5.04,3.04,2.54,2.01,2.01,36.83,-19.12,245.87,0.017945
Baise,107.5,25.0,2012,7,2012-07,3.451,9.452,15.697,19.913,23.263,0.000933,0.004536,0.009301,0.00702,0.006039,-48.35,-2.48,11.94,20.36,24.61,28.5,-10.49,7.66,18.23,23.35,27.19,56.68,157.6,195.28,176.55,152.99,134.68,13.0,2.65,4.71,5.81,3.46,2.55,36.78,-20.0,266.82,0.027828
Baise,107.5,25.0,2012,8,2012-08,3.248,8.208,13.93,19.358,22.399,0.001194,0.00272,0.004686,0.003632,0.003295,-48.51,-2.74,11.33,20.57,24.53,28.25,-11.25,5.63,16.38,22.9,26.56,70.34,70.06,65.64,83.91,65.94,57.74,9.01,3.61,3.25,3.3,1.84,1.44,33.99,-17.45,523.81,0.015526
Baise,107.5,25.0,2012,9,2012-09,3.456,8.332,11.88,15.655,18.285,0.001526,0.002215,0.003015,0.003668,0.002935,-50.65,-3.92,9.61,16.77,20.68,24.42,-10.47,5.85,13.96,19.54,23.27,344.32,266.29,240.09,114.2,69.36,51.97,7.62,4.33,2.61,2.49,2.3,1.57,30.88,-9.69,351.8,0.013359
Baise,107.5,25.0,2012,10,2012-10,1.866,7.203,11.312,14.049,16.517,0.001894,0.0041,0.004094,0.002903,0.002054,-51.6,-4.94,8.08,14.81,18.88,22.67,-17.97,3.79,13.22,17.85,21.65,266.34,260.23,244.54,157.12,112.64,97.07,14.74,9.95,5.58,3.55,2.03,1.22,28.68,-7.37,199.01,0.015045
Baise,107.5,25.0,2012,11,2012-11,0.97,5.089,9.136,10.488,12.531,0.002207,0.006981,0.00482,0.002797,0.002166,-52.55,-7.8,6.6,11.84,14.16,18.04,-25.44,-1.01,10.04,13.38,17.31,268.37,265.35,257.03,203.34,146.07,124.91,45.69,22.31,13.45,5.17,2.62,1.69,22.07,-2.07,225.25,0.018971
Baise,107.5,25.0,2012,12,2012-12,0.432,3.58,6.571,7.271,8.553,0.001231,0.005153,0.002524,0.001475,0.001196,-52.68,-8.27,3.41,7.12,9.11,12.62,-34.02,-5.69,5.27,7.95,11.5,265.81,270.0,259.1,200.84,122.89,97.54,52.71,27.94,14.11,3.77,1.99,1.37,11.56,8.01,231.65,0.011578
Baise,107.5,25.0,2013,1,2013-01,0.353,3.336,5.904,6.401,7.57,0.001063,0.004912,0.002278,0.001338,0.001231,-52.37,-8.75,2.66,5.68,7.73,11.2,-36.05,-6.61,3.75,6.11,9.69,257.27,265.98,259.99,200.25,122.45,97.93,51.93,29.54,14.44,3.78,2.05,1.6,8.91,10.42,241.02,0.010823
Baise,107.5,25.0,2013,2,2013-02,0.73,4.002,8.656,9.25,11.178,0.001764,0.006729,0.006544,0.00385,0.003349,-52.6,-7.39,7.65,11.46,14.03,18.11,-28.53,-4.23,9.25,11.49,15.55,252.66,261.34,256.6,208.43,167.84,153.52,38.99,23.7,16.49,7.41,4.08,2.94,16.22,-0.15,276.85,0.022236
Baise,107.5,25.0,2013,3,2013-03,0.773,5.158,9.014,10.779,12.892,0.001442,0.005743,0.004028,0.002753,0.002089,-50.7,-10.12,6.16,13.28,16.95,20.98,-27.91,-0.83,9.84,13.79,17.75,260.91,265.39,256.33,193.59,146.56,130.41,44.05,18.29,10.92,4.38,2.5,1.59,26.25,-5.48,430.15,0.016055
Baise,107.5,25.0,2013,4,2013-04,1.337,6.146,10.741,12.776,15.374,0.002452,0.006935,0.004528,0.003115,0.0027,-50.97,-7.9,8.15,14.57,18.07,22.28,-21.84,1.57,12.44,16.38,20.51,261.77,266.49,260.69,192.86,145.05,123.87,43.92,17.98,11.07,4.13,2.39,1.72,28.33,-8.7,266.22,0.01973
Baise,107.5,25.0,2013,5,2013-05,2.787,7.374,13.239,16.966,20.217,0.003041,0.005637,0.005863,0.004404,0.00374,-49.18,-4.76,10.15,17.94,21.7,25.87,-13.15,4.12,15.6,20.8,24.9,273.29,258.85,250.11,199.64,161.21,126.93,17.79,10.7,7.5,4.34,2.55,1.81,32.27,-15.07,292.24,0.022685
Baise,107.5,25.0,2013,6,2013-06,3.8,8.475,14.701,18.883,22.238,0.00066,0.002281,0.005839,0.005162,0.004845,-48.54,-2.77,11.92,19.68,23.84,27.85,-9.28,6.09,17.21,22.5,26.45,32.04,237.71,231.31,174.99,148.27,125.48,3.66,1.7,2.64,3.89,2.68,2.14,33.83,-18.52,308.71,0.018787
Baise,107.5,25.0,2013,7,2013-07,3.445,8.994,15.462,19.475,22.829,0.001269,0.005805,0.012335,0.009171,0.00756,-48.07,-2.6,11.79,20.24,24.48,28.42,-10.52,6.94,17.99,23.0,26.88,70.7,156.34,199.67,183.37,162.74,152.09,15.95,3.61,6.33,7.82,4.62,3.25,35.98,-20.0,281.09,0.03614
Baise,107.5,25.0,2013,8,2013-08,3.75,8.717,14.248,19.291,22.482,0.001189,0.002266,0.003254,0.001856,0.00198,-48.91,-3.34,11.5,20.39,24.31,28.15,-9.45,6.49,16.73,22.85,26.63,78.18,117.39,124.94,131.02,102.86,69.68,5.91,3.11,2.55,2.24,0.94,0.86,35.45,-18.67,457.88,0.010546
Baise,107.5,25.0,2013,9,2013-09,2.839,7.359,11.707,16.021,18.743,0.000262,0.001028,0.003467,0.003571,0.003077,-50.05,-3.97,9.91,17.48,21.27,25.09,-12.92,4.09,13.73,19.9,23.67,343.02,200.04,129.97,86.84,49.83,26.57,3.36,0.9,1.37,2.9,2.19,1.61,29.36,-10.01,468.35,0.011405
Baise,107.5,25.0,2013,10,2013-10,2.331,5.587,8.512,11.271,13.041,0.002169,0.00118,0.002698,0.003568,0.002626,-51.55,-6.17,6.88,13.62,17.39,20.94,-15.32,0.26,9.0,14.46,17.93,270.71,267.8,264.18,71.62,46.17,23.58,17.05,9.13,2.07,3.11,3.1,1.97,22.17,-0.65,577.77,0.012242
Baise,107.5,25.0,2013,11,2013-11,0.874,5.017,7.699,9.409,10.983,0.001552,0.003859,0.00217,0.002142,0.00112,-52.04,-7.53,4.86,10.71,14.04,17.6,-26.58,-1.2,7.54,11.75,15.28,267.26,270.03,252.89,143.09,92.82,78.47,35.95,17.41,7.54,2.76,2.23,1.0,19.72,2.71,396.36,0.010843
Baise,107.5,25.0,2013,12,2013-12,0.561,3.038,4.314,4.98,5.751,0.001497,0.002589,0.001297,0.001671,0.001157,-51.53,-9.22,0.85,4.0,7.01,10.27,-31.32,-7.82,-0.59,2.56,5.7,261.39,269.91,272.26,72.43,58.29,45.62,50.68,26.17,8.36,2.95,3.29,1.97,3.96,15.2,574.28,0.008211
Baise,107.5,25.0,2014,1,2014-01,0.396,2.63,5.188,5.993,7.048,0.00104,0.002857,0.00181,0.001404,0.001136,-52.01,-9.43,3.04,6.81,10.13,13.65,-34.9,-9.66,1.94,5.17,8.64,259.09,274.21,265.48,181.17,134.82,124.69,45.9,25.76,10.65,3.42,2.3,1.58,5.48,10.38,608.45,0.008248
Baise,107.5,25.0,2014,2,2014-02,0.51,3.798,6.586,7.205,8.64,0.001469,0.005914,0.003504,0.002455,0.002344,-51.94,-7.76,3.53,7.5,10.01,13.88,-32.31,-4.92,5.3,7.82,11.65,268.42,272.17,257.71,186.93,132.33,117.05,46.1,28.24,15.27,5.22,3.34,2.66,12.11,8.13,275.13,0.015686
Baise,107.5,25.0,2014,3,2014-03,0.795,5.198,9.151,10.376,12.593,0.00186,0.008064,0.00487,0.002915,0.002453,-51.26,-10.25,6.16,11.64,14.61,18.8,-27.61,-0.72,10.06,13.21,17.39,261.23,266.8,256.93,197.39,140.3,117.77,47.77,22.95,15.21,5.22,2.76,1.91,25.07,-4.37,197.21,0.020162
Baise,107.5,25.0,2014,4,2014-04,1.071,6.43,12.113,14.354,17.317,0.00172,0.007083,0.007345,0.005091,0.004146,-51.44,-6.87,8.73,15.48,19.24,23.48,-24.34,2.2,14.25,18.18,22.4,259.9,262.08,253.54,186.37,149.6,135.34,34.85,15.75,10.8,5.95,3.48,2.35,30.07,-11.93,153.64,0.025385
Baise,107.5,25.0,2014,5,2014-05,2.371,8.548,14.232,17.511,20.736,0.002563,0.007998,0.007385,0.004665,0.004531,-50.92,-4.26,10.5,18.09,21.99,26.05,-15.12,6.21,16.71,21.3,25.31,278.24,262.85,246.9,194.34,154.61,115.13,16.13,10.6,9.18,5.09,2.61,2.14,34.78,-17.21,172.28,0.027142
Baise,107.5,25.0,2014,6,2014-06,4.389,10.497,15.577,19.635,23.082,0.001987,0.004164,0.00444,0.003915,0.004545,-47.87,-2.13,12.17,19.88,24.09,28.08,-7.44,9.18,18.11,23.13,27.06,312.59,250.67,231.16,153.89,123.53,91.78,4.2,4.44,3.89,2.8,1.96,1.93,37.13,-20.0,221.67,0.019051
Baise,107.5,25.0,2014,7,2014-07,3.804,9.408,14.72,20.111,23.434,0.001126,0.00401,0.006684,0.005332,0.004441,-48.36,-2.56,11.96,20.75,24.83,28.68,-9.26,7.59,17.23,23.51,27.31,36.42,171.28,176.02,165.43,151.27,124.03,4.31,2.9,4.18,4.45,2.6,1.86,36.17,-19.46,440.09,0.021594
Baise,107.5,25.0,2014,8,2014-08,3.609,9.26,14.099,19.122,22.402,0.000505,0.002312,0.004157,0.003516,0.003218,-48.82,-2.53,11.35,19.77,23.84,27.75,-9.93,7.36,16.57,22.7,26.57,56.64,177.91,192.5,166.4,151.87,116.57,8.8,1.37,2.45,2.89,1.8,1.41,34.88,-16.85,400.54,0.013706
Baise,107.5,25.0,2014,9,2014-09,2.7397,8.1865,13.2808,17.8922,20.9017,0.000682,0.002062,0.004842,0.003963,0.003567,-50.1,-3.2,11.04,18.9,23.03,26.86,-13.36,5.6,15.65,21.65,25.44,80.71,194.62,184.75,148.89,117.86,106.42,4.71,2.44,2.47,3.58,2.17,1.67,32.3,-14.58,406.91,0.015116
Baise,107.5,25.0,2014,10,2014-10,1.7591,5.4336,10.6319,14.0388,16.2996,0.00153,0.001877,0.002963,0.002698,0.001636,-51.57,-5.72,8.26,15.33,19.45,23.06,-18.67,-0.12,12.29,17.84,21.44,261.23,257.99,248.51,150.18,110.6,99.29,16.97,8.53,3.39,2.73,1.88,0.98,24.95,-7.0,379.88,0.010704
Baise,107.5,25.0,2014,11,2014-11,0.7074,5.3503,8.6512,10.3229,12.2563,0.001422,0.005655,0.003039,0.002253,0.001823,-52.26,-6.96,4.7,10.46,13.71,17.51,-28.87,-0.33,9.24,13.14,16.97,273.68,268.52,251.89,181.01,118.31,95.74,38.7,19.72,10.37,3.44,2.14,1.46,21.62,1.25,152.46,0.014192
Baise,107.5,25.0,2014,12,2014-12,0.6334,3.3781,4.6574,5.2323,6.0456,0.001653,0.003815,0.00097,0.001595,0.00121,-52.68,-6.81,2.88,5.01,7.05,10.33,-30.04,-6.45,0.45,3.25,6.42,264.93,271.34,264.13,112.43,68.8,50.28,44.37,25.59,11.08,2.04,2.99,1.96,2.95,15.89,569.67,0.009242
Baise,107.5,25.0,2015,1,2015-01,0.9197,3.505,5.9157,6.7504,8.0135,0.002281,0.004075,0.001918,0.001631,0.001238,-52.73,-9.83,3.49,6.61,9.89,13.58,-26.02,-5.97,3.78,6.88,10.53,251.97,264.75,260.76,179.03,126.81,116.88,44.98,24.32,11.4,3.18,2.37,1.51,10.75,8.46,353.32,0.011142
Baise,107.5,25.0,2015,2,2015-02,0.4358,3.7861,7.3911,8.831,10.5347,0.001012,0.005041,0.004301,0.00278,0.00223,-52.53,-11.73,2.59,9.04,12.2,16.04,-33.93,-4.96,6.95,10.8,14.64,258.57,266.78,258.16,200.58,152.86,132.25,59.06,22.78,13.06,5.71,3.09,2.08,20.18,0.82,261.63,0.015363
Baise,107.5,25.0,2015,3,2015-03,0.7161,4.9357,9.8148,11.2682,13.6977,0.001517,0.007512,0.00675,0.003976,0.003268,-54.09,-7.76,7.4,13.15,16.23,20.48,-28.74,-1.42,11.1,14.46,18.69,260.0,266.14,255.65,199.81,154.77,136.23,40.11,20.77,14.93,6.74,3.46,2.34,23.18,-4.93,256.45,0.023023
Baise,107.5,25.0,2015,4,2015-04,1.5832,5.6888,9.0927,11.1648,13.3562,0.002795,0.006288,0.003934,0.002347,0.001885,-51.99,-7.68,7.77,15.57,19.44,23.57,-19.89,0.51,9.96,14.32,18.3,272.79,264.67,258.61,208.51,172.64,156.96,39.36,17.31,10.84,4.24,2.06,1.38,25.95,-5.43,700.12,0.017248
Baise,107.5,25.0,2015,5,2015-05,2.8066,8.9562,14.8131,18.2509,21.5884,0.003461,0.008186,0.007589,0.004921,0.0045,-50.1,-3.64,11.1,18.94,22.74,26.79,-13.06,6.88,17.33,21.96,25.96,266.22,262.24,250.09,196.63,156.03,112.48,18.33,12.09,8.96,5.02,2.64,2.04,35.69,-18.91,201.59,0.028656
Baise,107.5,25.0,2015,6,2015-06,3.8415,10.0662,16.4719,20.2747,23.7665,0.002237,0.008426,0.011947,0.008713,0.006825,-48.28,-2.03,12.43,20.51,24.67,28.62,-9.14,8.57,18.98,23.64,27.54,7.26,240.03,237.73,199.33,170.7,144.55,2.02,5.71,8.21,7.11,4.21,2.82,37.66,-20.0,191.65,0.038148
Baise,107.5,25.0,2015,7,2015-07,4.1561,8.8061,14.1763,18.5094,21.5619,0.001009,0.000797,0.002618,0.002301,0.003195,-48.4,-2.42,11.13,19.64,23.64,27.47,-8.14,6.64,16.65,22.19,25.94,295.04,263.56,34.04,79.48,75.75,62.47,4.85,2.38,0.89,1.81,1.22,1.45,34.22,-16.81,373.59,0.00992
Baise,107.5,25.0,2015,8,2015-08,3.9303,8.8881,14.1506,18.7644,21.7568,0.000994,0.001511,0.002625,0.00208,0.002667,-49.41,-3.19,10.94,19.81,23.91,27.65,-8.85,6.77,16.62,22.4,26.09,2.94,266.25,224.53,157.7,111.64,84.53,8.55,2.48,1.67,1.82,1.09,1.2,35.46,-17.69,398.08,0.009878
Baise,107.5,25.0,2015,9,2015-09,3.525,9.8404,14.2364,17.5769,20.6637,0.001064,0.003689,0.004433,0.003409,0.003338,-49.77,-2.88,10.82,18.19,22.11,26.03,-10.23,8.24,16.72,21.36,25.25,13.43,247.1,231.29,156.4,111.68,88.04,4.65,2.96,3.68,3.05,1.9,1.58,35.2,-15.94,184.51,0.015934
Baise,107.5,25.0,2015,10,2015-10,2.1988,6.6231,10.2665,13.5449,15.651,0.001725,0.001753,0.002414,0.002824,0.002082,-50.63,-5.33,7.99,15.23,19.15,22.67,-16.02,2.61,11.76,17.28,20.79,254.85,260.85,246.45,106.94,70.63,41.99,18.85,7.69,2.6,2.31,2.04,1.3,26.95,-5.62,433.67,0.010798
Baise,107.5,25.0,2015,11,2015-11,1.1349,5.1299,10.1833,12.1623,14.3147,0.002013,0.005694,0.006312,0.004071,0.002719,-52.66,-7.11,6.74,12.86,15.94,19.66,-23.69,-0.9,11.65,15.63,19.39,276.14,261.52,248.12,193.09,148.09,131.66,36.86,17.4,10.88,6.08,3.28,1.86,23.98,-4.89,152.26,0.02081
Baise,107.5,25.0,2015,12,2015-12,0.9413,3.9744,6.2607,6.8653,8.0537,0.002593,0.005315,0.00112,0.001548,0.00148,-52.46,-9.4,2.89,6.32,8.53,12.03,-25.77,-4.32,4.58,7.12,10.61,260.53,261.09,255.41,183.06,77.45,56.13,49.2,27.02,13.11,1.75,2.21,1.8,13.08,8.36,216.89,0.012056
Baise,107.5,25.0,2016,1,2016-01,0.6149,3.3394,6.398,6.8417,8.0372,0.001766,0.004995,0.002036,0.001767,0.001716,-51.44,-11.95,1.36,5.71,8.15,11.69,-30.35,-6.6,4.89,7.07,10.58,261.21,258.6,252.31,192.32,100.27,81.63,59.78,28.16,14.67,3.12,2.53,2.09,14.59,6.05,102.36,0.012279
Baise,107.5,25.0,2016,2,2016-02,0.5343,3.4706,4.3232,4.9212,5.8688,0.001551,0.003894,0.000532,0.001067,0.000942,-52.4,-7.65,1.09,5.69,8.73,12.5,-31.83,-6.1,-0.57,2.39,5.99,268.54,274.17,265.92,114.31,64.82,56.28,51.49,28.47,11.0,1.21,2.13,1.57,5.58,15.22,781.9,0.007985
Baise,107.5,25.0,2016,3,2016-03,0.7994,4.9402,8.446,9.4132,11.3303,0.001779,0.006455,0.003284,0.002559,0.002395,-51.46,-10.07,5.48,11.24,14.57,18.66,-27.55,-1.41,8.89,11.75,15.76,269.34,270.71,265.61,196.21,136.05,121.53,54.9,21.82,12.81,3.81,2.67,2.07,23.31,-2.13,294.81,0.016471
Baise,107.5,25.0,2016,4,2016-04,1.5769,6.7336,11.9088,14.2343,17.0989,0.002723,0.009098,0.006049,0.003599,0.0029,-52.05,-7.33,8.9,16.56,19.97,24.18,-19.94,2.84,13.99,18.05,22.2,263.75,263.5,257.35,202.96,154.84,124.34,37.49,16.94,13.25,4.98,2.48,1.66,31.83,-12.96,320.73,0.02437
Baise,107.5,25.0,2016,5,2016-05,2.8875,7.926,13.4601,16.7382,19.8818,0.003306,0.006812,0.006832,0.00498,0.004144,-49.8,-4.09,10.94,18.09,21.82,25.92,-12.71,5.14,15.86,20.59,24.62,273.57,255.62,248.78,193.51,157.63,134.07,25.39,11.23,8.43,4.98,2.92,2.04,32.24,-15.1,279.27,0.026074
Baise,107.5,25.0,2016,6,2016-06,3.642,9.0448,15.2281,19.5627,22.9269,0.002352,0.006092,0.008323,0.0067,0.005268,-48.79,-2.68,11.97,20.34,24.37,28.31,-9.82,7.02,17.75,23.07,26.95,328.87,245.2,234.98,199.76,172.29,144.35,4.27,6.33,6.6,5.36,3.36,2.25,35.83,-20.0,323.36,0.028734
Baise,107.5,25.0,2016,7,2016-07,3.5175,9.0286,15.1433,20.3169,23.6098,0.001137,0.005211,0.010412,0.008754,0.006856,-48.55,-2.69,12.52,21.4,25.24,29.05,-10.25,7.0,17.67,23.68,27.43,51.96,188.51,217.4,197.28,177.17,159.56,8.05,3.17,5.66,6.74,4.23,2.85,36.23,-20.0,466.49,0.032371
Baise,107.5,25.0,2016,8,2016-08,3.6469,9.8685,14.6965,19.7817,22.9998,0.001798,0.004129,0.005646,0.003945,0.003818,-47.86,-2.01,11.93,20.72,24.66,28.47,-9.8,8.28,17.2,23.25,27.0,83.2,83.04,68.8,75.03,49.65,42.35,8.1,4.84,4.1,3.77,1.96,1.63,36.28,-18.81,438.93,0.019336
Baise,107.5,25.0,2016,9,2016-09,3.2706,8.1732,12.5437,16.3552,19.0797,0.000793,0.00149,0.005064,0.004909,0.003839,-49.65,-2.75,9.96,17.92,22.13,25.94,-11.17,5.57,14.78,20.22,23.96,320.29,279.85,5.24,60.46,41.64,31.9,4.55,2.38,1.79,3.96,2.94,1.97,31.06,-11.3,392.59,0.016094
Baise,107.5,25.0,2016,10,2016-10,2.2158,7.2179,11.9797,14.5661,17.0933,0.001205,0.002178,0.004536,0.0045,0.003115,-50.02,-3.88,9.41,16.15,19.89,23.72,-15.93,3.82,14.08,18.41,22.19,247.5,232.04,224.14,115.4,78.45,64.21,6.3,5.33,2.96,3.71,3.03,1.79,28.52,-9.28,258.72,0.015534
Baise,107.5,25.0,2016,11,2016-11,1.2351,5.0422,8.8806,10.3274,12.1507,0.002019,0.005471,0.002949,0.001945,0.00147,-51.5,-6.37,7.38,11.2,13.63,17.26,-22.74,-1.14,9.62,13.14,16.83,265.15,259.21,245.83,184.53,120.51,99.09,33.93,16.03,10.64,3.26,1.85,1.19,18.69,0.58,197.86,0.013854
Baise,107.5,25.0,2016,12,2016-12,0.3297,3.911,6.285,7.5081,8.7871,0.000622,0.004002,0.001632,0.00177,0.001359,-51.27,-7.28,3.98,8.74,11.39,14.86,-36.74,-4.53,4.63,8.42,11.91,261.01,266.83,252.36,174.27,103.44,87.04,42.48,18.5,10.03,2.55,2.31,1.52,12.14,8.17,513.08,0.009384
Baise,107.5,25.0,2017,1,2017-01,0.9414,4.0194,7.2018,8.0094,9.4321,0.002442,0.005888,0.003142,0.001993,0.001623,-52.35,-8.32,4.71,8.57,11.53,15.17,-25.77,-4.17,6.58,9.36,12.97,249.96,258.71,252.73,189.07,125.57,105.27,45.55,25.43,14.37,4.28,2.44,1.69,14.58,5.12,248.58,0.015087
Baise,107.5,25.0,2017,2,2017-02,0.5,4.0903,6.4701,7.356,8.9301,0.001163,0.005001,0.002462,0.001943,0.001913,-50.61,-10.53,3.38,7.42,11.01,15.11,-32.51,-3.94,5.05,8.12,12.15,254.81,270.13,257.84,176.19,120.13,105.58,47.0,22.81,11.99,3.73,2.59,2.1,15.68,5.69,297.33,0.012483
Baise,107.5,25.0,2017,3,2017-03,0.9714,5.111,8.8998,10.0498,12.2006,0.002306,0.007764,0.004501,0.002955,0.002584,-51.78,-9.65,5.33,11.2,14.29,18.49,-25.42,-0.95,9.65,12.73,16.9,256.33,264.39,253.91,189.51,131.51,106.3,48.74,23.27,14.9,4.96,2.88,2.08,24.22,-2.74,193.38,0.02011
Baise,107.5,25.0,2017,4,2017-04,1.4513,6.2973,10.2298,12.2131,14.8165,0.00261,0.006861,0.004607,0.002922,0.002433,-51.25,-6.56,7.89,15.01,18.82,23.15,-20.9,1.91,11.71,15.69,19.93,267.48,262.73,256.27,205.58,169.54,152.57,35.91,17.63,10.68,4.42,2.35,1.61,27.3,-6.54,412.23,0.019432
Baise,107.5,25.0,2017,5,2017-05,2.3178,6.8214,11.8545,15.5434,18.5126,0.002593,0.003538,0.003119,0.002739,0.002151,-49.98,-4.79,9.57,17.4,21.51,25.62,-15.39,3.02,13.92,19.42,23.47,275.91,267.69,257.0,179.64,144.29,118.54,25.11,10.97,5.09,2.58,1.73,1.14,29.56,-11.11,434.07,0.014139
Baise,107.5,25.0,2017,6,2017-06,4.6579,10.2402,15.7517,19.255,22.7202,0.003783,0.007379,0.007198,0.005713,0.005092,-48.46,-2.7,11.57,19.55,23.67,27.7,-6.67,8.82,18.28,22.82,26.8,288.17,254.2,241.17,187.89,152.86,114.03,6.56,7.96,7.07,4.48,2.91,2.2,37.79,-20.0,159.23,0.029166
Baise,107.5,25.0,2017,7,2017-07,3.8643,9.4458,14.9913,19.892,23.1403,0.000973,0.003205,0.006667,0.005552,0.004221,-49.27,-2.84,11.71,20.68,24.72,28.54,-9.07,7.65,17.51,23.34,27.1,19.21,160.77,166.37,171.53,155.84,142.6,4.0,2.47,3.33,4.36,2.74,1.79,36.97,-20.0,395.51,0.020618
Baise,107.5,25.0,2017,8,2017-08,3.9426,9.7168,15.2656,20.0749,23.2879,0.000946,0.003102,0.006812,0.005836,0.004502,-48.13,-2.61,12.13,20.88,24.76,28.52,-8.81,8.06,17.79,23.48,27.2,58.35,144.05,190.78,186.81,170.34,143.27,9.06,2.35,3.13,4.38,2.85,1.9,37.21,-20.0,386.02,0.021198
Baise,107.5,25.0,2017,9,2017-09,3.3982,9.5434,14.8922,19.2985,22.4257,0.000957,0.004101,0.005611,0.004242,0.003374,-49.42,-2.76,11.57,19.63,23.83,27.6,-10.69,7.8,17.41,22.85,26.58,65.31,208.4,216.99,167.44,135.06,114.6,4.59,2.76,4.21,3.7,2.16,1.48,36.04,-18.96,278.01,0.018286
Baise,107.5,25.0,2017,10,2017-10,2.4521,7.2027,10.7261,13.4052,15.6632,0.001185,0.002513,0.004177,0.004711,0.003231,-50.44,-3.53,9.03,14.32,18.12,21.84,-14.71,3.79,12.42,17.12,20.81,242.74,220.33,197.31,100.82,64.77,44.37,7.18,4.74,3.42,3.82,3.45,2.02,25.02,-4.05,238.06,0.015816
Baise,107.5,25.0,2017,11,2017-11,1.6707,5.4283,8.0538,9.7782,11.3434,0.00306,0.004754,0.001732,0.002268,0.001541,-51.81,-6.93,6.25,11.14,13.89,17.29,-19.27,-0.13,8.19,12.32,15.77,257.14,256.04,249.72,147.92,88.36,66.83,34.6,17.96,8.59,2.11,2.27,1.33,19.88,2.05,368.64,0.013355
Baise,107.5,25.0,2017,12,2017-12,0.5944,3.7109,5.209,5.9909,7.0355,0.001313,0.003449,0.001204,0.001874,0.001477,-52.68,-4.81,3.64,6.01,8.61,12.07,-30.71,-5.22,2.0,5.17,8.62,269.42,275.72,261.48,122.46,77.44,59.19,36.48,21.65,9.12,2.27,3.07,2.06,3.97,15.68,501.94,0.009316
Baise,107.5,25.0,2018,1,2018-01,0.7721,4.0647,6.4882,7.1752,8.5174,0.002241,0.005984,0.003009,0.002251,0.00195,-52.3,-5.96,2.66,6.35,8.94,12.64,-27.93,-4.02,5.09,7.76,11.44,261.37,263.29,250.3,181.2,121.56,102.66,42.82,28.46,14.44,4.55,3.08,2.24,10.71,11.23,158.39,0.015435
Baise,107.5,25.0,2018,2,2018-02,0.3546,3.3683,6.0386,6.6516,8.0412,0.000946,0.004805,0.002321,0.001759,0.001668,-53.5,-8.84,3.27,6.57,9.93,13.94,-36.01,-6.49,4.07,6.66,10.58,259.54,269.33,262.11,181.93,122.29,106.86,55.26,26.16,13.99,3.77,2.59,2.03,9.72,9.2,312.58,0.0115
Baise,107.5,25.0,2018,3,2018-03,0.9563,4.8423,8.5568,10.6611,12.8953,0.001633,0.004598,0.004525,0.003683,0.003099,-50.47,-11.53,5.14,12.44,16.18,20.35,-25.59,-1.68,9.08,13.62,17.75,265.65,266.87,254.32,188.23,161.02,150.65,50.21,16.74,9.31,5.19,3.39,2.36,26.22,-4.99,420.19,0.017537
Baise,107.5,25.0,2018,4,2018-04,1.6267,6.1626,10.4687,12.5859,15.3168,0.002398,0.005281,0.005522,0.004256,0.003626,-51.28,-7.64,8.02,14.96,18.9,23.29,-19.58,1.61,12.06,16.15,20.45,267.25,262.44,253.77,197.47,171.84,165.72,35.01,14.46,8.4,5.17,3.32,2.32,28.25,-8.16,363.45,0.021083
Baise,107.5,25.0,2018,5,2018-05,2.8811,8.116,14.2692,17.764,21.1214,0.003067,0.008481,0.010699,0.00795,0.006074,-50.9,-4.35,10.57,18.75,22.77,26.89,-12.74,5.47,16.75,21.53,25.61,257.35,240.69,238.12,202.42,179.02,160.78,12.28,10.44,10.25,7.35,4.39,2.82,34.75,-18.06,250.23,0.03627
Baise,107.5,25.0,2018,6,2018-06,4.3829,9.4749,15.0244,18.6383,22.0227,0.001853,0.00353,0.005029,0.004443,0.004417,-48.73,-2.24,11.38,19.42,23.59,27.64,-7.46,7.69,17.55,22.3,26.29,350.48,257.6,234.25,172.44,141.48,117.94,4.53,4.15,3.65,3.28,2.34,1.97,35.52,-18.54,234.53,0.019271
Baise,107.5,25.0,2018,7,2018-07,3.2074,9.5766,15.4252,19.964,23.4236,0.001465,0.004046,0.008513,0.007185,0.005743,-48.33,-1.98,12.25,20.88,24.96,28.94,-11.41,7.85,17.95,23.39,27.3,60.78,111.4,138.43,153.04,138.48,124.67,10.92,4.48,4.14,5.41,3.53,2.4,36.41,-20.0,365.87,0.026953
Baise,107.5,25.0,2018,8,2018-08,3.8288,9.5232,14.848,19.8152,22.9313,0.001295,0.004506,0.005927,0.004522,0.004141,-48.62,-2.72,11.48,20.78,24.8,28.53,-9.18,7.77,17.36,23.27,26.95,55.25,64.87,65.5,74.65,62.51,54.38,3.44,3.32,4.64,3.91,2.24,1.77,37.15,-19.98,427.0,0.020391
Baise,107.5,25.0,2018,9,2018-09,3.2836,8.7703,12.8748,17.0855,19.9965,0.000358,0.001525,0.003842,0.003522,0.003154,-50.36,-3.19,10.67,17.91,21.99,25.85,-11.12,6.58,15.18,20.91,24.72,53.19,175.84,182.55,117.73,85.1,71.89,7.83,1.07,1.71,2.93,2.02,1.55,32.19,-12.56,341.84,0.0124
Baise,107.5,25.0,2018,10,2018-10,2.2865,6.8006,9.3557,12.3773,14.4102,0.003661,0.004948,0.002047,0.003151,0.002481,-52.15,-6.04,6.85,13.38,17.18,20.75,-15.55,2.98,10.39,15.89,19.49,277.72,270.08,264.76,129.79,79.71,59.61,25.66,15.7,7.14,2.15,2.5,1.69,25.94,-2.32,373.66,0.016289
Baise,107.5,25.0,2018,11,2018-11,0.6088,4.4649,8.8175,10.6752,12.6008,0.001238,0.004825,0.003974,0.002766,0.002023,-51.48,-7.92,5.68,11.97,14.99,18.69,-30.46,-2.77,9.52,13.64,17.4,262.9,262.02,248.6,186.13,137.41,119.48,43.14,19.95,10.6,4.42,2.54,1.57,20.96,-1.56,307.28,0.014827
Baise,107.5,25.0,2018,12,2018-12,1.2085,4.2428,7.109,7.7633,9.0235,0.003122,0.006496,0.003491,0.002517,0.002046,-52.33,-7.43,5.32,7.99,9.64,12.9,-22.98,-3.45,6.39,8.91,12.3,254.27,256.55,250.07,186.49,118.94,100.01,41.57,25.33,15.02,4.82,3.18,2.22,13.04,6.77,199.63,0.017672
Baise,107.5,25.0,2019,1,2019-01,0.6053,3.5369,6.9446,7.2606,8.4182,0.001631,0.005225,0.003892,0.002341,0.001822,-52.54,-8.89,4.65,7.32,8.89,12.12,-30.52,-5.85,6.06,7.93,11.27,245.19,255.37,251.77,192.29,130.67,104.79,51.25,26.43,14.49,5.5,3.16,2.12,11.76,6.33,157.55,0.014911
Baise,107.5,25.0,2019,2,2019-02,0.634,3.5761,8.6641,9.5556,11.4225,0.001636,0.00661,0.006848,0.003974,0.003371,-50.98,-9.92,6.32,11.6,14.08,18.02,-30.03,-5.71,9.26,11.98,15.88,257.35,259.46,254.3,199.28,149.62,125.56,51.87,25.3,18.13,7.75,4.08,2.89,18.76,-2.84,293.21,0.022439
Baise,107.5,25.0,2019,3,2019-03,0.6804,4.8484,9.3282,10.8631,13.1031,0.001724,0.007323,0.0045,0.003235,0.002814,-51.48,-9.14,5.71,12.21,15.32,19.44,-29.28,-1.66,10.34,13.91,18.0,259.9,265.41,254.44,189.61,125.45,104.34,49.43,24.84,14.81,4.73,2.92,2.11,24.32,-4.23,233.1,0.019595
Baise,107.5,25.0,2019,4,2019-04,1.1937,6.2246,12.2397,14.8003,17.7227,0.001847,0.007305,0.008006,0.005357,0.004019,-49.83,-7.36,9.66,17.47,20.69,24.88,-23.12,1.75,14.41,18.66,22.77,260.92,261.08,256.49,202.38,163.16,141.62,36.27,15.17,11.51,6.41,3.55,2.22,31.33,-14.72,383.09,0.026535
Baise,107.5,25.0,2019,5,2019-05,2.4028,8.826,13.8681,16.4532,19.7971,0.002934,0.007952,0.006498,0.004722,0.00474,-49.19,-3.58,10.92,17.42,21.03,25.32,-14.95,6.67,16.31,20.32,24.56,278.09,264.56,252.33,174.55,127.36,105.83,17.24,11.98,8.84,4.59,2.81,2.35,33.07,-14.93,138.68,0.026846
Baise,107.5,25.0,2019,6,2019-06,3.8831,9.6442,16.3834,20.1317,23.6539,0.002503,0.007385,0.009526,0.0078,0.006601,-47.6,-1.98,12.9,20.59,24.57,28.56,-9.0,7.95,18.89,23.53,27.46,319.97,254.68,250.5,201.72,168.5,140.25,5.08,6.32,7.51,5.7,3.8,2.74,36.51,-20.0,212.9,0.033816
Baise,107.5,25.0,2019,7,2019-07,4.2533,10.2494,15.9965,20.3221,23.6429,0.001171,0.003841,0.006106,0.005326,0.004549,-47.7,-1.89,12.45,20.84,24.86,28.68,-7.84,8.83,18.52,23.68,27.45,53.16,230.48,230.35,184.46,156.42,126.03,7.99,2.7,3.68,3.74,2.57,1.89,37.63,-20.0,289.56,0.020994
Baise,107.5,25.0,2019,8,2019-08,2.8584,8.5221,14.0443,20.1175,23.3131,0.001095,0.003014,0.004542,0.002586,0.002376,-47.98,-2.24,11.86,21.56,25.45,29.22,-12.84,6.17,16.5,23.52,27.22,60.39,63.08,73.96,92.35,76.35,61.78,9.11,3.76,3.47,3.17,1.26,1.0,34.61,-18.24,631.83,0.013612
Baise,107.5,25.0,2019,9,2019-09,2.8092,6.8987,11.4841,16.5434,19.1657,0.000458,0.000837,0.003648,0.00329,0.001882,-49.62,-4.14,9.21,18.34,22.55,26.19,-13.05,3.18,13.44,20.4,24.03,350.46,278.94,129.12,107.66,77.04,62.37,5.38,1.6,1.19,3.12,1.95,0.96,29.89,-10.47,611.69,0.010116
Baise,107.5,25.0,2019,10,2019-10,2.3046,6.8677,10.8357,14.2306,16.728,0.002334,0.003532,0.004147,0.00326,0.002175,-51.88,-5.79,8.27,15.34,19.03,22.81,-15.46,3.12,12.57,18.05,21.85,279.86,265.61,245.09,165.01,122.43,107.03,17.39,9.93,5.04,3.75,2.25,1.28,28.55,-7.58,346.14,0.015449
Baise,107.5,25.0,2019,11,2019-11,0.7865,5.5714,8.3993,10.0666,11.7064,0.001339,0.004472,0.002865,0.00305,0.002307,-52.08,-5.97,6.4,11.21,14.44,17.94,-27.73,0.22,8.8,12.76,16.26,264.04,270.56,256.61,161.52,105.02,87.73,30.06,16.7,7.87,3.34,2.97,1.93,19.81,2.12,300.1,0.014033
Baise,107.5,25.0,2019,12,2019-12,0.6666,3.124,5.8156,6.8716,8.1007,0.001713,0.003684,0.001619,0.001463,0.001028,-52.26,-9.78,3.13,7.75,10.92,14.43,-29.5,-7.46,3.54,7.13,10.69,260.22,262.13,254.72,175.27,113.59,95.84,50.51,25.2,11.56,2.73,2.09,1.24,10.48,7.69,526.01,0.009506
Baise,107.5,25.0,2020,1,2020-01,0.7749,3.8652,7.564,8.6531,10.3798,0.002179,0.006099,0.004322,0.002854,0.00229,-51.56,-10.73,3.13,8.55,11.55,15.43,-27.89,-4.69,7.29,10.5,14.42,257.98,262.77,255.8,194.65,142.32,124.9,51.75,27.57,15.47,5.6,3.23,2.16,18.75,1.87,157.52,0.017743
Baise,107.5,25.0,2020,2,2020-02,0.7391,4.9124,7.7719,9.3516,11.2459,0.00187,0.006414,0.004537,0.003232,0.002576,-51.59,-10.51,3.15,9.58,13.12,17.12,-28.4,-1.49,7.68,11.66,15.64,255.71,262.15,253.76,192.93,150.53,134.19,54.07,24.81,12.8,5.72,3.39,2.25,23.13,0.63,237.52,0.018628
Baise,107.5,25.0,2020,3,2020-03,1.0153,6.0398,9.8415,11.7277,14.3316,0.002387,0.008822,0.005574,0.003573,0.003005,-51.16,-8.57,6.68,13.13,16.24,20.61,-24.93,1.33,11.14,15.07,19.4,260.61,266.06,256.51,191.1,137.76,118.9,48.22,23.05,14.32,5.55,2.99,2.06,27.49,-5.78,248.57,0.023361
Baise,107.5,25.0,2020,4,2020-04,1.7577,5.6229,9.1996,11.5693,14.0048,0.003211,0.005877,0.002915,0.002334,0.001714,-52.75,-9.0,6.78,12.63,16.56,20.77,-18.67,0.35,10.14,14.86,19.04,260.91,266.03,261.44,179.49,122.63,106.79,51.3,17.92,10.25,3.11,1.98,1.2,25.34,-4.19,311.51,0.016051
Baise,107.5,25.0,2020,5,2020-05,2.6978,8.2036,13.7602,17.767,21.3798,0.004229,0.00778,0.006377,0.00473,0.003826,-49.25,-4.16,11.17,19.6,23.74,28.11,-13.55,5.63,16.19,21.53,25.8,269.89,263.13,258.03,209.79,167.8,140.2,26.09,15.37,9.3,4.54,2.61,1.76,34.4,-17.45,425.38,0.026942
Baise,107.5,25.0,2020,6,2020-06,3.977,10.3523,16.7169,20.5445,24.3375,0.002508,0.009627,0.014837,0.01164,0.009348,-47.65,-2.13,12.59,20.74,24.88,29.0,-8.7,8.98,19.21,23.86,27.93,18.67,244.93,238.95,204.42,176.33,154.36,1.71,6.18,9.12,8.7,5.56,3.77,38.46,-20.0,191.59,0.04796
Baise,107.5,25.0,2020,7,2020-07,3.5646,9.7319,16.0121,20.2631,23.8134,0.001697,0.008156,0.01357,0.011097,0.009176,-47.27,-1.75,12.41,21.04,25.11,29.11,-10.09,8.08,18.53,23.63,27.57,59.42,227.68,235.79,206.17,183.36,165.98,10.87,4.67,8.22,8.31,5.37,3.78,37.0,-20.0,312.98,0.043695
Baise,107.5,25.0,2020,8,2020-08,3.7354,9.3467,15.2239,19.3674,22.7973,0.000667,0.003645,0.00885,0.007113,0.006039,-47.71,-2.46,11.97,20.38,24.45,28.45,-9.5,7.5,17.75,22.91,26.85,58.98,115.14,189.43,176.13,156.86,145.83,8.65,1.75,3.82,5.7,3.6,2.6,36.12,-20.0,328.57,0.026314
Baise,107.5,25.0,2020,9,2020-09,4.5338,10.1125,14.295,17.5051,20.6077,0.001954,0.005174,0.004869,0.004147,0.004018,-49.21,-2.71,10.97,17.99,21.91,25.86,-7.02,8.64,16.78,21.3,25.21,4.12,243.99,234.56,162.03,110.71,84.07,7.88,4.23,5.02,3.34,2.32,1.91,35.15,-15.71,151.89,0.020162
Baise,107.5,25.0,2020,10,2020-10,3.5746,7.3394,10.0864,11.8973,14.0894,0.002399,0.003253,0.004357,0.005007,0.003588,-49.73,-3.87,9.61,13.14,16.43,20.3,-10.05,4.05,11.5,15.29,19.14,269.81,240.88,212.19,98.15,62.93,43.56,7.68,6.58,4.35,4.24,4.13,2.5,22.96,-1.69,205.02,0.018604
Baise,107.5,25.0,2020,11,2020-11,1.1915,4.7943,8.092,9.8182,11.4212,0.001885,0.004194,0.003017,0.002943,0.001746,-50.75,-5.5,6.91,11.78,14.77,18.23,-23.14,-1.82,8.26,12.38,15.88,256.46,259.19,243.53,156.38,106.08,91.94,24.55,15.52,8.58,3.66,2.94,1.5,16.82,2.78,440.5,0.013785
Baise,107.5,25.0,2020,12,2020-12,0.5232,4.0588,5.7339,5.9885,7.005,0.00141,0.005654,0.001689,0.002648,0.002253,-51.34,-6.8,3.76,5.01,6.92,10.31,-32.05,-4.04,3.34,5.16,8.56,258.02,267.62,262.16,133.94,78.06,65.67,42.09,26.43,13.66,2.89,4.34,3.15,7.35,13.39,208.57,0.013653
Baise,107.5,25.0,2021,1,2021-01,0.5703,3.7677,4.9484,5.4511,6.5159,0.001621,0.004892,0.001629,0.001654,0.00153,-51.55,-6.37,2.25,4.57,7.77,11.57,-31.15,-5.02,1.29,3.83,7.5,260.71,270.46,264.12,155.02,96.94,85.44,42.06,27.88,12.73,3.23,2.98,2.3,4.97,16.05,410.6,0.011325
Baise,107.5,25.0,2021,2,2021-02,0.9152,4.9187,7.8267,9.2575,11.0645,0.001901,0.004692,0.003186,0.002321,0.002173,-50.63,-9.59,3.39,10.1,14.18,18.12,-26.08,-1.47,7.78,11.5,15.39,256.32,265.58,258.86,179.69,137.21,123.58,46.03,20.37,9.35,3.99,2.46,1.93,22.61,0.92,290.14,0.014273
Baise,107.5,25.0,2021,3,2021-03,0.7796,5.2818,9.5364,10.9898,13.226,0.00164,0.007344,0.006054,0.003868,0.003283,-51.59,-8.12,6.74,13.43,16.68,20.81,-27.82,-0.5,10.67,14.08,18.15,263.31,265.45,256.26,195.45,150.65,136.18,38.0,20.63,13.64,6.23,3.45,2.43,24.98,-4.89,344.97,0.02219
Baise,107.5,25.0,2021,4,2021-04,1.6866,7.0438,11.8193,14.1248,17.091,0.002841,0.007202,0.006382,0.004671,0.004156,-51.5,-6.33,8.47,15.29,18.81,23.09,-19.16,3.47,13.88,17.93,22.19,261.7,261.63,250.69,178.23,125.65,106.63,33.43,16.52,10.03,5.3,3.24,2.38,30.51,-10.49,176.73,0.025251
Baise,107.5,25.0,2021,5,2021-05,3.0142,8.8379,14.7244,18.1441,21.5907,0.004238,0.009943,0.009425,0.006313,0.004985,-49.74,-3.78,11.14,18.9,22.7,26.83,-12.18,6.69,17.24,21.87,25.97,272.29,255.36,248.64,203.53,171.09,140.01,20.08,13.79,11.03,6.28,3.41,2.26,35.46,-18.79,207.94,0.034904
Baise,107.5,25.0,2021,6,2021-06,4.193,9.5336,15.4328,19.7392,23.3641,0.00177,0.004507,0.00691,0.006031,0.005645,-47.98,-1.89,12.31,20.35,24.48,28.59,-8.02,7.78,17.96,23.21,27.26,41.27,240.3,228.53,184.91,155.59,130.22,4.43,4.14,4.64,4.39,3.0,2.37,35.67,-20.0,298.94,0.024863
Baise,107.5,25.0,2021,7,2021-07,3.8938,9.0694,15.0353,20.3026,23.8176,0.000673,0.003078,0.006604,0.00585,0.00511,-47.73,-2.39,12.16,21.14,25.28,29.25,-8.97,7.06,17.56,23.66,27.57,52.24,219.17,219.29,185.77,166.16,155.55,3.95,1.7,3.33,4.31,2.83,2.1,35.99,-20.0,447.85,0.021315
Baise,107.5,25.0,2021,8,2021-08,3.5568,9.6768,15.2992,20.1674,23.5176,0.000584,0.002841,0.00677,0.00613,0.0054,-47.85,-2.25,12.05,21.0,25.04,28.91,-10.11,8.0,17.83,23.56,27.36,60.12,143.7,215.0,189.14,170.74,152.74,10.2,1.61,2.88,4.34,2.98,2.25,37.02,-20.0,396.5,0.021726
Baise,107.5,25.0,2021,9,2021-09,3.1728,8.7566,13.3548,18.7963,21.8573,0.000894,0.003041,0.005276,0.003781,0.003048,-50.27,-3.94,10.93,19.89,24.02,27.79,-11.54,6.56,15.73,22.43,26.16,324.15,204.35,193.16,172.4,161.27,166.22,0.51,2.76,3.41,3.87,1.97,1.37,35.2,-16.51,519.99,0.01604
Baise,107.5,25.0,2021,10,2021-10,3.2574,8.0421,10.3402,12.526,14.7681,0.001649,0.00259,0.005127,0.005334,0.003923,-49.98,-4.52,8.7,13.45,16.81,20.65,-11.22,5.35,11.87,16.08,19.88,277.63,246.63,208.37,96.43,61.19,43.19,9.91,4.97,3.16,4.86,4.18,2.61,26.48,-3.25,197.06,0.018623
Baise,107.5,25.0,2021,11,2021-11,1.4925,5.9727,7.0894,9.0294,10.608,0.003298,0.006019,0.001151,0.002274,0.001772,-52.06,-7.2,4.83,9.37,12.62,16.19,-20.58,1.18,6.35,11.13,14.75,274.43,269.35,258.61,129.11,74.12,51.86,38.89,21.67,9.88,1.59,2.47,1.64,19.28,5.74,377.9,0.014514
Baise,107.5,25.0,2021,12,2021-12,0.7388,3.8849,5.6827,6.5508,7.578,0.001618,0.003837,0.001369,0.001888,0.001402,-51.14,-7.28,3.6,7.09,9.98,13.26,-28.4,-4.62,3.21,6.44,9.71,251.9,262.11,258.37,149.99,87.76,70.77,41.35,21.47,9.69,2.36,2.83,1.81,9.37,11.11,484.55,0.010113
Baise,107.5,25.0,2022,1,2022-01,1.087,4.56,6.9869,7.3422,8.5358,0.002816,0.006167,0.003305,0.002393,0.001978,-50.71,-12.15,1.99,7.03,8.86,12.2,-24.17,-2.49,6.14,8.09,11.47,252.4,261.74,256.41,184.95,114.81,92.52,53.77,25.41,13.26,4.64,3.2,2.27,20.84,3.24,110.26,0.01666
Baise,107.5,25.0,2022,2,2022-02,0.8434,4.2677,5.9685,6.0987,7.0382,0.002727,0.007054,0.00185,0.002175,0.001857,-50.95,-10.77,2.29,4.74,6.22,9.35,-26.97,-3.37,3.91,5.42,8.63,253.67,258.35,253.78,166.58,83.36,67.39,52.9,31.71,16.21,3.04,3.5,2.59,13.75,9.12,104.43,0.015662
Baise,107.5,25.0,2022,3,2022-03,1.4237,5.659,10.8782,12.5656,15.1109,0.002672,0.00693,0.006667,0.004215,0.003654,-50.87,-7.35,8.19,14.52,17.87,22.03,-21.12,0.44,12.63,16.12,20.24,270.27,268.6,258.06,199.26,163.77,154.69,31.83,18.41,12.01,6.01,3.29,2.37,26.75,-8.44,235.79,0.024139
Baise,107.5,25.0,2022,4,2022-04,1.7249,6.6119,9.6163,11.8907,14.229,0.002706,0.005491,0.003289,0.002115,0.001522,-51.54,-7.01,7.23,14.19,18.22,22.29,-18.9,2.59,10.79,15.28,19.29,267.13,267.52,255.61,188.33,149.64,140.9,33.53,15.38,8.14,3.35,1.74,1.05,27.35,-4.7,424.53,0.015122
Baise,107.5,25.0,2022,5,2022-05,4.0247,8.7537,12.3009,15.1077,18.1521,0.004377,0.004974,0.004004,0.004068,0.003581,-49.52,-4.8,9.03,15.73,19.85,24.05,-8.55,6.56,14.48,18.98,23.16,277.76,262.09,244.82,148.91,112.08,96.46,21.11,10.67,5.57,3.19,2.64,1.93,32.55,-10.57,155.91,0.021005
Baise,107.5,25.0,2022,6,2022-06,4.8153,10.3057,15.5738,19.4121,22.9392,0.002655,0.006282,0.00784,0.006127,0.004981,-48.71,-2.75,11.52,19.84,24.02,28.08,-6.24,8.91,18.1,22.95,26.96,10.25,260.74,246.16,208.77,179.14,149.21,4.79,5.41,5.98,4.94,3.1,2.13,38.09,-20.0,217.05,0.027885
Baise,107.5,25.0,2022,7,2022-07,3.1484,8.8704,15.1498,20.2135,23.6669,0.000541,0.003946,0.00883,0.00764,0.006511,-47.84,-2.35,12.79,21.28,25.1,29.03,-11.64,6.74,17.67,23.59,27.47,82.19,193.03,219.16,196.6,180.8,169.63,7.83,1.68,4.36,5.72,3.71,2.7,35.26,-20.0,451.23,0.027469
Baise,107.5,25.0,2022,8,2022-08,3.7576,9.5542,15.0115,20.0303,23.4585,0.001924,0.003398,0.007364,0.006177,0.005155,-47.85,-2.1,12.12,20.85,25.0,28.93,-9.42,7.81,17.53,23.45,27.32,85.7,112.3,159.24,170.4,152.53,145.3,18.69,5.02,3.49,4.81,3.02,2.15,36.18,-19.85,414.89,0.024018
Baise,107.5,25.0,2022,9,2022-09,3.7792,8.62,12.5813,17.0198,19.7144,0.000161,0.001061,0.00444,0.004267,0.003195,-49.78,-3.4,9.64,18.49,22.85,26.53,-9.35,6.33,14.82,20.85,24.49,4.22,294.82,157.12,95.28,56.77,40.19,3.74,0.42,1.21,3.46,2.46,1.59,33.41,-12.62,457.89,0.013124
Baise,107.5,25.0,2022,10,2022-10,2.4814,7.1296,9.3719,12.0932,14.0223,0.001235,0.001704,0.003862,0.004143,0.002408,-50.39,-4.32,8.35,14.47,18.55,22.13,-14.56,3.64,10.41,15.54,19.06,260.05,247.94,219.88,99.7,72.02,52.65,7.06,4.88,2.34,4.04,3.36,1.68,24.49,-1.69,506.76,0.013352
Baise,107.5,25.0,2022,11,2022-11,0.8849,4.6811,10.4667,12.128,14.4414,0.001466,0.004253,0.005234,0.003859,0.00299,-51.33,-5.83,7.93,14.02,17.5,21.5,-26.45,-2.14,12.05,15.58,19.52,261.88,260.62,242.05,175.72,137.66,133.1,30.62,16.25,8.91,4.9,3.12,2.03,21.83,-5.42,245.47,0.017802
Baise,107.5,25.0,2022,12,2022-12,0.7114,4.2905,4.6599,4.9828,5.8288,0.001674,0.004772,0.001168,0.001906,0.001552,-51.69,-7.83,1.98,4.71,7.2,10.69,-28.81,-3.3,0.46,2.57,5.9,263.47,270.31,263.41,116.74,74.36,63.57,41.54,23.08,10.91,2.46,3.75,2.61,7.72,15.14,531.02,0.011073
Baise,107.5,25.0,2023,1,2023-01,0.421,3.0859,5.1552,5.5202,6.5786,0.001178,0.003882,0.001585,0.001614,0.001336,-51.95,-6.08,3.86,5.56,8.7,12.5,-34.28,-7.62,1.86,4.0,7.64,253.43,266.16,261.2,157.21,102.05,90.28,37.54,27.44,12.34,3.02,2.87,1.99,2.01,14.96,462.67,0.009595
Baise,107.5,25.0,2023,2,2023-02,0.8798,4.8769,7.7401,8.4757,10.246,0.002153,0.006724,0.003831,0.00285,0.002482,-51.21,-9.1,4.39,9.43,12.66,16.78,-26.51,-1.58,7.62,10.2,14.22,247.46,260.97,255.26,177.39,116.57,101.99,46.38,24.0,13.52,4.85,3.3,2.38,20.17,2.25,226.86,0.018041
Baise,107.5,25.0,2023,3,2023-03,,5.4758,8.6588,10.006,12.2288,,0.006622,0.003946,0.002699,0.002298,-51.74,-10.69,5.32,12.27,16.25,20.63,,-0.01,9.25,12.67,16.93,265.19,269.0,260.42,181.11,132.89,123.88,48.45,20.12,11.86,4.47,2.64,1.84,26.88,-4.23,377.3,0.015565
Baise,107.5,25.0,2023,4,2023-04,1.3291,6.8791,11.4412,13.6599,16.4709,0.00256,0.008417,0.006468,0.004798,0.004016,-51.22,-6.44,9.29,16.44,20.08,24.38,-21.91,3.14,13.39,17.41,21.6,261.94,268.67,257.15,189.12,148.22,137.27,34.36,18.89,12.0,5.54,3.44,2.39,30.12,-10.8,381.98,0.02626
Baise,107.5,25.0,2023,5,2023-05,2.4973,8.6059,13.5573,16.8335,20.0414,0.003568,0.008135,0.008875,0.0066,0.005697,-49.11,-3.78,11.15,18.92,22.69,26.86,-14.49,6.31,15.96,20.68,24.75,271.92,259.06,244.96,184.96,154.47,142.09,19.58,14.01,9.27,6.42,3.84,2.79,33.83,-15.88,369.61,0.032875
Baise,107.5,25.0,2023,6,2023-06,4.4614,9.5146,15.3008,19.2914,22.8897,0.002742,0.004712,0.006683,0.005868,0.005534,-48.34,-2.37,11.52,19.87,24.1,28.24,-7.23,7.75,17.83,22.85,26.92,291.16,252.26,227.12,170.49,142.01,118.93,4.95,6.03,4.86,4.28,2.98,2.37,36.3,-19.84,255.12,0.025538
Baise,107.5,25.0,2023,7,2023-07,3.9202,9.8471,15.7852,20.1622,23.4907,0.001051,0.00432,0.008351,0.00708,0.005972,-47.15,-1.66,12.76,21.18,25.2,29.05,-8.88,8.25,18.31,23.55,27.34,76.12,196.78,220.11,191.99,172.78,157.3,9.32,2.63,4.3,5.19,3.44,2.49,36.65,-20.0,359.1,0.026774
Baise,107.5,25.0,2023,8,2023-08,4.4467,9.9377,15.1489,19.7008,23.0272,0.000431,0.001878,0.0037,0.003119,0.003768,-47.54,-1.74,11.91,20.48,24.47,28.37,-7.27,8.38,17.67,23.18,27.02,38.35,87.03,103.82,127.77,134.12,109.8,10.33,0.95,1.85,2.4,1.55,1.6,36.36,-19.45,350.55,0.012895
Baise,107.5,25.0,2023,9,2023-09,3.2158,9.1454,14.2608,18.1332,21.3843,0.000612,0.002249,0.005667,0.004484,0.002874,-49.09,-2.77,11.12,19.16,23.19,27.2,-11.38,7.18,16.74,21.86,25.81,342.52,144.2,131.92,122.93,99.61,88.48,0.36,1.87,2.41,3.9,2.42,1.32,34.74,-16.88,302.79,0.015886
Baise,107.5,25.0,2023,10,2023-10,2.3392,7.2998,11.0076,13.6585,16.1215,0.002265,0.002846,0.003999,0.004372,0.002939,-50.5,-4.44,8.9,15.06,18.96,22.85,-15.28,3.97,12.81,17.41,21.26,255.25,263.5,241.17,120.32,86.23,75.07,18.77,9.5,3.82,3.56,3.14,1.79,27.38,-6.37,281.12,0.016421
Baise,107.5,25.0,2023,11,2023-11,1.4598,4.8357,8.9982,10.9289,12.7895,0.002781,0.003622,0.003108,0.002405,0.001528,-51.92,-6.92,6.84,12.58,15.93,19.54,-20.83,-1.7,9.81,14.0,17.63,262.68,265.42,255.71,182.99,138.68,135.58,39.87,18.69,7.35,3.39,2.16,1.17,20.77,-1.57,345.39,0.013444
Baise,107.5,25.0,2023,12,2023-12,1.3732,5.1657,8.2296,9.0313,10.6174,0.003163,0.006001,0.002933,0.002164,0.001654,-52.1,-8.0,4.23,8.45,10.89,14.42,-21.53,-0.8,8.45,10.89,14.42,262.68,263.92,257.83,193.82,126.71,112.14,47.0,22.59,11.39,3.5,2.35,1.53,19.87,3.19,0.0,0.015916
Baise,107.5,25.0,2024,1,2024-01,0.862,4.7,7.274,8.2219,9.7374,0.002303,0.006261,0.004022,0.002653,0.001977,-50.6,-12.12,1.48,7.11,9.47,13.05,-26.73,-2.08,6.72,9.47,13.05,254.5,263.28,254.08,184.68,130.95,109.42,60.34,26.2,13.06,5.42,3.16,1.99,22.39,2.52,48.02,0.017217
Baise,107.5,25.0,2024,2,2024-02,0.6887,4.8561,7.6285,8.2347,9.7365,0.00213,0.008714,0.005208,0.002808,0.002117,-51.13,-9.13,4.25,10.13,11.83,15.45,-29.15,-1.64,7.41,9.77,13.45,258.0,260.13,252.77,198.36,140.63,123.46,55.79,30.33,17.6,6.7,3.34,2.13,20.77,1.83,339.91,0.020977
Baise,107.5,25.0,2024,3,2024-03,0.8108,5.6347,9.4989,11.1623,13.3569,0.001962,0.008419,0.005737,0.004149,0.003415,-51.17,-7.26,7.04,13.4,16.58,20.66,-27.4,0.38,10.61,14.32,18.3,256.94,264.29,256.65,191.36,145.88,134.99,44.88,23.72,14.65,5.92,3.65,2.51,24.61,-3.91,348.52,0.023682
Baise,107.5,25.0,2024,4,2024-04,1.7685,7.5577,12.8172,15.7758,18.7397,0.003502,0.010796,0.007969,0.005424,0.004445,-51.04,-6.77,10.28,18.66,22.04,26.12,-18.6,4.46,15.11,19.66,23.67,263.13,263.84,255.8,201.66,157.43,134.11,38.3,19.42,14.01,6.1,3.37,2.33,34.73,-16.76,444.64,0.032136
Baise,107.5,25.0,2024,5,2024-05,3.4965,8.8091,13.1668,16.6133,19.9111,0.004218,0.005658,0.005011,0.004649,0.003769,-49.26,-4.95,9.58,17.2,21.15,25.35,-10.33,6.65,15.52,20.47,24.65,271.5,267.43,261.85,173.19,134.05,121.92,27.85,11.83,6.3,3.73,2.74,1.86,34.73,-14.33,209.51,0.023305
Baise,107.5,25.0,2024,6,2024-06,4.6719,10.5088,16.3604,20.1432,23.7663,0.002547,0.005295,0.010423,0.009389,0.00844,-47.13,-1.68,12.15,20.15,24.16,28.2,-6.63,9.2,18.87,23.54,27.54,316.86,250.72,233.1,179.82,151.49,131.87,5.73,5.35,4.94,6.25,4.57,3.48,37.75,-20.0,159.75,0.036093
Baise,107.5,25.0,2024,7,2024-07,3.5872,9.331,16.461,20.4423,23.9069,0.000685,0.005296,0.013562,0.01035,0.008821,-46.39,-1.38,13.36,20.85,24.95,28.86,-10.01,7.47,18.97,23.77,27.63,59.22,161.68,207.39,187.15,168.05,161.66,13.54,1.87,5.57,8.08,4.96,3.62,35.32,-20.0,236.19,0.038714
Baise,107.5,25.0,2024,8,2024-08,3.2863,8.9361,14.8654,19.8751,23.0383,0.000457,0.002229,0.006092,0.005254,0.003708,-47.81,-1.99,12.23,20.82,24.38,28.11,-11.11,6.85,17.38,23.32,27.03,81.07,197.65,204.44,195.73,182.39,164.29,4.19,1.36,2.45,4.02,2.59,1.58,34.8,-19.32,429.37,0.01774
Baise,107.5,25.0,2024,9,2024-09,3.6491,8.3669,13.6441,18.1457,21.1885,0.001422,0.003825,0.006406,0.00584,0.004224,-48.44,-2.47,11.57,19.54,23.19,27.03,-9.79,5.91,16.06,21.87,25.66,40.48,89.49,90.19,90.68,66.11,49.55,1.84,3.82,4.48,4.6,3.16,1.95,32.42,-15.42,434.63,0.021717
Baise,107.5,25.0,2024,10,2024-10,2.9517,6.8648,9.3549,12.1627,14.2285,0.002266,0.001175,0.004004,0.004708,0.003208,-50.3,-4.45,9.38,13.95,16.96,20.66,-12.44,3.11,10.39,15.63,19.29,274.98,259.19,256.19,97.63,67.17,51.87,11.49,7.53,1.68,4.2,3.8,2.21,22.52,-1.29,446.15,0.015361
Baise,107.5,25.0,2024,11,2024-11,1.4757,4.9482,8.5988,10.817,12.7307,0.00239,0.003078,0.002278,0.002885,0.001681,-50.07,-6.94,6.04,11.3,14.21,17.92,-20.71,-1.39,9.15,13.84,17.56,259.08,260.2,253.74,128.4,87.9,75.24,32.82,15.88,6.1,2.6,2.62,1.3,19.96,0.59,268.66,0.012312
Baise,107.5,25.0,2024,12,2024-12,0.405,4.0459,5.7814,6.4794,7.5096,0.001091,0.005198,0.00187,0.002398,0.001727,-50.37,-5.5,3.91,5.98,8.36,11.61,-34.67,-4.08,3.46,6.29,9.58,259.82,268.15,265.4,169.18,107.53,99.74,39.76,26.41,12.6,3.17,3.63,2.26,6.95,13.68,315.94,0.012284
Beihai,110.0,22.5,2005,1,2005-01,0.66,3.004,6.326,6.563,6.819,0.001741,0.004219,0.002848,0.002094,0.002316,-53.25,-7.41,6.48,7.89,10.26,13.53,-29.61,-7.97,4.73,6.47,8.16,259.45,269.49,275.0,226.84,123.79,85.52,43.35,25.87,13.77,4.41,3.13,3.33,5.58,8.72,395.49,0.013217
Beihai,110.0,22.5,2005,2,2005-02,0.688,3.392,8.276,9.088,9.882,0.001786,0.005625,0.006357,0.003878,0.003835,-52.43,-9.13,6.52,12.15,13.37,16.2,-29.16,-6.4,8.59,11.23,13.67,263.9,265.74,263.86,223.87,148.28,99.83,47.26,25.46,16.26,7.53,4.18,3.81,16.95,-1.64,445.22,0.021481
Beihai,110.0,22.5,2005,3,2005-03,1.137,4.812,8.413,9.138,10.005,0.002441,0.006278,0.004249,0.003639,0.003236,-52.26,-8.81,5.68,11.9,14.1,17.4,-23.67,-1.77,8.83,11.31,13.86,265.66,268.58,265.83,217.86,138.84,100.35,44.39,21.06,12.79,4.95,3.9,3.17,22.09,-1.41,383.98,0.019842
Beihai,110.0,22.5,2005,4,2005-04,1.325,6.103,10.471,12.22,14.191,0.002212,0.006615,0.006078,0.005231,0.004145,-52.66,-6.22,8.49,16.32,19.84,23.35,-21.94,1.48,12.06,15.7,19.25,259.96,268.18,263.95,225.21,176.45,140.81,30.73,16.37,10.63,5.69,4.2,2.86,27.59,-8.07,532.76,0.02428
Beihai,110.0,22.5,2005,5,2005-05,2.561,7.382,11.992,14.856,20.957,0.003166,0.007425,0.009323,0.008397,0.006541,-50.8,-4.7,10.65,20.35,24.32,27.02,-14.18,4.13,14.09,18.71,25.48,268.97,252.13,247.91,223.94,193.03,157.12,14.4,12.12,9.86,7.62,5.54,3.06,32.63,-14.3,781.94,0.034852
Beihai,110.0,22.5,2005,6,2005-06,4.371,9.12,13.493,16.106,22.389,0.001631,0.005909,0.008903,0.007725,0.005245,-48.98,-2.85,11.49,20.19,24.38,27.75,-7.49,7.14,15.89,19.98,26.56,22.51,243.36,240.49,224.31,199.63,167.17,3.92,3.66,6.35,6.47,4.7,2.3,34.58,-16.07,537.39,0.029412
Beihai,110.0,22.5,2005,7,2005-07,2.677,7.055,11.883,14.607,21.229,0.001155,0.003165,0.006199,0.006401,0.004796,-49.17,-3.3,11.41,20.08,24.11,27.56,-13.64,3.49,13.96,18.45,25.69,83.57,148.53,180.39,184.48,170.63,155.75,8.21,4.23,4.4,5.12,4.3,2.22,29.42,-12.36,765.44,0.021717
Beihai,110.0,22.5,2005,8,2005-08,3.005,7.992,12.698,15.197,21.053,0.000845,0.0018,0.003445,0.003535,0.002286,-49.33,-3.2,11.45,19.59,23.53,26.98,-12.22,5.25,14.96,19.07,25.55,60.76,98.34,148.32,153.43,138.55,118.01,9.19,2.76,2.21,2.66,2.28,1.06,31.56,-13.82,578.27,0.011912
Beihai,110.0,22.5,2005,9,2005-09,2.692,7.194,11.654,13.964,19.556,0.000928,0.002998,0.005993,0.006413,0.004619,-49.92,-3.79,10.24,18.66,22.76,26.23,-13.57,3.77,13.66,17.75,24.36,91.51,103.34,103.15,91.93,75.47,41.67,3.8,3.38,4.09,5.04,4.5,2.32,29.64,-10.87,624.55,0.020952
Beihai,110.0,22.5,2005,10,2005-10,1.842,5.665,9.572,11.282,14.157,0.000549,0.000212,0.003561,0.005963,0.004619,-51.72,-4.81,9.25,15.63,19.69,23.48,-18.13,0.45,10.72,14.48,19.21,265.76,251.44,64.13,73.6,63.04,40.31,6.77,2.92,0.37,3.65,5.18,3.2,22.36,-3.79,613.32,0.014904
Beihai,110.0,22.5,2005,11,2005-11,1.394,5.262,8.797,10.036,11.833,0.002043,0.003832,0.001294,0.0037,0.003301,-52.42,-5.25,7.88,13.36,16.74,20.54,-21.36,-0.56,9.48,12.71,16.42,259.92,257.87,252.22,161.82,93.01,66.06,21.31,14.37,7.14,1.44,3.61,2.74,19.65,-0.17,484.92,0.014168
Beihai,110.0,22.5,2005,12,2005-12,1.643,4.788,5.815,5.022,5.51,0.003035,0.004873,0.001059,0.003179,0.00281,-52.67,-6.25,6.47,8.65,10.04,13.43,-19.46,-1.83,3.54,2.67,5.09,251.56,268.96,262.23,101.62,69.64,43.62,28.64,18.11,9.98,1.79,6.21,5.0,10.13,10.39,639.27,0.014956
Beihai,110.0,22.5,2006,1,2006-01,0.508,2.183,6.996,7.026,7.412,0.000992,0.002908,0.002861,0.002578,0.002507,-51.76,-5.82,7.92,9.5,11.49,14.64,-32.35,-12.0,6.16,7.45,9.38,253.46,271.86,266.4,221.36,118.92,86.37,32.88,19.15,13.07,4.01,3.6,3.32,1.56,7.23,417.43,0.011846
Beihai,110.0,22.5,2006,2,2006-02,0.832,4.711,8.454,8.435,8.703,0.001531,0.005086,0.004306,0.004191,0.003272,-51.8,-8.8,4.56,10.95,12.99,16.35,-27.12,-2.05,8.9,10.12,11.76,261.68,261.59,257.34,192.84,114.88,81.89,42.02,18.04,10.59,4.99,4.87,3.69,22.04,-0.59,256.25,0.018386
Beihai,110.0,22.5,2006,3,2006-03,1.01,5.123,9.374,10.198,10.741,0.0022,0.006955,0.005248,0.004183,0.003454,-52.12,-7.55,7.19,13.43,15.61,18.99,-24.99,-0.92,10.42,12.95,14.94,259.24,271.53,267.5,219.61,143.9,107.34,35.51,21.36,13.31,5.49,4.02,3.15,23.29,-3.93,376.73,0.022039
Beihai,110.0,22.5,2006,4,2006-04,1.992,6.257,10.728,12.775,15.345,0.003289,0.007296,0.008248,0.006267,0.004206,-52.11,-5.69,9.43,17.41,20.6,23.87,-17.2,1.82,12.42,16.38,20.48,260.01,255.84,253.07,226.4,188.37,150.1,27.49,16.19,11.44,7.54,4.81,2.69,27.91,-9.24,623.79,0.029307
Beihai,110.0,22.5,2006,5,2006-05,3.157,6.85,10.994,13.272,17.695,0.002695,0.004321,0.00411,0.003236,0.002436,-51.14,-4.7,9.69,17.92,21.75,24.95,-11.61,3.08,12.79,16.96,22.75,275.09,259.05,252.5,215.9,169.39,126.87,12.28,8.37,6.19,3.67,2.39,1.35,28.8,-9.41,641.69,0.016798
Beihai,110.0,22.5,2006,6,2006-06,3.723,8.372,12.748,14.915,21.775,0.001882,0.005985,0.009091,0.008027,0.006139,-49.7,-3.4,11.26,20.14,24.22,27.4,-9.54,5.92,15.02,18.78,26.1,27.32,248.71,237.47,218.15,194.04,165.76,5.43,4.96,7.01,6.99,5.28,2.76,33.22,-14.69,639.6,0.031124
Beihai,110.0,22.5,2006,7,2006-07,3.653,8.523,13.212,16.296,22.37,0.001031,0.003804,0.006434,0.006133,0.004632,-48.24,-2.62,11.81,20.38,24.39,27.92,-9.78,6.17,15.57,20.17,26.54,73.98,156.12,197.28,199.19,191.25,178.59,12.07,2.77,4.38,4.78,3.69,2.03,32.93,-15.32,601.42,0.022034
Beihai,110.0,22.5,2006,8,2006-08,3.386,7.691,12.486,14.747,21.033,0.001383,0.003112,0.004237,0.003629,0.002111,-49.51,-3.51,11.37,19.56,23.55,27.04,-10.73,4.71,14.71,18.6,25.54,79.17,103.86,115.53,115.26,103.17,69.17,6.12,4.01,3.97,3.33,2.41,0.98,31.12,-13.56,606.54,0.014473
Beihai,110.0,22.5,2006,9,2006-09,3.147,7.019,10.812,13.084,18.089,0.000842,0.001697,0.004477,0.005383,0.004406,-50.74,-3.8,10.67,17.43,21.47,25.27,-11.65,3.42,12.54,16.74,23.1,61.93,46.08,62.89,63.37,50.43,16.54,1.87,2.62,2.37,4.06,4.03,2.39,26.52,-7.58,611.69,0.016805
Beihai,110.0,22.5,2006,10,2006-10,2.082,6.652,10.355,12.381,16.591,0.000682,0.000464,0.002545,0.00366,0.002714,-52.16,-4.6,8.71,16.6,20.91,24.6,-16.68,2.67,11.89,15.89,21.72,275.29,263.03,6.71,84.76,78.46,54.13,7.26,3.21,0.68,2.41,2.9,1.6,27.05,-6.44,588.59,0.010065
Beihai,110.0,22.5,2006,11,2006-11,1.246,3.908,7.971,9.577,12.199,0.002127,0.00296,0.001578,0.003891,0.003727,-53.2,-6.64,6.96,14.53,18.0,21.14,-22.64,-4.54,8.04,12.01,16.89,267.32,266.58,258.19,171.41,97.5,63.86,26.53,16.74,7.43,1.94,3.98,3.0,17.71,-0.67,811.3,0.014283
Beihai,110.0,22.5,2006,12,2006-12,0.339,3.103,5.363,5.161,6.171,0.000646,0.00212,0.000952,0.003086,0.00299,-51.77,-7.06,3.89,10.0,12.26,14.96,-36.46,-7.55,2.4,3.06,6.71,263.08,269.94,264.69,88.35,67.33,39.62,35.13,18.68,6.7,1.74,5.86,4.75,8.02,9.41,949.78,0.009793
Beihai,110.0,22.5,2007,1,2007-01,0.374,2.718,5.601,5.231,5.458,0.000825,0.002809,0.000562,0.002556,0.002535,-52.63,-7.04,3.73,8.44,10.0,12.98,-35.48,-9.24,3.01,3.25,4.96,258.9,268.25,261.37,189.94,71.75,46.07,42.16,21.63,10.13,0.98,4.79,4.55,5.52,10.3,678.78,0.009287
Beihai,110.0,22.5,2007,2,2007-02,0.856,3.935,7.489,8.777,9.952,0.00208,0.004719,0.004511,0.004864,0.00404,-51.89,-9.95,4.15,13.01,16.08,19.33,-26.81,-4.45,7.14,10.71,13.78,257.1,262.82,260.51,215.98,160.1,134.49,46.49,23.83,11.76,5.91,5.43,3.98,21.5,-1.38,734.07,0.020214
Beihai,110.0,22.5,2007,3,2007-03,0.679,4.326,9.496,10.924,11.868,0.001399,0.00578,0.006993,0.006078,0.004619,-52.14,-6.46,7.12,14.42,16.76,20.39,-29.3,-3.19,10.61,13.99,16.47,251.65,265.32,259.4,213.82,158.61,125.94,33.76,20.21,13.1,7.22,5.46,3.82,21.17,-4.09,476.69,0.024869
Beihai,110.0,22.5,2007,4,2007-04,1.63,5.363,9.115,10.866,12.194,0.002814,0.005839,0.003507,0.002539,0.002764,-52.21,-7.89,8.13,14.84,17.73,21.59,-19.56,-0.3,10.0,13.91,16.88,264.94,262.64,264.63,231.67,135.0,92.84,34.93,16.93,10.68,3.77,2.29,2.22,24.3,-5.0,604.8,0.017462
Beihai,110.0,22.5,2007,5,2007-05,2.563,5.904,10.802,13.22,16.88,0.001892,0.003475,0.004983,0.004053,0.002568,-50.78,-4.47,10.36,18.17,22.32,25.75,-14.17,1.02,12.52,16.9,21.99,282.0,254.04,239.84,217.28,187.64,156.7,12.31,7.24,5.77,4.52,3.01,1.49,25.82,-8.95,706.0,0.016971
Beihai,110.0,22.5,2007,6,2007-06,3.187,6.965,11.614,14.859,21.462,0.001637,0.004868,0.00781,0.007433,0.005786,-49.64,-3.25,11.52,20.14,24.17,27.51,-11.49,3.31,13.61,18.72,25.87,6.55,250.88,240.74,220.7,197.44,165.54,1.23,5.04,6.85,6.59,4.91,2.64,28.79,-11.7,816.2,0.027534
Beihai,110.0,22.5,2007,7,2007-07,2.125,6.757,11.399,14.438,21.314,0.001092,0.00533,0.009646,0.009956,0.008296,-49.22,-3.08,11.73,20.13,24.14,27.61,-16.43,2.89,13.33,18.27,25.75,70.59,183.87,204.11,198.92,183.48,167.75,11.89,5.04,7.73,8.3,6.76,3.82,27.7,-10.98,850.18,0.034319
Beihai,110.0,22.5,2007,8,2007-08,2.909,6.859,11.35,14.475,21.39,0.000577,0.000665,0.000864,0.000934,0.00136,-49.23,-3.34,11.3,20.11,24.06,27.56,-12.62,3.1,13.26,18.31,25.81,64.86,67.0,98.47,159.62,198.43,228.9,7.18,1.94,0.95,0.75,0.63,0.62,28.51,-11.09,855.78,0.0044
Beihai,110.0,22.5,2007,9,2007-09,2.827,6.713,10.788,13.073,18.47,0.000417,0.000749,0.003585,0.005496,0.005171,-50.37,-3.12,10.61,17.82,21.75,25.49,-12.97,2.8,12.5,16.73,23.44,55.09,14.8,59.22,59.58,45.29,13.48,3.79,1.45,1.09,3.26,4.12,2.75,25.63,-7.22,664.64,0.015418
Beihai,110.0,22.5,2007,10,2007-10,1.633,4.638,8.749,10.377,13.425,0.000258,0.000972,0.005296,0.007217,0.005615,-51.42,-4.31,9.05,15.46,19.76,23.31,-19.54,-2.26,9.4,13.21,18.38,262.34,268.52,96.99,80.79,63.43,39.16,4.8,1.55,2.06,5.94,6.82,4.1,17.85,-1.12,757.68,0.019358
Beihai,110.0,22.5,2007,11,2007-11,1.345,3.283,4.125,5.362,6.917,0.00128,0.000573,0.002078,0.003442,0.002967,-51.58,-6.96,6.7,12.07,14.91,18.12,-21.77,-6.82,-1.21,3.59,8.37,246.2,262.8,295.97,60.27,51.84,24.43,21.88,9.33,1.71,4.94,6.3,4.21,4.3,10.6,1659.9,0.010341
Beihai,110.0,22.5,2007,12,2007-12,0.578,3.172,6.526,6.851,7.586,0.001126,0.003519,0.001432,0.002642,0.00259,-52.69,-5.86,5.92,10.53,13.2,16.41,-31.01,-7.27,5.17,7.09,9.72,268.8,266.82,261.91,210.74,101.13,69.18,29.61,19.1,10.88,2.15,3.78,3.35,8.37,7.34,670.46,0.011308
Beihai,110.0,22.5,2008,1,2008-01,0.962,2.998,6.167,5.69,5.51,0.001869,0.003921,0.00296,0.002218,0.001988,-52.79,-7.29,8.26,8.98,9.43,11.81,-25.53,-7.99,4.36,4.43,5.09,245.87,252.85,250.65,201.82,98.58,54.78,35.55,19.06,12.82,4.71,3.82,3.54,4.38,8.21,576.93,0.012956
Beihai,110.0,22.5,2008,2,2008-02,0.645,4.229,5.062,4.329,4.637,0.001769,0.005916,0.000585,0.00202,0.002074,-51.28,-5.71,3.07,5.63,6.69,10.17,-29.85,-3.49,1.6,0.62,2.66,250.28,264.58,264.27,210.18,62.54,36.84,30.12,26.89,13.72,1.13,4.58,4.39,6.38,15.48,503.49,0.012363
Beihai,110.0,22.5,2008,3,2008-03,1.201,4.645,8.003,8.73,9.302,0.002472,0.004513,0.002997,0.003281,0.002497,-52.86,-8.87,5.57,12.74,16.08,19.61,-23.05,-2.24,8.1,10.63,12.76,268.22,269.18,266.45,208.1,146.4,124.48,37.0,20.18,9.53,3.67,3.69,2.63,21.9,-1.28,580.08,0.01576
Beihai,110.0,22.5,2008,4,2008-04,1.429,6.035,10.687,12.262,13.532,0.00186,0.005572,0.00648,0.00538,0.003884,-52.39,-5.66,9.18,16.35,19.75,23.65,-21.08,1.32,12.36,15.75,18.5,269.34,263.48,248.42,210.75,166.84,134.14,22.58,12.76,9.05,5.95,4.3,2.81,26.52,-8.07,498.34,0.023176
Beihai,110.0,22.5,2008,5,2008-05,3.155,6.852,11.486,13.153,15.963,0.002734,0.004025,0.00441,0.003809,0.002632,-50.78,-4.4,9.94,17.43,21.74,25.49,-11.61,3.09,13.45,16.83,21.1,289.84,256.73,240.23,206.5,166.36,139.51,10.2,8.5,5.76,3.77,2.84,1.62,28.42,-9.85,498.05,0.01761
Beihai,110.0,22.5,2008,6,2008-06,3.458,7.725,12.063,14.826,20.646,0.001947,0.005598,0.007672,0.006898,0.004683,-50.14,-3.62,10.57,18.94,23.13,26.7,-10.47,4.77,14.19,18.68,25.24,311.42,246.64,235.26,224.48,207.69,176.39,2.27,5.52,7.11,6.24,4.56,2.22,30.95,-12.0,594.36,0.026798
Beihai,110.0,22.5,2008,7,2008-07,2.56,6.994,11.434,14.504,21.094,0.001163,0.004593,0.007578,0.007612,0.005964,-49.35,-3.7,11.09,19.78,23.84,27.39,-14.19,3.37,13.38,18.34,25.58,64.67,213.83,211.35,209.8,195.9,177.52,7.46,4.45,6.44,6.5,5.15,2.77,29.14,-11.34,800.61,0.02691
Beihai,110.0,22.5,2008,8,2008-08,2.64,6.741,11.675,14.542,20.979,0.000674,0.002228,0.004163,0.004303,0.003178,-49.8,-3.57,11.37,19.73,23.74,27.34,-13.81,2.86,13.69,18.38,25.5,57.34,133.38,181.94,185.58,171.48,155.33,12.21,2.5,3.24,3.5,2.9,1.49,28.48,-11.76,755.02,0.014547
Beihai,110.0,22.5,2008,9,2008-09,2.319,6.121,10.907,13.34,19.986,0.000838,0.001986,0.003789,0.004106,0.002936,-50.3,-3.74,10.56,19.05,23.03,26.71,-15.38,1.52,12.67,17.04,24.71,69.78,107.57,118.74,101.34,78.73,49.79,2.43,3.55,3.18,3.41,3.02,1.44,26.41,-9.35,797.97,0.013655
Beihai,110.0,22.5,2008,10,2008-10,2.273,5.511,9.99,12.808,15.632,0.000739,0.001066,0.004537,0.007576,0.005554,-51.59,-4.81,10.1,16.5,20.59,24.42,-15.62,0.07,11.36,16.42,20.77,263.59,196.39,152.35,95.93,77.35,52.11,7.35,3.19,1.9,4.45,5.8,3.48,22.64,-5.66,642.89,0.019473
Beihai,110.0,22.5,2008,11,2008-11,1.075,3.199,6.042,6.899,8.841,0.001323,0.001547,0.002,0.004222,0.004007,-51.77,-6.65,6.82,12.42,15.11,18.52,-24.3,-7.16,4.07,7.19,11.99,260.41,263.48,254.47,86.29,62.84,37.41,25.86,12.07,4.74,3.25,6.0,4.44,9.17,5.95,1043.44,0.013099
Beihai,110.0,22.5,2008,12,2008-12,0.677,2.433,5.12,4.895,5.36,0.001237,0.001516,0.00122,0.002567,0.002336,-52.1,-7.4,5.13,9.48,12.29,15.35,-29.34,-10.64,1.76,2.32,4.7,260.45,270.93,249.1,120.63,76.04,49.08,33.08,17.91,6.11,2.34,5.14,4.27,2.86,10.12,965.35,0.008875
Beihai,110.0,22.5,2009,1,2009-01,0.268,2.551,4.5,4.343,4.588,0.000613,0.001911,0.00054,0.002013,0.001902,-52.6,-7.39,3.42,7.4,9.27,12.38,-38.77,-10.05,-0.02,0.66,2.51,257.56,274.29,266.25,153.22,78.2,49.69,38.91,22.43,7.35,1.18,4.55,4.07,1.3,13.51,927.52,0.006979
Beihai,110.0,22.5,2009,2,2009-02,0.48,2.811,8.451,10.089,10.959,0.000845,0.002963,0.006277,0.0069,0.005239,-52.36,-4.63,7.33,14.46,18.06,21.46,-32.94,-8.82,8.89,12.79,15.24,244.41,254.62,247.06,199.65,165.4,143.33,25.75,17.27,10.34,7.28,6.71,4.69,11.84,0.24,696.01,0.022224
Beihai,110.0,22.5,2009,3,2009-03,1.075,4.53,8.811,10.499,11.506,0.001997,0.005653,0.005542,0.004605,0.003897,-53.03,-7.16,8.34,14.02,15.56,19.29,-24.3,-2.58,9.5,13.39,15.99,251.77,256.96,256.29,212.02,141.8,102.7,33.03,18.22,12.24,6.17,4.3,3.32,19.76,-2.74,564.57,0.021694
Beihai,110.0,22.5,2009,4,2009-04,1.393,6.271,10.435,11.667,13.471,0.001922,0.005528,0.005169,0.005795,0.004481,-50.94,-6.53,8.03,15.03,18.59,22.44,-21.37,1.85,12.01,14.99,18.43,272.37,267.84,256.62,190.92,132.17,104.38,29.49,13.53,8.64,4.86,4.87,3.26,27.39,-7.04,377.8,0.022895
Beihai,110.0,22.5,2009,5,2009-05,2.562,7.353,11.468,13.044,16.115,0.001145,0.002791,0.004715,0.00586,0.00419,-50.57,-4.58,9.68,16.64,20.85,24.81,-14.18,4.08,13.42,16.7,21.25,295.41,271.18,227.18,169.14,135.46,112.84,7.78,4.38,3.72,4.03,4.41,2.55,29.04,-9.2,402.17,0.018701
Beihai,110.0,22.5,2009,6,2009-06,3.222,7.44,12.222,15.331,21.494,0.001192,0.004327,0.007625,0.007308,0.005416,-49.45,-3.19,11.45,19.92,24.06,27.53,-11.35,4.24,14.38,19.21,25.89,39.21,254.16,234.28,216.16,196.15,170.92,7.29,3.63,5.7,6.12,4.67,2.47,30.28,-12.94,692.15,0.025868
Beihai,110.0,22.5,2009,7,2009-07,2.494,7.525,12.416,15.293,21.565,0.000882,0.00385,0.007319,0.007013,0.005047,-48.43,-2.29,11.77,19.86,24.0,27.61,-14.5,4.4,14.62,19.17,25.94,72.21,142.97,187.9,188.96,173.74,155.0,13.95,3.47,5.02,5.78,4.5,2.3,29.4,-12.47,654.75,0.024111
Beihai,110.0,22.5,2009,8,2009-08,2.526,7.078,12.269,14.562,21.349,0.00077,0.001407,0.001739,0.000952,0.00017,-48.82,-3.27,11.75,20.41,24.56,27.82,-14.35,3.54,14.44,18.4,25.78,66.68,105.52,116.83,122.66,100.78,309.81,8.84,2.99,1.95,1.39,0.64,0.08,29.91,-13.63,746.18,0.005038
Beihai,110.0,22.5,2009,9,2009-09,2.369,6.529,11.936,14.418,20.155,0.001498,0.003299,0.006256,0.006752,0.005351,-49.25,-3.48,11.01,19.31,23.33,26.9,-15.13,2.41,14.02,18.25,24.85,115.6,109.6,96.84,84.98,68.41,38.76,2.92,6.2,4.96,5.14,4.59,2.6,28.22,-11.91,660.68,0.023155
Beihai,110.0,22.5,2009,10,2009-10,1.822,6.474,9.302,11.264,14.615,0.00074,0.000411,0.003912,0.005797,0.004088,-50.95,-3.81,9.58,16.5,20.65,24.11,-18.26,2.29,10.3,14.45,19.71,267.12,299.66,23.68,82.62,71.28,48.99,6.37,3.98,0.62,4.12,5.05,2.74,23.32,-2.97,775.04,0.014948
Beihai,110.0,22.5,2009,11,2009-11,0.917,3.934,6.705,7.293,8.885,0.001215,0.002607,0.000703,0.002688,0.002954,-52.28,-4.78,7.53,12.07,13.7,17.08,-26.06,-4.46,5.55,7.99,12.07,267.26,267.53,255.11,166.5,71.62,43.63,21.52,12.99,6.5,1.03,3.61,3.26,10.42,6.56,814.9,0.010167
Beihai,110.0,22.5,2009,12,2009-12,0.626,2.845,7.108,7.38,8.366,0.001521,0.003372,0.00275,0.002852,0.002876,-53.53,-7.68,4.93,9.42,11.78,15.23,-30.17,-8.66,6.39,8.17,11.17,267.9,270.79,263.98,214.15,114.47,76.62,43.75,23.82,11.62,3.79,3.79,3.37,9.9,5.18,378.94,0.013372
Beihai,110.0,22.5,2010,1,2010-01,0.919,3.713,8.036,8.537,9.498,0.00188,0.003955,0.004365,0.003798,0.003447,-53.02,-6.5,5.79,10.55,12.09,15.06,-26.03,-5.22,8.16,10.3,13.07,254.55,266.77,254.79,207.62,131.66,85.97,35.55,20.06,10.45,5.33,4.36,3.56,14.21,3.09,298.63,0.017445
Beihai,110.0,22.5,2010,2,2010-02,0.572,2.998,7.871,9.412,10.988,0.0015,0.005131,0.007584,0.00536,0.003955,-53.47,-8.1,6.83,13.35,15.3,17.96,-31.12,-7.99,7.86,11.75,15.29,263.16,262.78,254.34,223.63,177.54,133.51,51.16,25.71,16.78,9.45,5.59,3.53,14.48,-0.77,686.59,0.02353
Beihai,110.0,22.5,2010,3,2010-03,0.764,4.343,8.293,9.668,10.636,0.001716,0.005608,0.0056,0.004552,0.003584,-52.42,-7.02,8.25,14.22,16.39,19.93,-28.04,-3.14,8.62,12.15,14.79,261.01,261.15,255.32,216.4,164.55,129.23,42.6,22.02,12.66,6.62,4.62,3.3,18.46,-1.54,700.44,0.02106
Beihai,110.0,22.5,2010,4,2010-04,1.116,6.454,10.87,12.648,14.444,0.001932,0.008071,0.007503,0.00653,0.005086,-51.78,-5.95,8.95,15.94,17.97,21.51,-23.88,2.25,12.62,16.23,19.53,267.73,263.06,254.2,210.54,152.73,115.38,34.65,16.97,12.26,6.77,5.06,3.45,27.81,-8.41,415.25,0.029122
Beihai,110.0,22.5,2010,5,2010-05,2.618,7.403,12.625,14.913,19.44,0.002712,0.006651,0.009555,0.00844,0.006756,-49.76,-3.42,11.17,19.09,22.89,26.04,-13.91,4.17,14.88,18.77,24.26,295.25,266.5,251.61,212.06,176.59,143.23,15.61,10.16,8.81,7.42,5.55,3.41,30.39,-13.35,526.68,0.034113
Beihai,110.0,22.5,2010,6,2010-06,3.801,8.271,12.746,15.342,20.924,0.002745,0.007544,0.009055,0.00764,0.005669,-49.09,-3.22,11.51,19.65,23.68,26.76,-9.27,5.74,15.02,19.22,25.45,323.64,260.25,246.13,218.53,187.65,152.18,6.92,7.08,8.95,6.97,4.88,2.66,32.12,-14.02,578.59,0.032654
Beihai,110.0,22.5,2010,7,2010-07,2.888,7.469,12.313,15.035,21.878,0.001066,0.004847,0.009599,0.010063,0.008052,-48.91,-3.17,11.86,20.31,24.4,27.87,-12.71,4.3,14.5,18.9,26.18,70.45,167.23,197.47,191.93,172.03,153.15,12.49,3.62,6.36,7.65,6.56,3.61,30.41,-13.54,726.87,0.033626
Beihai,110.0,22.5,2010,8,2010-08,3.027,7.968,12.414,14.642,21.049,0.001416,0.003202,0.004676,0.00483,0.003149,-49.52,-3.23,11.21,19.51,23.36,27.03,-12.13,5.21,14.62,18.49,25.55,72.52,108.16,136.75,149.41,137.63,123.04,8.13,4.59,3.94,3.69,3.23,1.47,31.36,-13.05,611.27,0.017274
Beihai,110.0,22.5,2010,9,2010-09,2.632,7.471,11.832,14.009,20.568,0.00059,0.000733,0.001732,0.001802,0.001163,-50.52,-3.52,10.6,19.36,23.35,26.71,-13.85,4.3,13.89,17.8,25.17,63.06,67.52,203.9,190.84,152.62,115.64,5.45,2.2,0.96,1.44,1.26,0.55,30.47,-11.74,683.49,0.00602
Beihai,110.0,22.5,2010,10,2010-10,2.482,6.57,9.453,10.846,14.404,0.000713,0.001337,0.005843,0.008514,0.007008,-51.08,-4.42,9.64,15.16,18.16,22.12,-14.56,2.5,10.54,13.88,19.48,284.48,286.7,61.25,73.42,57.47,32.59,8.68,2.82,2.0,6.06,7.7,4.77,22.98,-2.66,577.66,0.023416
Beihai,110.0,22.5,2010,11,2010-11,0.744,4.104,5.912,7.158,8.651,0.001167,0.001872,0.001493,0.004087,0.003639,-52.54,-6.0,6.65,12.18,15.4,18.73,-28.33,-3.89,3.77,7.72,11.67,263.63,265.19,265.51,78.83,67.97,43.13,26.67,15.38,4.47,2.48,5.6,4.12,11.4,7.14,1051.76,0.012258
Beihai,110.0,22.5,2010,12,2010-12,1.13,4.152,5.913,6.198,7.291,0.002512,0.004616,0.000892,0.002004,0.002127,-52.57,-5.92,6.08,10.83,12.7,16.0,-23.74,-3.74,3.77,5.65,9.14,258.47,271.95,271.1,210.9,88.73,58.14,30.97,21.8,10.9,1.48,3.17,2.86,10.7,8.47,882.58,0.012151
Beihai,110.0,22.5,2011,1,2011-01,0.736,3.278,5.436,4.209,3.893,0.00185,0.00439,0.00128,0.002402,0.00223,-52.63,-7.81,4.18,5.45,5.3,8.5,-28.44,-6.84,2.59,0.23,0.24,246.32,263.27,263.49,204.01,65.17,37.11,37.57,24.65,13.13,2.31,5.6,5.62,4.83,12.67,357.03,0.012153
Beihai,110.0,22.5,2011,2,2011-02,0.488,2.825,7.337,7.698,8.237,0.001087,0.0035,0.004163,0.003339,0.002724,-51.83,-8.2,5.87,10.39,11.99,15.48,-32.77,-8.75,6.84,8.78,10.94,258.48,271.02,265.94,216.38,141.3,106.48,34.4,21.84,12.15,5.56,4.25,3.24,10.81,3.2,443.27,0.014814
Beihai,110.0,22.5,2011,3,2011-03,1.355,4.689,6.754,7.044,7.624,0.002679,0.004851,0.001762,0.003185,0.002801,-52.32,-7.68,6.14,9.81,11.3,15.23,-21.68,-2.11,5.66,7.49,9.8,251.4,260.11,257.36,175.52,85.47,57.24,35.26,19.39,10.15,2.56,4.43,3.6,14.89,5.65,519.18,0.015278
Beihai,110.0,22.5,2011,4,2011-04,1.452,5.277,9.647,10.743,11.727,0.001969,0.003782,0.00335,0.00422,0.003206,-52.73,-5.85,8.08,14.78,18.49,22.41,-20.89,-0.52,10.84,13.73,16.28,263.59,271.94,267.31,193.59,149.24,136.36,28.13,13.3,7.03,3.41,3.85,2.68,22.87,-4.19,492.53,0.016526
Beihai,110.0,22.5,2011,5,2011-05,2.543,6.109,10.894,13.027,16.219,0.002048,0.004299,0.004682,0.002704,0.001844,-50.7,-4.3,10.52,17.2,21.11,24.66,-14.27,1.49,12.65,16.68,21.36,287.57,259.27,248.94,225.38,170.95,122.55,13.68,7.9,6.9,4.21,2.04,1.12,25.12,-8.06,568.75,0.015577
Beihai,110.0,22.5,2011,6,2011-06,3.18,9.003,13.446,15.922,21.559,0.000968,0.005072,0.009145,0.008947,0.006295,-49.29,-2.76,11.51,19.91,24.27,27.74,-11.52,6.96,15.84,19.8,25.94,39.85,196.74,211.91,197.54,179.06,158.27,5.2,2.99,5.52,6.67,5.51,2.86,33.95,-15.58,509.04,0.030428
Beihai,110.0,22.5,2011,7,2011-07,2.845,7.641,12.322,14.95,21.707,0.000844,0.002044,0.003989,0.003911,0.002878,-48.96,-2.92,11.66,20.1,24.46,28.0,-12.89,4.62,14.51,18.81,26.05,80.7,127.46,192.55,198.55,188.07,180.44,9.96,2.91,2.62,3.17,2.57,1.3,30.48,-13.1,699.21,0.013666
Beihai,110.0,22.5,2011,8,2011-08,2.739,6.852,11.874,14.112,20.641,0.000465,0.00192,0.003102,0.002513,0.001356,-49.62,-3.69,11.15,19.62,23.71,27.14,-13.36,3.08,13.95,17.91,25.23,87.33,165.05,169.3,169.66,163.02,152.24,5.79,1.67,2.75,2.56,1.75,0.64,29.19,-12.27,709.32,0.009355
Beihai,110.0,22.5,2011,9,2011-09,2.702,7.991,12.205,13.783,18.809,0.001233,0.003891,0.006536,0.007439,0.005933,-49.99,-3.5,10.68,18.39,21.99,25.61,-13.53,5.25,14.36,17.55,23.73,69.66,86.93,100.86,91.42,67.21,35.13,6.47,4.48,4.78,5.25,5.29,3.09,30.83,-11.68,503.37,0.025033
Beihai,110.0,22.5,2011,10,2011-10,2.416,6.65,9.671,11.631,14.312,0.000901,0.001005,0.004332,0.007465,0.005871,-51.9,-5.42,9.16,15.04,18.36,22.02,-14.89,2.67,10.88,14.94,19.38,262.8,239.44,156.55,88.04,69.35,41.78,11.41,3.66,1.48,4.39,6.29,4.02,24.84,-4.07,520.46,0.019575
Beihai,110.0,22.5,2011,11,2011-11,1.062,4.539,8.142,9.579,11.421,0.001157,0.001298,0.003728,0.005928,0.00439,-52.01,-7.7,6.83,13.82,17.44,20.98,-24.43,-2.55,8.35,12.01,15.88,248.19,240.15,211.14,90.26,72.55,48.66,25.35,10.69,2.8,4.49,6.07,3.77,20.49,-1.47,683.88,0.016502
Beihai,110.0,22.5,2011,12,2011-12,0.651,3.917,5.164,4.145,4.782,0.001155,0.003563,0.00104,0.002854,0.002662,-51.71,-5.09,5.5,8.59,9.3,11.92,-29.75,-4.51,1.88,0.02,3.09,256.85,264.13,258.82,74.13,58.88,34.1,27.55,17.4,8.92,1.98,6.75,5.46,5.55,13.14,839.17,0.011273
Beihai,110.0,22.5,2012,1,2012-01,1.101,3.628,6.979,6.561,6.829,0.002729,0.005825,0.003492,0.002564,0.003051,-52.17,-6.54,5.47,8.58,8.76,11.7,-24.03,-5.52,6.13,6.47,8.18,251.31,261.13,258.16,224.5,96.29,61.21,33.15,24.31,15.74,4.91,3.83,4.38,10.26,7.41,306.7,0.017662
Beihai,110.0,22.5,2012,2,2012-02,0.434,2.992,7.276,7.996,8.398,0.001021,0.004642,0.005308,0.003595,0.003196,-52.73,-6.82,6.75,10.74,11.1,14.21,-33.97,-8.02,6.72,9.34,11.23,251.13,263.95,256.93,210.4,129.76,85.39,31.98,23.07,15.21,7.15,4.41,3.73,9.52,4.4,502.09,0.017762
Beihai,110.0,22.5,2012,3,2012-03,0.783,5.286,8.598,9.866,10.881,0.0015,0.006783,0.005493,0.005091,0.003825,-52.15,-6.93,7.51,13.83,15.6,18.92,-27.78,-0.49,9.14,12.45,15.13,250.18,260.53,250.89,203.62,143.36,108.43,30.08,18.79,12.58,6.26,5.06,3.45,21.9,-1.82,585.65,0.022691
Beihai,110.0,22.5,2012,4,2012-04,1.269,5.743,10.763,13.876,16.928,0.002198,0.006793,0.00824,0.006863,0.004683,-53.07,-6.33,9.28,17.83,21.04,24.17,-22.43,0.64,12.47,17.65,22.04,261.42,260.3,252.8,220.84,180.95,140.38,31.24,16.98,11.6,7.51,4.85,2.71,27.99,-10.38,670.24,0.028777
Beihai,110.0,22.5,2012,5,2012-05,2.959,8.327,12.724,15.154,20.835,0.001529,0.004424,0.006231,0.005677,0.004187,-50.15,-3.75,10.87,19.39,23.37,26.79,-12.41,5.84,15.0,19.03,25.38,301.27,243.89,228.97,193.98,155.39,119.82,3.81,5.07,5.21,4.8,3.67,1.97,33.1,-14.23,549.35,0.022048
Beihai,110.0,22.5,2012,6,2012-06,4.35,9.662,14.079,16.642,22.144,0.001116,0.003714,0.004453,0.003159,0.001362,-48.93,-2.48,11.71,19.82,23.88,27.69,-7.55,7.98,16.54,20.5,26.38,22.88,255.96,243.71,218.72,195.9,174.29,6.89,2.52,3.77,3.1,1.86,0.6,35.11,-16.8,409.52,0.013803
Beihai,110.0,22.5,2012,7,2012-07,3.03,8.182,12.665,15.122,21.429,0.00095,0.004177,0.007583,0.007276,0.005499,-49.06,-3.16,11.62,19.74,23.86,27.51,-12.12,5.59,14.92,18.99,25.84,66.36,157.44,188.62,186.85,174.89,159.04,10.97,3.08,5.01,5.87,4.72,2.52,31.79,-13.84,601.99,0.025486
Beihai,110.0,22.5,2012,8,2012-08,3.11,7.863,12.363,15.047,21.241,0.000768,0.001159,0.001736,0.000981,0.000628,-48.91,-3.0,11.3,20.04,24.19,27.58,-11.79,5.02,14.56,18.91,25.7,73.84,70.22,79.23,95.83,63.03,313.6,8.91,2.42,1.45,1.38,0.64,0.29,31.32,-13.23,685.4,0.005273
Beihai,110.0,22.5,2012,9,2012-09,2.822,7.482,10.631,12.615,18.195,0.000109,0.000599,0.002783,0.004615,0.004067,-51.01,-3.84,10.37,17.56,21.33,24.97,-12.99,4.32,12.28,16.18,23.19,32.74,324.64,136.55,94.24,76.62,44.26,7.86,0.38,0.79,2.57,3.59,2.19,27.63,-7.3,659.56,0.012173
Beihai,110.0,22.5,2012,10,2012-10,1.451,6.09,9.189,11.67,14.513,0.000523,0.000445,0.003501,0.005427,0.004035,-51.34,-4.34,9.26,15.77,19.88,23.91,-20.9,1.45,10.12,14.99,19.6,264.0,267.4,204.78,110.04,93.9,77.29,6.21,3.53,0.72,3.74,4.56,2.73,22.42,-2.52,706.25,0.013931
Beihai,110.0,22.5,2012,11,2012-11,1.6,5.854,10.153,10.811,12.686,0.002767,0.006295,0.005232,0.00464,0.003939,-52.59,-6.66,7.99,14.5,16.54,19.99,-19.77,0.9,11.6,13.83,17.5,268.95,263.57,257.35,209.91,129.02,86.8,31.74,16.96,10.55,5.05,4.21,3.04,25.67,-5.96,362.57,0.022872
Beihai,110.0,22.5,2012,12,2012-12,0.765,3.75,7.743,7.805,8.942,0.0018,0.005057,0.002925,0.003145,0.003385,-52.83,-6.47,5.79,10.74,12.05,15.3,-28.03,-5.09,7.62,8.98,12.17,264.14,268.36,260.16,217.21,99.32,62.4,37.34,23.07,13.22,3.7,3.95,3.71,13.96,3.63,389.79,0.016312
Beihai,110.0,22.5,2013,1,2013-01,0.549,3.065,6.541,6.399,6.685,0.001407,0.003777,0.002596,0.002106,0.002176,-52.53,-6.3,5.08,8.41,9.7,12.98,-31.55,-7.71,5.2,6.11,7.87,254.06,265.27,266.39,220.94,110.12,68.5,37.82,25.13,12.08,3.89,3.23,3.19,7.12,8.84,401.17,0.012061
Beihai,110.0,22.5,2013,2,2013-02,1.047,3.498,8.743,9.474,9.911,0.001835,0.004375,0.006039,0.004912,0.003646,-52.33,-6.26,8.63,12.7,14.18,17.69,-24.59,-6.0,9.39,11.85,13.71,249.61,259.0,255.07,214.53,153.49,121.97,28.13,17.19,12.26,6.77,5.08,3.61,13.72,-0.42,413.65,0.020806
Beihai,110.0,22.5,2013,3,2013-03,0.707,4.626,9.124,10.282,11.981,0.001364,0.00534,0.004916,0.004516,0.00391,-51.37,-8.13,6.85,15.03,17.3,20.6,-28.87,-2.3,10.02,13.07,16.61,257.43,263.35,260.95,215.52,152.78,125.97,42.92,18.92,11.32,5.28,4.31,3.2,24.03,-5.44,626.75,0.020045
Beihai,110.0,22.5,2013,4,2013-04,1.351,6.155,10.772,12.483,14.588,0.002365,0.007164,0.006641,0.004969,0.003962,-51.58,-6.31,9.09,15.83,18.72,22.23,-21.72,1.59,12.48,16.02,19.68,261.38,264.12,260.27,218.82,160.08,118.97,33.7,17.17,11.41,6.05,3.9,2.66,27.13,-8.42,418.46,0.025101
Beihai,110.0,22.5,2013,5,2013-05,2.929,7.437,12.101,14.542,20.136,0.003014,0.006694,0.008506,0.007019,0.005254,-50.12,-4.51,10.44,18.95,22.87,26.04,-12.53,4.24,14.23,18.38,24.83,273.26,254.6,246.92,220.65,188.63,152.03,11.26,10.09,8.83,6.89,4.73,2.56,31.49,-12.99,589.65,0.030487
Beihai,110.0,22.5,2013,6,2013-06,3.341,7.941,12.969,15.6,21.068,0.000839,0.003537,0.006399,0.005941,0.004219,-49.02,-3.05,11.71,19.31,23.6,27.15,-10.9,5.16,15.29,19.48,25.57,65.91,198.21,210.09,198.06,174.93,149.39,5.59,2.46,4.37,4.84,3.73,1.96,31.1,-14.06,502.99,0.020935
Beihai,110.0,22.5,2013,7,2013-07,3.501,8.034,12.229,14.938,20.974,0.001413,0.004863,0.008593,0.008689,0.006338,-49.32,-3.49,11.14,19.17,23.21,27.02,-10.31,5.33,14.39,18.8,25.49,72.91,149.48,182.7,181.0,165.79,149.37,11.84,3.96,5.94,6.89,5.7,2.96,31.24,-12.51,597.23,0.029897
Beihai,110.0,22.5,2013,8,2013-08,3.47,8.133,12.888,15.378,21.525,0.001243,0.002858,0.003921,0.002904,0.00169,-49.31,-3.42,11.44,19.94,24.05,27.56,-10.42,5.5,15.19,19.25,25.91,84.47,126.9,151.2,154.81,152.33,142.39,5.5,3.51,3.45,2.98,1.85,0.77,32.61,-14.86,593.76,0.012617
Beihai,110.0,22.5,2013,9,2013-09,2.718,7.414,11.852,14.137,19.48,0.000918,0.002823,0.00557,0.006824,0.005559,-50.29,-3.93,10.5,18.52,22.26,25.94,-13.45,4.19,13.92,17.94,24.29,46.09,107.4,106.49,86.52,66.47,34.37,2.6,3.31,3.73,4.61,4.73,2.8,30.06,-11.36,575.2,0.021693
Beihai,110.0,22.5,2013,10,2013-10,2.108,6.545,8.092,9.874,13.506,0.001052,0.000743,0.00413,0.006289,0.005251,-51.43,-5.11,8.35,15.04,19.08,22.59,-16.53,2.45,8.26,12.46,18.47,261.37,275.86,4.12,62.77,54.58,28.51,9.19,4.9,1.11,5.0,6.25,3.81,22.51,0.08,847.71,0.017464
Beihai,110.0,22.5,2013,11,2013-11,1.121,5.894,7.961,8.407,10.363,0.001488,0.00282,0.002961,0.005321,0.004328,-52.2,-5.94,6.59,12.79,15.6,19.02,-23.83,1.0,8.02,10.07,14.39,263.72,269.43,253.53,106.89,76.68,48.76,25.32,13.02,4.69,3.65,6.21,4.1,21.16,1.7,595.9,0.016919
Beihai,110.0,22.5,2013,12,2013-12,1.109,2.472,4.243,4.036,5.165,0.002763,0.002487,0.001065,0.002417,0.002439,-51.89,-6.63,5.09,6.67,8.82,12.1,-23.95,-10.44,-0.82,-0.35,4.17,257.31,264.93,271.92,53.92,54.5,32.39,38.24,24.44,9.87,2.46,5.87,4.63,-3.05,15.54,936.51,0.011171
Beihai,110.0,22.5,2014,1,2014-01,0.472,1.63,5.095,5.562,6.211,0.001071,0.001594,0.000902,0.001753,0.001552,-52.39,-7.49,5.67,7.98,11.14,14.75,-33.11,-15.57,1.69,4.11,6.81,253.01,276.09,277.37,193.32,112.25,82.5,33.7,22.26,9.59,1.74,3.09,2.45,-4.08,11.47,786.2,0.006872
Beihai,110.0,22.5,2014,2,2014-02,0.518,3.278,7.047,7.283,8.114,0.001371,0.00501,0.00418,0.002991,0.002593,-52.17,-6.03,5.1,9.6,10.64,13.85,-32.15,-6.84,6.26,7.97,10.72,267.36,272.41,263.49,217.74,137.72,99.55,33.83,25.96,14.99,5.82,4.03,3.13,9.95,6.8,416.92,0.016145
Beihai,110.0,22.5,2014,3,2014-03,0.761,4.842,9.595,10.273,11.095,0.001711,0.006987,0.007001,0.005078,0.003921,-52.11,-8.63,7.13,13.9,15.11,18.49,-28.08,-1.68,10.76,13.06,15.43,259.43,266.54,261.1,218.76,153.54,116.93,39.36,22.05,14.15,7.16,4.85,3.47,24.48,-6.0,392.45,0.024699
Beihai,110.0,22.5,2014,4,2014-04,1.228,6.572,11.78,13.144,15.679,0.001478,0.006268,0.00705,0.006944,0.005501,-51.77,-5.97,9.13,16.29,19.51,23.32,-22.8,2.5,13.83,16.82,20.82,260.08,262.16,258.65,203.07,157.89,129.1,25.9,11.8,9.35,5.87,5.18,3.44,29.46,-11.01,307.72,0.027241
Beihai,110.0,22.5,2014,5,2014-05,2.593,7.976,12.891,15.111,20.31,0.002488,0.00774,0.010171,0.008517,0.005736,-50.68,-4.31,10.56,19.35,23.19,26.24,-14.03,5.23,15.19,18.98,24.97,279.52,259.47,245.94,217.97,188.95,151.77,10.52,9.41,9.52,7.74,5.53,2.77,33.52,-15.17,519.5,0.034652
Beihai,110.0,22.5,2014,6,2014-06,3.814,9.278,13.865,16.543,22.557,0.000652,0.003134,0.004764,0.004017,0.002756,-48.2,-2.34,12.3,20.52,24.62,28.21,-9.23,7.39,16.31,20.4,26.68,34.53,225.24,227.69,204.74,181.68,146.58,4.75,1.68,3.31,3.37,2.38,1.2,34.26,-16.84,526.53,0.015322
Beihai,110.0,22.5,2014,7,2014-07,3.032,8.167,13.057,15.402,22.209,0.001206,0.003878,0.006127,0.005543,0.003964,-48.77,-2.95,12.0,20.47,24.64,28.24,-12.11,5.56,15.39,19.28,26.43,55.4,151.86,166.08,171.38,167.07,150.95,5.56,3.9,4.66,4.6,3.53,1.75,32.37,-15.35,635.22,0.020719
Beihai,110.0,22.5,2014,8,2014-08,3.413,8.542,13.121,15.441,21.646,0.00072,0.003187,0.00542,0.004885,0.003318,-49.44,-3.13,11.39,19.86,23.85,27.48,-10.63,6.2,15.46,19.32,26.01,68.25,138.92,198.48,196.2,191.53,172.36,11.44,2.07,3.66,4.05,3.1,1.5,33.27,-15.08,549.57,0.017531
Beihai,110.0,22.5,2014,9,2014-09,2.5115,7.5339,12.1315,14.1748,19.9045,0.000648,0.001649,0.003002,0.002967,0.001998,-50.29,-3.35,10.98,18.9,23.2,26.68,-14.42,4.42,14.27,17.98,24.64,93.12,119.28,145.76,131.7,112.64,81.59,6.37,2.53,2.15,2.43,2.05,0.98,29.96,-11.86,578.63,0.010264
Beihai,110.0,22.5,2014,10,2014-10,1.4742,4.8937,9.5353,11.5813,15.6905,0.00045,0.000331,0.003005,0.004799,0.00372,-51.54,-4.89,9.46,15.75,20.35,24.08,-20.72,-1.54,10.67,14.87,20.83,256.57,259.34,50.8,91.21,82.21,55.17,9.97,2.99,0.66,3.09,4.06,2.33,20.29,-3.89,634.97,0.012305
Beihai,110.0,22.5,2014,11,2014-11,0.9853,5.6549,9.6394,10.3849,12.3157,0.001681,0.004642,0.002654,0.004319,0.004029,-52.38,-5.18,6.61,13.15,16.31,20.03,-25.27,0.43,10.83,13.22,17.04,272.08,265.18,252.08,188.15,102.96,65.93,25.17,16.73,8.05,2.7,4.08,3.21,22.98,-1.93,289.96,0.017325
Beihai,110.0,22.5,2014,12,2014-12,0.636,3.7881,5.7382,5.2072,5.9859,0.001339,0.003974,0.00078,0.003196,0.003076,-52.42,-5.27,6.23,8.72,9.44,12.48,-30.0,-4.95,3.35,3.18,6.28,261.13,271.11,262.58,111.01,65.16,35.15,31.97,20.65,10.29,1.33,6.02,5.04,6.16,11.48,671.79,0.012366
Beihai,110.0,22.5,2015,1,2015-01,0.9485,2.3542,5.5784,6.1175,6.8761,0.001928,0.002239,0.001035,0.00238,0.002063,-52.85,-7.81,6.39,8.35,11.02,14.46,-25.68,-11.06,2.95,5.46,8.28,247.51,264.19,266.17,176.19,101.51,74.44,36.41,19.93,9.33,1.82,3.81,2.94,1.67,9.66,674.3,0.009644
Beihai,110.0,22.5,2015,2,2015-02,0.6964,3.1053,7.7155,8.7,9.971,0.001753,0.003883,0.004628,0.004021,0.003365,-53.39,-9.19,3.84,10.81,13.36,16.73,-29.03,-7.54,7.57,10.58,13.81,257.07,264.13,263.58,220.27,156.41,117.01,46.0,24.68,12.26,5.88,4.53,3.31,16.19,0.92,404.4,0.017649
Beihai,110.0,22.5,2015,3,2015-03,0.7937,4.7649,10.1753,11.3816,12.4385,0.001408,0.005898,0.008159,0.006769,0.005137,-53.65,-6.71,7.97,14.57,16.44,19.97,-27.63,-1.9,11.63,14.61,17.19,257.97,262.93,258.89,213.0,160.73,125.19,32.52,17.4,12.14,7.86,5.83,4.05,23.04,-6.13,367.66,0.027371
Beihai,110.0,22.5,2015,4,2015-04,1.5287,5.3987,9.7434,11.2745,13.0756,0.00229,0.005273,0.004881,0.003596,0.003109,-52.41,-6.49,8.55,16.48,19.35,22.87,-20.3,-0.21,10.99,14.47,17.97,276.02,264.22,260.05,228.42,169.35,136.9,30.5,14.69,9.58,4.91,3.13,2.33,25.2,-6.72,687.0,0.019149
Beihai,110.0,22.5,2015,5,2015-05,2.6894,8.1191,13.6514,16.0691,21.0987,0.002812,0.008618,0.011982,0.009658,0.006379,-50.25,-3.54,11.05,20.03,23.88,26.8,-13.58,5.48,16.07,19.94,25.59,273.6,261.44,247.74,223.18,196.39,157.55,9.58,10.25,10.41,8.61,5.89,2.97,34.07,-17.0,494.99,0.039449
Beihai,110.0,22.5,2015,6,2015-06,3.0138,8.3643,13.2189,15.8697,22.0861,0.001338,0.006812,0.012163,0.011503,0.008211,-48.83,-2.72,12.07,20.53,24.65,27.93,-12.18,5.9,15.58,19.75,26.33,69.0,207.48,223.98,208.59,189.83,168.11,7.9,4.35,7.99,9.02,7.11,3.65,32.65,-15.59,618.98,0.040027
Beihai,110.0,22.5,2015,7,2015-07,3.5675,8.9073,13.5257,16.2576,21.3959,0.00048,0.002547,0.003512,0.003318,0.002032,-48.35,-2.67,11.53,19.45,23.48,27.22,-10.08,6.8,15.93,20.13,25.82,39.74,212.17,223.18,224.11,224.27,217.68,4.92,1.32,2.8,2.55,2.0,0.93,33.32,-15.23,440.47,0.011888
Beihai,110.0,22.5,2015,8,2015-08,3.4567,7.211,12.1648,14.6756,21.1476,0.000597,0.001971,0.002562,0.001765,0.001311,-49.61,-3.35,11.36,20.01,24.33,27.58,-10.47,3.8,14.31,18.52,25.63,35.87,244.52,231.32,212.05,204.69,210.89,5.27,1.69,2.68,2.07,1.18,0.61,30.11,-13.05,711.75,0.008207
Beihai,110.0,22.5,2015,9,2015-09,2.8312,8.6088,12.8938,14.8877,20.5219,0.000268,0.001603,0.003018,0.003319,0.002278,-50.21,-3.38,11.16,18.97,22.92,26.58,-12.95,6.31,15.2,18.75,25.14,53.05,145.16,214.25,171.25,128.83,84.73,7.11,0.93,1.83,2.3,2.19,1.09,32.7,-13.86,471.87,0.010486
Beihai,110.0,22.5,2015,10,2015-10,2.1954,6.7023,9.6311,11.786,15.6967,0.000916,0.000844,0.002881,0.004662,0.003835,-50.62,-4.38,9.29,16.12,20.14,23.78,-16.04,2.78,10.81,15.14,20.84,246.9,257.75,236.78,89.09,74.54,44.6,9.89,4.09,1.23,2.93,3.88,2.4,24.8,-3.98,662.84,0.013137
Beihai,110.0,22.5,2015,11,2015-11,1.4243,5.8039,9.8156,11.0946,13.9765,0.001831,0.004321,0.004428,0.005674,0.004784,-52.48,-6.04,8.04,14.75,17.88,21.48,-21.11,0.78,11.1,14.22,19.01,277.4,256.84,244.01,180.27,121.73,86.44,25.7,12.6,7.3,4.42,5.02,3.36,24.63,-4.76,456.66,0.021037
Beihai,110.0,22.5,2015,12,2015-12,1.0045,4.9769,7.6276,7.666,8.6565,0.002289,0.006188,0.002236,0.002955,0.00351,-52.67,-6.96,5.55,10.05,11.11,14.28,-25.05,-1.31,7.4,8.72,11.68,257.66,257.88,254.64,217.95,83.2,47.17,38.45,22.35,12.19,2.87,3.78,3.98,17.55,4.07,330.25,0.017178
Beihai,110.0,22.5,2016,1,2016-01,0.9574,4.3981,7.3877,7.7354,9.0082,0.002673,0.007083,0.003913,0.002532,0.00336,-52.07,-9.26,4.05,9.66,10.7,13.74,-25.58,-2.97,6.94,8.85,12.28,260.7,255.42,250.48,220.97,109.25,63.54,51.48,27.38,15.79,5.19,3.21,3.66,18.84,2.71,339.92,0.019562
Beihai,110.0,22.5,2016,2,2016-02,0.7107,3.2291,5.0117,5.2618,6.0926,0.001939,0.00385,0.000908,0.001356,0.001722,-52.44,-5.39,4.37,8.51,10.07,13.53,-28.82,-7.03,1.46,3.33,6.53,266.28,270.64,268.58,248.89,63.39,42.43,41.18,26.76,11.69,1.78,2.53,2.77,3.96,13.27,881.62,0.009775
Beihai,110.0,22.5,2016,3,2016-03,0.8363,4.8299,8.5946,9.3618,10.2361,0.002065,0.006776,0.005253,0.00361,0.003243,-52.06,-7.86,6.49,12.76,14.51,17.55,-27.06,-1.72,9.14,11.67,14.2,268.43,269.9,266.27,227.87,154.7,113.43,50.11,24.21,13.76,5.99,3.78,3.11,21.55,-1.71,451.97,0.020948
Beihai,110.0,22.5,2016,4,2016-04,1.2212,6.802,11.4413,13.6479,16.1223,0.002101,0.009742,0.010548,0.00862,0.006109,-51.86,-6.33,9.93,18.54,21.31,24.05,-22.87,2.98,13.39,17.4,21.26,262.05,261.71,255.53,223.34,186.57,150.66,31.75,16.87,14.05,9.04,6.19,3.72,31.31,-12.76,644.59,0.03712
Beihai,110.0,22.5,2016,5,2016-05,2.8123,7.4028,12.0748,14.7909,19.289,0.002895,0.006283,0.008125,0.007364,0.005299,-49.83,-3.73,11.28,18.74,22.38,25.61,-13.04,4.17,14.2,18.65,24.14,284.66,260.15,250.3,214.2,178.14,145.08,18.48,10.1,8.32,6.6,4.88,2.69,29.55,-11.93,566.92,0.029966
Beihai,110.0,22.5,2016,6,2016-06,3.0871,8.0016,12.7864,15.3995,22.0484,0.001499,0.005625,0.008872,0.008758,0.007025,-49.07,-3.2,11.99,20.42,24.38,27.85,-11.88,5.27,15.07,19.28,26.31,60.79,224.56,222.27,210.75,190.4,163.34,3.97,4.76,6.89,6.8,5.58,3.12,31.97,-14.87,669.1,0.031779
Beihai,110.0,22.5,2016,7,2016-07,2.9257,7.3967,12.4948,15.4416,22.1756,0.000864,0.003895,0.008774,0.009515,0.008003,-49.17,-3.4,12.06,20.67,24.67,28.22,-12.55,4.16,14.72,19.32,26.4,66.96,160.1,200.86,200.3,189.18,174.09,6.48,2.89,5.16,6.89,6.04,3.54,30.89,-14.59,744.69,0.03105
Beihai,110.0,22.5,2016,8,2016-08,3.7089,9.2391,13.6013,16.0318,21.9609,0.001453,0.001391,0.001648,0.000597,0.000788,-48.09,-2.27,12.12,20.15,24.4,27.92,-9.59,7.33,16.01,19.91,26.24,72.95,85.9,88.22,91.05,50.02,296.98,8.09,3.84,1.48,1.19,0.37,0.35,33.64,-15.72,517.38,0.005878
Beihai,110.0,22.5,2016,9,2016-09,2.7698,8.5581,12.0807,14.4376,19.7441,0.000348,0.001246,0.003775,0.004693,0.003793,-49.56,-2.58,11.1,18.52,22.68,26.33,-13.22,6.23,14.21,18.27,24.51,42.12,32.07,357.89,39.85,33.68,5.63,1.92,1.23,1.43,3.06,3.19,1.88,30.44,-10.59,539.66,0.013855
Beihai,110.0,22.5,2016,10,2016-10,2.0468,6.8727,11.5066,13.4561,17.3813,0.000518,0.001906,0.00582,0.00768,0.005913,-50.18,-3.7,10.35,17.13,20.67,24.53,-16.88,3.13,13.47,17.18,22.46,214.19,164.75,116.59,87.49,65.68,38.62,3.1,2.48,2.72,4.96,5.6,3.34,27.08,-8.9,456.81,0.021837
Beihai,110.0,22.5,2016,11,2016-11,1.2745,6.0236,9.1867,10.1571,12.3362,0.001366,0.00422,0.002943,0.004512,0.004216,-51.7,-5.31,8.84,14.15,15.84,19.27,-22.38,1.3,10.12,12.89,17.07,262.9,254.96,235.96,163.21,94.33,57.24,21.24,10.51,6.87,3.14,4.36,3.35,22.04,-1.93,503.95,0.017257
Beihai,110.0,22.5,2016,12,2016-12,0.587,4.6517,6.5619,6.8905,8.1383,0.000924,0.003787,0.001289,0.003404,0.003161,-51.7,-5.84,5.81,11.87,13.68,16.71,-30.85,-2.22,5.24,7.17,10.76,257.52,261.01,250.28,149.39,86.06,52.9,31.29,15.43,7.98,1.93,4.85,3.81,14.92,6.03,827.73,0.012565
Beihai,110.0,22.5,2017,1,2017-01,1.112,3.9292,7.733,8.0855,8.7916,0.001935,0.00392,0.002821,0.003949,0.003287,-52.55,-6.84,7.31,10.97,13.2,16.38,-23.92,-4.47,7.6,9.5,11.91,246.21,259.09,250.59,176.85,106.4,71.48,31.93,17.06,9.78,3.58,4.79,3.67,13.63,3.07,421.23,0.015912
Beihai,110.0,22.5,2017,2,2017-02,0.4458,2.8876,6.7977,7.094,7.8717,0.000983,0.003104,0.002296,0.002861,0.002654,-51.54,-8.58,5.57,9.49,12.08,15.85,-33.69,-8.47,5.75,7.59,10.27,248.07,269.79,262.92,198.45,117.4,84.42,39.01,21.63,10.54,3.31,3.96,3.31,9.77,4.95,467.1,0.011898
Beihai,110.0,22.5,2017,3,2017-03,0.9456,5.1724,9.686,10.499,11.9573,0.002023,0.006882,0.006422,0.005327,0.004187,-52.33,-7.79,6.79,13.52,15.6,19.23,-25.72,-0.79,10.9,13.39,16.58,253.71,264.04,257.88,209.19,147.89,110.49,38.61,20.98,13.05,6.5,4.98,3.43,24.64,-5.02,327.96,0.024841
Beihai,110.0,22.5,2017,4,2017-04,1.6597,6.0743,10.2135,12.0948,13.9983,0.002762,0.006944,0.006206,0.004916,0.003649,-51.73,-5.51,8.95,15.92,19.18,23.07,-19.35,1.41,11.69,15.54,19.03,267.48,259.81,255.55,224.2,177.14,143.31,27.43,16.32,11.21,5.96,3.99,2.56,25.57,-6.34,528.85,0.024478
Beihai,110.0,22.5,2017,5,2017-05,2.4151,7.2766,11.7999,13.8696,18.2376,0.002306,0.004373,0.00377,0.003849,0.003122,-50.3,-3.85,10.24,17.73,21.63,25.29,-14.89,3.93,13.85,17.65,23.23,279.33,265.57,256.34,207.2,153.51,110.88,18.1,9.36,5.89,3.13,2.72,1.68,29.11,-10.36,484.37,0.01742
Beihai,110.0,22.5,2017,6,2017-06,3.9105,8.5096,13.3785,16.2862,22.4579,0.002576,0.00733,0.01113,0.010673,0.00746,-49.06,-3.09,12.08,20.35,24.24,27.83,-8.91,6.15,15.76,20.16,26.61,3.71,236.19,226.92,210.55,190.99,165.53,3.1,6.46,8.45,8.16,6.43,3.26,33.26,-16.18,573.72,0.03917
Beihai,110.0,22.5,2017,7,2017-07,3.8971,8.7924,13.1738,15.808,21.6481,0.001581,0.00434,0.006975,0.006985,0.004766,-49.55,-3.11,11.52,19.75,23.76,27.45,-8.96,6.62,15.52,19.69,26.01,52.54,127.77,147.49,156.05,145.84,131.99,5.61,3.98,4.84,5.19,4.33,2.16,33.48,-15.08,528.44,0.024647
Beihai,110.0,22.5,2017,8,2017-08,3.1835,8.5831,12.9391,15.6531,21.8528,0.00102,0.004055,0.007276,0.007747,0.005941,-48.67,-3.23,11.88,20.31,24.27,27.7,-11.5,6.27,15.25,19.53,26.16,63.62,158.47,198.23,201.43,189.94,171.11,7.81,3.14,4.63,5.51,4.85,2.67,33.17,-15.17,631.96,0.026038
Beihai,110.0,22.5,2017,9,2017-09,2.912,8.2644,13.1168,15.0018,21.3494,0.000927,0.001905,0.003913,0.004469,0.003294,-49.76,-3.09,11.7,20.01,24.04,27.42,-12.61,5.73,15.46,18.87,25.78,78.46,109.23,151.31,147.62,135.84,116.28,8.31,3.12,2.26,2.93,2.92,1.51,32.59,-15.18,568.94,0.014508
Beihai,110.0,22.5,2017,10,2017-10,2.0568,6.663,9.4973,11.4476,15.5727,0.000728,0.002547,0.006046,0.00797,0.00637,-50.45,-3.44,10.06,15.85,19.16,22.99,-16.82,2.69,10.61,14.7,20.71,153.66,109.01,97.79,77.19,60.32,32.8,2.7,3.47,3.75,6.24,6.83,4.01,22.53,-2.45,655.25,0.023661
Beihai,110.0,22.5,2017,11,2017-11,1.8412,6.8715,9.4718,9.8005,11.4759,0.002166,0.00367,0.002782,0.005639,0.004851,-51.76,-5.71,8.38,13.88,15.67,18.78,-18.13,3.13,10.57,12.35,15.95,253.75,250.84,242.49,121.56,74.25,42.04,21.63,11.53,5.24,2.88,5.64,4.15,24.91,-2.77,414.38,0.019107
Beihai,110.0,22.5,2017,12,2017-12,0.7115,4.1583,6.384,5.6672,6.3487,0.00115,0.003436,0.001172,0.003438,0.003101,-52.2,-3.79,6.17,9.07,10.61,13.99,-28.81,-3.72,4.85,4.38,7.12,264.85,278.37,269.87,86.71,64.95,38.03,25.68,15.85,8.1,1.8,5.95,4.79,7.83,11.11,527.55,0.012297
Beihai,110.0,22.5,2018,1,2018-01,1.0118,4.3185,7.2115,7.3538,8.0194,0.002303,0.005986,0.003347,0.003416,0.002971,-52.44,-4.41,5.78,9.45,11.15,14.35,-24.97,-3.22,6.6,8.12,10.54,256.62,261.86,252.8,196.39,113.8,75.62,30.18,22.32,13.59,4.55,4.55,3.63,11.45,8.18,356.21,0.018023
Beihai,110.0,22.5,2018,2,2018-02,0.6245,3.0876,6.5145,6.7863,7.5019,0.001508,0.004249,0.002631,0.002115,0.001805,-53.68,-7.02,5.61,8.93,10.88,14.43,-30.19,-7.61,5.14,6.95,9.56,257.28,268.16,267.2,222.25,128.42,88.03,42.09,23.68,13.5,3.96,3.06,2.36,7.86,7.71,473.05,0.012308
Beihai,110.0,22.5,2018,3,2018-03,1.0217,4.2503,7.7053,9.7144,11.3705,0.001918,0.004008,0.003792,0.004564,0.003549,-51.62,-9.41,5.79,13.24,16.23,20.09,-24.86,-3.43,7.55,12.22,15.81,262.18,267.78,260.51,199.85,156.99,133.51,41.35,18.41,9.25,4.83,4.61,3.06,20.98,-1.58,711.22,0.017831
Beihai,110.0,22.5,2018,4,2018-04,1.9398,6.2506,10.0217,11.4494,13.2541,0.00279,0.005056,0.00526,0.005155,0.003874,-51.86,-6.43,8.49,15.33,18.41,22.41,-17.51,1.81,11.4,14.7,18.18,271.84,261.34,253.41,207.52,164.85,140.58,28.82,14.11,7.93,5.15,4.42,2.87,26.48,-6.22,490.22,0.022134
Beihai,110.0,22.5,2018,5,2018-05,2.5195,7.1486,12.1116,14.4332,20.184,0.001987,0.006087,0.009675,0.009471,0.007355,-51.4,-4.58,10.68,19.37,23.42,26.62,-14.38,3.68,14.25,18.26,24.87,289.6,230.33,233.09,212.74,188.77,165.81,4.57,7.74,8.35,7.83,6.43,3.57,31.2,-13.51,640.96,0.034575
Beihai,110.0,22.5,2018,6,2018-06,4.1387,9.3315,12.9711,15.833,21.4883,0.001071,0.003455,0.004316,0.003744,0.00228,-49.14,-2.67,11.5,19.51,23.54,27.28,-8.19,7.47,15.29,19.71,25.89,44.0,269.57,245.67,216.48,185.22,157.09,5.41,2.54,3.63,3.26,2.32,1.04,33.44,-13.89,527.61,0.014864
Beihai,110.0,22.5,2018,7,2018-07,3.5945,9.144,13.9367,16.8127,21.8313,0.001845,0.004642,0.007691,0.007678,0.005199,-49.07,-2.28,11.77,19.59,23.69,27.55,-9.98,7.18,16.39,20.66,26.15,63.63,116.55,139.15,151.85,144.17,122.1,8.34,5.03,4.98,5.41,4.48,2.34,33.67,-16.01,400.21,0.027055
Beihai,110.0,22.5,2018,8,2018-08,4.0428,9.4903,13.9834,16.28,21.9048,0.000881,0.002222,0.002272,0.001233,0.001034,-48.84,-2.71,11.68,20.02,24.11,27.51,-8.49,7.72,16.44,20.15,26.2,65.33,71.07,75.5,77.1,30.1,317.89,5.48,2.14,2.3,1.59,0.74,0.46,35.2,-17.0,448.17,0.007643
Beihai,110.0,22.5,2018,9,2018-09,2.8382,7.7801,12.2183,14.303,19.3935,0.000677,0.000923,0.002308,0.002548,0.001726,-50.76,-3.48,11.1,18.3,22.33,25.97,-12.92,4.87,14.38,18.12,24.22,64.85,80.77,111.64,93.95,82.79,45.5,11.46,2.34,1.16,1.85,1.75,0.87,29.93,-11.61,490.24,0.008182
Beihai,110.0,22.5,2018,10,2018-10,2.2017,6.2444,8.8752,10.671,14.3057,0.002277,0.003056,0.001337,0.004655,0.004343,-52.19,-5.15,8.71,15.36,18.96,22.47,-16.01,1.79,9.61,13.63,19.37,284.6,275.96,281.91,88.47,78.74,54.99,14.46,10.14,4.8,1.48,4.28,2.98,23.2,-2.18,718.75,0.015669
Beihai,110.0,22.5,2018,11,2018-11,1.0298,4.8295,8.9483,10.3505,12.0746,0.00163,0.003698,0.002577,0.004418,0.003746,-51.88,-6.42,7.62,14.18,17.23,20.75,-24.78,-1.72,9.73,13.17,16.73,259.27,258.14,251.22,172.71,109.89,74.43,30.68,15.53,7.51,2.82,4.19,3.04,21.0,-2.49,555.97,0.016068
Beihai,110.0,22.5,2018,12,2018-12,1.4955,4.7398,8.426,8.3891,9.0329,0.002477,0.005183,0.003252,0.004057,0.003496,-52.48,-6.19,7.9,11.79,12.53,15.37,-20.55,-1.97,8.85,10.04,12.32,252.86,252.36,247.24,186.26,98.6,61.81,28.14,16.24,10.72,3.78,4.74,3.8,16.97,1.28,367.83,0.018464
Beihai,110.0,22.5,2019,1,2019-01,0.8786,3.0394,8.0264,7.8274,8.1525,0.001751,0.003177,0.003454,0.003412,0.002804,-52.74,-7.15,7.2,10.42,12.11,14.89,-26.52,-7.82,8.14,9.03,10.79,243.7,255.51,250.66,194.79,115.84,70.26,37.48,19.54,10.25,4.22,4.28,3.37,10.7,2.58,285.17,0.014598
Beihai,110.0,22.5,2019,2,2019-02,0.9264,2.7326,8.9348,10.4612,11.8191,0.002026,0.003967,0.008285,0.007044,0.005168,-51.96,-8.24,7.97,13.88,16.1,19.28,-25.94,-9.18,9.71,13.34,16.4,257.72,255.08,255.94,211.38,165.75,129.21,40.54,21.45,14.24,9.09,6.6,4.29,14.68,-3.99,521.47,0.02649
Beihai,110.0,22.5,2019,3,2019-03,0.8129,5.3898,9.7766,11.1541,12.7891,0.00186,0.007782,0.006787,0.005294,0.004165,-52.46,-6.76,6.97,14.6,16.6,19.95,-27.37,-0.23,11.04,14.31,17.63,258.04,264.96,257.33,214.64,152.26,110.13,37.12,22.44,14.16,6.81,4.65,3.19,25.19,-5.24,444.87,0.025888
Beihai,110.0,22.5,2019,4,2019-04,1.1504,6.2091,11.2433,14.0002,17.7943,0.001912,0.006955,0.009111,0.009209,0.006945,-50.93,-6.21,9.83,18.53,21.49,24.54,-23.54,1.71,13.12,17.79,22.84,262.25,260.59,258.44,216.77,175.35,140.46,29.58,16.3,10.98,7.95,6.45,3.83,29.75,-12.14,676.08,0.034132
Beihai,110.0,22.5,2019,5,2019-05,2.6324,8.2753,12.5804,14.8598,19.2182,0.002456,0.006937,0.007433,0.006061,0.004978,-49.79,-3.41,11.16,18.36,21.49,25.28,-13.85,5.75,14.82,18.72,24.08,289.65,265.53,253.34,209.85,156.77,114.94,9.58,9.15,8.22,5.79,4.0,2.54,31.18,-12.5,441.64,0.027865
Beihai,110.0,22.5,2019,6,2019-06,3.6039,8.7968,13.4138,16.3177,22.7366,0.001843,0.00663,0.010751,0.010489,0.007901,-48.37,-2.44,12.63,20.67,24.7,28.17,-9.95,6.62,15.8,20.19,26.81,31.2,246.62,246.88,223.56,197.61,170.24,5.26,5.01,7.39,7.86,6.3,3.41,32.91,-15.95,609.14,0.037613
Beihai,110.0,22.5,2019,7,2019-07,3.4243,8.7929,13.6511,16.4361,22.6866,0.000744,0.003321,0.00671,0.006572,0.004728,-48.46,-2.38,12.44,20.66,24.66,28.19,-10.59,6.62,16.07,20.3,26.77,64.46,170.7,213.08,201.77,182.89,160.16,11.02,2.13,3.7,4.82,3.92,2.04,33.28,-16.48,574.34,0.022075
Beihai,110.0,22.5,2019,8,2019-08,3.2112,8.4977,13.2676,15.7831,22.3441,0.000699,0.002014,0.002306,0.000618,0.000557,-48.33,-2.45,11.8,20.58,24.71,28.13,-11.39,6.13,15.63,19.66,26.52,65.6,84.93,89.46,103.99,125.86,262.03,6.41,2.13,2.32,1.7,0.38,0.24,32.99,-15.5,618.6,0.006194
Beihai,110.0,22.5,2019,9,2019-09,2.0557,6.4437,10.3971,12.38,17.7619,0.000296,0.002527,0.005744,0.005906,0.004527,-50.07,-3.71,10.14,18.29,22.79,26.15,-16.83,2.23,11.95,15.89,22.81,289.16,51.22,70.98,68.99,57.43,31.41,2.01,1.41,3.85,5.42,4.68,2.5,26.04,-7.3,792.35,0.019
Beihai,110.0,22.5,2019,10,2019-10,1.9105,5.6415,9.7978,11.5025,15.2235,0.001023,0.000442,0.002816,0.004887,0.00405,-51.96,-5.11,9.15,16.07,19.77,23.57,-17.7,0.39,11.07,14.77,20.35,278.38,276.19,296.24,115.73,93.36,67.45,9.92,5.25,0.77,2.82,4.17,2.61,23.5,-5.08,625.79,0.013218
Beihai,110.0,22.5,2019,11,2019-11,0.8167,3.9005,7.4565,8.2948,9.931,0.000938,0.001849,0.001323,0.003598,0.003103,-52.16,-4.81,8.22,13.05,16.24,19.87,-27.32,-4.57,7.07,9.87,13.74,258.68,273.26,262.9,113.25,80.91,53.52,20.14,11.27,4.65,1.74,4.25,3.06,12.15,3.8,747.13,0.01081
Beihai,110.0,22.5,2019,12,2019-12,0.7603,2.5627,6.0322,6.8327,7.5927,0.001554,0.002284,0.000957,0.002714,0.002511,-52.54,-7.66,6.75,10.33,13.25,16.78,-28.09,-9.99,4.05,7.05,9.73,257.29,259.34,255.38,154.09,86.62,57.36,37.83,20.05,8.74,1.56,3.9,3.24,5.3,6.91,784.53,0.010021
Beihai,110.0,22.5,2020,1,2020-01,0.7287,2.9873,7.3769,8.073,9.115,0.001791,0.003892,0.003205,0.003735,0.003072,-51.86,-8.51,5.97,10.82,13.04,16.75,-28.55,-8.04,6.92,9.48,12.45,257.03,261.71,259.79,202.29,130.14,98.49,43.51,24.11,12.78,4.26,4.54,3.31,12.25,2.39,487.53,0.015696
Beihai,110.0,22.5,2020,2,2020-02,0.559,4.1668,7.7058,8.6068,9.6023,0.001286,0.004277,0.004179,0.004449,0.003274,-52.24,-7.54,4.67,11.42,13.99,17.67,-31.36,-3.69,7.55,10.42,13.24,254.16,262.56,256.94,195.55,142.73,110.56,43.4,22.56,10.07,5.32,5.07,3.34,18.15,2.01,483.24,0.017466
Beihai,110.0,22.5,2020,3,2020-03,1.1368,5.9063,10.4256,11.4355,12.8138,0.002354,0.00729,0.007433,0.006265,0.004957,-51.27,-6.78,7.43,14.96,17.34,20.86,-23.67,1.03,11.99,14.68,17.65,260.61,264.8,259.67,210.1,155.11,124.32,39.12,20.3,12.1,6.99,5.37,3.79,27.33,-7.2,371.3,0.028298
Beihai,110.0,22.5,2020,4,2020-04,1.7292,5.7922,9.5962,10.6591,12.3094,0.003071,0.005964,0.00292,0.003783,0.003548,-52.61,-7.41,8.22,14.02,16.76,20.85,-18.87,0.76,10.76,13.62,17.03,261.84,264.15,265.71,207.01,124.88,95.6,43.53,17.41,10.1,2.98,3.48,2.83,24.73,-4.9,407.03,0.019285
Beihai,110.0,22.5,2020,5,2020-05,3.0005,7.6826,13.2292,15.8623,19.8586,0.003935,0.007654,0.00917,0.008085,0.006233,-49.39,-3.74,11.72,20.24,24.31,27.73,-12.24,4.69,15.59,19.74,24.6,278.12,262.3,259.22,229.22,192.85,163.01,16.65,12.86,9.77,6.8,5.0,3.08,32.54,-16.35,581.86,0.035076
Beihai,110.0,22.5,2020,6,2020-06,3.5957,8.5467,13.1267,16.1525,22.6607,0.001796,0.007738,0.01429,0.015077,0.011973,-48.32,-3.02,12.12,20.58,24.74,28.21,-9.98,6.21,15.47,20.03,26.76,70.64,228.22,229.76,214.35,192.31,170.09,7.42,4.9,8.88,10.68,9.15,5.18,33.15,-15.71,638.71,0.050874
Beihai,110.0,22.5,2020,7,2020-07,2.6561,7.8012,12.6462,15.465,22.6372,0.000879,0.00476,0.009931,0.011094,0.009573,-48.13,-2.63,12.37,20.61,24.73,28.41,-13.74,4.91,14.9,19.34,26.74,68.28,191.96,218.91,210.96,193.36,174.3,15.05,3.25,5.98,7.7,7.03,4.15,30.68,-14.15,713.92,0.036236
Beihai,110.0,22.5,2020,8,2020-08,3.9233,8.3148,12.7912,15.3217,21.6132,0.00085,0.002434,0.005227,0.005411,0.003672,-48.61,-3.07,11.53,19.56,23.65,27.57,-8.87,5.82,15.08,19.2,25.98,75.99,136.58,172.15,177.17,161.89,143.6,5.52,2.12,2.87,4.01,3.46,1.67,31.99,-13.89,560.44,0.017594
Beihai,110.0,22.5,2020,9,2020-09,3.989,8.5849,12.8784,14.9875,20.6571,0.000626,0.002507,0.003791,0.00461,0.003949,-49.78,-3.25,11.25,19.13,22.74,26.49,-8.66,6.28,15.18,18.85,25.25,34.29,174.72,211.24,175.65,131.0,97.43,8.85,1.54,2.86,2.89,3.02,1.87,32.58,-13.85,493.42,0.015484
Beihai,110.0,22.5,2020,10,2020-10,2.598,7.1394,10.5194,11.1679,13.834,0.000722,0.003442,0.008531,0.010522,0.007752,-50.03,-3.6,10.82,15.35,17.94,21.95,-14.01,3.66,12.13,14.32,18.85,281.79,127.94,114.15,86.61,62.95,36.63,1.63,2.72,4.73,7.95,9.24,5.5,23.92,-4.62,402.4,0.030968
Beihai,110.0,22.5,2020,11,2020-11,1.464,5.3649,7.959,9.2256,10.5413,0.001078,0.002009,0.003428,0.006174,0.00451,-50.74,-4.98,8.89,13.7,16.28,19.85,-20.8,-0.29,8.02,11.45,14.65,250.82,254.49,227.81,103.49,76.74,49.54,13.22,7.22,3.67,4.22,6.56,4.2,17.52,1.8,710.72,0.017198
Beihai,110.0,22.5,2020,12,2020-12,0.5023,3.0047,6.7021,6.0698,6.3794,0.000956,0.003308,0.000852,0.003604,0.003215,-51.51,-5.44,7.84,8.86,9.39,12.52,-32.47,-7.96,5.55,5.35,7.2,252.42,265.3,259.64,159.95,68.22,41.09,27.35,18.66,10.8,1.25,5.82,4.94,4.04,8.9,413.97,0.011935
Beihai,110.0,22.5,2021,1,2021-01,0.5888,2.8912,5.389,5.1854,5.4056,0.00134,0.003516,0.000896,0.002377,0.002004,-51.55,-4.32,5.67,7.45,9.61,13.52,-30.81,-8.46,2.47,3.12,4.82,256.48,268.25,268.21,153.21,86.28,62.32,28.98,22.31,11.93,1.63,4.5,3.64,0.12,14.43,622.57,0.010133
Beihai,110.0,22.5,2021,2,2021-02,0.8276,3.7512,7.6459,8.0957,8.8571,0.001777,0.003248,0.001658,0.003048,0.002367,-51.06,-7.39,5.4,11.35,14.81,18.6,-27.18,-5.08,7.44,9.52,12.02,251.86,263.36,266.65,176.05,125.1,106.63,35.61,21.05,8.49,2.13,3.69,2.62,15.7,2.37,488.5,0.012097
Beihai,110.0,22.5,2021,3,2021-03,1.026,5.4159,10.0117,11.1059,12.3617,0.001885,0.006325,0.006239,0.005975,0.004493,-52.0,-6.35,7.41,14.55,16.83,20.43,-24.82,-0.16,11.39,14.24,17.1,263.09,264.16,260.35,207.89,154.91,127.11,26.17,18.02,11.45,6.11,5.28,3.56,24.72,-5.36,394.7,0.024918
Beihai,110.0,22.5,2021,4,2021-04,1.9813,6.6768,11.4895,13.1522,15.1234,0.002487,0.004707,0.005094,0.006435,0.005069,-51.54,-5.41,8.98,16.18,19.12,23.19,-17.26,2.72,13.45,16.83,20.25,266.71,261.84,257.16,190.95,138.82,113.04,21.82,12.31,6.91,4.35,4.8,3.29,28.78,-9.63,340.56,0.023794
Beihai,110.0,22.5,2021,5,2021-05,2.6559,7.7536,12.3943,15.1422,20.5147,0.0028,0.007453,0.010927,0.010698,0.007895,-50.1,-3.69,11.69,19.88,23.56,27.0,-13.74,4.82,14.6,19.01,25.13,282.15,248.2,241.69,216.97,191.6,163.68,12.86,10.34,9.43,8.65,6.93,3.77,31.3,-13.84,661.17,0.039773
Beihai,110.0,22.5,2021,6,2021-06,3.7579,8.4244,13.1035,16.1924,22.1477,0.000871,0.004812,0.007899,0.007401,0.005367,-48.54,-2.35,12.29,20.19,24.33,27.91,-9.42,6.0,15.44,20.06,26.38,62.86,228.09,232.73,217.53,189.16,162.24,8.03,2.27,5.6,5.91,4.48,2.38,31.7,-14.59,593.61,0.02635
Beihai,110.0,22.5,2021,7,2021-07,3.2224,8.0991,13.0094,15.5963,22.4435,0.000607,0.00173,0.004474,0.004769,0.00372,-48.12,-2.59,12.17,20.49,24.56,28.26,-11.35,5.44,15.33,19.47,26.6,72.38,146.84,190.02,198.27,185.4,174.96,8.14,1.85,2.09,3.37,3.0,1.63,31.69,-14.89,644.53,0.015301
Beihai,110.0,22.5,2021,8,2021-08,3.7199,8.7968,13.2263,15.5148,22.2767,0.000735,0.001375,0.004705,0.005464,0.004752,-48.59,-2.93,11.8,20.39,24.44,27.95,-9.55,6.62,15.59,19.39,26.48,70.39,106.19,217.76,216.48,203.39,186.8,13.73,1.94,1.53,3.49,3.45,2.09,33.74,-15.68,600.95,0.017032
Beihai,110.0,22.5,2021,9,2021-09,2.8334,7.5016,12.4294,14.2812,20.7808,0.001074,0.003067,0.004058,0.00334,0.001848,-50.51,-3.99,11.02,19.58,23.66,27.26,-12.94,4.36,14.64,18.1,25.34,64.82,128.04,117.45,114.68,113.22,92.03,2.24,3.72,4.01,3.2,2.29,0.87,31.55,-13.92,617.15,0.013387
Beihai,110.0,22.5,2021,10,2021-10,3.3229,8.041,10.6453,11.9617,15.09,0.00043,0.002273,0.007703,0.009822,0.00802,-50.25,-4.2,9.97,15.67,18.27,22.15,-10.97,5.34,12.31,15.37,20.22,284.65,188.64,121.23,86.36,62.6,35.59,5.2,1.27,2.77,7.1,8.05,5.21,27.54,-5.84,420.4,0.028248
Beihai,110.0,22.5,2021,11,2021-11,1.5124,6.1071,7.9898,7.8432,9.8602,0.00267,0.005187,0.000839,0.003931,0.003857,-52.14,-5.58,7.48,12.76,14.79,18.47,-20.42,1.49,8.08,9.05,13.64,271.19,264.08,263.06,101.06,74.27,45.33,26.18,17.31,8.33,1.03,4.91,3.84,20.42,2.02,585.05,0.016483
Beihai,110.0,22.5,2021,12,2021-12,0.9205,3.3619,6.1318,6.4144,6.8926,0.001417,0.002278,0.001459,0.003984,0.003396,-51.42,-5.55,6.22,9.73,11.73,14.94,-26.01,-6.51,4.28,6.14,8.32,247.3,261.05,257.83,93.53,69.61,41.67,29.67,15.1,6.65,2.33,6.09,4.83,6.83,9.34,680.55,0.012535
Beihai,110.0,22.5,2022,1,2022-01,1.0206,3.7917,7.7313,7.893,8.2196,0.002437,0.004523,0.003013,0.003621,0.003384,-51.27,-9.38,4.26,9.58,11.09,13.98,-24.87,-4.94,7.6,9.15,10.91,248.03,258.44,260.56,207.16,106.14,65.33,42.23,23.42,11.7,3.82,4.5,4.04,17.36,1.85,246.99,0.016977
Beihai,110.0,22.5,2022,2,2022-02,1.4704,4.1823,7.1237,6.7514,7.1177,0.003987,0.00665,0.002917,0.003484,0.003477,-51.23,-8.13,5.62,8.88,8.31,10.48,-20.75,-3.64,6.42,6.88,8.79,252.16,254.68,254.13,204.47,87.25,47.08,37.19,26.59,15.59,4.02,5.06,4.79,14.16,5.2,307.59,0.020516
Beihai,110.0,22.5,2022,3,2022-03,1.8434,5.2922,10.2107,11.7951,12.9632,0.003138,0.005321,0.005215,0.005567,0.00397,-51.11,-6.38,8.8,15.12,17.49,20.96,-18.12,-0.48,11.68,15.16,17.83,266.73,265.92,260.89,207.28,151.2,121.81,23.76,16.7,9.86,5.01,4.63,3.0,23.9,-6.43,429.6,0.023211
Beihai,110.0,22.5,2022,4,2022-04,1.6051,6.3583,9.7169,11.1067,12.7304,0.002107,0.004538,0.003242,0.003831,0.002944,-51.53,-5.56,8.49,15.23,19.05,22.73,-19.74,2.04,10.95,14.24,17.55,262.86,264.88,255.53,195.81,138.68,106.74,26.12,12.87,7.0,3.27,3.38,2.27,25.3,-4.52,535.76,0.016661
Beihai,110.0,22.5,2022,5,2022-05,4.1508,8.8307,11.9257,13.8065,17.0135,0.003695,0.005138,0.003501,0.005109,0.00454,-49.98,-4.25,10.15,16.59,20.1,23.93,-8.15,6.68,14.01,17.58,22.12,280.33,257.36,243.15,181.8,122.26,89.28,15.79,8.73,5.71,2.88,3.63,2.62,31.39,-9.95,322.45,0.021984
Beihai,110.0,22.5,2022,6,2022-06,4.001,8.9792,13.5463,16.197,22.1762,0.002286,0.007701,0.011549,0.010836,0.008158,-49.31,-3.4,11.47,19.9,24.04,27.53,-8.62,6.92,15.95,20.07,26.4,44.32,244.31,238.76,223.39,200.41,173.47,5.66,5.6,8.41,8.36,6.56,3.61,34.7,-16.47,493.76,0.04053
Beihai,110.0,22.5,2022,7,2022-07,3.1774,7.7666,12.4466,15.4244,21.9544,0.000695,0.002961,0.005648,0.006415,0.004856,-48.46,-2.99,12.45,20.54,24.34,28.06,-11.53,4.85,14.66,19.3,26.24,86.69,153.52,187.1,195.72,181.9,168.74,9.23,2.15,3.74,4.45,4.08,2.17,30.59,-13.93,734.59,0.020576
Beihai,110.0,22.5,2022,8,2022-08,3.8119,8.7509,12.9241,15.4237,21.5329,0.002297,0.003342,0.004877,0.005392,0.0041,-48.9,-3.02,11.68,19.64,23.72,27.62,-9.24,6.55,15.23,19.3,25.92,82.63,102.96,140.48,147.86,137.85,121.97,15.99,5.91,3.74,3.7,3.43,1.87,32.76,-14.25,550.33,0.020008
Beihai,110.0,22.5,2022,9,2022-09,3.1913,8.0828,11.0872,13.4257,19.9412,0.001055,0.002704,0.005124,0.005327,0.003837,-49.67,-3.56,10.33,19.11,23.51,27.15,-11.47,5.42,12.91,17.14,24.67,54.06,77.65,72.42,73.33,62.82,32.54,3.73,3.24,3.28,4.53,3.89,1.89,30.66,-9.67,774.62,0.018048
Beihai,110.0,22.5,2022,10,2022-10,1.9432,6.5966,7.8543,9.3788,13.1076,0.00042,0.002245,0.005821,0.007111,0.005728,-50.47,-4.19,9.82,15.62,19.36,23.21,-17.5,2.56,7.82,11.69,18.0,170.55,105.34,83.58,73.15,63.26,38.8,0.56,2.12,3.34,7.27,7.44,4.29,20.37,1.03,974.76,0.021324
Beihai,110.0,22.5,2022,11,2022-11,1.6152,6.594,11.0841,12.331,14.1597,0.001407,0.003481,0.004237,0.006282,0.004731,-51.34,-4.89,9.19,15.31,18.54,22.24,-19.66,2.55,12.91,15.83,19.21,260.91,256.99,220.87,148.33,108.59,79.32,19.06,8.54,5.18,3.75,5.0,3.28,26.47,-7.25,299.42,0.020138
Beihai,110.0,22.5,2022,12,2022-12,0.8979,4.0764,5.3419,4.6661,5.2766,0.001812,0.003568,0.000968,0.003202,0.00302,-51.83,-5.71,5.05,8.41,9.19,12.66,-26.29,-3.98,2.35,1.65,4.48,259.34,267.38,265.04,78.98,60.24,37.07,28.69,19.79,8.58,1.78,6.73,5.61,7.43,12.27,757.72,0.01257
Beihai,110.0,22.5,2023,1,2023-01,0.7478,3.4384,6.6475,6.724,7.0405,0.001516,0.003734,0.0014,0.003387,0.002983,-52.13,-4.89,7.83,8.3,10.32,13.74,-28.27,-6.22,5.43,6.82,8.63,249.44,264.43,260.5,160.99,84.65,52.13,25.96,19.88,10.65,2.07,4.94,4.16,4.57,10.1,358.64,0.013019
Beihai,110.0,22.5,2023,2,2023-02,1.0395,3.9931,8.1076,8.5323,8.9721,0.002115,0.003879,0.002956,0.004165,0.003518,-51.71,-7.01,6.33,11.58,13.85,17.55,-24.67,-4.26,8.29,10.29,12.22,242.44,258.47,259.61,193.31,117.93,86.25,33.23,19.95,9.53,3.58,4.79,3.85,16.29,1.43,411.17,0.016634
Beihai,110.0,22.5,2023,3,2023-03,,4.9946,9.2088,10.0848,10.7725,,0.005323,0.00374,0.00439,0.003524,-52.62,-8.75,6.73,13.58,16.74,20.62,,-1.26,10.15,12.78,14.98,263.83,269.44,267.25,200.9,141.12,115.68,40.82,20.44,10.45,3.98,4.27,3.21,24.5,-4.88,428.38,0.016977
Beihai,110.0,22.5,2023,4,2023-04,1.1754,6.2923,11.36,13.3372,15.3617,0.001944,0.007075,0.006519,0.007026,0.005569,-51.61,-5.28,9.99,17.03,19.87,23.34,-23.3,1.9,13.28,17.04,20.5,263.29,271.75,264.11,210.27,152.61,121.59,25.81,16.22,11.03,5.63,5.17,3.56,27.5,-10.02,469.3,0.028133
Beihai,110.0,22.5,2023,5,2023-05,2.6825,7.7096,12.4925,14.6708,18.967,0.002744,0.005706,0.007748,0.007689,0.005721,-49.42,-3.5,11.43,19.25,22.8,26.06,-13.62,4.74,14.72,18.52,23.86,283.46,260.43,245.23,203.48,166.03,140.08,11.89,10.03,7.26,6.08,5.14,2.96,30.78,-13.26,566.36,0.029608
Beihai,110.0,22.5,2023,6,2023-06,4.0054,8.9676,13.2722,15.937,22.0775,0.001421,0.004095,0.006613,0.007038,0.005033,-48.72,-2.69,11.95,20.07,24.2,27.91,-8.61,6.9,15.64,19.81,26.33,23.09,231.25,218.84,199.3,176.17,150.94,2.46,3.48,4.48,4.89,4.33,2.24,33.34,-15.23,553.43,0.0242
Beihai,110.0,22.5,2023,7,2023-07,3.5149,8.2333,13.1177,15.8922,22.4187,0.000829,0.002643,0.006145,0.006813,0.005378,-47.79,-2.41,12.73,20.6,24.74,28.4,-10.26,5.68,15.46,19.77,26.58,80.65,132.87,202.1,198.74,184.25,168.83,14.24,2.31,3.15,4.59,4.2,2.35,31.42,-15.1,642.73,0.021809
Beihai,110.0,22.5,2023,8,2023-08,3.9068,10.0854,14.3235,16.3822,21.8991,0.000762,0.002153,0.003419,0.004012,0.002377,-48.13,-2.03,12.23,19.62,23.61,27.57,-8.93,8.6,16.81,20.25,26.2,49.72,203.86,207.46,209.83,206.72,187.09,7.98,1.91,2.09,2.34,2.4,1.06,34.83,-16.77,351.59,0.012723
Beihai,110.0,22.5,2023,9,2023-09,3.385,9.001,13.4428,15.4997,20.6834,0.00116,0.003358,0.005602,0.005914,0.004501,-49.49,-2.88,11.4,18.93,22.84,26.82,-10.74,6.95,15.83,19.38,25.27,63.86,106.35,105.71,98.25,81.57,47.5,2.21,3.36,3.66,4.09,3.74,2.13,33.19,-14.7,386.89,0.020535
Beihai,110.0,22.5,2023,10,2023-10,2.3892,7.471,11.3576,12.741,16.2624,0.000821,0.000309,0.005333,0.008573,0.007161,-50.63,-3.82,10.11,16.21,19.53,23.58,-15.02,4.3,13.28,16.34,21.4,245.71,270.55,155.68,89.46,68.96,39.99,10.05,3.37,0.41,4.61,6.6,4.32,27.5,-7.74,366.55,0.022198
Beihai,110.0,22.5,2023,11,2023-11,1.7569,4.6218,8.3773,9.9842,11.9022,0.002413,0.00221,0.002178,0.004895,0.004339,-51.89,-5.31,8.77,13.88,16.9,20.75,-18.68,-2.31,8.76,12.63,16.51,261.17,264.29,259.79,117.03,88.39,61.86,25.59,13.47,4.69,2.55,4.81,3.57,16.86,0.3,639.33,0.016034
Beihai,110.0,22.5,2023,12,2023-12,1.652,5.1599,8.8559,9.1085,9.8576,0.003188,0.005219,0.001631,0.003665,0.003709,-51.85,-6.33,6.55,11.15,12.34,15.68,-19.4,-0.82,9.58,11.26,13.63,259.98,259.24,254.85,200.35,86.83,52.17,37.1,18.93,9.92,1.81,3.95,3.69,19.68,0.73,195.59,0.017413
Beihai,110.0,22.5,2024,1,2024-01,0.9495,4.8001,7.7998,8.0028,8.6969,0.002647,0.005279,0.002885,0.003961,0.003388,-50.98,-8.66,3.54,9.88,11.25,14.71,-25.67,-1.8,7.73,9.35,11.75,251.18,263.8,263.52,185.26,113.16,74.31,46.6,27.33,10.79,3.63,4.85,3.82,20.94,2.11,269.46,0.01816
Beihai,110.0,22.5,2024,2,2024-02,0.7633,4.3206,8.3986,9.0554,9.5759,0.002068,0.006781,0.005967,0.004539,0.00338,-51.61,-6.76,6.43,12.72,13.15,15.78,-28.05,-3.21,8.8,11.18,13.2,256.18,256.49,254.2,207.66,140.37,95.3,45.13,26.57,15.39,6.97,4.92,3.46,18.63,-0.1,489.23,0.022735
Beihai,110.0,22.5,2024,3,2024-03,0.9352,5.8309,9.5877,10.5294,11.7492,0.002026,0.007855,0.006428,0.005597,0.004175,-51.42,-5.38,7.87,14.62,16.3,19.48,-25.84,0.85,10.75,13.43,16.31,255.76,263.38,260.52,211.02,151.12,115.1,36.27,21.25,13.21,6.57,5.21,3.48,23.73,-3.43,484.36,0.026082
Beihai,110.0,22.5,2024,4,2024-04,1.4924,7.4027,11.8346,14.6903,17.5619,0.002881,0.010304,0.011323,0.011045,0.008184,-50.7,-5.48,11.05,20.16,22.82,25.35,-20.58,4.17,13.89,18.54,22.63,264.05,261.08,255.78,218.51,180.7,147.79,34.78,18.93,13.65,9.38,7.37,4.57,32.65,-14.49,782.75,0.043737
Beihai,110.0,22.5,2024,5,2024-05,3.5129,8.593,12.914,14.7885,18.9846,0.003899,0.005334,0.004895,0.006428,0.005722,-49.61,-4.08,10.54,17.83,21.5,25.12,-10.27,6.29,15.22,18.65,23.88,273.92,269.41,261.64,190.07,134.0,99.76,22.89,10.88,6.09,3.72,4.26,2.96,32.88,-13.47,325.82,0.026277
Beihai,110.0,22.5,2024,6,2024-06,4.4919,9.0765,13.6468,16.6176,22.0803,0.001978,0.006062,0.010785,0.011045,0.008143,-47.87,-2.24,12.19,20.01,24.03,27.58,-7.14,7.07,16.06,20.47,26.33,25.89,231.44,224.16,207.05,181.53,153.65,5.78,4.32,6.55,7.75,6.52,3.62,33.21,-15.67,493.15,0.038013
Beihai,110.0,22.5,2024,7,2024-07,3.3984,8.0277,12.6108,15.7855,21.839,0.001329,0.004767,0.009242,0.009128,0.006723,-47.39,-2.24,12.42,20.07,23.94,27.54,-10.69,5.32,14.86,19.66,26.15,66.27,136.52,173.22,178.12,165.03,149.89,13.14,3.83,5.82,7.19,5.67,3.02,30.08,-13.12,651.55,0.031188
Beihai,110.0,22.5,2024,8,2024-08,3.2062,7.9301,12.576,15.1225,21.7909,0.000755,0.003377,0.006314,0.006246,0.004581,-48.58,-2.82,12.12,20.5,24.42,27.74,-11.41,5.14,14.82,18.99,26.11,73.41,218.42,221.06,220.2,209.14,185.39,4.71,2.31,4.18,4.92,4.05,2.06,31.16,-14.04,709.99,0.021273
Beihai,110.0,22.5,2024,9,2024-09,3.6036,7.9848,12.5669,15.0544,20.6629,0.001762,0.003649,0.006267,0.006587,0.004754,-48.65,-2.55,11.61,19.53,23.41,26.85,-9.95,5.24,14.81,18.92,25.25,55.88,89.04,93.19,86.0,68.56,40.85,2.87,4.79,4.48,4.89,4.29,2.26,30.52,-12.78,590.29,0.023018
Beihai,110.0,22.5,2024,10,2024-10,2.4533,6.6739,10.1427,11.2915,14.291,0.000273,0.00125,0.006547,0.008807,0.007073,-50.58,-3.93,10.8,16.01,18.89,22.64,-14.7,2.72,11.58,14.49,19.36,267.49,290.25,62.37,75.74,58.79,34.53,4.79,1.09,1.84,6.33,7.65,4.85,23.45,-4.68,553.02,0.02395
Beihai,110.0,22.5,2024,11,2024-11,1.7113,5.5117,9.8471,11.0271,12.4305,0.00161,0.001152,0.004844,0.008144,0.006109,-50.46,-5.43,7.91,13.64,16.07,19.94,-18.99,0.08,11.15,14.13,17.18,258.32,260.8,260.62,80.0,65.98,42.88,21.13,9.23,2.05,4.82,7.24,4.82,22.38,-3.15,311.74,0.021858
Beihai,110.0,22.5,2024,12,2024-12,0.5221,3.3944,6.0104,5.0431,5.5648,0.000933,0.003188,0.001009,0.003415,0.003055,-50.54,-4.28,7.42,9.02,10.9,14.02,-32.07,-6.39,4.0,2.73,5.23,256.22,265.7,262.15,111.36,77.06,51.66,28.03,17.52,9.21,1.65,6.64,5.38,3.49,11.55,627.58,0.0116
Fangchenggang,107.5,22.5,2005,1,2005-01,0.752,3.302,6.452,7.369,8.56,0.001979,0.004854,0.002772,0.002601,0.002648,-53.46,-7.47,6.68,8.85,11.37,14.83,-28.21,-6.75,5.01,8.15,11.51,258.63,268.25,275.45,212.6,132.54,104.31,44.27,25.81,14.42,4.21,3.46,3.03,7.9,7.47,480.57,0.014854
Fangchenggang,107.5,22.5,2005,2,2005-02,0.752,3.561,8.548,10.29,12.002,0.001976,0.006046,0.006057,0.004656,0.004396,-52.39,-9.11,6.81,13.37,15.24,18.32,-28.21,-5.76,9.06,13.09,16.64,262.89,267.55,264.38,216.16,148.17,115.57,47.62,25.77,16.65,6.95,4.44,3.59,18.97,-3.44,538.78,0.023131
Fangchenggang,107.5,22.5,2005,3,2005-03,1.208,4.792,8.594,10.065,11.61,0.002575,0.006332,0.003923,0.003757,0.00332,-52.17,-8.78,6.16,12.63,15.2,18.64,-22.99,-1.82,9.14,12.75,16.13,265.46,270.93,267.97,206.39,137.99,111.99,44.13,20.9,12.96,4.48,3.66,2.8,22.57,-2.51,436.38,0.019907
Fangchenggang,107.5,22.5,2005,4,2005-04,1.401,6.111,10.229,12.563,15.117,0.002293,0.006767,0.005299,0.004378,0.003685,-52.65,-6.22,8.89,17.18,20.92,24.5,-21.3,1.49,11.71,16.12,20.24,259.3,269.25,267.52,222.93,172.77,146.78,31.28,16.05,10.86,5.08,3.42,2.39,27.71,-8.32,683.97,0.022423
Fangchenggang,107.5,22.5,2005,5,2005-05,2.518,7.329,11.691,15.142,21.127,0.003029,0.007272,0.008354,0.006672,0.005263,-50.74,-4.48,10.71,21.19,25.31,28.44,-14.39,4.03,13.71,19.01,25.61,265.77,252.84,251.36,225.64,197.09,170.58,15.04,11.8,9.73,7.01,4.32,2.44,32.7,-14.16,935.1,0.03059
Fangchenggang,107.5,22.5,2005,6,2005-06,4.302,9.221,13.79,17.137,23.541,0.001358,0.005332,0.007596,0.006067,0.003769,-48.84,-2.73,11.62,20.7,25.07,28.74,-7.69,7.3,16.22,20.96,27.38,38.71,255.78,252.24,232.75,209.89,181.09,3.81,3.09,5.67,5.4,3.47,1.57,35.34,-17.22,559.46,0.024122
Fangchenggang,107.5,22.5,2005,7,2005-07,2.829,7.463,12.447,15.64,22.349,0.001101,0.002812,0.005505,0.005424,0.004346,-49.12,-3.27,11.31,20.41,24.54,28.28,-12.96,4.28,14.66,19.52,26.53,79.36,143.52,190.76,183.3,168.29,155.85,9.53,3.82,3.7,4.34,3.4,1.91,31.31,-14.08,718.83,0.019188
Fangchenggang,107.5,22.5,2005,8,2005-08,3.234,8.36,13.431,16.215,22.132,0.000991,0.001103,0.00238,0.002311,0.001663,-49.31,-3.02,11.28,20.04,24.14,27.89,-11.31,5.9,15.82,20.09,26.37,57.9,102.88,135.94,139.43,123.92,97.8,11.59,3.01,1.29,1.74,1.4,0.74,33.5,-15.93,527.44,0.008448
Fangchenggang,107.5,22.5,2005,9,2005-09,2.679,7.179,11.663,14.516,19.935,0.000854,0.002755,0.005447,0.005324,0.003806,-50.01,-3.7,9.94,18.72,22.96,26.61,-13.63,3.74,13.68,18.35,24.67,79.54,102.75,100.56,89.25,68.64,34.11,4.35,3.13,3.76,4.58,3.6,1.87,29.89,-10.86,630.6,0.018187
Fangchenggang,107.5,22.5,2005,10,2005-10,2.093,6.125,9.892,12.167,15.956,0.000697,0.000507,0.003377,0.004481,0.003371,-51.69,-4.93,8.97,15.59,19.83,23.78,-16.61,1.53,11.21,15.63,21.1,261.87,243.83,183.53,98.59,75.08,55.62,6.36,3.26,0.81,3.35,3.61,2.07,24.29,-4.66,547.36,0.012433
Fangchenggang,107.5,22.5,2005,11,2005-11,1.537,5.407,9.034,10.748,13.526,0.002202,0.004087,0.002072,0.003262,0.002855,-52.56,-5.13,7.7,13.31,16.92,20.75,-20.24,-0.19,9.87,13.74,18.5,259.55,259.17,254.43,162.93,107.4,84.45,21.67,14.05,7.41,2.25,2.98,2.07,20.43,-0.57,429.82,0.014477
Fangchenggang,107.5,22.5,2005,12,2005-12,1.726,4.8,5.97,5.996,7.058,0.003137,0.004485,0.00174,0.002855,0.002595,-52.81,-6.27,6.72,8.1,10.28,14.03,-18.89,-1.8,3.91,5.18,8.66,250.3,268.52,259.88,122.13,80.13,58.38,28.63,17.83,9.16,2.86,4.67,3.61,9.76,10.51,524.16,0.014811
Fangchenggang,107.5,22.5,2006,1,2006-01,0.601,2.281,7.015,7.717,8.781,0.001183,0.003142,0.002747,0.002821,0.002667,-51.75,-5.84,8.43,10.37,12.52,15.89,-30.6,-11.45,6.2,8.82,11.89,252.18,273.74,272.16,216.42,131.61,108.19,33.47,19.31,13.51,3.84,3.58,2.98,2.53,6.35,521.41,0.012561
Fangchenggang,107.5,22.5,2006,2,2006-02,0.87,4.656,8.862,9.672,10.822,0.001618,0.005318,0.005244,0.004739,0.003631,-51.8,-8.66,4.87,11.34,13.77,17.38,-26.63,-2.21,9.59,12.16,15.05,262.05,267.42,261.22,185.14,127.73,105.51,42.23,18.24,11.2,5.8,4.8,3.29,22.51,-1.8,218.7,0.02055
Fangchenggang,107.5,22.5,2006,3,2006-03,1.055,5.161,10.036,11.772,12.886,0.00233,0.007124,0.005443,0.00472,0.003872,-52.08,-7.41,7.74,14.61,17.1,20.62,-24.51,-0.82,11.43,15.13,17.74,257.82,271.69,268.18,210.76,143.48,119.7,35.87,21.66,13.54,5.32,3.93,2.95,24.89,-6.54,397.9,0.023489
Fangchenggang,107.5,22.5,2006,4,2006-04,1.917,6.327,10.859,13.067,15.68,0.003067,0.007099,0.007256,0.00546,0.004101,-52.04,-5.69,9.69,18.43,21.94,25.42,-17.66,1.98,12.6,16.72,20.82,255.52,255.95,256.06,222.77,183.5,157.53,28.8,15.69,11.0,6.55,4.1,2.56,29.01,-10.57,728.67,0.026983
Fangchenggang,107.5,22.5,2006,5,2006-05,3.136,6.611,11.046,13.957,18.773,0.002519,0.004177,0.003575,0.003137,0.002752,-50.99,-4.67,9.71,18.55,22.61,26.01,-11.69,2.59,12.86,17.74,23.7,273.94,258.95,257.13,212.39,162.3,131.9,12.67,7.88,6.2,3.17,2.2,1.44,28.95,-10.13,711.65,0.016159
Fangchenggang,107.5,22.5,2006,6,2006-06,3.89,8.775,13.273,16.314,23.621,0.001735,0.006078,0.008153,0.006828,0.005683,-49.51,-3.14,11.31,20.75,24.99,28.61,-8.98,6.59,15.64,20.18,27.44,39.04,252.85,248.5,222.38,192.95,168.26,5.72,4.37,6.79,6.02,4.1,2.36,34.81,-16.37,638.91,0.028477
Fangchenggang,107.5,22.5,2006,7,2006-07,3.929,8.83,13.736,17.035,23.403,0.000851,0.00212,0.004624,0.004848,0.00398,-48.06,-2.46,11.7,20.76,24.82,28.66,-8.85,6.68,16.16,20.87,27.28,75.15,132.33,213.22,212.63,205.46,196.37,12.53,2.12,2.35,3.3,2.79,1.67,34.36,-16.87,574.5,0.016423
Fangchenggang,107.5,22.5,2006,8,2006-08,3.596,8.286,12.875,15.522,21.663,0.001405,0.002877,0.003282,0.002121,0.001305,-49.55,-3.46,11.15,19.71,23.83,27.58,-9.98,5.77,15.17,19.4,26.02,73.94,95.99,103.59,111.84,91.28,28.3,6.72,3.83,3.41,2.5,1.34,0.59,32.96,-14.64,566.91,0.01099
Fangchenggang,107.5,22.5,2006,9,2006-09,3.037,6.932,10.682,13.268,18.636,0.000673,0.001387,0.003459,0.003597,0.003003,-50.69,-3.76,10.36,17.6,21.67,25.59,-12.09,3.25,12.36,16.96,23.58,45.0,40.14,41.9,63.03,45.61,6.54,3.72,2.17,1.96,3.18,2.66,1.58,26.6,-7.39,655.61,0.012118
Fangchenggang,107.5,22.5,2006,10,2006-10,2.319,6.841,10.662,13.151,18.181,0.000942,0.000521,0.002931,0.003005,0.002065,-52.21,-4.78,8.58,16.91,21.21,24.99,-15.38,3.06,12.33,16.82,23.18,278.04,247.1,207.94,126.4,104.47,85.36,8.22,3.98,0.75,2.7,2.24,1.11,28.5,-7.68,572.79,0.009464
Fangchenggang,107.5,22.5,2006,11,2006-11,1.272,4.113,8.26,10.599,13.811,0.002256,0.003369,0.002004,0.002959,0.002467,-53.27,-6.58,6.9,14.66,18.16,21.65,-22.4,-3.87,8.56,13.53,18.82,269.25,267.3,262.27,187.24,115.07,79.14,26.82,17.39,8.03,2.38,2.74,1.75,19.03,-1.44,762.75,0.013054
Fangchenggang,107.5,22.5,2006,12,2006-12,0.38,2.911,5.903,6.341,8.0,0.000752,0.002133,0.00128,0.002638,0.002578,-51.86,-6.83,4.13,9.59,12.44,15.73,-35.32,-8.37,3.75,5.97,10.51,264.76,274.17,264.17,128.7,77.97,52.59,35.18,19.41,7.19,2.13,4.08,3.16,7.67,8.73,730.44,0.009382
Fangchenggang,107.5,22.5,2007,1,2007-01,0.412,2.63,5.889,6.161,6.925,0.000949,0.002824,0.001298,0.002541,0.002441,-52.83,-6.78,3.73,8.15,10.41,13.76,-34.5,-9.66,3.71,5.56,8.39,260.32,270.96,261.32,159.97,82.47,60.54,42.06,22.59,10.53,2.16,4.04,3.46,5.25,10.14,554.48,0.010053
Fangchenggang,107.5,22.5,2007,2,2007-02,0.819,4.238,8.218,10.054,11.92,0.002014,0.005494,0.004896,0.005061,0.004123,-51.71,-9.91,4.13,13.89,17.15,20.36,-27.29,-3.47,8.48,12.74,16.53,257.56,263.62,260.54,212.63,162.19,143.87,46.56,24.12,12.71,5.84,4.94,3.39,24.69,-3.93,675.71,0.021588
Fangchenggang,107.5,22.5,2007,3,2007-03,0.571,4.272,9.775,12.172,14.005,0.00116,0.006044,0.006867,0.006188,0.004819,-52.16,-6.23,7.5,15.64,18.45,22.09,-31.13,-3.36,11.03,15.64,19.04,250.07,266.03,260.88,208.05,155.59,133.2,33.5,19.93,13.88,6.89,4.99,3.37,22.04,-5.72,575.7,0.025079
Fangchenggang,107.5,22.5,2007,4,2007-04,1.613,5.414,9.096,11.176,13.068,0.002679,0.005849,0.00325,0.002906,0.00291,-52.05,-7.89,8.31,15.3,18.52,22.45,-19.68,-0.17,9.97,14.33,17.96,264.36,264.04,266.97,217.23,131.82,105.95,35.29,16.29,10.59,3.5,2.55,2.18,24.68,-5.39,666.19,0.017594
Fangchenggang,107.5,22.5,2007,5,2007-05,2.836,6.102,10.992,13.661,17.707,0.001969,0.003343,0.0046,0.003817,0.00267,-50.58,-4.25,10.38,18.35,22.57,26.32,-12.93,1.47,12.78,17.41,22.76,282.67,250.79,241.91,217.18,186.92,168.69,12.35,6.81,5.37,4.1,2.74,1.48,26.48,-9.38,695.83,0.016399
Fangchenggang,107.5,22.5,2007,6,2007-06,3.127,7.479,12.444,16.437,23.181,0.001667,0.005373,0.007829,0.007194,0.006118,-49.5,-2.98,11.65,20.67,24.8,28.42,-11.73,4.31,14.66,20.3,27.13,0.78,250.91,249.3,221.65,192.51,165.0,0.73,5.23,7.04,6.17,4.29,2.59,30.97,-14.04,751.82,0.02818
Fangchenggang,107.5,22.5,2007,7,2007-07,2.413,7.988,12.729,16.446,22.831,0.001217,0.005939,0.009526,0.009615,0.008307,-49.02,-2.8,11.54,20.48,24.6,28.34,-14.9,5.25,15.0,20.31,26.88,70.18,195.83,222.33,206.46,186.21,171.62,12.45,4.95,7.29,7.34,5.73,3.57,31.99,-14.39,684.98,0.034604
Fangchenggang,107.5,22.5,2007,8,2007-08,2.798,7.006,11.73,15.236,22.008,0.000688,0.000611,0.000525,0.001057,0.001771,-49.12,-3.16,11.14,20.41,24.43,28.09,-13.1,3.4,13.76,19.11,26.28,65.12,60.99,46.42,204.23,233.97,247.66,8.34,2.41,0.86,0.44,0.68,0.79,29.59,-12.16,831.22,0.004652
Fangchenggang,107.5,22.5,2007,9,2007-09,2.924,7.01,11.148,13.931,19.016,0.000264,0.000864,0.003433,0.004527,0.004329,-50.33,-3.1,10.41,17.82,21.87,25.72,-12.56,3.4,13.0,17.71,23.9,61.59,6.48,51.04,58.68,40.04,9.8,4.04,0.89,1.21,3.02,3.19,2.23,26.91,-8.09,603.06,0.013418
Fangchenggang,107.5,22.5,2007,10,2007-10,1.616,5.105,9.118,11.3,14.811,0.000292,0.00099,0.0052,0.005736,0.004204,-51.4,-4.25,8.86,15.38,19.71,23.48,-19.66,-0.97,10.01,14.5,19.92,262.43,262.55,115.22,91.74,70.76,48.35,4.48,1.77,1.9,5.59,4.98,2.78,19.81,-1.88,671.75,0.016422
Fangchenggang,107.5,22.5,2007,11,2007-11,1.403,3.404,4.576,5.738,8.221,0.001405,0.000601,0.002055,0.002505,0.00232,-51.61,-7.1,6.32,11.73,14.76,18.33,-21.29,-6.35,0.21,4.55,10.91,248.12,262.33,279.3,67.57,53.93,29.44,22.51,9.82,1.73,4.4,4.28,2.77,6.36,9.67,1440.49,0.008885
Fangchenggang,107.5,22.5,2007,12,2007-12,0.641,3.148,7.759,8.424,9.794,0.001254,0.003614,0.002547,0.003273,0.002873,-52.81,-5.65,5.97,10.95,13.9,17.45,-29.92,-7.36,7.65,10.1,13.54,268.47,268.48,263.73,198.66,125.82,101.43,29.6,19.19,11.26,3.22,3.81,2.88,10.92,4.22,412.33,0.013562
Fangchenggang,107.5,22.5,2008,1,2008-01,0.899,3.202,6.389,6.593,7.368,0.001874,0.004484,0.003283,0.002357,0.001909,-52.77,-7.42,8.31,9.3,10.3,13.25,-26.27,-7.15,4.87,6.54,9.3,245.89,254.51,255.24,201.78,124.19,90.68,37.18,20.44,13.73,5.04,3.51,2.54,6.13,7.25,554.29,0.013907
Fangchenggang,107.5,22.5,2008,2,2008-02,0.633,4.194,5.408,5.024,5.541,0.001763,0.006105,0.001024,0.002104,0.001905,-51.29,-5.91,3.12,5.13,6.67,10.38,-30.05,-3.6,2.52,2.68,5.17,249.63,266.43,265.98,163.42,75.19,54.66,30.85,27.31,14.28,1.86,4.11,3.37,6.84,14.93,326.01,0.012901
Fangchenggang,107.5,22.5,2008,3,2008-03,1.31,5.001,8.318,9.641,10.519,0.002702,0.005212,0.003561,0.003813,0.002936,-52.83,-8.75,5.85,13.41,16.79,20.37,-22.07,-1.25,8.66,12.11,14.62,267.07,271.22,270.11,201.37,150.33,136.63,36.21,20.22,10.22,4.2,3.88,2.74,23.73,-2.56,593.61,0.018224
Fangchenggang,107.5,22.5,2008,4,2008-04,1.443,5.991,10.784,13.075,14.844,0.001899,0.005576,0.005898,0.005161,0.003988,-52.32,-5.5,9.49,17.06,20.76,24.77,-20.97,1.22,12.5,16.73,19.95,265.96,264.8,257.47,209.24,166.25,145.83,23.14,12.9,9.13,5.36,3.87,2.63,26.79,-8.85,570.26,0.022522
Fangchenggang,107.5,22.5,2008,5,2008-05,3.368,7.057,11.705,13.994,17.556,0.002568,0.003463,0.003817,0.003559,0.002737,-50.69,-4.16,9.86,17.77,22.27,26.23,-10.8,3.5,13.73,17.78,22.62,290.15,254.96,245.83,196.91,159.09,141.11,8.97,7.48,4.81,3.2,2.49,1.53,29.3,-10.49,504.95,0.016144
Fangchenggang,107.5,22.5,2008,6,2008-06,3.533,8.197,12.849,16.162,22.25,0.001674,0.004757,0.00621,0.005359,0.003716,-49.95,-3.33,10.54,19.37,23.75,27.63,-10.2,5.62,15.14,20.04,26.46,339.61,260.96,249.21,231.51,207.67,174.39,2.87,4.65,5.69,4.74,3.25,1.64,32.92,-14.1,528.23,0.021717
Fangchenggang,107.5,22.5,2008,7,2008-07,3.095,7.703,12.332,16.178,22.175,0.001268,0.004254,0.007157,0.007205,0.005517,-49.17,-3.49,10.93,19.98,24.09,27.94,-11.85,4.73,14.52,20.05,26.4,61.52,219.95,220.96,213.61,197.73,180.0,7.63,4.02,5.42,5.69,4.37,2.44,31.79,-13.58,682.66,0.025401
Fangchenggang,107.5,22.5,2008,8,2008-08,2.792,7.334,12.523,15.754,22.048,0.00065,0.001952,0.003853,0.003812,0.002789,-49.61,-3.35,11.26,19.93,23.99,27.75,-13.13,4.04,14.75,19.63,26.31,60.57,143.73,194.2,193.02,177.1,163.61,13.17,2.28,2.61,3.02,2.37,1.24,30.81,-13.87,647.21,0.013056
Fangchenggang,107.5,22.5,2008,9,2008-09,2.547,6.307,11.078,14.263,20.377,0.000893,0.001641,0.003297,0.003129,0.001925,-50.26,-3.59,10.34,19.08,23.13,26.98,-14.25,1.93,12.9,18.08,25.02,66.61,103.79,119.08,105.7,81.98,43.69,2.82,3.44,2.55,2.92,2.15,0.93,27.16,-9.65,772.53,0.010885
Fangchenggang,107.5,22.5,2008,10,2008-10,2.546,6.139,10.125,13.208,16.946,0.000811,0.001195,0.004422,0.005614,0.004086,-51.56,-4.77,9.6,16.43,20.64,24.61,-14.25,1.56,11.56,16.89,22.06,254.04,203.2,164.51,104.33,79.63,54.29,7.38,3.12,1.91,4.28,4.17,2.36,24.71,-5.88,609.17,0.016128
Fangchenggang,107.5,22.5,2008,11,2008-11,1.244,3.54,6.202,7.744,10.178,0.001528,0.001776,0.002074,0.003484,0.003332,-51.83,-6.48,6.67,11.74,14.92,18.64,-22.66,-5.84,4.44,8.87,14.12,261.62,268.24,252.85,103.4,70.95,48.91,25.88,12.05,4.92,3.28,4.41,3.21,10.15,6.37,912.18,0.012193
Fangchenggang,107.5,22.5,2008,12,2008-12,0.583,2.344,5.756,5.77,6.865,0.001066,0.001562,0.001486,0.00219,0.002043,-52.36,-7.03,5.37,8.88,11.94,15.49,-30.92,-11.11,3.39,4.63,8.26,261.9,273.81,257.18,134.68,85.22,61.33,32.14,17.93,6.53,2.53,3.72,2.92,2.82,9.53,685.96,0.008346
Fangchenggang,107.5,22.5,2009,1,2009-01,0.307,2.644,5.111,5.248,5.982,0.000691,0.002179,0.001049,0.00196,0.001864,-52.81,-7.17,3.76,7.39,9.59,13.04,-37.44,-9.59,1.73,3.29,6.27,258.39,276.95,273.26,159.04,91.88,66.88,38.3,22.07,8.08,2.01,3.66,3.06,2.94,12.29,706.96,0.007743
Fangchenggang,107.5,22.5,2009,2,2009-02,0.513,3.082,9.075,11.352,12.721,0.000932,0.003442,0.007071,0.007892,0.006263,-52.45,-4.72,7.49,15.59,19.11,22.62,-32.25,-7.64,9.94,14.57,17.54,242.22,256.14,254.81,201.5,170.8,158.11,26.9,17.82,10.95,7.64,6.82,4.83,15.12,-2.45,706.73,0.025601
Fangchenggang,107.5,22.5,2009,3,2009-03,1.103,4.499,9.105,11.198,13.022,0.00208,0.00577,0.005248,0.004753,0.003982,-53.05,-7.31,8.49,15.17,17.19,20.97,-24.01,-2.67,9.99,14.36,17.9,249.86,258.78,259.09,208.65,144.29,118.7,34.01,18.49,12.58,5.65,4.16,3.0,21.3,-4.71,648.11,0.021833
Fangchenggang,107.5,22.5,2009,4,2009-04,1.457,6.49,10.723,12.705,15.392,0.001965,0.00586,0.005564,0.005538,0.00435,-50.91,-6.3,8.5,15.74,19.36,23.4,-20.85,2.33,12.41,16.29,20.53,273.5,271.65,262.08,188.7,141.17,125.01,28.18,13.23,8.85,5.09,4.27,2.77,28.28,-8.2,415.73,0.023277
Fangchenggang,107.5,22.5,2009,5,2009-05,2.608,7.812,12.299,14.736,18.464,0.00122,0.003434,0.005624,0.006329,0.004927,-50.61,-4.23,9.74,17.14,21.43,25.48,-13.96,4.93,14.48,18.59,23.43,292.31,267.0,241.0,173.98,144.76,134.07,7.53,4.59,4.31,4.48,4.21,2.62,31.04,-11.4,332.42,0.021533
Fangchenggang,107.5,22.5,2009,6,2009-06,3.142,7.903,12.971,16.368,23.011,0.001258,0.00452,0.0073,0.00705,0.005622,-49.4,-2.83,11.54,20.47,24.6,28.4,-11.67,5.1,15.29,20.23,27.01,48.87,248.33,242.38,222.94,203.29,184.07,7.54,3.93,5.61,5.52,4.22,2.4,32.14,-15.02,647.83,0.025751
Fangchenggang,107.5,22.5,2009,7,2009-07,2.956,8.343,13.632,16.939,22.903,0.000757,0.003125,0.006576,0.006465,0.00476,-48.18,-2.08,11.69,20.24,24.5,28.33,-12.42,5.87,16.05,20.78,26.93,73.5,136.45,210.96,197.98,182.14,167.53,15.71,2.51,3.67,4.73,3.74,2.04,32.54,-15.7,524.01,0.021683
Fangchenggang,107.5,22.5,2009,8,2009-08,2.585,7.146,12.318,15.344,22.127,0.000663,0.000769,0.001713,0.001051,0.000677,-48.84,-3.16,11.47,20.51,24.7,28.22,-14.07,3.67,14.5,19.22,26.36,66.74,96.62,132.31,143.05,135.6,180.0,10.23,2.52,1.05,1.36,0.67,0.3,30.37,-13.74,751.12,0.004873
Fangchenggang,107.5,22.5,2009,9,2009-09,2.402,6.845,12.294,14.831,20.759,0.001198,0.00269,0.00443,0.003918,0.002888,-49.33,-3.45,10.72,19.29,23.39,27.19,-14.96,3.07,14.47,18.69,25.32,116.14,107.36,99.56,87.4,67.3,27.5,3.02,4.89,3.85,3.53,2.59,1.36,29.56,-12.75,602.19,0.015124
Fangchenggang,107.5,22.5,2009,10,2009-10,1.95,6.875,10.363,12.912,16.665,0.000871,0.000414,0.003922,0.004876,0.003236,-51.15,-3.71,9.49,16.77,20.87,24.47,-17.45,3.13,11.9,16.54,21.79,271.48,297.62,296.13,103.4,76.41,53.97,5.8,4.38,0.59,3.71,3.7,1.9,26.03,-5.74,608.41,0.013319
Fangchenggang,107.5,22.5,2009,11,2009-11,1.018,3.981,6.968,7.908,10.238,0.001362,0.002663,0.000821,0.002135,0.002446,-52.44,-4.66,7.69,11.87,14.04,17.69,-24.9,-4.3,6.1,9.17,14.21,266.9,269.83,262.29,168.01,83.28,60.04,21.43,13.12,6.56,1.16,2.65,2.34,10.64,6.23,721.1,0.009427
Fangchenggang,107.5,22.5,2009,12,2009-12,0.686,2.917,7.672,8.473,9.82,0.001667,0.003584,0.003525,0.003067,0.002744,-53.6,-7.57,5.49,9.98,12.63,16.27,-29.19,-8.34,7.49,10.19,13.58,268.07,272.33,267.76,210.55,135.91,103.93,43.93,23.83,12.05,4.51,3.55,2.74,11.21,3.42,311.39,0.014587
Fangchenggang,107.5,22.5,2010,1,2010-01,0.987,3.512,8.068,9.264,10.558,0.002031,0.003873,0.004552,0.003656,0.002875,-53.15,-6.48,6.34,10.94,13.11,16.42,-25.25,-5.94,8.22,11.51,14.68,254.02,267.1,259.07,204.11,142.98,106.53,35.7,20.18,10.82,5.53,3.87,2.67,13.35,2.66,340.2,0.016987
Fangchenggang,107.5,22.5,2010,2,2010-02,0.552,2.947,7.582,9.567,11.585,0.001455,0.00504,0.006544,0.004692,0.003469,-53.3,-8.08,7.35,14.51,16.93,19.77,-31.49,-8.21,7.31,11.99,16.1,261.57,263.89,259.11,224.76,180.12,148.37,51.36,25.86,16.77,8.46,4.81,2.94,14.34,-1.15,899.44,0.021201
Fangchenggang,107.5,22.5,2010,3,2010-03,0.845,4.624,8.63,10.345,11.712,0.001849,0.006196,0.005656,0.004784,0.004043,-52.4,-7.04,8.5,15.29,18.12,21.79,-26.95,-2.3,9.2,13.16,16.26,260.68,264.14,259.96,219.06,171.89,148.28,42.85,21.46,13.14,6.43,4.54,3.39,20.72,-3.4,761.5,0.022529
Fangchenggang,107.5,22.5,2010,4,2010-04,1.182,6.484,11.154,13.404,15.764,0.001996,0.008251,0.007407,0.006451,0.005152,-51.58,-5.87,9.43,17.08,19.5,23.09,-23.23,2.32,13.0,17.12,20.91,267.4,266.05,259.24,208.93,154.79,129.3,34.16,16.56,12.48,6.51,4.72,3.2,28.84,-10.15,509.46,0.029257
Fangchenggang,107.5,22.5,2010,5,2010-05,2.752,7.662,13.141,16.716,21.675,0.0029,0.007228,0.009728,0.008662,0.007259,-49.51,-3.08,11.73,20.23,23.93,27.39,-13.3,4.66,15.49,20.57,26.03,290.76,264.11,255.09,212.68,176.16,151.64,15.46,10.33,9.25,7.26,5.08,3.28,31.72,-15.45,592.95,0.035776
Fangchenggang,107.5,22.5,2010,6,2010-06,3.916,8.456,13.289,16.616,22.671,0.002778,0.007606,0.008302,0.006711,0.005554,-48.89,-2.97,11.68,20.35,24.59,28.02,-8.9,6.06,15.66,20.47,26.76,331.37,259.06,250.39,217.51,184.2,155.14,6.09,6.96,8.82,6.13,3.96,2.4,33.36,-15.84,586.56,0.030951
Fangchenggang,107.5,22.5,2010,7,2010-07,3.027,8.22,13.032,16.586,22.929,0.001139,0.005072,0.009145,0.008709,0.007187,-48.65,-2.73,11.75,20.62,24.84,28.56,-12.13,5.65,15.36,20.44,26.95,72.6,178.6,211.48,195.85,172.07,155.19,13.48,3.69,6.05,6.88,5.15,3.07,32.61,-15.22,657.65,0.031252
Fangchenggang,107.5,22.5,2010,8,2010-08,3.143,8.327,13.058,15.939,21.836,0.001399,0.002891,0.004695,0.004241,0.002717,-49.38,-3.01,11.1,19.54,23.61,27.57,-11.66,5.84,15.39,19.82,26.15,70.11,108.02,137.74,148.92,135.47,123.3,9.7,4.36,3.41,3.53,2.61,1.22,32.68,-14.48,518.72,0.015943
Fangchenggang,107.5,22.5,2010,9,2010-09,2.681,7.757,12.351,15.076,21.264,0.000569,0.000778,0.002483,0.002492,0.001978,-50.45,-3.38,10.61,19.56,23.73,27.3,-13.62,4.83,14.54,18.94,25.72,62.36,83.66,222.12,190.23,158.66,135.44,5.97,2.08,0.98,1.97,1.62,0.91,31.7,-13.1,627.19,0.008301
Fangchenggang,107.5,22.5,2010,10,2010-10,2.584,6.722,9.574,11.517,15.171,0.000734,0.001309,0.005676,0.0069,0.005583,-51.08,-4.36,9.37,15.01,18.45,22.45,-14.07,2.82,10.73,14.79,20.3,284.35,277.64,59.81,69.35,55.12,32.9,8.03,2.78,1.91,5.81,5.88,3.61,23.55,-2.75,535.37,0.020201
Fangchenggang,107.5,22.5,2010,11,2010-11,0.732,4.359,6.387,8.001,10.226,0.001125,0.002123,0.001548,0.003261,0.003019,-52.48,-5.76,6.37,12.1,15.43,19.08,-28.5,-3.09,4.86,9.34,14.19,266.52,270.0,265.32,96.77,73.88,51.31,25.38,15.07,4.78,2.38,4.0,2.9,13.26,6.31,905.12,0.011076
Fangchenggang,107.5,22.5,2010,12,2010-12,1.232,4.534,7.139,7.77,9.272,0.002692,0.005142,0.001801,0.002122,0.00208,-52.72,-5.86,6.35,11.05,13.29,16.9,-22.77,-2.57,6.45,8.92,12.71,256.8,272.11,269.18,200.34,116.37,89.22,30.58,21.42,11.12,2.47,2.68,2.2,14.44,5.39,575.04,0.013837
Fangchenggang,107.5,22.5,2011,1,2011-01,0.688,3.253,5.827,5.244,5.647,0.001731,0.004526,0.001981,0.00236,0.002336,-52.65,-7.83,4.41,5.23,5.99,9.6,-29.16,-6.94,3.57,3.28,5.44,245.63,264.91,264.41,182.75,81.14,54.43,38.26,24.67,13.64,3.33,4.41,4.06,5.28,11.94,207.83,0.012934
Fangchenggang,107.5,22.5,2011,2,2011-02,0.506,2.918,7.986,9.097,10.294,0.001116,0.003932,0.005001,0.004089,0.003265,-51.95,-8.08,6.36,11.57,13.4,17.02,-32.39,-8.34,8.07,11.24,14.29,258.29,271.09,266.4,212.84,150.06,126.5,34.29,21.63,13.22,6.14,4.41,3.11,13.02,0.66,437.58,0.017404
Fangchenggang,107.5,22.5,2011,3,2011-03,1.453,4.721,7.403,8.167,9.313,0.002818,0.0049,0.002411,0.003094,0.002676,-52.35,-7.64,6.1,9.99,12.08,16.06,-20.89,-2.02,6.97,9.65,12.78,249.82,261.29,258.67,170.45,98.98,78.33,35.42,19.02,10.18,3.19,3.72,2.82,16.48,3.98,377.1,0.0159
Fangchenggang,107.5,22.5,2011,4,2011-04,1.563,5.623,10.387,12.093,13.839,0.00205,0.004401,0.004682,0.005473,0.0046,-52.69,-5.76,8.43,15.75,19.64,23.69,-20.04,0.35,11.94,15.54,18.85,260.67,270.22,267.98,192.81,154.94,147.53,28.07,12.86,7.67,4.42,4.44,3.26,25.37,-6.85,476.49,0.021204
Fangchenggang,107.5,22.5,2011,5,2011-05,2.695,6.34,11.084,13.507,17.601,0.002147,0.004207,0.004039,0.002557,0.001937,-50.51,-4.1,10.46,17.9,21.9,25.62,-13.56,2.0,12.91,17.24,22.66,289.57,256.98,253.21,219.44,161.47,129.74,13.44,7.81,6.51,3.57,1.86,1.08,26.45,-9.01,623.88,0.014887
Fangchenggang,107.5,22.5,2011,6,2011-06,3.627,9.485,14.179,17.065,22.992,0.000832,0.004412,0.007742,0.007354,0.005256,-49.09,-2.55,11.59,20.46,24.84,28.58,-9.87,7.71,16.65,20.89,26.99,46.94,211.92,229.71,203.79,185.02,168.94,5.02,2.25,4.56,5.35,4.23,2.24,35.78,-17.78,475.98,0.025597
Fangchenggang,107.5,22.5,2011,7,2011-07,2.816,7.908,12.775,16.109,22.728,0.000772,0.001925,0.004187,0.004054,0.003129,-48.76,-2.73,11.54,20.46,24.83,28.62,-13.02,5.1,15.06,19.98,26.8,77.79,130.02,203.45,196.63,188.62,180.0,10.26,2.69,2.39,3.21,2.47,1.35,31.81,-14.41,675.61,0.014068
Fangchenggang,107.5,22.5,2011,8,2011-08,3.064,7.432,12.5,15.409,21.414,0.000631,0.001347,0.00333,0.002944,0.00203,-49.51,-3.57,10.91,19.67,23.8,27.58,-11.98,4.23,14.72,19.29,25.83,76.5,159.41,165.34,161.01,153.71,139.8,5.48,2.02,1.78,2.61,1.87,0.93,31.28,-13.77,618.17,0.010282
Fangchenggang,107.5,22.5,2011,9,2011-09,2.85,8.108,12.379,14.596,19.625,0.001173,0.002942,0.005308,0.005107,0.003477,-49.93,-3.47,10.58,18.38,22.23,26.03,-12.87,5.46,14.58,18.44,24.41,71.14,92.98,104.82,97.38,71.3,40.57,6.84,4.04,3.56,4.2,3.43,1.74,31.31,-12.08,475.25,0.018007
Fangchenggang,107.5,22.5,2011,10,2011-10,2.601,6.853,10.255,12.439,15.656,0.00114,0.000804,0.003961,0.005317,0.004137,-51.79,-5.43,8.74,14.82,18.5,22.38,-13.99,3.09,11.75,15.97,20.8,262.32,240.45,181.0,86.37,67.41,39.83,11.76,4.3,1.15,3.79,4.19,2.59,26.35,-5.29,383.99,0.015359
Fangchenggang,107.5,22.5,2011,11,2011-11,0.893,4.062,8.299,10.043,12.926,0.000984,0.001416,0.002916,0.003873,0.002735,-52.03,-7.65,6.31,13.44,17.29,21.16,-26.35,-4.03,8.63,12.72,17.79,254.18,248.04,227.25,106.7,82.56,59.6,25.24,10.8,3.42,3.45,3.78,2.08,19.38,-1.44,601.54,0.011924
Fangchenggang,107.5,22.5,2011,12,2011-12,0.747,3.767,5.485,5.181,6.33,0.001349,0.003552,0.001293,0.002588,0.00258,-51.9,-4.76,5.41,8.0,9.41,12.64,-28.28,-5.03,2.72,3.11,7.08,256.97,266.02,259.78,107.89,64.48,43.28,27.19,17.71,9.25,2.31,4.9,4.0,5.04,13.26,660.34,0.011362
Fangchenggang,107.5,22.5,2012,1,2012-01,1.065,3.482,7.234,7.902,8.67,0.00272,0.005735,0.003857,0.002815,0.002774,-52.35,-6.47,5.56,8.88,10.01,13.4,-24.4,-6.06,6.64,9.17,11.71,249.76,260.6,259.26,210.83,118.18,82.31,34.08,25.05,16.15,5.23,3.49,3.14,10.38,6.6,279.82,0.017903
Fangchenggang,107.5,22.5,2012,2,2012-02,0.469,3.097,7.668,8.982,10.153,0.001142,0.005066,0.005772,0.004023,0.003251,-52.74,-6.79,7.19,11.66,12.75,16.18,-33.18,-7.58,7.48,11.06,14.08,250.65,265.94,260.67,208.13,143.7,112.07,32.9,23.87,16.04,7.38,4.39,3.14,11.16,2.62,522.5,0.019254
Fangchenggang,107.5,22.5,2012,3,2012-03,0.726,5.012,8.962,11.153,12.784,0.001453,0.006756,0.005806,0.005627,0.004306,-52.22,-6.78,7.66,14.75,17.0,20.54,-28.59,-1.22,9.75,14.3,17.62,249.36,261.56,253.75,201.03,150.59,129.47,30.44,19.63,13.22,6.35,4.95,3.3,22.41,-3.43,624.69,0.023949
Fangchenggang,107.5,22.5,2012,4,2012-04,1.202,5.837,10.868,14.107,17.105,0.002059,0.006935,0.007494,0.005746,0.004094,-52.91,-6.23,9.53,18.85,22.35,25.67,-23.04,0.86,12.61,17.91,22.2,259.79,261.82,259.62,223.56,184.88,158.24,31.99,16.8,11.65,6.76,3.99,2.35,29.02,-11.54,779.66,0.026328
Fangchenggang,107.5,22.5,2012,5,2012-05,3.133,8.508,13.025,16.176,21.369,0.001647,0.004728,0.00644,0.005398,0.003929,-50.08,-3.61,11.01,19.8,23.94,27.56,-11.7,6.15,15.35,20.05,25.8,289.89,236.71,230.58,190.34,157.35,135.22,3.12,5.16,5.45,4.85,3.27,1.8,33.9,-15.26,556.08,0.022142
Fangchenggang,107.5,22.5,2012,6,2012-06,4.504,9.818,14.331,17.108,23.27,0.001447,0.004248,0.004274,0.003523,0.002539,-48.77,-2.51,11.78,20.37,24.51,28.55,-7.1,8.21,16.82,20.93,27.19,31.86,283.77,267.84,237.99,218.97,217.41,6.93,3.15,4.24,2.92,2.02,1.07,36.13,-18.03,444.19,0.016031
Fangchenggang,107.5,22.5,2012,7,2012-07,3.277,8.623,13.495,16.784,22.607,0.000827,0.003866,0.007279,0.007018,0.005532,-48.82,-2.9,11.6,20.09,24.32,28.21,-11.14,6.34,15.89,20.63,26.72,65.01,164.05,202.89,191.12,178.88,164.28,13.16,2.48,4.4,5.29,4.1,2.4,33.62,-16.02,524.6,0.024522
Fangchenggang,107.5,22.5,2012,8,2012-08,2.978,7.895,12.858,15.745,22.123,0.000916,0.001771,0.002093,0.000463,0.000976,-48.86,-2.96,11.25,20.37,24.4,28.08,-12.33,5.08,15.15,19.62,26.36,73.15,76.98,62.97,79.53,33.69,310.31,9.49,3.02,2.2,1.6,0.29,0.43,32.31,-14.76,652.01,0.006221
Fangchenggang,107.5,22.5,2012,9,2012-09,3.028,7.761,11.363,13.745,18.939,0.000153,0.000443,0.002566,0.00375,0.003101,-50.86,-3.72,10.14,17.64,21.53,25.33,-12.12,4.84,13.28,17.51,23.84,40.01,248.63,208.86,101.46,76.38,46.26,8.04,0.49,0.56,2.21,2.68,1.61,29.34,-9.07,544.6,0.010011
Fangchenggang,107.5,22.5,2012,10,2012-10,1.699,6.531,10.467,13.392,17.062,0.000722,0.00122,0.003329,0.00424,0.003072,-51.41,-4.38,9.14,16.09,20.21,24.36,-19.07,2.42,12.05,17.1,22.16,260.35,259.07,249.88,133.83,111.94,99.78,6.15,4.17,1.83,3.12,3.1,1.77,25.8,-6.0,504.7,0.012583
Fangchenggang,107.5,22.5,2012,11,2012-11,1.631,5.913,10.131,12.026,14.662,0.00283,0.006782,0.00543,0.004137,0.003226,-52.65,-6.37,8.2,14.68,17.29,20.95,-19.55,1.04,11.57,15.45,19.76,267.74,264.6,261.0,214.14,147.35,112.05,31.39,17.02,11.25,5.26,3.37,2.16,25.46,-5.79,389.13,0.022405
Fangchenggang,107.5,22.5,2012,12,2012-12,0.753,3.689,7.913,9.015,10.761,0.001782,0.005193,0.003445,0.002792,0.002787,-52.92,-6.22,6.05,10.64,12.62,16.29,-28.2,-5.3,7.94,11.11,14.97,263.93,269.63,263.26,212.28,120.03,82.76,37.36,23.21,13.81,4.27,3.04,2.54,13.45,3.57,337.91,0.016001
Fangchenggang,107.5,22.5,2013,1,2013-01,0.532,3.051,7.1,7.632,8.647,0.001384,0.004116,0.003315,0.002413,0.002231,-52.64,-6.25,5.3,8.56,10.32,14.0,-31.87,-7.77,6.37,8.66,11.67,253.75,265.28,265.53,209.87,125.95,89.55,38.41,25.52,13.23,4.58,3.1,2.53,8.12,7.43,273.38,0.013459
Fangchenggang,107.5,22.5,2013,2,2013-02,1.118,3.564,9.088,10.827,12.102,0.001993,0.004669,0.006876,0.006058,0.004677,-52.5,-6.27,8.91,13.64,15.81,19.45,-23.86,-5.75,9.96,13.85,16.77,246.6,257.51,257.87,212.9,165.0,144.88,28.85,17.48,12.85,7.42,5.49,3.79,15.2,-2.16,460.14,0.024273
Fangchenggang,107.5,22.5,2013,3,2013-03,0.662,4.689,9.795,11.685,13.806,0.001259,0.005702,0.005536,0.004838,0.004052,-51.15,-8.28,7.17,15.96,18.79,22.19,-29.57,-2.12,11.06,15.01,18.82,259.64,265.23,261.71,212.77,156.02,134.3,42.49,18.65,11.92,5.54,4.06,2.88,26.02,-8.13,611.94,0.021387
Fangchenggang,107.5,22.5,2013,4,2013-04,1.258,6.287,10.645,12.813,15.599,0.002147,0.007379,0.006166,0.004969,0.004151,-51.51,-6.25,9.5,16.64,19.43,23.16,-22.53,1.89,12.3,16.42,20.74,259.01,265.82,263.67,213.8,158.56,130.65,33.77,16.73,11.51,5.68,3.8,2.61,27.58,-8.84,541.99,0.024812
Fangchenggang,107.5,22.5,2013,5,2013-05,2.983,7.45,12.087,15.308,21.118,0.002961,0.006598,0.007666,0.006521,0.005144,-49.79,-4.37,10.59,19.36,23.23,26.74,-12.31,4.26,14.21,19.18,25.6,274.09,255.66,254.51,222.85,187.7,159.67,10.81,9.73,8.69,6.22,4.18,2.39,31.62,-13.23,643.14,0.028891
Fangchenggang,107.5,22.5,2013,6,2013-06,3.499,8.127,12.958,16.309,22.129,0.000549,0.002367,0.004851,0.005057,0.004027,-48.88,-2.94,11.73,19.8,24.16,27.92,-10.32,5.49,15.27,20.18,26.37,64.93,188.6,225.28,203.77,181.51,163.39,5.99,1.54,2.86,3.67,3.04,1.78,31.77,-14.42,565.92,0.016851
Fangchenggang,107.5,22.5,2013,7,2013-07,3.507,8.341,13.082,16.501,22.324,0.001304,0.00452,0.008521,0.00827,0.00653,-48.97,-3.19,11.11,19.56,23.86,27.85,-10.29,5.86,15.42,20.36,26.51,72.39,152.38,195.95,185.3,169.33,155.49,13.16,3.65,5.31,6.39,4.91,2.87,32.92,-14.74,517.72,0.029144
Fangchenggang,107.5,22.5,2013,8,2013-08,3.554,8.297,13.127,15.603,22.286,0.001041,0.001619,0.001928,0.001241,0.000621,-49.22,-3.43,11.28,20.17,24.31,28.03,-10.12,5.79,15.47,19.48,26.48,77.54,116.92,138.81,154.5,179.27,203.75,5.84,2.87,1.91,1.44,0.78,0.27,33.58,-15.71,587.48,0.006449
Fangchenggang,107.5,22.5,2013,9,2013-09,2.903,7.637,12.037,14.548,19.955,0.000864,0.002498,0.004704,0.004863,0.004228,-50.21,-3.88,10.19,18.33,22.31,26.18,-12.64,4.61,14.15,18.39,24.68,50.76,99.27,98.79,80.54,56.07,21.75,3.38,2.92,3.21,3.83,3.28,2.08,30.78,-11.59,522.12,0.017157
Fangchenggang,107.5,22.5,2013,10,2013-10,2.252,6.489,8.582,10.688,14.179,0.001167,0.000294,0.003894,0.005058,0.004139,-51.68,-5.15,8.05,14.94,18.96,22.67,-15.74,2.33,9.12,13.66,19.23,269.94,268.08,328.82,71.12,55.18,29.97,9.47,5.08,0.44,4.45,4.64,2.86,23.48,-1.06,727.93,0.014552
Fangchenggang,107.5,22.5,2013,11,2013-11,1.136,5.379,8.712,9.563,11.874,0.001519,0.002945,0.00264,0.003959,0.003301,-52.25,-5.86,6.75,12.63,15.85,19.52,-23.68,-0.26,9.34,11.99,16.48,262.88,271.18,260.78,118.55,78.63,52.75,24.54,13.11,5.37,2.97,4.06,2.73,20.82,0.13,411.4,0.014363
Fangchenggang,107.5,22.5,2013,12,2013-12,1.079,2.438,4.773,4.85,6.268,0.002629,0.002445,0.00131,0.002293,0.002297,-51.99,-6.74,5.07,6.36,8.84,12.48,-24.26,-10.62,0.79,2.19,6.94,257.2,267.1,276.01,66.1,57.51,40.83,37.92,23.89,9.83,2.69,4.64,3.59,-1.8,14.46,696.34,0.010973
Fangchenggang,107.5,22.5,2014,1,2014-01,0.487,1.627,5.782,6.463,7.659,0.001094,0.001752,0.001542,0.001827,0.001541,-52.64,-7.36,6.05,8.56,11.63,15.42,-32.79,-15.59,3.46,6.25,9.86,253.68,275.1,276.58,199.89,135.29,114.88,33.42,22.04,10.56,2.62,2.77,1.97,-2.27,9.44,638.01,0.007756
Fangchenggang,107.5,22.5,2014,2,2014-02,0.525,3.211,7.641,8.825,9.831,0.001408,0.005175,0.005138,0.004071,0.003284,-52.34,-5.68,5.63,10.79,12.51,15.83,-32.01,-7.11,7.43,10.79,13.59,267.02,272.83,265.25,212.36,150.32,124.81,33.27,26.3,15.8,6.59,4.52,3.28,11.16,4.62,420.05,0.019076
Fangchenggang,107.5,22.5,2014,3,2014-03,0.71,4.873,10.132,11.707,13.192,0.001608,0.007436,0.007391,0.005417,0.004213,-51.99,-8.59,7.59,14.95,16.88,20.3,-28.83,-1.6,11.57,15.04,18.11,259.9,267.57,261.74,214.58,155.52,126.43,39.99,22.21,14.97,7.15,4.54,3.13,25.92,-8.28,422.72,0.026066
Fangchenggang,107.5,22.5,2014,4,2014-04,1.349,6.445,11.884,14.961,18.026,0.001666,0.006797,0.008148,0.008153,0.00642,-51.71,-5.96,9.67,17.22,20.23,24.09,-21.74,2.23,13.96,18.83,23.05,257.83,262.12,261.94,201.64,161.23,142.21,26.28,12.11,10.34,6.72,5.34,3.49,29.7,-12.18,407.46,0.031185
Fangchenggang,107.5,22.5,2014,5,2014-05,2.529,7.87,12.729,16.014,21.593,0.002348,0.007606,0.009566,0.007925,0.005802,-50.48,-4.06,10.99,19.93,23.79,27.19,-14.33,5.04,15.0,19.89,25.97,280.84,260.45,250.07,219.22,189.25,158.4,10.63,9.11,9.48,7.37,4.85,2.64,33.04,-15.09,616.16,0.033248
Fangchenggang,107.5,22.5,2014,6,2014-06,4.029,9.82,14.472,17.574,23.632,0.000894,0.003703,0.005044,0.004591,0.003314,-48.07,-2.17,12.37,20.85,24.99,28.85,-8.53,8.21,16.97,21.36,27.44,50.13,211.28,240.87,210.99,190.34,165.26,4.27,2.18,3.7,3.42,2.56,1.38,35.83,-18.54,485.38,0.017546
Fangchenggang,107.5,22.5,2014,7,2014-07,3.47,8.701,13.903,16.761,23.18,0.001236,0.003659,0.006121,0.005787,0.004421,-48.65,-2.79,11.78,20.57,24.77,28.7,-10.42,6.47,16.35,20.61,27.13,57.66,154.02,172.62,176.68,172.88,159.34,6.0,3.49,4.12,4.32,3.39,1.87,34.4,-17.43,527.53,0.021224
Fangchenggang,107.5,22.5,2014,8,2014-08,3.58,8.939,13.719,16.23,22.352,0.0007,0.002617,0.004685,0.004555,0.003265,-49.33,-2.96,11.42,19.93,23.98,27.85,-10.03,6.85,16.15,20.1,26.53,68.71,134.79,202.1,197.73,190.04,172.38,12.12,1.92,2.87,3.35,2.75,1.43,34.47,-16.49,473.03,0.015822
Fangchenggang,107.5,22.5,2014,9,2014-09,2.536,7.6266,12.0003,14.7391,20.7862,0.000659,0.001108,0.002916,0.002722,0.00189,-50.34,-3.35,10.94,19.19,23.51,27.21,-14.3,4.59,14.11,18.59,25.35,87.56,133.76,160.91,154.43,132.36,114.99,6.87,2.55,1.43,2.38,1.81,0.89,30.3,-11.82,635.42,0.009294
Fangchenggang,107.5,22.5,2014,10,2014-10,1.6062,5.4226,9.7969,12.5764,17.1493,0.000651,0.000257,0.002635,0.003664,0.002613,-51.63,-5.03,9.18,15.97,20.39,24.31,-19.73,-0.15,11.07,16.14,22.25,256.64,255.82,298.25,114.91,97.79,77.51,10.01,3.97,0.47,2.64,2.86,1.49,22.75,-4.89,613.05,0.009819
Fangchenggang,107.5,22.5,2014,11,2014-11,0.9313,5.5107,9.6411,11.2928,13.9761,0.001578,0.004949,0.00354,0.00365,0.00309,-52.48,-5.0,6.67,13.18,16.51,20.32,-25.89,0.07,10.83,14.49,19.01,273.43,267.74,255.68,193.11,121.99,86.58,25.52,16.61,8.81,3.6,3.17,2.17,22.41,-1.78,292.98,0.016807
Fangchenggang,107.5,22.5,2014,12,2014-12,0.6744,3.3943,5.9507,6.0151,7.3282,0.001411,0.003645,0.000885,0.002672,0.002819,-52.62,-5.08,6.36,8.32,9.68,13.14,-29.38,-6.39,3.86,5.22,9.22,260.52,271.61,266.58,126.05,68.15,43.8,31.4,20.52,10.53,1.46,4.36,3.77,4.51,11.54,557.3,0.011432
Fangchenggang,107.5,22.5,2015,1,2015-01,0.9801,2.613,6.263,7.3111,8.4651,0.002054,0.002699,0.001482,0.002422,0.002045,-52.88,-8.0,6.4,8.66,11.59,15.19,-25.32,-9.74,4.58,8.03,11.35,247.61,263.76,266.79,182.63,119.57,101.42,36.47,20.55,10.13,2.32,3.25,2.37,5.09,7.57,509.62,0.010702
Fangchenggang,107.5,22.5,2015,2,2015-02,0.6089,3.0007,7.8381,9.4942,11.7021,0.001494,0.004036,0.005115,0.004431,0.003757,-53.25,-9.36,4.29,11.55,14.27,17.72,-30.46,-7.98,7.8,11.88,16.25,256.07,265.12,266.11,214.67,159.54,131.72,47.02,24.06,13.19,6.4,4.58,3.15,16.45,-0.26,469.22,0.018832
Fangchenggang,107.5,22.5,2015,3,2015-03,0.8265,4.6188,10.451,12.6902,14.7956,0.001454,0.006074,0.008346,0.00716,0.005628,-53.8,-6.6,8.56,15.75,18.29,21.94,-27.19,-2.32,12.03,16.28,19.9,256.08,263.48,261.94,210.61,164.17,137.65,31.92,17.25,12.9,7.83,5.53,3.73,23.49,-7.84,464.72,0.028661
Fangchenggang,107.5,22.5,2015,4,2015-04,1.6225,5.3604,9.6395,11.4688,14.1334,0.002468,0.005518,0.004854,0.003598,0.003013,-52.27,-6.45,8.58,17.12,20.41,24.1,-19.61,-0.3,10.83,14.73,19.18,273.01,263.96,263.2,219.93,170.95,146.76,30.38,14.92,10.1,4.94,3.08,2.09,25.52,-7.04,787.35,0.019452
Fangchenggang,107.5,22.5,2015,5,2015-05,2.6038,7.9047,13.4463,16.6595,22.5707,0.00276,0.008263,0.010636,0.008,0.005427,-50.17,-3.27,11.44,20.85,24.7,27.97,-13.98,5.1,15.84,20.51,26.69,268.69,260.57,254.33,224.28,196.78,163.53,10.35,10.4,10.25,7.76,4.71,2.36,33.62,-17.04,626.61,0.035087
Fangchenggang,107.5,22.5,2015,6,2015-06,3.4586,8.8894,13.7314,17.185,23.4805,0.001388,0.006964,0.010992,0.010212,0.007722,-48.65,-2.53,12.13,21.13,25.32,28.87,-10.47,6.77,16.16,21.0,27.34,75.02,218.77,237.74,214.27,192.0,173.07,7.8,3.93,7.68,7.85,5.83,3.23,34.46,-17.31,621.22,0.037278
Fangchenggang,107.5,22.5,2015,7,2015-07,3.857,8.9835,13.6638,16.4937,22.0116,0.000433,0.001616,0.002347,0.002904,0.001826,-48.34,-2.48,11.23,19.85,23.93,27.81,-9.09,6.93,16.08,20.36,26.28,27.72,272.43,288.24,270.19,248.23,251.21,4.08,1.1,1.76,1.68,1.73,0.81,34.12,-15.8,471.36,0.009127
Fangchenggang,107.5,22.5,2015,8,2015-08,3.7015,8.1064,12.9373,16.0089,21.9318,0.000477,0.001919,0.003017,0.002076,0.001057,-49.47,-3.28,11.15,20.18,24.49,28.0,-9.61,5.46,15.25,19.89,26.22,37.75,235.98,232.03,196.95,182.84,166.98,7.67,1.26,2.32,2.29,1.27,0.47,33.02,-15.09,616.69,0.008546
Fangchenggang,107.5,22.5,2015,9,2015-09,2.9162,8.8881,13.6446,16.1873,21.4965,0.000458,0.002054,0.003958,0.003794,0.002565,-50.04,-3.1,11.08,19.21,23.26,27.12,-12.59,6.77,16.06,20.06,25.89,59.22,148.3,208.87,173.9,144.34,117.44,7.25,1.54,2.27,2.84,2.3,1.17,34.07,-15.71,393.27,0.012828
Fangchenggang,107.5,22.5,2015,10,2015-10,2.226,6.7958,10.2691,12.5794,16.811,0.001007,0.00104,0.002465,0.003312,0.002849,-50.65,-4.55,8.98,16.28,20.27,24.1,-15.88,2.97,11.77,16.14,21.93,246.32,265.68,268.61,91.18,71.46,38.76,10.63,4.43,1.5,2.35,2.58,1.66,26.58,-5.86,563.65,0.010671
Fangchenggang,107.5,22.5,2015,11,2015-11,1.3809,5.8928,10.3211,12.4812,15.9727,0.001815,0.005018,0.005372,0.00521,0.00403,-52.43,-5.78,8.15,14.87,18.31,22.05,-21.47,0.99,11.84,16.02,21.12,277.52,259.6,248.69,188.52,139.33,109.7,25.4,12.89,8.35,5.1,4.09,2.47,25.35,-5.86,378.89,0.021444
Fangchenggang,107.5,22.5,2015,12,2015-12,0.9949,4.6527,7.5044,8.3673,9.7331,0.002319,0.006099,0.002009,0.002309,0.002983,-52.74,-6.88,5.5,9.73,11.52,14.97,-25.16,-2.22,7.17,10.01,13.44,260.02,260.77,256.1,217.65,81.0,51.45,39.36,22.86,12.86,2.63,2.71,3.01,16.07,4.74,320.43,0.01572
Fangchenggang,107.5,22.5,2016,1,2016-01,0.9411,3.9284,7.4581,8.5571,10.0331,0.002647,0.00627,0.003567,0.002208,0.002659,-51.91,-9.19,3.93,9.5,11.28,14.63,-25.77,-4.47,7.08,10.34,13.9,261.22,256.4,252.38,219.33,115.5,72.35,51.86,27.59,15.65,4.69,2.53,2.6,17.37,2.77,302.62,0.017352
Fangchenggang,107.5,22.5,2016,2,2016-02,0.7369,3.2535,5.1534,5.6125,6.791,0.001991,0.004177,0.000634,0.001232,0.001545,-52.55,-5.27,4.43,8.46,10.45,14.0,-28.43,-6.94,1.85,4.24,8.1,266.66,273.06,272.7,240.03,64.69,50.0,40.6,26.5,12.59,1.21,2.15,2.23,4.22,13.1,827.07,0.009579
Fangchenggang,107.5,22.5,2016,3,2016-03,0.8263,5.1015,9.2057,10.8452,11.8615,0.002024,0.007457,0.0053,0.003948,0.003564,-52.15,-7.76,6.93,13.97,16.25,19.35,-27.19,-0.98,10.15,13.88,16.46,268.33,270.69,268.33,224.72,152.28,120.05,49.68,24.02,14.34,5.65,3.57,2.95,23.97,-4.25,477.53,0.022294
Fangchenggang,107.5,22.5,2016,4,2016-04,1.2834,6.884,11.4466,14.3623,16.9675,0.002238,0.01035,0.00917,0.00696,0.00517,-51.79,-6.36,10.12,19.61,22.25,25.18,-22.3,3.15,13.39,18.19,22.08,262.56,266.6,261.5,226.39,182.16,147.89,31.64,17.1,14.74,7.86,4.75,2.99,32.39,-13.86,777.89,0.033888
Fangchenggang,107.5,22.5,2016,5,2016-05,2.8213,7.7916,12.2271,15.4087,20.3073,0.00312,0.007201,0.007674,0.006647,0.005052,-49.61,-3.59,11.36,19.55,23.13,26.48,-13.0,4.89,14.39,19.29,24.97,278.14,259.12,256.19,217.72,179.01,154.61,18.7,10.85,9.06,6.16,4.23,2.44,31.06,-12.98,644.56,0.029694
Fangchenggang,107.5,22.5,2016,6,2016-06,3.21,8.29,13.1839,16.3748,23.1487,0.001524,0.005552,0.008152,0.007705,0.006367,-48.96,-2.89,11.91,20.84,24.92,28.69,-11.4,5.78,15.54,20.24,27.1,56.14,223.63,233.15,214.42,190.46,168.51,5.0,4.66,6.57,6.06,4.61,2.7,33.14,-15.99,663.14,0.0293
Fangchenggang,107.5,22.5,2016,7,2016-07,3.0354,8.0345,13.1939,16.6047,23.2721,0.001021,0.004159,0.008357,0.008614,0.007308,-49.03,-3.18,11.99,21.06,25.08,28.84,-12.09,5.33,15.55,20.46,27.19,64.16,168.17,210.03,202.56,188.58,173.1,7.84,3.3,5.08,6.21,5.09,3.08,33.13,-16.52,688.98,0.02946
Fangchenggang,107.5,22.5,2016,8,2016-08,3.6431,9.3061,13.9764,16.6395,22.6035,0.001607,0.002077,0.001469,0.000805,0.001633,-48.08,-2.31,11.92,20.65,24.86,28.48,-9.81,7.43,16.43,20.49,26.71,77.23,84.73,61.62,51.83,306.29,286.12,8.24,4.33,2.19,1.03,0.47,0.71,34.91,-17.22,527.53,0.007591
Fangchenggang,107.5,22.5,2016,9,2016-09,2.8861,8.61,12.3313,14.9963,20.1262,0.000286,0.001587,0.003636,0.003866,0.003177,-49.68,-2.7,10.74,18.77,23.09,26.82,-12.72,6.32,14.52,18.86,24.82,49.25,58.26,10.84,53.33,40.12,11.11,2.98,0.97,1.81,2.89,2.53,1.55,31.56,-11.57,531.18,0.012552
Fangchenggang,107.5,22.5,2016,10,2016-10,2.1755,6.9349,11.775,14.2347,18.2569,0.000514,0.000857,0.004379,0.005006,0.003436,-50.2,-3.72,10.09,17.29,21.2,25.13,-16.15,3.25,13.82,18.05,23.25,223.67,187.86,119.36,93.4,70.9,44.22,2.89,2.32,1.21,3.65,3.45,1.85,27.99,-9.74,433.27,0.014192
Fangchenggang,107.5,22.5,2016,11,2016-11,1.3794,5.5555,9.1762,10.978,13.6084,0.001517,0.004304,0.003012,0.003399,0.003086,-51.72,-5.26,8.96,13.83,16.14,19.79,-21.48,0.18,10.1,14.06,18.59,262.53,254.19,238.99,173.86,107.54,72.4,21.99,10.79,7.6,3.22,3.04,2.22,20.41,-1.54,465.71,0.015317
Fangchenggang,107.5,22.5,2016,12,2016-12,0.5304,4.0813,6.9389,7.6618,9.4069,0.000802,0.003596,0.001617,0.002541,0.002308,-51.68,-5.7,5.96,11.42,13.92,17.31,-31.9,-3.97,6.04,8.71,12.93,256.02,263.67,253.44,165.83,97.57,65.76,31.53,14.83,8.64,2.29,3.25,2.41,13.23,5.68,672.02,0.010865
Fangchenggang,107.5,22.5,2017,1,2017-01,1.2034,3.9871,8.2085,9.0545,10.3256,0.002192,0.004298,0.003587,0.003687,0.002942,-52.64,-6.89,7.41,11.18,13.88,17.42,-23.03,-4.28,8.47,11.17,14.34,243.88,257.46,251.74,179.39,119.49,90.76,33.05,17.86,10.57,4.29,3.99,2.79,14.85,1.69,338.36,0.016707
Fangchenggang,107.5,22.5,2017,2,2017-02,0.4525,2.9859,7.1821,8.2036,9.4172,0.000992,0.00357,0.0029,0.003227,0.002842,-51.41,-8.46,5.79,9.93,12.77,16.79,-33.54,-8.04,6.54,9.71,12.94,249.12,271.85,266.52,191.59,127.68,104.93,38.91,21.5,11.73,3.96,3.86,2.96,11.1,3.74,424.06,0.013531
Fangchenggang,107.5,22.5,2017,3,2017-03,0.98,5.066,9.9641,11.7249,13.6944,0.002097,0.007027,0.006567,0.005604,0.004487,-52.23,-7.78,7.14,14.31,16.84,20.49,-25.32,-1.07,11.32,15.07,18.69,253.29,264.04,259.15,205.61,151.17,122.85,38.43,20.99,13.6,6.46,4.69,3.21,25.19,-6.44,373.29,0.025782
Fangchenggang,107.5,22.5,2017,4,2017-04,1.7185,6.017,10.5438,12.4305,14.6554,0.00281,0.007107,0.006036,0.004402,0.003544,-51.54,-5.47,9.01,16.52,20.0,23.98,-18.94,1.28,12.16,15.96,19.75,265.92,259.81,260.38,224.75,176.4,150.71,27.19,16.03,11.58,5.61,3.47,2.37,26.41,-7.69,544.42,0.023898
Fangchenggang,107.5,22.5,2017,5,2017-05,2.447,7.2331,11.6747,14.1081,18.6385,0.002242,0.004313,0.003589,0.003302,0.002296,-50.02,-3.76,10.25,18.2,22.18,25.96,-14.73,3.84,13.69,17.91,23.58,276.48,264.03,262.71,207.84,158.44,125.93,17.14,8.99,5.85,3.02,2.3,1.21,29.25,-10.43,563.75,0.015743
Fangchenggang,107.5,22.5,2017,6,2017-06,4.2939,8.8624,14.0282,17.4471,23.4077,0.002531,0.006678,0.009368,0.009048,0.006686,-48.8,-2.85,12.15,20.95,25.02,28.82,-7.72,6.73,16.49,21.24,27.29,21.56,237.63,239.0,214.84,191.85,170.46,2.5,5.78,7.39,6.55,5.09,2.8,34.88,-18.2,558.27,0.034312
Fangchenggang,107.5,22.5,2017,7,2017-07,4.1136,8.9785,13.8443,16.8051,22.8257,0.001411,0.003255,0.00557,0.005231,0.003744,-49.49,-2.97,11.42,20.15,24.34,28.23,-8.27,6.92,16.29,20.65,26.87,45.7,129.23,147.94,159.22,152.26,141.49,6.37,3.36,3.56,3.95,3.05,1.61,34.9,-17.04,483.01,0.019211
Fangchenggang,107.5,22.5,2017,8,2017-08,3.7387,8.9915,13.7247,16.5902,22.7321,0.001039,0.003743,0.006971,0.006936,0.005499,-48.49,-3.06,11.83,20.56,24.53,28.24,-9.48,6.94,16.15,20.45,26.81,63.98,152.66,205.93,206.12,191.82,173.01,8.77,2.73,4.08,4.98,4.1,2.37,34.88,-17.24,551.52,0.024189
Fangchenggang,107.5,22.5,2017,9,2017-09,2.9782,8.6088,13.8888,16.1721,22.3233,0.00092,0.002021,0.004201,0.004315,0.003239,-49.68,-3.03,11.67,20.29,24.36,27.98,-12.33,6.31,16.33,20.04,26.51,82.06,127.41,181.72,162.78,146.59,131.44,9.04,3.03,2.3,2.97,2.62,1.42,34.29,-17.35,494.56,0.014696
Fangchenggang,107.5,22.5,2017,10,2017-10,2.2158,7.1181,10.476,12.7842,16.7134,0.000667,0.001945,0.005141,0.006114,0.004671,-50.51,-3.45,9.66,15.69,19.45,23.37,-15.93,3.62,12.07,16.39,21.84,168.63,137.09,126.24,85.04,63.46,36.36,2.96,2.95,2.68,4.81,4.69,2.74,25.16,-4.69,452.78,0.018539
Fangchenggang,107.5,22.5,2017,11,2017-11,1.968,6.5932,9.2683,10.2997,12.7185,0.002485,0.004112,0.001599,0.003497,0.003409,-51.9,-5.75,8.28,13.46,15.94,19.36,-17.34,2.55,10.25,13.1,17.54,251.87,250.43,250.12,127.76,71.0,39.92,22.12,12.38,6.12,1.69,3.33,2.63,23.72,-1.9,401.01,0.015102
Fangchenggang,107.5,22.5,2017,12,2017-12,0.8054,3.7755,6.5694,6.7481,8.0348,0.001278,0.003547,0.0009,0.002791,0.002866,-52.33,-3.71,6.72,8.73,10.95,14.56,-27.47,-5.0,5.26,6.87,10.57,264.28,278.67,270.46,128.56,71.03,46.01,24.92,15.56,9.21,1.34,4.06,3.5,6.0,11.06,434.08,0.011383
Fangchenggang,107.5,22.5,2018,1,2018-01,1.0056,4.2319,7.6668,8.5646,9.8533,0.002325,0.006219,0.003836,0.003282,0.002679,-52.53,-4.14,5.85,9.6,11.9,15.4,-25.04,-3.49,7.48,10.35,13.63,255.84,262.58,255.78,199.57,131.02,98.82,29.69,22.68,14.41,4.91,3.76,2.67,11.89,7.22,265.09,0.018341
Fangchenggang,107.5,22.5,2018,2,2018-02,0.5838,3.0346,6.9887,7.9324,8.9353,0.001416,0.004524,0.002911,0.002458,0.002077,-53.74,-6.91,5.9,9.55,11.67,15.35,-30.9,-7.84,6.15,9.22,12.16,256.89,268.84,270.56,214.41,135.39,108.31,42.57,23.79,14.62,4.08,3.04,2.28,8.87,6.11,425.21,0.013386
Fangchenggang,107.5,22.5,2018,3,2018-03,1.0292,4.474,8.1087,10.5512,12.796,0.001934,0.00452,0.00467,0.004998,0.00403,-51.6,-9.39,6.27,13.93,17.05,20.87,-24.78,-2.74,8.29,13.46,17.63,263.18,268.85,262.01,200.13,162.17,146.68,41.45,18.43,9.91,5.65,4.65,3.09,22.6,-3.19,705.07,0.020152
Fangchenggang,107.5,22.5,2018,4,2018-04,1.8771,6.2527,10.4185,12.3148,14.6037,0.0027,0.005485,0.005757,0.005357,0.004369,-51.73,-6.4,8.67,15.9,19.28,23.3,-17.9,1.81,11.98,15.81,19.7,268.07,262.1,260.42,208.59,167.75,152.15,28.8,14.11,8.6,5.42,4.27,2.93,27.43,-7.72,489.6,0.02367
Fangchenggang,107.5,22.5,2018,5,2018-05,2.8021,7.314,12.3545,15.4717,21.7277,0.002349,0.006942,0.010072,0.009735,0.008292,-51.24,-4.4,10.59,19.89,24.0,27.43,-13.08,4.0,14.55,19.35,26.07,272.28,233.44,239.56,215.27,189.62,171.85,6.5,8.22,9.31,7.99,6.17,3.74,32.25,-14.45,667.47,0.03739
Fangchenggang,107.5,22.5,2018,6,2018-06,4.4012,9.6235,13.7893,16.9019,22.5401,0.001515,0.004651,0.005294,0.004649,0.003578,-48.96,-2.51,11.47,20.05,24.29,28.18,-7.4,7.92,16.22,20.74,26.67,51.17,264.35,256.86,226.06,196.09,180.77,6.2,3.38,4.74,3.76,2.7,1.56,35.23,-16.33,477.71,0.019687
Fangchenggang,107.5,22.5,2018,7,2018-07,3.6287,9.4822,14.5078,17.7641,22.7733,0.001844,0.003609,0.006036,0.005637,0.00352,-48.74,-2.22,11.78,20.06,24.32,28.3,-9.86,7.7,17.01,21.53,26.84,66.42,107.4,128.16,150.42,151.84,140.48,9.82,4.98,3.73,4.08,3.11,1.52,35.21,-17.88,382.14,0.020646
Fangchenggang,107.5,22.5,2018,8,2018-08,4.1733,9.3705,14.1181,16.6616,22.6346,0.001105,0.00297,0.002292,0.000678,0.001261,-48.81,-2.73,11.57,20.57,24.71,28.19,-8.08,7.53,16.59,20.51,26.74,62.27,58.77,59.0,59.6,338.31,283.4,5.53,2.6,3.11,1.59,0.4,0.55,35.85,-17.93,498.55,0.008307
Fangchenggang,107.5,22.5,2018,9,2018-09,2.7912,7.9047,12.4833,14.957,20.3062,0.000505,0.00041,0.001876,0.001967,0.001096,-50.67,-3.39,10.89,18.63,22.79,26.55,-13.13,5.1,14.71,18.82,24.97,68.68,97.35,181.13,132.02,111.66,90.9,11.45,1.77,0.51,1.47,1.29,0.53,30.93,-12.51,490.9,0.005854
Fangchenggang,107.5,22.5,2018,10,2018-10,2.5505,6.5464,9.8869,12.3562,16.281,0.002634,0.003681,0.001783,0.004006,0.003614,-52.27,-5.21,8.69,15.54,19.38,23.18,-14.23,2.45,11.2,15.87,21.42,283.38,271.29,271.5,137.66,94.66,70.61,14.86,10.13,5.51,1.77,3.18,2.18,25.72,-4.88,542.41,0.015717
Fangchenggang,107.5,22.5,2018,11,2018-11,0.9439,4.6878,9.0324,11.3207,14.1416,0.001518,0.004088,0.003578,0.003867,0.002994,-51.89,-6.26,7.51,14.39,17.75,21.52,-25.74,-2.12,9.87,14.53,19.19,260.4,259.21,251.45,187.94,135.52,106.1,31.34,15.77,8.55,3.88,3.35,2.08,20.89,-2.74,565.57,0.016045
Fangchenggang,107.5,22.5,2018,12,2018-12,1.5205,4.6737,8.6106,9.1329,10.6394,0.00268,0.005615,0.003889,0.003383,0.002926,-52.48,-6.21,7.81,11.77,13.33,16.56,-20.36,-2.16,9.17,11.3,14.79,251.53,252.1,251.31,190.87,115.87,83.16,29.36,17.28,11.78,4.43,3.63,2.7,17.18,0.84,325.89,0.018492
Fangchenggang,107.5,22.5,2019,1,2019-01,0.912,3.5061,8.3243,8.8468,9.8773,0.001901,0.004046,0.004278,0.003376,0.002431,-52.76,-7.36,7.06,10.53,12.61,15.91,-26.11,-5.97,8.67,10.83,13.66,241.45,254.01,253.43,194.19,134.28,96.83,39.74,20.44,11.32,5.04,3.74,2.41,13.54,1.56,232.33,0.016032
Fangchenggang,107.5,22.5,2019,2,2019-02,0.9187,2.8755,8.8128,11.4379,13.5953,0.002059,0.00446,0.007841,0.00714,0.005684,-51.76,-8.47,8.11,15.11,17.57,20.92,-26.03,-8.53,9.51,14.69,18.58,257.27,257.16,259.46,213.47,169.2,142.87,41.82,21.98,15.21,8.73,6.12,4.1,16.45,-5.11,700.99,0.027184
Fangchenggang,107.5,22.5,2019,3,2019-03,0.7373,4.8906,10.1633,12.5899,15.0031,0.001715,0.007505,0.006766,0.005344,0.004305,-52.35,-6.69,7.28,15.55,17.86,21.21,-28.42,-1.55,11.61,16.15,20.13,257.13,266.59,258.66,213.07,149.34,115.88,37.22,22.81,15.05,6.53,4.16,2.81,25.03,-7.04,491.94,0.025634
Fangchenggang,107.5,22.5,2019,4,2019-04,1.1083,6.108,11.0788,14.5963,18.4522,0.001806,0.007515,0.008446,0.008099,0.006111,-50.59,-6.25,10.18,19.61,22.58,25.68,-23.96,1.49,12.9,18.44,23.42,259.31,261.33,263.09,217.14,174.84,149.93,30.11,15.98,12.07,7.48,5.44,3.25,30.08,-12.84,839.01,0.031977
Fangchenggang,107.5,22.5,2019,5,2019-05,2.6425,8.2886,13.0935,16.547,20.9423,0.002403,0.007549,0.008185,0.006799,0.005547,-49.65,-3.08,11.57,19.38,22.65,26.48,-13.8,5.77,15.43,20.41,25.47,282.39,264.37,259.6,209.01,160.64,132.41,8.55,8.92,8.93,6.13,4.03,2.6,32.09,-14.48,493.09,0.030483
Fangchenggang,107.5,22.5,2019,6,2019-06,3.8976,9.0582,13.9662,17.5938,24.1404,0.002042,0.007159,0.010338,0.010128,0.008355,-48.08,-2.33,12.76,21.49,25.54,29.19,-8.96,7.04,16.42,21.38,27.79,46.26,245.82,251.71,224.38,196.65,175.97,4.91,5.14,7.75,7.26,5.65,3.39,34.53,-18.07,634.56,0.038022
Fangchenggang,107.5,22.5,2019,7,2019-07,3.6584,9.2964,14.3406,17.4844,23.7467,0.000621,0.003181,0.005805,0.00585,0.004422,-48.21,-2.22,12.36,21.19,25.25,28.93,-9.76,7.42,16.83,21.28,27.52,64.98,184.64,236.29,212.85,191.48,173.94,11.8,1.67,3.36,3.97,3.28,1.83,35.29,-18.61,545.63,0.019879
Fangchenggang,107.5,22.5,2019,8,2019-08,3.3046,8.689,13.6692,16.3458,23.1505,0.001161,0.00273,0.002117,0.000453,0.001449,-48.25,-2.5,11.75,20.93,25.07,28.77,-11.04,6.45,16.09,20.21,27.11,66.44,76.35,77.82,91.25,230.17,270.23,7.96,3.44,3.08,1.52,0.27,0.61,34.22,-16.92,605.4,0.00791
Fangchenggang,107.5,22.5,2019,9,2019-09,2.3939,6.8856,10.7977,13.3339,19.0988,0.000266,0.001853,0.004368,0.003879,0.002449,-50.01,-3.84,9.67,18.5,22.95,26.63,-15.0,3.15,12.52,17.04,23.97,0.74,35.43,68.94,81.28,67.36,38.19,2.71,1.09,2.64,3.97,2.85,1.26,28.35,-8.64,748.04,0.012816
Fangchenggang,107.5,22.5,2019,10,2019-10,2.0627,6.4018,10.7717,13.1044,17.4235,0.001212,0.001401,0.003639,0.004644,0.003655,-51.97,-5.08,9.1,16.47,20.26,24.23,-16.79,2.14,12.48,16.77,22.5,280.07,269.61,263.4,148.14,115.76,96.57,9.38,5.76,2.15,3.31,3.48,2.06,27.07,-7.82,498.7,0.01455
Fangchenggang,107.5,22.5,2019,11,2019-11,0.8809,4.5186,8.7385,9.887,12.3245,0.001032,0.00261,0.00208,0.003133,0.002717,-52.23,-4.71,8.21,13.27,16.68,20.45,-26.5,-2.61,9.38,12.49,17.05,259.93,272.91,264.0,160.5,101.27,76.49,20.1,11.49,5.66,2.33,3.11,2.16,16.53,0.6,485.59,0.011573
Fangchenggang,107.5,22.5,2019,12,2019-12,0.8625,2.9574,6.2552,7.564,9.1093,0.001854,0.002883,0.00125,0.00199,0.001897,-52.59,-7.6,6.17,10.33,13.48,17.26,-26.73,-8.17,4.56,8.52,12.44,258.75,261.41,257.31,176.89,102.57,73.18,38.61,21.08,9.56,1.96,2.58,2.04,8.15,6.43,720.56,0.009875
Fangchenggang,107.5,22.5,2020,1,2020-01,0.7404,3.2256,8.4124,9.6273,11.4394,0.00187,0.004616,0.004528,0.004331,0.003464,-51.79,-8.41,5.83,11.51,14.08,17.99,-28.38,-7.05,8.83,12.09,15.9,257.56,262.59,259.44,202.49,142.92,120.81,43.6,24.78,14.03,5.28,4.41,2.97,15.86,-0.63,335.17,0.018809
Fangchenggang,107.5,22.5,2020,2,2020-02,0.5726,4.2178,8.1688,9.5184,11.3746,0.001355,0.004871,0.00494,0.004575,0.003507,-52.23,-7.67,4.74,11.92,14.73,18.57,-31.1,-3.53,8.4,11.92,15.82,254.89,263.79,257.6,192.77,149.03,127.84,44.46,23.21,11.33,5.93,4.71,3.02,19.72,0.3,440.39,0.019248
Fangchenggang,107.5,22.5,2020,3,2020-03,1.0668,5.4704,10.4352,12.334,14.6732,0.002198,0.00718,0.007235,0.005895,0.004719,-51.25,-6.77,7.91,15.93,18.58,22.18,-24.38,-0.03,12.01,15.84,19.77,259.11,265.4,261.25,205.13,152.74,130.25,39.23,20.21,12.87,6.8,4.69,3.15,26.77,-8.15,490.13,0.027228
Fangchenggang,107.5,22.5,2020,4,2020-04,1.6861,6.0125,9.8298,11.5559,14.0233,0.002895,0.006268,0.003441,0.003965,0.003426,-52.47,-7.5,8.43,14.48,17.44,21.47,-19.16,1.27,11.12,14.84,19.06,259.15,263.17,265.8,193.56,123.9,101.74,43.6,16.84,10.22,3.43,3.36,2.4,25.93,-6.0,420.3,0.019995
Fangchenggang,107.5,22.5,2020,5,2020-05,3.0252,7.6544,13.3258,16.5044,21.2432,0.004014,0.007863,0.008359,0.006697,0.005384,-49.28,-3.65,11.86,21.14,25.14,28.65,-12.14,4.64,15.7,20.36,25.7,274.63,261.32,263.08,231.15,190.56,168.03,17.67,13.01,10.07,6.15,3.98,2.49,33.27,-17.4,679.75,0.032316
Fangchenggang,107.5,22.5,2020,6,2020-06,3.6459,9.2571,13.7244,17.8153,24.1153,0.001809,0.008388,0.013339,0.013664,0.011516,-48.12,-2.64,12.25,21.38,25.69,29.33,-9.8,7.36,16.15,21.57,27.78,71.14,231.03,239.0,216.48,191.53,172.23,7.18,4.87,8.89,9.53,7.52,4.68,35.28,-17.65,653.9,0.048717
Fangchenggang,107.5,22.5,2020,7,2020-07,2.7719,8.4602,13.1257,16.9267,23.5669,0.000989,0.005653,0.009973,0.010387,0.009287,-47.91,-2.4,12.12,21.08,25.29,29.05,-13.21,6.06,15.47,20.76,27.4,70.97,199.81,233.45,214.44,193.42,176.9,15.33,3.5,6.55,7.45,6.02,3.86,32.89,-15.59,701.2,0.036289
Fangchenggang,107.5,22.5,2020,8,2020-08,3.9641,8.7783,13.5135,16.6878,22.6407,0.000779,0.002534,0.005978,0.005991,0.004776,-48.26,-2.93,11.53,20.0,24.24,28.2,-8.74,6.59,15.91,20.54,26.74,62.84,122.15,190.85,184.62,170.75,158.39,7.23,1.93,2.83,4.34,3.52,2.07,33.91,-16.02,511.12,0.020059
Fangchenggang,107.5,22.5,2020,9,2020-09,4.0642,8.8796,13.6644,16.5473,21.8043,0.000695,0.002784,0.004487,0.004609,0.003606,-49.56,-3.05,11.11,19.52,23.54,27.37,-8.42,6.76,16.08,20.41,26.13,46.43,182.65,222.07,180.44,145.58,121.23,8.71,1.68,3.07,3.22,2.73,1.62,34.3,-16.02,429.48,0.01618
Fangchenggang,107.5,22.5,2020,10,2020-10,2.9979,7.6129,10.5244,12.206,15.1519,0.000919,0.003218,0.007293,0.008239,0.006367,-50.01,-3.55,10.56,15.15,18.34,22.35,-12.25,4.57,12.13,15.68,20.28,250.51,149.12,127.52,84.69,59.03,33.09,1.59,3.01,4.15,6.8,6.62,4.12,24.84,-4.39,376.28,0.026036
Fangchenggang,107.5,22.5,2020,11,2020-11,1.4591,5.2297,8.3523,10.0562,12.4847,0.001213,0.002573,0.003003,0.004439,0.00335,-50.73,-4.86,8.72,13.67,16.67,20.36,-20.84,-0.64,8.72,12.74,17.25,251.15,254.6,237.15,122.99,89.03,64.81,14.28,8.15,4.82,3.53,4.33,2.63,17.89,1.0,618.93,0.014578
Fangchenggang,107.5,22.5,2020,12,2020-12,0.5333,2.7382,6.9698,6.9177,7.6275,0.001041,0.003098,0.001643,0.003239,0.00309,-51.62,-5.39,7.78,8.73,10.0,13.53,-31.85,-9.15,6.11,7.23,9.8,253.15,268.15,263.89,161.17,79.55,57.1,28.07,19.14,11.09,2.31,4.59,3.97,3.3,8.44,327.6,0.012111
Fangchenggang,107.5,22.5,2021,1,2021-01,0.6195,3.1065,6.005,6.2589,6.811,0.001418,0.003843,0.001701,0.002547,0.002236,-51.56,-4.28,5.87,7.53,9.76,13.86,-30.28,-7.53,3.99,5.79,8.14,256.13,270.23,269.36,160.14,99.42,79.53,29.24,22.45,12.13,2.78,3.99,3.22,2.38,12.95,442.13,0.011744
Fangchenggang,107.5,22.5,2021,2,2021-02,0.8313,3.7745,8.3877,9.2101,10.5139,0.001751,0.003607,0.002619,0.003468,0.002775,-50.95,-7.48,5.24,12.03,15.44,19.23,-27.13,-5.0,8.78,11.43,14.61,252.19,263.8,268.63,181.29,135.58,125.83,36.26,20.65,9.37,3.06,3.69,2.59,18.05,-0.14,405.23,0.014219
Fangchenggang,107.5,22.5,2021,3,2021-03,1.0043,5.2292,10.2045,12.5227,14.2006,0.001868,0.006692,0.006931,0.006565,0.00504,-52.04,-6.31,7.84,15.78,18.37,21.98,-25.05,-0.64,11.67,16.07,19.26,260.93,266.12,263.04,204.99,156.34,135.95,26.59,18.24,12.55,6.66,5.14,3.48,25.29,-6.98,513.46,0.027096
Fangchenggang,107.5,22.5,2021,4,2021-04,1.9595,6.6641,11.965,14.9471,17.7307,0.002449,0.005447,0.00631,0.007193,0.005642,-51.51,-5.29,9.29,17.2,20.51,24.46,-17.4,2.7,14.06,18.81,22.78,260.74,258.77,259.08,190.6,143.27,122.45,22.85,12.25,8.02,5.17,4.72,3.12,29.95,-11.69,391.69,0.027041
Fangchenggang,107.5,22.5,2021,5,2021-05,2.6705,8.033,12.7081,16.441,22.486,0.002839,0.007842,0.010024,0.01,0.008139,-49.85,-3.5,11.75,20.68,24.39,27.9,-13.67,5.33,14.98,20.3,26.63,274.39,247.26,248.51,215.59,187.15,162.82,12.54,10.43,9.57,7.74,5.96,3.55,32.72,-15.23,712.7,0.038844
Fangchenggang,107.5,22.5,2021,6,2021-06,3.6792,8.92,13.5998,17.3068,23.4075,0.001082,0.004921,0.0074,0.006974,0.00556,-48.29,-2.1,12.28,20.9,25.17,28.97,-9.69,6.82,16.01,21.12,27.29,69.57,222.25,237.5,215.32,189.87,170.05,8.25,2.88,5.41,5.34,3.95,2.33,33.56,-16.31,611.22,0.025937
Fangchenggang,107.5,22.5,2021,7,2021-07,3.4806,8.3653,13.2675,16.4498,23.2498,0.000393,0.001884,0.004564,0.004757,0.004277,-48.04,-2.59,11.95,20.82,25.01,28.86,-10.39,5.9,15.63,20.31,27.18,69.81,157.25,213.79,203.92,193.52,189.26,8.1,1.11,2.21,3.37,2.84,1.8,33.0,-15.88,648.08,0.015875
Fangchenggang,107.5,22.5,2021,8,2021-08,3.4906,8.9052,13.566,16.4556,22.9377,0.000508,0.002182,0.00577,0.006197,0.00584,-48.33,-2.81,11.76,20.89,24.97,28.6,-10.35,6.8,15.97,20.32,26.95,71.34,114.59,234.13,215.68,198.79,185.0,13.95,1.43,2.4,4.17,3.69,2.5,34.7,-16.92,614.07,0.020496
Fangchenggang,107.5,22.5,2021,9,2021-09,3.1105,7.9733,12.7689,15.0294,21.2742,0.001146,0.003072,0.004522,0.003376,0.001932,-50.4,-3.98,10.75,19.6,23.81,27.65,-11.79,5.22,15.05,18.9,25.72,80.3,132.53,130.55,132.96,126.22,127.32,2.36,3.61,3.78,3.47,2.2,0.89,33.1,-14.78,568.81,0.014048
Fangchenggang,107.5,22.5,2021,10,2021-10,3.465,8.2723,11.0003,12.551,15.8002,0.000412,0.001946,0.006648,0.0076,0.00642,-50.1,-4.16,9.78,15.39,18.52,22.46,-10.44,5.75,12.8,16.11,20.94,275.35,217.97,137.27,84.28,56.37,29.98,4.65,1.17,2.31,5.93,5.94,3.98,28.32,-6.4,324.02,0.023026
Fangchenggang,107.5,22.5,2021,11,2021-11,1.6449,6.2673,8.5375,9.0293,11.6073,0.002859,0.005693,0.001185,0.003267,0.003362,-52.07,-5.35,7.48,12.45,14.99,18.71,-19.45,1.85,9.04,11.13,16.13,271.69,267.48,261.09,137.26,78.65,52.82,25.17,17.05,8.91,1.36,3.55,2.84,21.21,1.23,426.03,0.016368
Fangchenggang,107.5,22.5,2021,12,2021-12,0.8486,3.3781,6.4475,6.8969,8.0036,0.001353,0.002523,0.001411,0.002961,0.002777,-51.32,-5.63,6.02,9.64,12.12,15.65,-26.9,-6.45,4.99,7.18,10.51,245.07,260.95,260.58,121.71,76.25,51.95,30.67,15.64,7.32,2.15,4.21,3.4,7.79,8.59,580.88,0.011025
Fangchenggang,107.5,22.5,2022,1,2022-01,1.0391,3.9263,8.1135,8.9427,9.9054,0.002545,0.004953,0.003929,0.003732,0.003136,-51.11,-9.57,4.21,10.25,12.21,15.42,-24.67,-4.48,8.3,10.99,13.71,248.79,260.51,261.01,198.69,121.9,86.62,42.91,24.02,12.37,4.75,4.09,3.1,19.43,0.11,243.65,0.018295
Fangchenggang,107.5,22.5,2022,2,2022-02,1.3448,4.0079,7.4448,7.6896,8.5575,0.003749,0.006406,0.003162,0.003292,0.00308,-51.22,-8.16,5.38,8.9,9.26,12.11,-21.77,-4.21,7.06,8.77,11.51,251.34,255.67,254.62,192.15,94.0,60.44,38.42,27.34,15.67,4.16,4.2,3.53,14.54,4.38,230.92,0.019688
Fangchenggang,107.5,22.5,2022,3,2022-03,1.7691,5.367,10.7283,13.2489,15.0234,0.002938,0.005871,0.006112,0.00632,0.00491,-50.99,-6.21,9.22,16.3,18.84,22.49,-18.6,-0.29,12.42,16.94,20.15,266.31,265.41,263.76,204.59,155.26,138.84,22.52,16.29,10.73,5.59,4.68,3.21,25.43,-8.67,485.07,0.026151
Fangchenggang,107.5,22.5,2022,4,2022-04,1.5737,6.4022,9.868,11.3601,13.7422,0.002061,0.005004,0.003388,0.003642,0.002833,-51.56,-5.48,8.47,16.01,19.82,23.59,-19.97,2.14,11.17,14.58,18.74,263.93,266.3,261.91,196.77,146.76,124.96,25.39,12.85,7.67,3.37,3.14,2.02,26.33,-5.56,604.31,0.016928
Fangchenggang,107.5,22.5,2022,5,2022-05,4.2131,8.9221,12.3097,14.7659,18.371,0.003652,0.005165,0.00355,0.004598,0.004057,-49.58,-4.14,10.07,17.14,20.95,24.91,-7.96,6.83,14.49,18.62,23.35,279.91,255.59,247.91,177.68,127.08,101.75,14.75,8.5,5.68,2.83,3.05,2.17,32.54,-11.34,331.22,0.021022
Fangchenggang,107.5,22.5,2022,6,2022-06,4.2043,9.4077,13.7778,17.0793,23.3457,0.002141,0.007515,0.009994,0.008822,0.006939,-49.0,-3.12,11.47,20.53,24.89,28.57,-7.99,7.59,16.21,20.91,27.24,54.22,248.8,248.52,228.99,203.12,177.64,6.29,4.99,7.83,7.11,5.07,2.91,35.98,-17.4,540.11,0.035411
Fangchenggang,107.5,22.5,2022,7,2022-07,3.2712,8.0763,13.0714,16.4481,22.9446,0.000704,0.00287,0.005967,0.006281,0.005371,-48.31,-2.86,12.35,20.83,24.82,28.69,-11.16,5.4,15.4,20.31,26.96,80.59,155.12,200.61,194.91,178.88,168.35,8.98,2.11,3.48,4.48,3.75,2.3,32.16,-15.67,678.04,0.021193
Fangchenggang,107.5,22.5,2022,8,2022-08,3.8267,8.8148,13.3952,16.2368,22.4745,0.002074,0.00254,0.004637,0.004591,0.003675,-48.66,-2.95,11.61,20.17,24.42,28.36,-9.19,6.65,15.78,20.11,26.62,82.78,102.99,151.05,161.38,147.01,134.59,16.19,5.32,2.83,3.39,2.77,1.6,33.94,-15.9,548.73,0.017517
Fangchenggang,107.5,22.5,2022,9,2022-09,3.3199,8.3203,11.9237,14.5639,20.5219,0.001095,0.002415,0.004933,0.004461,0.003305,-49.69,-3.49,10.09,19.17,23.58,27.42,-10.98,5.83,14.01,18.4,25.14,60.91,80.64,96.07,87.73,67.28,36.37,4.83,3.23,2.85,4.06,3.0,1.58,32.41,-11.75,645.63,0.016209
Fangchenggang,107.5,22.5,2022,10,2022-10,2.246,6.7919,8.6628,10.8387,14.7585,0.000341,0.001605,0.005235,0.005627,0.004382,-50.41,-4.17,9.33,15.59,19.6,23.52,-15.77,2.96,9.25,13.87,19.86,178.98,133.38,103.61,82.08,65.71,41.15,1.64,1.49,2.32,5.93,5.09,2.91,22.64,-0.89,791.92,0.01719
Fangchenggang,107.5,22.5,2022,11,2022-11,1.5919,5.2921,10.9122,13.0512,15.6323,0.001481,0.002819,0.004039,0.00519,0.003783,-51.36,-4.74,9.39,15.71,19.25,23.18,-19.83,-0.48,12.68,16.71,20.77,258.11,257.96,237.13,164.27,125.33,105.37,19.43,9.12,5.22,3.63,3.9,2.37,23.25,-7.08,379.3,0.017312
Fangchenggang,107.5,22.5,2022,12,2022-12,1.0029,3.9415,5.9732,5.6856,6.7844,0.002012,0.003911,0.001247,0.002949,0.002965,-51.82,-5.76,5.04,8.3,9.88,13.68,-25.07,-4.43,3.91,4.42,8.09,258.84,270.25,268.88,123.16,70.33,51.95,28.56,19.67,9.73,2.05,5.09,4.29,8.51,10.83,547.82,0.013085
Fangchenggang,107.5,22.5,2023,1,2023-01,0.5991,3.0726,6.3452,6.9181,7.5176,0.001224,0.003449,0.001437,0.002565,0.002311,-52.2,-4.83,7.77,8.43,10.83,14.58,-30.63,-7.68,4.77,7.23,9.59,247.64,264.79,263.6,168.76,93.15,64.37,26.28,20.03,11.01,2.22,3.64,3.02,2.58,10.76,457.35,0.010986
Fangchenggang,107.5,22.5,2023,2,2023-02,0.9488,4.0671,8.6973,9.8596,11.0673,0.001973,0.004351,0.004127,0.004814,0.003993,-51.69,-7.08,6.5,12.44,15.26,19.12,-25.68,-4.01,9.31,12.44,15.39,242.21,259.7,259.18,185.42,129.54,107.28,35.11,20.4,10.49,4.65,4.79,3.54,18.32,-0.87,390.74,0.019257
Fangchenggang,107.5,22.5,2023,3,2023-03,,5.1218,9.6081,10.9477,12.176,,0.006046,0.004552,0.004761,0.00382,-52.59,-8.79,7.09,14.74,17.98,21.97,,-0.92,10.78,14.02,16.86,262.73,269.63,268.42,196.0,144.79,128.22,40.6,20.26,11.58,4.65,4.26,3.08,26.29,-6.99,494.54,0.019179
Fangchenggang,107.5,22.5,2023,4,2023-04,1.1687,6.3748,11.5725,14.2814,16.4063,0.001951,0.007844,0.006764,0.006961,0.005405,-51.5,-5.21,10.41,18.71,21.74,25.4,-23.36,2.08,13.56,18.1,21.54,260.55,271.46,265.37,208.56,153.55,131.22,26.44,16.37,12.07,5.73,4.78,3.23,29.15,-12.14,644.25,0.028924
Fangchenggang,107.5,22.5,2023,5,2023-05,2.633,7.6573,12.6936,15.3833,19.9036,0.002753,0.006269,0.007919,0.007578,0.00592,-49.38,-3.25,11.67,20.28,23.97,27.49,-13.84,4.65,14.96,19.26,24.64,274.71,255.25,250.75,201.73,167.49,150.7,11.46,10.25,8.03,6.12,4.83,2.92,31.46,-14.54,665.13,0.030439
Fangchenggang,107.5,22.5,2023,6,2023-06,4.1249,9.1244,13.7615,17.3653,23.1493,0.001467,0.004091,0.00641,0.006819,0.005297,-48.52,-2.55,11.91,20.55,24.78,28.67,-8.23,7.15,16.19,21.17,27.1,28.84,232.52,230.74,196.59,176.07,155.59,2.17,3.49,4.4,4.57,3.85,2.24,34.53,-16.81,544.77,0.024084
Fangchenggang,107.5,22.5,2023,7,2023-07,3.4246,8.4445,13.3887,16.8854,23.2871,0.000803,0.003048,0.006269,0.006786,0.005706,-47.54,-2.23,12.54,21.09,25.22,28.98,-10.59,6.04,15.77,20.73,27.2,79.99,153.27,219.17,200.66,188.18,175.65,14.37,2.3,3.54,4.59,3.94,2.4,32.58,-16.09,664.38,0.022612
Fangchenggang,107.5,22.5,2023,8,2023-08,4.1656,10.0527,14.6727,16.9235,22.6306,0.000399,0.00064,0.002637,0.00381,0.002722,-47.9,-1.98,12.08,20.09,24.13,28.06,-8.11,8.55,17.18,20.76,26.73,52.61,157.49,222.17,211.62,203.12,182.59,9.72,0.94,0.62,1.76,2.21,1.18,35.71,-18.08,363.47,0.010208
Fangchenggang,107.5,22.5,2023,9,2023-09,3.5252,9.0371,13.8398,16.2486,21.273,0.001292,0.003051,0.005088,0.004133,0.00247,-49.35,-2.91,11.14,19.11,23.25,27.27,-10.23,7.01,16.28,20.12,25.72,70.94,111.25,101.25,102.29,86.3,51.15,1.94,3.59,3.31,3.61,2.49,1.14,34.17,-15.91,354.13,0.016033
Fangchenggang,107.5,22.5,2023,10,2023-10,2.2072,7.2741,11.475,13.5328,17.1905,0.000824,0.000595,0.00438,0.006096,0.004976,-50.61,-3.78,10.03,16.3,20.08,24.12,-15.98,3.92,13.43,17.27,22.28,239.88,265.62,244.21,96.3,69.63,41.28,10.26,3.66,0.8,3.74,4.42,2.84,27.41,-8.08,358.28,0.016872
Fangchenggang,107.5,22.5,2023,11,2023-11,1.8617,4.7594,8.7586,10.9186,13.6226,0.002546,0.002639,0.002197,0.003564,0.003204,-51.91,-5.3,8.79,14.06,17.37,21.27,-18.0,-1.92,9.42,13.98,18.61,259.59,262.66,259.58,147.76,103.04,75.42,26.34,13.41,5.44,2.46,3.2,2.31,18.07,-0.8,580.42,0.01415
Fangchenggang,107.5,22.5,2023,12,2023-12,1.8207,5.0556,9.4039,10.1368,11.5911,0.003517,0.005346,0.00247,0.002881,0.00305,-51.88,-6.25,6.38,11.26,13.13,16.75,-18.26,-1.1,10.46,12.86,16.11,260.17,261.63,258.52,201.32,102.52,68.61,37.02,18.94,10.37,2.58,2.79,2.58,20.5,-0.6,99.34,0.017263
Fangchenggang,107.5,22.5,2024,1,2024-01,0.956,4.7145,8.2985,9.0972,10.552,0.002673,0.005718,0.004483,0.00402,0.003243,-51.05,-8.78,3.72,10.1,11.99,15.56,-25.6,-2.04,8.63,11.25,14.67,251.99,264.77,259.03,186.44,127.77,93.13,47.55,27.42,11.89,5.3,4.33,3.01,21.75,0.61,183.21,0.020137
Fangchenggang,107.5,22.5,2024,2,2024-02,0.7184,4.2589,9.0526,10.3059,11.6507,0.001984,0.007022,0.006573,0.005207,0.004003,-51.58,-6.82,6.48,13.65,14.96,17.98,-28.7,-3.4,9.9,13.11,16.18,256.59,258.5,255.98,206.25,147.53,117.26,45.78,27.08,16.17,7.12,4.95,3.37,20.49,-2.63,468.46,0.024789
Fangchenggang,107.5,22.5,2024,3,2024-03,0.9059,5.5853,10.1951,12.0601,14.1473,0.001953,0.007886,0.00676,0.006011,0.004716,-51.38,-5.31,8.36,15.87,18.01,21.19,-26.19,0.26,11.66,15.5,19.2,254.22,263.34,259.94,204.72,149.28,122.47,36.11,21.14,13.85,6.5,4.89,3.27,24.74,-6.05,526.19,0.027326
Fangchenggang,107.5,22.5,2024,4,2024-04,1.4885,7.256,11.6843,15.2782,18.2801,0.002836,0.010521,0.009912,0.009156,0.007071,-50.72,-5.46,11.49,21.86,24.78,27.54,-20.61,3.89,13.7,19.15,23.27,264.93,263.35,259.12,220.47,177.94,150.17,35.56,18.68,14.22,8.32,5.88,3.79,33.42,-15.79,1020.42,0.039496
Fangchenggang,107.5,22.5,2024,5,2024-05,3.4013,8.678,13.1777,15.6267,20.2803,0.003956,0.006118,0.004764,0.005594,0.004679,-49.3,-4.03,10.65,18.52,22.19,25.96,-10.67,6.43,15.53,19.51,24.95,272.62,270.45,269.34,190.76,136.51,110.66,22.21,11.41,6.91,3.55,3.51,2.26,33.86,-14.78,373.89,0.025112
Fangchenggang,107.5,22.5,2024,6,2024-06,4.6069,9.1229,14.3001,17.9067,23.5269,0.001759,0.005203,0.009846,0.010088,0.008134,-47.54,-1.94,12.28,20.73,24.82,28.56,-6.81,7.15,16.78,21.66,27.37,33.68,236.09,231.4,204.7,181.92,159.99,5.16,3.74,5.59,6.75,5.52,3.39,34.32,-17.76,493.5,0.035029
Fangchenggang,107.5,22.5,2024,7,2024-07,3.6481,8.439,13.3268,17.1362,22.9818,0.001131,0.003769,0.008417,0.008649,0.007174,-47.09,-1.94,12.51,20.45,24.47,28.26,-9.79,6.03,15.7,20.96,26.99,66.29,125.92,185.11,181.1,168.92,157.97,14.94,3.04,4.38,6.19,4.95,3.06,31.61,-15.0,593.64,0.02914
Fangchenggang,107.5,22.5,2024,8,2024-08,3.3481,8.3528,13.3014,16.2136,22.6737,0.000831,0.003425,0.006447,0.006057,0.004456,-48.46,-2.63,11.97,20.62,24.55,28.11,-10.87,5.88,15.67,20.09,26.76,71.21,217.33,223.92,217.27,205.36,186.22,4.35,2.44,4.02,4.75,3.66,1.93,32.84,-15.81,619.19,0.021217
Fangchenggang,107.5,22.5,2024,9,2024-09,3.7482,8.2785,12.8522,15.8197,21.1473,0.001769,0.003823,0.005602,0.005137,0.003912,-48.58,-2.49,11.41,19.51,23.41,27.12,-9.45,5.76,15.15,19.7,25.63,60.68,79.48,86.05,82.37,62.07,29.2,2.88,4.63,4.53,4.27,3.18,1.81,31.51,-13.42,545.9,0.020243
Fangchenggang,107.5,22.5,2024,10,2024-10,2.3182,6.8953,9.7531,11.7323,15.2949,0.000478,0.000669,0.005023,0.006546,0.00547,-50.49,-3.98,10.38,15.72,18.81,22.64,-15.39,3.17,11.0,15.07,20.43,281.78,263.26,29.11,77.22,56.71,32.99,4.77,2.02,0.95,5.05,5.47,3.51,23.5,-3.5,590.08,0.018187
Fangchenggang,107.5,22.5,2024,11,2024-11,1.7874,4.8953,9.3163,10.5609,13.0261,0.001838,0.001673,0.003363,0.005187,0.004492,-50.42,-5.49,7.8,13.28,16.26,20.2,-18.48,-1.54,10.33,13.48,17.91,256.77,257.68,259.41,81.83,65.47,45.69,22.18,10.08,3.35,3.54,4.82,3.38,19.76,-1.59,369.05,0.016553
Fangchenggang,107.5,22.5,2024,12,2024-12,0.5468,3.1587,7.0117,6.766,7.899,0.00097,0.003077,0.001608,0.003409,0.003087,-50.58,-4.22,7.43,9.23,11.53,15.03,-31.59,-7.32,6.19,6.91,10.32,254.37,268.33,269.0,150.19,91.98,69.88,27.82,17.4,9.55,2.25,4.94,3.83,4.89,9.04,379.42,0.012152
Guilin,110.0,25.0,2005,1,2005-01,0.809,3.237,5.561,5.78,6.576,0.00251,0.004956,0.002138,0.001446,0.001435,-52.8,-9.81,3.42,4.83,6.54,9.72,-27.42,-7.0,2.91,4.66,7.64,261.43,269.62,268.63,216.26,97.96,65.71,54.64,30.43,15.01,3.77,2.45,2.14,7.13,10.95,239.74,0.012485
Guilin,110.0,25.0,2005,2,2005-02,0.735,4.08,7.561,7.862,9.289,0.002136,0.007433,0.004666,0.002682,0.002951,-51.52,-11.19,4.27,8.22,9.05,12.59,-28.46,-3.97,7.28,9.05,12.59,263.37,266.12,260.3,210.59,109.19,74.36,57.57,28.5,17.87,6.05,3.35,3.12,18.45,1.73,117.57,0.019868
Guilin,110.0,25.0,2005,3,2005-03,1.164,4.633,7.408,8.442,10.199,0.002608,0.006117,0.002881,0.002222,0.001864,-51.83,-10.66,3.82,8.97,11.49,15.26,-23.4,-2.27,6.98,10.14,14.15,266.74,268.75,262.59,209.19,120.24,87.12,52.03,21.98,12.95,3.81,2.58,1.79,20.52,1.91,248.28,0.015693
Guilin,110.0,25.0,2005,4,2005-04,1.309,5.6,9.72,12.21,15.276,0.00246,0.006082,0.004954,0.003603,0.002709,-52.83,-7.5,7.34,14.78,18.28,22.29,-22.08,0.29,10.95,15.68,20.41,261.69,267.48,259.12,213.25,167.02,139.9,39.23,18.43,10.65,5.0,2.89,1.74,26.19,-6.02,478.57,0.019808
Guilin,110.0,25.0,2005,5,2005-05,2.129,7.347,12.471,16.156,19.699,0.002989,0.007422,0.007792,0.005995,0.00468,-50.98,-5.18,10.08,18.73,22.28,25.78,-16.41,4.06,14.69,20.03,24.48,266.75,256.04,249.19,207.4,163.56,116.24,21.71,13.77,9.91,6.13,3.64,2.33,32.58,-14.37,504.98,0.028878
Guilin,110.0,25.0,2005,6,2005-06,4.19,9.578,14.263,17.567,21.668,0.001887,0.004065,0.006466,0.005937,0.004094,-48.86,-2.59,11.45,19.5,23.42,27.23,-8.03,7.85,16.74,21.35,26.02,308.66,254.23,234.78,202.06,170.62,124.89,6.66,4.42,4.16,4.45,3.31,1.85,35.23,-17.05,344.5,0.022449
Guilin,110.0,25.0,2005,7,2005-07,2.578,7.14,12.159,16.733,21.321,0.000899,0.003306,0.007068,0.006877,0.004662,-48.85,-3.06,11.85,20.45,24.35,27.83,-14.1,3.66,14.3,20.58,25.76,75.17,178.49,198.75,195.99,179.57,164.86,7.34,3.42,4.54,5.7,4.03,2.14,29.63,-13.18,768.26,0.022812
Guilin,110.0,25.0,2005,8,2005-08,2.828,8.053,12.736,16.349,20.846,0.000246,0.001429,0.004206,0.004461,0.003414,-49.22,-2.82,11.47,19.53,23.4,26.94,-12.97,5.36,15.01,20.22,25.39,42.52,96.04,152.26,135.0,109.65,85.0,8.18,0.85,1.74,3.24,2.68,1.61,31.25,-13.47,565.07,0.013757
Guilin,110.0,25.0,2005,9,2005-09,2.556,6.893,11.366,14.755,18.991,0.000586,0.001921,0.003935,0.003975,0.002893,-49.84,-3.82,10.02,18.42,22.24,25.63,-14.2,3.17,13.29,18.61,23.88,78.02,124.68,116.28,96.94,66.35,27.08,2.84,2.25,2.73,3.39,2.64,1.49,28.68,-9.95,641.69,0.013309
Guilin,110.0,25.0,2005,10,2005-10,1.822,6.008,9.062,10.962,13.306,0.001687,0.00239,0.001796,0.004096,0.002824,-51.63,-5.44,8.18,14.14,17.63,21.11,-18.25,1.26,9.92,14.04,18.24,271.33,264.12,265.59,77.82,52.32,24.1,13.8,9.08,3.9,1.94,3.66,2.08,22.58,-1.75,527.96,0.012793
Guilin,110.0,25.0,2005,11,2005-11,1.417,5.19,8.543,10.069,11.764,0.002978,0.005444,0.001937,0.001873,0.00115,-52.26,-6.8,5.7,11.15,14.54,18.06,-21.17,-0.74,9.05,12.76,16.33,263.53,262.27,257.19,208.18,101.06,73.64,34.32,20.61,10.29,2.22,1.82,0.96,20.56,1.01,262.12,0.013381
Guilin,110.0,25.0,2005,12,2005-12,1.36,3.935,4.556,4.678,5.375,0.003602,0.005035,0.000483,0.002082,0.001399,-52.78,-7.55,3.16,5.15,6.79,9.51,-21.64,-4.45,0.15,1.69,4.74,257.95,270.29,266.89,91.65,63.9,39.12,40.19,25.97,12.55,1.04,4.36,2.55,5.24,15.26,624.89,0.012601
Guilin,110.0,25.0,2006,1,2006-01,0.353,2.649,6.023,6.498,7.396,0.000859,0.003623,0.002158,0.001925,0.001707,-51.05,-7.1,5.12,6.11,7.89,11.25,-36.05,-9.57,4.03,6.33,9.35,257.46,270.38,263.58,204.38,100.11,76.46,44.71,23.85,13.41,3.51,2.91,2.26,2.55,11.4,259.64,0.010271
Guilin,110.0,25.0,2006,2,2006-02,0.787,4.869,7.28,7.498,8.68,0.001552,0.00634,0.00374,0.002022,0.001813,-51.27,-10.48,2.75,7.67,9.17,12.78,-27.72,-1.6,6.73,8.4,11.72,262.92,261.79,253.44,202.65,100.46,62.06,48.35,19.34,12.77,5.04,2.64,2.05,20.53,3.62,117.05,0.015467
Guilin,110.0,25.0,2006,3,2006-03,0.904,4.918,8.224,9.376,11.549,0.0022,0.006819,0.003616,0.002757,0.002522,-51.43,-9.6,5.25,10.4,12.73,16.73,-26.21,-1.47,8.5,11.69,16.05,262.51,269.54,262.48,202.64,121.82,91.87,48.72,23.86,13.6,4.31,2.88,2.14,21.78,-0.32,237.78,0.017913
Guilin,110.0,25.0,2006,4,2006-04,1.521,6.121,10.456,13.179,16.187,0.003048,0.007904,0.006811,0.004059,0.00271,-51.98,-6.89,8.51,15.65,18.62,22.53,-20.36,1.52,12.04,16.86,21.33,260.79,259.62,254.8,220.87,179.43,142.92,39.49,19.65,12.66,6.39,3.02,1.64,27.58,-8.05,451.62,0.024531
Guilin,110.0,25.0,2006,5,2006-05,2.9,6.849,10.943,14.267,17.693,0.002904,0.003921,0.003227,0.002688,0.002131,-50.86,-5.18,9.08,16.82,20.31,24.01,-12.66,3.08,12.72,18.09,22.75,269.97,264.27,252.69,196.68,140.71,97.79,18.73,9.82,5.61,2.89,1.85,1.18,28.72,-8.68,512.79,0.01487
Guilin,110.0,25.0,2006,6,2006-06,3.914,9.01,13.132,16.512,20.325,0.002392,0.006113,0.008225,0.006382,0.00402,-49.25,-3.16,11.08,19.26,22.9,26.51,-8.9,6.97,15.48,20.37,24.98,343.29,257.47,236.84,209.24,180.91,140.65,6.5,5.99,6.65,6.14,3.79,1.94,33.79,-14.53,472.9,0.027133
Guilin,110.0,25.0,2006,7,2006-07,3.963,8.8,13.817,17.873,22.127,0.000881,0.00284,0.006524,0.005807,0.003887,-47.69,-2.26,12.3,20.49,24.43,27.93,-8.74,6.63,16.25,21.63,26.37,71.09,140.4,189.64,190.7,174.24,147.32,10.31,2.18,3.16,4.63,3.19,1.72,33.33,-16.6,529.44,0.019939
Guilin,110.0,25.0,2006,8,2006-08,3.305,7.591,12.585,16.039,21.252,0.001407,0.003009,0.003752,0.002742,0.001789,-49.36,-3.37,11.6,20.18,24.05,27.36,-11.03,4.52,14.83,19.92,25.71,79.67,106.7,110.95,122.71,107.35,73.1,7.36,4.18,3.89,2.92,1.68,0.83,31.3,-14.29,669.09,0.012699
Guilin,110.0,25.0,2006,9,2006-09,2.779,6.292,10.727,13.438,17.076,0.000348,0.000997,0.00391,0.004488,0.002998,-50.62,-3.84,10.23,17.25,21.24,24.7,-13.18,1.9,12.42,17.16,22.18,324.42,339.5,66.07,73.09,50.58,20.75,2.94,1.23,1.55,3.57,3.28,1.72,25.18,-7.23,603.95,0.012741
Guilin,110.0,25.0,2006,10,2006-10,2.342,7.302,10.433,13.062,16.114,0.002234,0.003106,0.000575,0.002377,0.001819,-52.42,-5.41,7.93,15.66,19.66,23.06,-15.26,3.98,12.0,16.72,21.25,270.95,264.36,271.24,146.31,63.72,32.83,16.82,9.36,4.17,0.54,1.78,1.11,29.12,-6.53,456.98,0.010111
Guilin,110.0,25.0,2006,11,2006-11,1.187,3.734,7.261,8.632,10.353,0.002506,0.003513,0.001782,0.002433,0.001698,-53.15,-8.61,4.9,12.22,15.1,17.98,-23.19,-5.14,6.69,10.46,14.38,267.45,265.82,256.46,190.05,92.9,59.77,38.95,20.71,9.23,2.41,2.76,1.61,17.48,1.25,690.95,0.011932
Guilin,110.0,25.0,2006,12,2006-12,0.394,3.029,4.664,4.902,5.656,0.000876,0.002634,0.000608,0.001948,0.001315,-51.21,-9.73,1.39,7.47,9.37,11.32,-34.95,-7.86,0.47,2.34,5.47,265.61,268.27,262.18,152.03,72.22,37.88,48.61,21.81,8.53,1.28,3.9,2.28,8.42,10.71,874.91,0.007382
Guilin,110.0,25.0,2007,1,2007-01,0.423,3.045,4.567,4.689,5.294,0.001109,0.003723,0.000324,0.001896,0.001519,-52.21,-9.93,1.01,5.06,6.56,9.23,-34.23,-7.79,0.18,1.72,4.53,261.46,266.52,263.39,195.83,61.37,41.11,53.11,25.71,11.99,0.7,3.96,2.81,6.38,12.94,609.5,0.008571
Guilin,110.0,25.0,2007,2,2007-02,0.839,3.848,7.673,8.858,10.392,0.00214,0.005075,0.00504,0.003491,0.002535,-51.45,-12.55,2.52,10.87,14.25,17.87,-27.02,-4.74,7.49,10.85,14.43,258.4,261.8,256.59,212.7,162.69,141.79,55.13,25.02,12.93,6.44,3.87,2.39,23.65,-2.4,422.49,0.018281
Guilin,110.0,25.0,2007,3,2007-03,0.565,4.255,8.984,10.552,12.809,0.001356,0.006551,0.006357,0.003736,0.00288,-51.88,-8.01,5.98,11.85,14.37,18.56,-31.24,-3.41,9.79,13.47,17.65,256.14,265.66,256.48,212.22,155.13,122.97,43.62,23.54,15.1,6.94,3.47,2.21,20.26,-1.93,257.38,0.02088
Guilin,110.0,25.0,2007,4,2007-04,1.392,5.109,8.279,10.457,13.023,0.002311,0.005311,0.00209,0.001002,0.000984,-52.43,-9.03,6.72,12.48,15.64,19.82,-21.38,-0.96,8.59,13.33,17.91,264.88,264.68,264.65,226.31,115.2,68.63,40.0,16.28,10.19,2.48,0.94,0.74,22.43,-1.86,485.84,0.011697
Guilin,110.0,25.0,2007,5,2007-05,2.495,6.181,11.028,13.978,17.762,0.002157,0.003355,0.005231,0.004039,0.002429,-50.78,-4.91,10.07,17.87,21.66,25.33,-14.5,1.65,12.83,17.77,22.81,278.71,262.14,244.16,214.13,195.56,177.44,16.25,8.48,5.32,4.65,2.83,1.34,27.19,-9.66,629.64,0.017211
Guilin,110.0,25.0,2007,6,2007-06,3.259,7.97,12.687,17.044,20.721,0.002261,0.005531,0.007516,0.005799,0.004291,-49.47,-3.04,11.38,19.25,23.08,26.77,-11.21,5.22,14.95,20.88,25.3,272.53,253.96,241.67,209.83,176.39,129.81,5.89,6.8,6.81,5.81,3.34,2.03,31.08,-13.29,537.38,0.025398
Guilin,110.0,25.0,2007,7,2007-07,2.331,7.437,12.337,17.404,21.457,0.001505,0.007182,0.013141,0.012132,0.008419,-48.74,-2.5,12.12,20.42,24.4,27.92,-15.32,4.23,14.52,21.21,25.86,63.99,203.65,211.09,202.93,185.88,169.22,8.76,6.33,9.47,10.45,6.84,3.85,29.56,-13.04,736.94,0.042379
Guilin,110.0,25.0,2007,8,2007-08,2.991,7.395,12.001,16.51,21.307,0.000772,0.001133,0.001385,0.001054,0.000692,-49.08,-3.11,11.44,20.51,24.33,27.74,-12.28,4.16,14.11,20.37,25.75,54.76,62.22,80.04,136.43,153.43,133.73,6.26,2.53,1.5,1.13,0.63,0.32,30.44,-12.89,800.54,0.005036
Guilin,110.0,25.0,2007,9,2007-09,2.794,6.509,10.863,13.851,17.308,0.00061,0.000676,0.004498,0.006044,0.004638,-50.12,-3.29,10.22,17.04,20.8,24.24,-13.12,2.37,12.61,17.63,22.39,311.96,290.81,46.59,66.02,43.77,18.64,4.26,2.14,1.02,4.06,4.28,2.63,25.09,-6.81,554.08,0.016465
Guilin,110.0,25.0,2007,10,2007-10,1.672,4.943,8.515,10.368,12.649,0.001199,0.001063,0.002944,0.004693,0.003143,-51.59,-4.94,7.95,14.29,18.26,21.4,-19.26,-1.4,9.0,13.2,17.45,273.12,266.58,252.34,83.73,52.05,20.67,11.2,7.03,2.11,3.39,4.44,2.44,18.88,-0.06,660.95,0.013042
Guilin,110.0,25.0,2007,11,2007-11,1.125,3.058,3.586,5.111,6.308,0.001713,0.001265,0.001317,0.002295,0.001469,-51.46,-8.49,4.73,10.54,13.31,15.52,-23.79,-7.74,-3.09,2.92,7.03,252.36,264.04,277.65,56.09,49.33,15.5,31.71,14.93,4.06,3.6,4.4,2.28,3.47,11.75,1704.15,0.008059
Guilin,110.0,25.0,2007,12,2007-12,0.607,3.228,6.116,6.591,7.504,0.001533,0.004129,0.001823,0.001701,0.001383,-52.37,-7.44,3.08,7.72,9.95,12.99,-30.49,-7.04,4.25,6.53,9.56,270.01,267.32,261.61,214.12,91.36,63.72,42.07,24.77,12.54,2.92,2.53,1.81,9.29,9.35,433.99,0.010569
Guilin,110.0,25.0,2008,1,2008-01,0.694,3.087,5.028,4.6,4.808,0.001903,0.005385,0.002359,0.001459,0.001144,-52.45,-8.61,5.71,4.92,5.22,7.69,-29.07,-7.62,1.51,1.46,3.17,249.45,254.89,252.23,203.17,85.21,54.06,47.58,26.89,17.11,4.6,3.11,2.33,1.71,13.31,426.35,0.01225
Guilin,110.0,25.0,2008,2,2008-02,0.541,3.627,3.763,4.03,4.618,0.001657,0.005046,0.000181,0.001644,0.001317,-50.65,-8.2,-0.26,1.94,3.94,7.22,-31.7,-5.52,-2.44,-0.36,2.6,254.56,265.76,262.97,72.72,52.41,35.39,42.31,30.04,13.64,0.47,4.0,2.8,2.44,19.37,547.71,0.009845
Guilin,110.0,25.0,2008,3,2008-03,1.142,4.466,7.522,8.827,10.951,0.00232,0.0044,0.003056,0.002069,0.00153,-52.2,-11.14,3.87,11.0,14.76,18.6,-23.62,-2.77,7.2,10.79,15.23,269.56,268.99,259.2,200.57,144.03,123.69,47.69,19.92,9.66,3.98,2.3,1.37,22.71,-0.75,474.68,0.013374
Guilin,110.0,25.0,2008,4,2008-04,1.293,5.655,10.609,12.335,15.226,0.002206,0.006193,0.005871,0.00367,0.002671,-52.32,-6.82,8.15,14.75,18.12,22.39,-22.22,0.43,12.26,15.84,20.36,268.11,262.86,247.33,197.7,151.33,125.54,32.67,16.73,10.74,5.43,2.92,1.72,26.1,-7.48,311.88,0.020611
Guilin,110.0,25.0,2008,5,2008-05,3.131,6.854,11.306,14.173,17.403,0.003116,0.003582,0.003442,0.002458,0.00166,-50.66,-4.95,9.16,16.69,20.67,24.55,-11.71,3.09,13.21,17.98,22.48,285.71,263.65,247.64,197.95,158.26,118.76,18.43,9.76,5.13,2.99,1.7,0.94,28.78,-9.22,435.22,0.014258
Guilin,110.0,25.0,2008,6,2008-06,2.949,7.722,12.378,16.155,20.047,0.001457,0.003415,0.00475,0.003837,0.00299,-50.02,-3.63,10.55,18.55,22.41,26.19,-12.45,4.77,14.58,20.03,24.76,279.92,253.7,230.99,200.7,172.6,115.51,8.18,4.84,4.34,3.76,2.33,1.46,30.97,-12.4,496.68,0.016449
Guilin,110.0,25.0,2008,7,2008-07,2.476,7.422,12.13,16.656,21.096,0.001066,0.004398,0.008182,0.008005,0.005495,-48.65,-3.3,11.28,20.1,23.95,27.5,-14.59,4.21,14.27,20.51,25.59,62.98,205.84,209.26,205.71,189.4,167.11,5.04,4.22,5.81,6.62,4.71,2.55,30.59,-13.0,728.99,0.027147
Guilin,110.0,25.0,2008,8,2008-08,2.714,7.202,12.352,16.615,21.197,0.000646,0.002409,0.004532,0.003964,0.002596,-49.52,-3.22,11.56,19.91,23.83,27.4,-13.47,3.78,14.54,20.47,25.66,35.76,161.25,190.01,183.82,168.16,129.26,9.51,2.33,3.28,3.6,2.34,1.2,29.9,-13.29,670.82,0.014147
Guilin,110.0,25.0,2008,9,2008-09,2.115,6.63,11.533,15.177,19.52,0.000595,0.001726,0.003355,0.003602,0.002393,-50.22,-3.46,10.46,18.85,22.54,26.04,-16.49,2.63,13.51,19.05,24.33,27.32,124.96,142.32,108.82,71.72,46.35,1.02,2.76,2.55,2.85,2.33,1.2,27.98,-10.43,668.01,0.01167
Guilin,110.0,25.0,2008,10,2008-10,2.225,5.542,9.728,12.119,14.506,0.001862,0.001887,0.002408,0.004244,0.002618,-51.56,-5.34,9.37,15.36,19.2,22.63,-15.88,0.15,10.96,15.57,19.59,267.26,244.84,236.98,122.38,73.94,39.27,16.13,8.21,3.34,2.43,3.43,1.77,22.44,-4.44,549.6,0.013019
Guilin,110.0,25.0,2008,11,2008-11,0.992,3.679,5.725,6.864,8.198,0.001711,0.002814,0.000982,0.002745,0.001746,-51.57,-8.21,4.49,9.9,12.36,15.11,-25.19,-5.34,3.32,7.11,10.87,263.96,266.44,262.18,87.27,58.66,27.67,36.28,16.91,7.5,1.68,3.92,2.09,11.6,7.49,823.03,0.009998
Guilin,110.0,25.0,2008,12,2008-12,0.553,2.611,4.308,4.388,4.669,0.00118,0.00216,0.000787,0.001176,0.000733,-51.72,-9.77,2.59,7.16,9.49,11.87,-31.47,-9.75,-0.62,0.8,2.75,265.98,269.89,250.34,167.75,80.36,49.48,43.75,20.93,8.11,1.79,2.63,1.54,3.97,11.8,971.93,0.006035
Guilin,110.0,25.0,2009,1,2009-01,0.261,2.989,3.882,3.884,4.242,0.000627,0.002788,0.000523,0.001392,0.001034,-52.0,-10.51,0.74,4.42,6.19,8.84,-39.03,-8.03,-2.02,-0.87,1.42,263.02,273.72,260.82,157.31,70.38,46.02,50.85,23.56,9.15,1.32,3.51,2.39,4.14,14.54,805.56,0.006364
Guilin,110.0,25.0,2009,2,2009-02,0.398,3.616,8.825,9.765,11.393,0.00096,0.005194,0.00808,0.004884,0.00366,-52.1,-6.42,5.83,12.75,15.9,19.83,-34.85,-5.56,9.53,12.3,15.84,251.0,258.3,245.82,203.08,165.11,142.22,37.5,23.66,14.09,8.98,4.9,3.15,17.31,-0.82,402.78,0.022778
Guilin,110.0,25.0,2009,3,2009-03,1.019,4.287,7.919,9.121,10.985,0.002294,0.006396,0.004295,0.002579,0.002079,-52.96,-8.66,6.98,11.17,12.91,16.86,-24.89,-3.32,7.95,11.28,15.28,254.83,258.53,255.43,207.67,127.82,94.64,42.83,22.08,14.63,5.32,2.77,1.86,17.48,0.62,402.84,0.017642
Guilin,110.0,25.0,2009,4,2009-04,1.374,6.171,9.259,11.156,13.956,0.001985,0.005561,0.004278,0.003878,0.002751,-50.87,-7.51,6.77,13.38,16.89,20.93,-21.53,1.63,10.23,14.31,18.99,273.56,267.09,252.75,181.01,128.45,106.84,35.26,14.17,8.84,4.53,3.41,1.93,25.99,-3.56,393.26,0.018453
Guilin,110.0,25.0,2009,5,2009-05,2.66,7.551,11.302,13.873,17.283,0.001726,0.004187,0.005383,0.004169,0.002598,-50.53,-4.72,9.11,15.87,20.09,24.13,-13.72,4.45,13.2,17.65,22.37,286.62,267.93,233.3,179.26,144.53,126.17,12.48,6.36,5.44,4.67,2.95,1.47,29.14,-8.17,333.29,0.018063
Guilin,110.0,25.0,2009,6,2009-06,3.571,8.007,12.788,16.816,20.905,0.001752,0.004004,0.006929,0.006404,0.004494,-49.05,-3.09,11.39,19.58,23.44,27.06,-10.06,5.28,15.07,20.66,25.44,347.17,260.07,227.23,199.46,177.08,143.29,6.71,4.81,4.9,5.31,3.73,2.11,31.63,-13.92,563.57,0.023583
Guilin,110.0,25.0,2009,7,2009-07,2.758,7.902,13.239,17.401,21.505,0.000993,0.004605,0.008911,0.007599,0.005009,-47.8,-1.68,12.03,20.05,24.17,27.78,-13.28,5.09,15.6,21.2,25.9,65.3,157.36,190.48,188.98,170.19,144.08,14.0,3.53,5.72,6.6,4.28,2.28,30.39,-14.12,556.23,0.027118
Guilin,110.0,25.0,2009,8,2009-08,2.557,6.953,12.357,16.544,21.531,0.00062,0.001309,0.002174,0.001606,0.001453,-48.53,-3.02,11.87,20.69,24.57,27.88,-14.2,3.29,14.55,20.4,25.92,64.62,115.38,129.73,122.22,86.39,63.05,9.75,2.38,1.85,1.73,0.95,0.66,29.68,-13.88,767.64,0.007163
Guilin,110.0,25.0,2009,9,2009-09,2.083,6.895,12.121,15.54,19.88,0.000797,0.001613,0.004082,0.004261,0.002956,-49.28,-3.14,10.92,19.18,23.03,26.44,-16.67,3.17,14.26,19.42,24.62,134.69,140.84,129.52,99.23,61.81,26.92,1.31,3.75,2.29,3.3,2.69,1.46,28.83,-11.9,615.3,0.013709
Guilin,110.0,25.0,2009,10,2009-10,1.74,6.678,8.649,10.418,13.19,0.001746,0.002372,0.002831,0.00432,0.002935,-50.86,-4.36,8.4,15.33,19.47,22.41,-18.8,2.73,9.23,13.27,18.1,274.2,276.36,264.89,89.82,61.99,36.24,15.14,9.84,3.48,3.21,4.07,2.18,23.25,-0.8,762.48,0.014204
Guilin,110.0,25.0,2009,11,2009-11,1.034,3.863,5.67,6.778,7.87,0.001911,0.003061,0.000634,0.002053,0.001483,-52.56,-6.08,5.44,9.32,10.61,13.59,-24.73,-4.69,3.18,6.93,10.27,269.91,266.71,255.7,137.59,62.74,37.3,33.23,18.12,7.77,1.1,2.97,1.85,8.45,10.28,767.41,0.009142
Guilin,110.0,25.0,2009,12,2009-12,0.407,3.521,5.896,6.451,7.476,0.001076,0.004303,0.002264,0.00202,0.00163,-53.09,-10.31,2.17,6.43,8.3,11.49,-34.62,-5.91,3.73,6.22,9.51,268.42,270.02,257.71,196.51,104.72,70.89,56.69,25.93,11.98,3.77,3.07,2.14,12.39,8.19,337.23,0.011293
Guilin,110.0,25.0,2010,1,2010-01,0.744,3.265,6.495,7.1,8.144,0.001871,0.004209,0.00376,0.002109,0.001486,-52.64,-8.55,4.06,7.84,8.63,11.59,-28.33,-6.89,5.1,7.61,10.78,258.89,267.28,252.08,210.72,134.72,95.77,47.35,24.67,12.64,5.68,2.91,1.79,10.54,7.23,342.42,0.013436
Guilin,110.0,25.0,2010,2,2010-02,0.329,2.999,7.205,8.309,9.663,0.000934,0.005417,0.005931,0.003242,0.002469,-53.22,-10.25,4.96,10.07,11.72,15.01,-36.76,-7.99,6.58,9.9,13.33,263.84,263.32,251.53,211.68,155.78,121.79,60.79,27.84,17.71,8.07,3.83,2.51,13.96,1.77,435.91,0.017993
Guilin,110.0,25.0,2010,3,2010-03,0.771,4.146,8.011,9.275,11.072,0.001759,0.005791,0.004948,0.003211,0.002436,-52.19,-9.13,6.6,11.69,14.21,18.1,-27.94,-3.76,8.11,11.53,15.4,261.69,261.28,250.73,201.91,152.08,126.71,51.49,22.37,13.7,6.06,3.4,2.16,18.57,-0.57,446.91,0.018145
Guilin,110.0,25.0,2010,4,2010-04,1.403,6.162,9.778,11.481,14.095,0.002565,0.007946,0.005493,0.00361,0.002632,-52.04,-7.52,7.84,13.24,15.55,19.62,-21.29,1.61,11.04,14.75,19.14,267.52,263.63,251.18,198.63,135.53,98.79,41.57,17.93,12.65,5.51,3.08,1.83,25.57,-4.69,274.87,0.022246
Guilin,110.0,25.0,2010,5,2010-05,2.543,7.641,12.734,15.423,18.752,0.003216,0.007111,0.008641,0.005852,0.004406,-49.81,-4.03,10.81,17.54,21.02,24.88,-14.27,4.62,15.01,19.3,23.68,284.93,265.37,245.74,195.25,153.5,118.23,23.48,12.4,9.13,6.65,3.72,2.3,30.39,-12.68,316.4,0.029225
Guilin,110.0,25.0,2010,6,2010-06,4.302,9.378,13.56,16.476,19.703,0.004209,0.008016,0.007196,0.004583,0.003439,-49.01,-3.02,10.98,18.11,21.96,25.62,-7.69,7.55,15.97,20.34,24.48,301.39,264.5,247.78,208.58,163.82,106.64,12.83,9.59,8.38,5.2,2.73,1.71,33.66,-14.3,267.67,0.027443
Guilin,110.0,25.0,2010,7,2010-07,2.972,8.069,13.326,17.646,21.703,0.001162,0.006128,0.012664,0.011392,0.007565,-48.38,-2.7,12.27,20.75,24.62,28.08,-12.36,5.39,15.7,21.42,26.05,58.65,194.65,207.6,199.95,179.0,161.94,9.92,3.83,7.45,9.32,6.33,3.42,32.27,-16.07,631.29,0.038911
Guilin,110.0,25.0,2010,8,2010-08,2.718,7.705,12.313,16.065,20.919,0.000908,0.002384,0.004552,0.004216,0.002712,-49.11,-2.85,11.57,20.09,23.9,27.3,-13.45,4.74,14.5,19.94,25.45,61.72,121.89,159.95,174.78,157.62,140.43,7.62,3.27,3.03,3.63,2.57,1.27,30.6,-13.0,699.35,0.014771
Guilin,110.0,25.0,2010,9,2010-09,2.889,8.345,12.799,15.764,19.961,0.000194,0.001239,0.002279,0.002112,0.002312,-50.48,-3.25,10.76,18.84,22.52,26.01,-12.7,5.87,15.09,19.64,24.69,53.49,70.46,217.18,163.02,94.36,50.0,3.83,0.66,1.46,1.75,1.31,1.14,32.29,-13.37,469.35,0.008135
Guilin,110.0,25.0,2010,10,2010-10,2.428,6.374,8.119,10.489,12.854,0.002053,0.000975,0.004101,0.006234,0.004296,-51.18,-5.35,8.55,13.49,16.2,19.63,-14.83,2.08,8.31,13.38,17.7,278.84,275.68,299.13,70.54,50.08,21.48,15.95,8.29,1.5,4.95,5.83,3.28,20.68,1.25,647.74,0.017658
Guilin,110.0,25.0,2010,11,2010-11,0.762,3.828,4.931,6.619,8.066,0.001431,0.002564,0.000586,0.00216,0.001527,-52.12,-8.49,4.56,10.16,13.27,15.98,-28.07,-4.81,1.24,6.59,10.63,269.48,267.91,263.79,84.09,61.43,27.95,38.83,18.41,6.57,1.17,3.2,1.86,10.51,8.86,1115.52,0.008268
Guilin,110.0,25.0,2010,12,2010-12,0.937,3.774,4.95,5.475,6.434,0.002634,0.004477,0.000726,0.001277,0.00105,-52.49,-8.11,3.21,7.84,9.69,12.48,-25.82,-5.0,1.29,3.89,7.32,264.0,271.37,266.45,199.06,78.4,51.34,45.17,27.57,11.63,1.44,2.29,1.6,9.03,11.32,818.66,0.010164
Guilin,110.0,25.0,2011,1,2011-01,0.487,3.473,3.778,3.156,3.222,0.001505,0.005548,0.00041,0.001607,0.001251,-52.07,-10.19,0.65,0.78,0.58,3.33,-32.79,-6.09,-2.39,-3.66,-2.33,251.71,264.51,263.36,184.32,56.85,34.73,51.02,30.31,15.66,1.06,4.99,3.81,1.85,18.39,395.94,0.01032
Guilin,110.0,25.0,2011,2,2011-02,0.405,2.913,6.783,7.237,8.177,0.000969,0.004124,0.003859,0.002301,0.001866,-51.43,-10.41,4.11,7.68,9.97,13.53,-34.67,-8.36,5.72,7.88,10.83,262.76,270.15,259.96,208.36,140.34,110.95,45.52,23.46,13.88,5.58,3.12,2.24,11.34,4.84,245.08,0.013119
Guilin,110.0,25.0,2011,3,2011-03,1.115,4.412,6.067,6.742,8.111,0.002612,0.005579,0.001248,0.002129,0.001737,-52.1,-9.59,3.81,6.78,9.19,13.18,-23.89,-2.93,4.14,6.86,10.71,254.8,263.0,259.17,175.17,76.37,54.49,46.24,22.97,12.4,2.02,3.1,2.1,13.77,8.18,330.61,0.013306
Guilin,110.0,25.0,2011,4,2011-04,1.315,5.155,9.401,11.098,13.781,0.002187,0.004158,0.00419,0.002697,0.002093,-52.93,-7.4,7.03,13.99,18.09,22.16,-22.03,-0.83,10.46,14.23,18.79,266.54,272.11,260.03,201.75,169.11,161.2,37.64,16.31,7.91,4.37,2.38,1.49,23.98,-4.38,441.48,0.015325
Guilin,110.0,25.0,2011,5,2011-05,2.171,5.877,10.303,13.291,16.54,0.002047,0.003597,0.003315,0.002215,0.001751,-50.69,-4.82,10.26,16.15,19.81,23.54,-16.18,0.96,11.82,16.99,21.67,282.15,262.17,249.72,200.79,136.74,97.19,19.63,9.25,6.0,3.16,1.63,1.04,23.48,-6.1,541.67,0.012925
Guilin,110.0,25.0,2011,6,2011-06,3.7,9.378,13.888,17.396,21.226,0.001929,0.005789,0.00959,0.007779,0.004932,-49.18,-2.66,11.56,19.51,23.59,27.24,-9.62,7.55,16.33,21.2,25.69,316.69,235.04,219.37,195.68,168.02,132.87,5.26,5.11,6.05,6.77,4.39,2.28,34.49,-16.19,396.98,0.030019
Guilin,110.0,25.0,2011,7,2011-07,2.449,7.446,12.41,16.804,21.247,0.000522,0.002207,0.004469,0.003744,0.00271,-48.41,-2.64,12.19,20.46,24.47,27.95,-14.73,4.25,14.61,20.65,25.7,80.24,174.51,203.3,189.78,169.72,140.84,7.78,2.09,2.91,3.53,2.19,1.25,29.78,-13.4,730.74,0.013653
Guilin,110.0,25.0,2011,8,2011-08,2.751,6.68,11.765,15.929,20.67,0.00049,0.001677,0.003277,0.002586,0.00155,-49.14,-3.69,11.21,20.06,23.96,27.32,-13.31,2.73,13.81,19.81,25.25,95.58,215.69,196.52,191.19,177.12,157.62,4.01,1.75,2.46,2.73,1.59,0.74,29.08,-12.44,781.8,0.009581
Guilin,110.0,25.0,2011,9,2011-09,2.792,8.15,11.795,14.362,18.345,0.000498,0.002191,0.005011,0.005609,0.004485,-50.12,-3.38,10.53,17.87,21.3,24.74,-13.13,5.53,13.85,18.19,23.33,60.36,108.33,139.0,100.23,61.63,27.85,6.59,1.75,2.64,4.17,3.83,2.4,30.1,-10.03,502.99,0.017795
Guilin,110.0,25.0,2011,10,2011-10,2.341,6.867,9.339,10.943,13.341,0.002116,0.002156,0.003133,0.004951,0.003311,-51.84,-6.21,8.02,13.63,16.74,20.17,-15.27,3.12,10.36,14.02,18.28,265.12,252.2,234.92,98.92,64.07,30.36,18.94,8.86,3.08,3.29,4.44,2.43,25.3,-2.7,408.66,0.015667
Guilin,110.0,25.0,2011,11,2011-11,0.735,3.915,7.666,9.193,11.21,0.000967,0.002097,0.00202,0.003072,0.00141,-52.09,-9.17,4.97,12.69,16.06,19.08,-28.46,-4.52,7.48,11.4,15.59,251.54,244.53,229.94,129.98,86.15,70.1,32.62,12.9,5.25,2.58,3.28,1.23,19.85,-0.72,651.83,0.009566
Guilin,110.0,25.0,2011,12,2011-12,0.76,3.472,4.106,3.953,4.545,0.00193,0.004209,0.000664,0.00216,0.001472,-51.72,-6.66,2.13,4.89,6.15,8.27,-28.1,-6.09,-1.27,-0.63,2.38,262.68,265.49,261.92,70.08,57.5,34.09,39.49,24.91,11.89,1.58,5.36,3.18,2.06,17.44,769.57,0.010435
Guilin,110.0,25.0,2012,1,2012-01,0.691,3.285,5.561,5.379,6.095,0.00221,0.006162,0.002136,0.00204,0.001941,-51.98,-8.29,2.54,4.1,4.41,7.56,-29.12,-6.81,2.91,3.64,6.54,255.25,261.94,257.95,215.93,77.42,56.36,45.81,31.37,18.4,3.77,3.72,3.12,5.95,13.14,148.43,0.014489
Guilin,110.0,25.0,2012,2,2012-02,0.338,3.56,6.649,6.775,7.849,0.000975,0.006679,0.004346,0.002411,0.002234,-52.11,-8.66,4.39,6.48,7.3,10.85,-36.49,-5.77,5.44,6.93,10.23,255.09,263.65,254.17,204.13,109.94,78.01,44.62,28.28,18.4,6.41,3.49,2.79,10.42,8.03,130.57,0.016644
Guilin,110.0,25.0,2012,3,2012-03,0.692,4.571,7.991,9.24,11.259,0.001664,0.007281,0.004806,0.003391,0.002652,-51.71,-8.39,5.69,10.98,13.17,16.91,-29.1,-2.46,8.08,11.48,15.66,255.72,260.48,249.7,197.67,127.89,99.22,40.81,23.57,15.62,5.9,3.6,2.31,19.3,0.9,362.63,0.019793
Guilin,110.0,25.0,2012,4,2012-04,1.147,5.74,11.003,13.386,16.236,0.002191,0.007243,0.006824,0.004462,0.003568,-52.96,-7.68,8.08,15.79,18.81,22.62,-23.57,0.63,12.8,17.1,21.38,262.09,260.63,250.85,204.37,149.28,106.16,40.12,18.73,12.37,6.08,3.27,2.16,28.82,-10.32,373.67,0.024288
Guilin,110.0,25.0,2012,5,2012-05,2.916,8.577,12.969,16.022,19.505,0.002592,0.006147,0.005705,0.004573,0.004087,-50.15,-4.08,10.65,17.95,21.58,25.43,-12.59,6.26,15.29,19.9,24.32,281.0,256.6,238.62,182.39,122.9,81.04,10.95,8.72,7.03,4.31,2.8,2.06,32.93,-13.73,332.84,0.023104
Guilin,110.0,25.0,2012,6,2012-06,4.256,9.577,13.497,16.926,20.756,0.002022,0.002929,0.003607,0.003766,0.004104,-48.72,-2.47,11.41,19.24,23.1,26.85,-7.83,7.85,15.9,20.77,25.32,324.11,254.05,229.19,154.22,108.43,72.59,9.16,4.66,3.0,2.62,2.18,1.94,34.05,-14.74,417.97,0.016428
Guilin,110.0,25.0,2012,7,2012-07,2.987,8.615,13.298,17.376,21.485,0.001068,0.004856,0.008936,0.007647,0.00532,-48.59,-2.82,11.93,20.12,24.21,27.74,-12.29,6.32,15.67,21.18,25.88,56.41,156.29,190.21,187.06,167.28,144.22,11.19,3.51,5.53,6.59,4.32,2.43,33.0,-15.48,556.49,0.027827
Guilin,110.0,25.0,2012,8,2012-08,3.111,7.644,12.638,16.524,21.422,0.001084,0.002327,0.003776,0.003327,0.002873,-48.56,-2.71,11.4,20.27,24.3,27.63,-11.79,4.62,14.89,20.38,25.84,71.08,65.08,65.67,75.77,56.15,44.38,8.2,3.42,2.99,2.93,1.97,1.32,31.09,-13.86,672.36,0.013388
Guilin,110.0,25.0,2012,9,2012-09,3.172,7.492,10.274,13.55,17.272,0.001443,0.001691,0.002385,0.003844,0.002972,-50.86,-4.07,9.92,16.79,20.5,23.91,-11.55,4.34,11.77,17.29,22.36,341.07,271.93,237.17,105.81,63.99,28.69,8.42,4.46,2.21,2.28,2.78,1.69,27.05,-5.9,627.0,0.012334
Guilin,110.0,25.0,2012,10,2012-10,1.718,6.814,9.408,11.487,14.134,0.001667,0.003295,0.002754,0.00286,0.001629,-51.5,-5.05,8.15,14.62,18.63,21.99,-18.94,3.01,10.47,14.75,19.18,268.45,263.67,241.81,148.97,92.11,59.12,14.44,9.52,4.74,2.87,2.44,1.13,25.0,-2.66,518.92,0.012206
Guilin,110.0,25.0,2012,11,2012-11,1.112,5.26,8.206,9.008,10.9,0.002533,0.007158,0.004618,0.002695,0.001813,-52.51,-8.27,6.19,11.51,12.89,16.32,-23.92,-0.56,8.46,11.1,15.16,269.35,264.58,254.84,207.4,127.1,87.54,45.92,22.34,13.34,5.52,2.93,1.63,21.49,-0.0,380.63,0.018818
Guilin,110.0,25.0,2012,12,2012-12,0.503,3.53,6.124,6.436,7.469,0.001427,0.005135,0.00242,0.001641,0.001308,-52.59,-8.74,3.04,6.94,7.77,10.63,-32.45,-5.88,4.27,6.19,9.5,266.27,268.66,257.0,212.46,97.35,56.4,53.28,27.83,14.27,3.88,2.5,1.72,11.03,8.75,334.1,0.011931
Guilin,110.0,25.0,2013,1,2013-01,0.438,3.131,5.474,5.712,6.375,0.001315,0.004438,0.002257,0.001243,0.000982,-52.31,-8.88,2.27,5.32,6.48,9.16,-33.88,-7.43,2.69,4.49,7.19,257.8,265.81,260.48,216.76,112.6,76.61,51.54,29.44,13.9,4.04,2.13,1.51,7.19,11.63,328.6,0.010236
Guilin,110.0,25.0,2013,2,2013-02,0.808,3.872,8.146,8.874,10.367,0.001953,0.006639,0.006846,0.003492,0.002414,-52.45,-7.46,6.99,10.11,11.6,15.39,-27.44,-4.66,8.36,10.88,14.4,255.85,261.53,254.97,216.56,165.75,141.22,38.79,23.71,16.82,8.24,3.86,2.28,14.27,2.28,218.86,0.021344
Guilin,110.0,25.0,2013,3,2013-03,0.755,4.576,8.552,10.252,12.243,0.001445,0.005134,0.003995,0.002514,0.001737,-50.85,-10.03,5.74,12.4,15.54,19.18,-28.17,-2.44,9.07,13.03,16.95,258.47,263.85,256.12,209.42,146.71,117.85,45.67,18.77,11.0,4.58,2.4,1.39,23.32,-3.44,416.57,0.014824
Guilin,110.0,25.0,2013,4,2013-04,1.397,5.793,10.168,12.206,14.879,0.00265,0.006708,0.004857,0.00289,0.001888,-51.1,-7.99,7.64,13.85,17.09,20.98,-21.34,0.76,11.62,15.68,19.99,263.68,265.37,258.83,208.42,152.0,111.2,44.4,18.6,11.36,4.68,2.32,1.24,26.58,-6.7,278.5,0.018992
Guilin,110.0,25.0,2013,5,2013-05,2.675,7.063,12.02,15.345,18.721,0.002998,0.005883,0.006786,0.004747,0.003212,-49.58,-4.88,9.96,17.58,21.18,24.94,-13.65,3.51,14.13,19.22,23.65,272.1,257.71,244.94,210.5,174.51,129.94,18.58,10.99,8.17,5.54,3.03,1.68,30.14,-11.8,430.97,0.023627
Guilin,110.0,25.0,2013,6,2013-06,3.477,8.308,13.276,16.794,20.436,0.000925,0.003382,0.006553,0.005286,0.003756,-48.67,-2.91,11.76,19.03,23.06,26.79,-10.4,5.81,15.64,20.64,25.07,24.0,232.47,220.83,191.08,162.27,128.01,3.2,2.61,3.99,4.84,3.09,1.8,31.63,-14.41,423.28,0.019901
Guilin,110.0,25.0,2013,7,2013-07,3.133,8.204,12.91,17.009,21.038,0.001237,0.005751,0.011636,0.010167,0.00694,-48.44,-2.96,11.67,19.81,23.86,27.5,-11.7,5.63,15.22,20.84,25.54,70.27,153.3,193.29,191.22,174.03,161.62,15.02,3.87,6.87,8.84,5.86,3.24,31.94,-14.33,574.25,0.035731
Guilin,110.0,25.0,2013,8,2013-08,3.444,8.271,13.089,16.764,21.587,0.001355,0.003183,0.00425,0.002723,0.001723,-48.96,-3.33,11.68,20.37,24.28,27.81,-10.52,5.74,15.43,20.61,25.96,86.84,129.43,143.4,150.46,141.12,100.3,5.45,3.86,3.77,3.18,1.59,0.78,33.19,-15.71,618.04,0.013233
Guilin,110.0,25.0,2013,9,2013-09,2.713,7.219,11.373,14.17,18.267,0.000473,0.001461,0.003666,0.004459,0.003921,-50.09,-4.03,10.25,17.77,21.31,24.78,-13.48,3.82,13.3,17.98,23.26,329.26,180.33,141.34,88.37,53.17,14.3,3.07,1.71,1.98,3.16,3.09,2.11,28.66,-9.53,559.21,0.013981
Guilin,110.0,25.0,2013,10,2013-10,2.16,5.716,7.528,9.854,12.155,0.001985,0.001077,0.002957,0.004634,0.00331,-51.33,-6.08,7.29,13.9,17.67,20.71,-16.24,0.58,7.21,12.43,16.84,265.89,271.53,287.65,56.43,41.57,8.62,17.01,9.01,1.85,3.85,4.61,2.67,20.48,1.56,836.03,0.013962
Guilin,110.0,25.0,2013,11,2013-11,0.896,4.877,6.776,7.826,9.475,0.001587,0.003528,0.001647,0.002677,0.001331,-51.94,-7.75,4.56,10.73,13.52,16.59,-26.31,-1.58,5.7,9.02,13.04,267.28,268.28,250.82,130.24,75.67,37.04,36.72,17.37,7.09,2.38,3.35,1.38,18.04,4.67,628.47,0.01077
Guilin,110.0,25.0,2013,12,2013-12,0.665,2.778,3.578,4.027,4.635,0.001814,0.002351,0.001137,0.001883,0.001184,-51.47,-9.19,0.84,3.99,6.41,8.96,-29.53,-8.96,-3.12,-0.37,2.65,261.36,267.66,272.83,48.64,47.3,20.32,51.36,26.75,8.3,3.12,4.59,2.51,0.26,16.97,888.56,0.00837
Guilin,110.0,25.0,2014,1,2014-01,0.426,2.28,4.654,5.343,6.071,0.00113,0.002298,0.001349,0.001169,0.000768,-51.74,-9.74,2.33,6.21,9.37,12.25,-34.16,-11.45,0.44,3.54,6.48,258.83,274.26,265.94,194.67,125.32,106.39,46.09,26.0,9.88,2.84,2.14,1.24,2.61,11.88,720.98,0.006713
Guilin,110.0,25.0,2014,2,2014-02,0.529,3.679,6.165,6.783,7.887,0.001486,0.005702,0.003088,0.001933,0.001749,-51.75,-8.32,2.94,6.04,7.55,11.08,-31.93,-5.33,4.36,6.95,10.3,269.01,270.77,256.69,202.13,116.57,86.31,46.96,27.55,15.2,4.91,2.8,2.17,10.45,9.91,209.72,0.013958
Guilin,110.0,25.0,2014,3,2014-03,0.815,5.143,8.566,9.607,11.682,0.001925,0.00814,0.005168,0.002755,0.002006,-51.36,-10.37,5.55,10.64,12.73,16.77,-27.34,-0.87,9.09,12.06,16.23,260.77,265.42,256.78,212.86,147.04,111.23,48.37,23.16,15.52,5.92,2.81,1.68,23.69,-2.13,193.4,0.019995
Guilin,110.0,25.0,2014,4,2014-04,1.18,6.333,11.284,13.552,16.434,0.001891,0.006948,0.00654,0.004487,0.003062,-51.48,-6.9,8.07,14.66,18.18,22.3,-23.25,1.99,13.18,17.29,21.57,261.86,262.47,252.47,199.74,153.28,129.0,34.76,15.72,10.76,5.68,3.25,1.83,28.66,-9.12,184.91,0.022929
Guilin,110.0,25.0,2014,5,2014-05,2.286,8.385,13.3,15.975,19.066,0.002555,0.008409,0.008345,0.004778,0.00334,-51.05,-4.55,10.07,17.55,21.14,24.86,-15.56,5.94,15.67,19.86,23.95,277.26,260.44,245.23,208.65,171.37,112.23,16.29,10.96,9.83,6.15,2.93,1.72,33.64,-14.62,234.66,0.027427
Guilin,110.0,25.0,2014,6,2014-06,4.037,10.054,14.174,17.557,21.595,0.001951,0.004086,0.003792,0.002829,0.00304,-48.1,-2.32,12.14,19.74,23.8,27.49,-8.51,8.55,16.65,21.34,25.97,316.53,255.08,229.27,176.94,131.15,74.45,5.55,4.74,3.99,2.62,1.58,1.38,35.12,-16.8,386.58,0.015698
Guilin,110.0,25.0,2014,7,2014-07,3.244,8.559,13.352,16.776,21.979,0.001095,0.003822,0.005795,0.004339,0.002572,-48.49,-2.73,12.06,20.74,24.81,28.17,-11.27,6.23,15.73,20.62,26.26,27.49,181.56,183.67,183.1,175.93,138.53,3.62,3.31,4.38,4.26,2.54,1.15,33.37,-16.15,626.31,0.017623
Guilin,110.0,25.0,2014,8,2014-08,3.409,9.007,13.398,16.787,21.498,0.00061,0.00294,0.004326,0.002938,0.001873,-48.96,-2.61,11.42,19.73,23.68,27.3,-10.65,6.96,15.78,20.63,25.89,56.17,172.47,201.44,189.82,174.99,117.17,8.17,1.76,3.2,3.17,1.72,0.85,33.67,-15.13,493.37,0.012687
Guilin,110.0,25.0,2014,9,2014-09,2.5019,8.1399,12.5154,15.5648,19.9247,0.000485,0.00218,0.003782,0.002902,0.002349,-50.06,-3.2,10.94,18.79,22.81,26.3,-14.47,5.52,14.74,19.44,24.66,83.82,185.22,167.55,142.33,103.97,76.82,4.16,1.9,2.63,2.96,1.83,1.16,31.31,-12.56,505.24,0.011698
Guilin,110.0,25.0,2014,10,2014-10,1.4372,4.8069,8.7216,11.816,14.6978,0.001128,0.001127,0.001715,0.002615,0.001319,-51.53,-5.62,8.59,15.13,19.45,22.55,-21.01,-1.78,9.35,15.18,19.8,261.38,258.37,250.3,129.88,83.51,39.26,16.81,7.7,2.3,1.93,2.17,0.88,19.73,-2.05,722.09,0.007904
Guilin,110.0,25.0,2014,11,2014-11,0.7919,5.4556,8.1926,9.406,11.1721,0.001613,0.005804,0.002524,0.002058,0.001526,-52.15,-7.28,4.64,10.45,13.23,16.75,-27.65,-0.06,8.44,11.74,15.54,272.77,265.34,250.37,198.03,98.55,54.29,38.16,19.98,10.43,3.02,2.15,1.34,21.47,2.03,250.69,0.013525
Guilin,110.0,25.0,2014,12,2014-12,0.624,3.247,3.9002,4.2223,4.9269,0.001624,0.003589,0.000608,0.001774,0.001221,-52.47,-7.14,2.87,5.32,6.38,8.91,-30.2,-6.96,-1.96,0.27,3.51,265.39,269.87,262.07,91.24,57.65,21.8,45.36,25.52,10.84,1.53,4.12,2.43,0.67,17.06,910.26,0.008815
Guilin,110.0,25.0,2015,1,2015-01,0.9336,3.3394,5.2062,6.0077,6.9046,0.002311,0.003822,0.001381,0.001349,0.00078,-52.69,-9.66,3.17,6.31,8.88,11.99,-25.86,-6.6,1.99,5.21,8.35,252.63,264.71,260.79,195.17,106.6,76.74,45.6,24.27,11.22,2.6,2.2,1.11,8.18,10.57,539.78,0.009642
Guilin,110.0,25.0,2015,2,2015-02,0.5027,3.6754,7.0349,8.1376,9.5714,0.001211,0.004846,0.004276,0.002401,0.001601,-52.79,-11.73,1.84,8.28,10.93,14.41,-32.46,-5.35,6.24,9.6,13.19,259.39,265.59,257.03,215.11,155.9,118.52,59.32,23.63,12.93,5.96,2.89,1.64,19.07,2.37,255.47,0.014335
Guilin,110.0,25.0,2015,3,2015-03,0.7365,4.8516,9.6138,10.6585,12.811,0.001587,0.00753,0.007479,0.004041,0.002776,-53.97,-7.98,6.55,11.84,13.87,17.88,-28.43,-1.66,10.79,13.62,17.65,261.92,265.02,254.21,210.9,157.66,123.26,41.01,21.13,15.22,7.63,3.72,2.12,22.4,-3.4,130.75,0.023412
Guilin,110.0,25.0,2015,4,2015-04,1.5555,5.3393,9.1588,11.3151,14.0653,0.002786,0.00607,0.004514,0.002445,0.001854,-52.17,-7.74,7.59,14.74,18.17,21.99,-20.1,-0.36,10.07,14.52,19.11,274.62,264.79,258.19,222.86,176.71,152.97,39.58,17.57,11.15,4.83,2.12,1.29,24.61,-4.86,583.45,0.017669
Guilin,110.0,25.0,2015,5,2015-05,2.7782,8.6019,13.7926,16.6846,19.7025,0.003448,0.008562,0.008881,0.005608,0.003827,-50.21,-3.92,10.66,18.23,21.8,25.52,-13.19,6.3,16.23,20.54,24.48,267.75,262.37,246.31,210.3,172.66,112.37,17.93,12.17,9.76,6.31,3.3,1.9,34.03,-15.91,250.45,0.030326
Guilin,110.0,25.0,2015,6,2015-06,3.5418,9.4876,14.6259,18.1002,21.7775,0.002353,0.009153,0.013966,0.010698,0.006403,-48.49,-2.29,12.32,20.03,23.97,27.64,-10.17,7.71,17.13,21.83,26.11,358.5,232.63,230.36,208.91,185.25,156.26,2.59,6.52,9.46,9.36,5.8,2.88,34.84,-18.21,361.86,0.042573
Guilin,110.0,25.0,2015,7,2015-07,3.7791,8.7852,13.5341,17.071,20.8871,0.000946,0.001302,0.002043,0.002066,0.002841,-48.39,-2.43,11.49,19.24,23.15,26.79,-9.35,6.61,15.94,20.9,25.43,305.39,233.04,189.32,135.35,107.6,70.36,3.38,2.46,1.45,1.48,1.19,1.33,32.73,-14.79,412.75,0.009199
Guilin,110.0,25.0,2015,8,2015-08,3.5867,8.114,12.4948,16.3041,20.7598,0.001014,0.00156,0.001261,0.000657,0.00143,-49.6,-3.22,11.1,19.71,23.81,27.2,-10.01,5.47,14.72,20.17,25.33,349.83,262.61,237.77,182.94,98.21,58.87,6.34,2.77,1.89,0.99,0.4,0.68,32.01,-13.45,624.03,0.005923
Guilin,110.0,25.0,2015,9,2015-09,3.135,9.516,13.1088,15.7898,19.5223,0.00098,0.003339,0.002704,0.002173,0.002272,-49.97,-3.09,10.94,17.98,21.75,25.44,-11.69,7.76,15.45,19.67,24.33,5.37,260.96,246.6,171.23,93.26,42.93,5.11,3.07,3.44,2.02,1.35,1.14,33.33,-13.11,316.23,0.011469
Guilin,110.0,25.0,2015,10,2015-10,2.1085,6.1891,8.7346,11.3031,14.2958,0.001585,0.001497,0.002183,0.003487,0.002515,-50.62,-5.23,8.28,15.22,19.15,22.22,-16.52,1.67,9.37,14.51,19.36,255.82,257.78,237.78,96.08,65.38,28.33,18.38,7.37,2.37,2.45,3.03,1.73,23.22,-1.78,730.59,0.011266
Guilin,110.0,25.0,2015,11,2015-11,1.267,5.5718,9.314,10.8608,12.9891,0.002271,0.00593,0.005552,0.003907,0.002142,-52.75,-7.47,6.47,12.69,14.99,18.35,-22.45,0.23,10.32,13.9,17.87,276.15,258.82,245.23,196.35,134.8,100.81,37.18,17.58,10.44,5.85,3.53,1.62,24.24,-2.99,296.01,0.019802
Guilin,110.0,25.0,2015,12,2015-12,1.0234,4.16,5.9486,6.429,7.4405,0.002819,0.005594,0.001374,0.001859,0.001538,-52.45,-9.43,3.01,6.41,7.46,10.49,-24.84,-3.71,3.86,6.18,9.44,258.57,258.3,253.51,203.48,74.78,37.6,48.45,27.01,13.19,2.26,2.83,2.03,12.98,8.96,319.34,0.013183
Guilin,110.0,25.0,2016,1,2016-01,0.72,3.5077,5.9441,6.4302,7.3034,0.002114,0.005587,0.002143,0.001892,0.001808,-51.6,-11.93,1.39,5.58,6.7,9.78,-28.68,-5.96,3.85,6.18,9.17,260.21,256.92,251.7,211.54,86.54,57.66,60.47,28.79,15.62,3.54,2.89,2.43,14.02,7.24,216.67,0.013544
Guilin,110.0,25.0,2016,2,2016-02,0.5967,3.3837,4.0427,4.9013,5.9182,0.001735,0.003648,0.0001,0.001272,0.001025,-52.34,-8.02,1.01,5.56,7.89,11.3,-30.67,-6.43,-1.48,2.34,6.11,268.11,271.22,265.17,132.99,58.1,41.63,52.77,28.51,10.57,0.24,2.54,1.7,4.67,15.62,880.28,0.00778
Guilin,110.0,25.0,2016,3,2016-03,0.8063,4.474,7.9348,9.0818,10.8822,0.001828,0.005829,0.003476,0.002227,0.001973,-51.43,-10.29,4.88,9.8,12.68,16.5,-27.46,-2.74,7.98,11.22,15.14,268.88,269.31,263.65,214.21,136.6,105.82,55.65,22.23,12.78,4.3,2.41,1.78,20.44,0.25,228.14,0.015333
Guilin,110.0,25.0,2016,4,2016-04,1.4791,6.4682,11.4047,13.9682,16.994,0.002613,0.009016,0.007789,0.004682,0.002908,-52.13,-7.33,8.69,15.82,19.11,23.12,-20.68,2.28,13.34,17.76,22.1,261.89,258.47,251.54,213.67,171.06,129.98,37.76,17.33,13.67,6.7,3.29,1.68,30.09,-10.99,310.53,0.027009
Guilin,110.0,25.0,2016,5,2016-05,2.702,7.5448,12.2173,15.4531,18.5413,0.002962,0.006586,0.007387,0.005309,0.003564,-50.09,-4.21,10.82,17.39,20.89,24.78,-13.53,4.44,14.38,19.33,23.5,277.26,255.93,245.43,203.49,165.9,130.44,24.62,10.75,8.56,5.93,3.37,1.88,29.6,-11.43,376.68,0.025808
Guilin,110.0,25.0,2016,6,2016-06,3.2209,8.2984,13.2143,17.119,21.128,0.002329,0.006517,0.009163,0.00758,0.004805,-48.99,-2.96,11.98,19.99,23.8,27.35,-11.36,5.79,15.57,20.94,25.61,308.45,245.17,230.94,210.11,185.55,152.23,4.06,7.09,7.7,6.8,4.34,2.23,32.33,-15.28,552.19,0.030393
Guilin,110.0,25.0,2016,7,2016-07,3.2758,8.2896,13.0748,17.5236,21.9073,0.00099,0.004933,0.010581,0.010001,0.007059,-48.78,-2.93,12.5,21.15,24.97,28.36,-11.15,5.77,15.41,21.31,26.2,55.13,186.39,215.56,207.45,190.28,171.58,5.4,2.96,5.84,7.94,5.6,3.16,32.76,-16.06,717.19,0.033565
Guilin,110.0,25.0,2016,8,2016-08,3.3861,9.329,13.7188,17.0747,21.8632,0.001702,0.003539,0.005443,0.004059,0.003831,-47.93,-1.88,12.15,20.37,24.35,27.94,-10.73,7.47,16.15,20.9,26.17,76.18,86.44,81.75,83.5,56.87,41.29,8.38,4.93,3.72,3.89,2.33,1.72,33.71,-15.85,527.72,0.018574
Guilin,110.0,25.0,2016,9,2016-09,2.7724,8.0314,11.6554,14.6968,18.4205,0.000649,0.001689,0.005261,0.005754,0.004379,-49.59,-2.58,10.43,17.77,21.87,25.46,-13.21,5.32,13.67,18.55,23.39,306.52,299.24,4.43,45.38,28.27,7.25,4.68,2.29,2.06,4.43,3.84,2.33,28.92,-8.79,513.28,0.017731
Guilin,110.0,25.0,2016,10,2016-10,1.8796,6.6465,10.8978,13.4107,16.0244,0.000963,0.001884,0.004061,0.005713,0.003922,-49.96,-3.86,9.62,15.99,19.21,22.83,-17.89,2.66,12.66,17.13,21.17,242.5,224.53,205.4,102.09,59.84,28.85,6.21,5.02,2.78,3.65,4.18,2.4,25.55,-6.44,416.15,0.016542
Guilin,110.0,25.0,2016,11,2016-11,1.2128,5.3602,8.2557,9.6195,11.2325,0.002036,0.005883,0.002742,0.001832,0.001114,-51.47,-6.53,7.2,11.46,12.88,16.08,-22.94,-0.3,8.55,12.08,15.62,265.38,259.41,245.16,195.37,98.49,40.97,33.41,16.46,10.76,3.26,1.87,0.97,19.05,1.66,363.9,0.013608
Guilin,110.0,25.0,2016,12,2016-12,0.4109,3.7778,5.2713,6.4615,7.7162,0.000799,0.003902,0.001165,0.001796,0.001239,-51.33,-7.58,3.8,9.03,10.62,13.38,-34.52,-4.99,2.16,6.25,9.98,261.96,264.02,250.16,189.81,87.25,49.99,42.78,19.06,10.13,2.17,2.73,1.57,9.98,10.0,857.95,0.0089
Guilin,110.0,25.0,2017,1,2017-01,1.0167,3.8509,6.7532,7.2436,8.334,0.002579,0.005603,0.00285,0.001625,0.001158,-52.32,-8.26,4.52,8.31,10.29,13.36,-24.92,-4.74,5.66,7.9,11.12,252.62,259.92,252.28,206.55,109.26,62.86,44.3,24.88,14.27,4.14,2.2,1.36,12.97,6.48,331.2,0.013816
Guilin,110.0,25.0,2017,2,2017-02,0.4909,3.7685,5.811,6.8562,8.0719,0.00116,0.004409,0.001984,0.001462,0.001302,-50.79,-10.77,3.03,6.98,9.9,13.56,-32.7,-5.02,3.53,7.1,10.64,253.88,267.96,255.88,199.47,113.26,80.71,48.3,23.17,11.47,3.35,2.09,1.58,13.23,7.42,431.4,0.010317
Guilin,110.0,25.0,2017,3,2017-03,0.9558,5.0894,8.3548,9.0791,11.1252,0.002272,0.007914,0.004638,0.002652,0.002067,-51.97,-9.74,4.97,10.34,12.56,16.55,-25.6,-1.01,8.73,11.22,15.48,256.81,263.63,254.58,204.75,129.39,85.63,49.74,23.31,15.25,5.44,2.86,1.82,22.83,-0.72,201.83,0.019544
Guilin,110.0,25.0,2017,4,2017-04,1.4461,5.8312,9.7865,11.9552,14.689,0.002712,0.006695,0.005455,0.003602,0.002331,-51.5,-6.69,7.7,14.28,17.73,21.82,-20.94,0.85,11.05,15.36,19.79,268.72,262.66,253.07,216.38,180.97,161.32,36.49,18.39,11.26,5.47,2.95,1.56,25.18,-4.9,403.68,0.020794
Guilin,110.0,25.0,2017,5,2017-05,2.1514,6.3695,10.7515,13.9942,17.7169,0.002469,0.00357,0.002936,0.002603,0.001644,-50.31,-4.83,9.54,16.85,20.79,24.62,-16.28,2.07,12.45,17.79,22.77,277.67,269.01,258.76,197.45,154.41,120.82,26.15,11.25,5.5,2.68,1.82,0.91,26.66,-7.89,549.04,0.013221
Guilin,110.0,25.0,2017,6,2017-06,4.3642,9.7354,14.0754,17.3614,20.9512,0.003931,0.008538,0.00913,0.006827,0.004075,-48.74,-2.98,11.59,19.04,22.86,26.69,-7.51,8.09,16.54,21.17,25.48,288.03,249.82,235.51,204.77,174.18,126.99,7.53,8.83,8.6,6.36,3.86,1.91,35.06,-16.5,312.42,0.032501
Guilin,110.0,25.0,2017,7,2017-07,3.5429,8.931,13.7137,17.1426,21.6258,0.001116,0.00396,0.007752,0.00713,0.004528,-49.38,-2.95,11.78,20.32,24.26,27.8,-10.16,6.84,16.14,20.97,25.99,34.28,158.97,167.46,178.75,165.07,155.35,2.97,3.09,4.35,5.54,4.08,2.05,34.47,-16.86,522.68,0.024485
Guilin,110.0,25.0,2017,8,2017-08,3.4007,9.1074,13.8877,17.5715,22.079,0.001002,0.003851,0.007876,0.007447,0.004678,-48.3,-2.85,12.16,20.67,24.5,27.93,-10.68,7.12,16.33,21.36,26.33,59.88,160.88,195.52,199.03,186.53,162.03,7.28,2.89,4.15,5.56,4.16,2.08,34.82,-17.56,542.49,0.024854
Guilin,110.0,25.0,2017,9,2017-09,2.8889,8.9041,13.4248,16.6403,21.2813,0.000553,0.003356,0.004557,0.003533,0.002246,-49.55,-2.95,11.67,19.55,23.56,27.02,-12.71,6.8,15.81,20.5,25.73,54.55,199.73,210.82,173.82,133.88,98.94,4.25,1.88,3.7,3.33,2.08,1.04,33.43,-15.34,466.7,0.014244
Guilin,110.0,25.0,2017,10,2017-10,2.1071,6.5306,9.4869,11.6694,14.3054,0.000677,0.001391,0.004228,0.005988,0.00399,-50.36,-3.6,9.47,14.45,17.52,20.89,-16.53,2.42,10.59,14.99,19.38,243.33,217.79,177.85,85.1,53.89,18.8,6.5,3.15,2.09,4.37,5.03,2.74,21.58,-1.23,481.7,0.016274
Guilin,110.0,25.0,2017,11,2017-11,1.7252,5.9337,7.704,8.5976,10.179,0.003136,0.005156,0.001798,0.003,0.001833,-51.8,-6.92,6.27,11.39,13.05,16.06,-18.89,1.09,7.55,10.41,14.12,258.93,255.58,246.42,146.81,75.54,38.7,33.8,17.82,8.52,2.29,3.42,1.77,20.68,2.66,480.46,0.014922
Guilin,110.0,25.0,2017,12,2017-12,0.6017,3.566,4.6006,4.9246,5.8019,0.001331,0.003134,0.000821,0.002033,0.001409,-52.49,-5.15,3.18,6.08,7.71,10.61,-30.59,-5.74,0.28,2.4,5.83,270.17,275.29,261.89,90.21,60.18,27.41,37.83,21.69,8.62,1.75,4.05,2.38,2.6,16.71,724.62,0.008728
Guilin,110.0,25.0,2018,1,2018-01,0.8559,4.2009,5.939,6.3087,7.2674,0.002466,0.006309,0.002637,0.001941,0.001495,-52.15,-6.42,2.61,5.93,7.29,10.47,-26.81,-3.58,3.83,5.91,9.1,262.02,262.74,250.32,195.14,103.49,69.52,43.78,28.25,14.73,4.35,3.02,2.02,9.99,12.45,261.37,0.014847
Guilin,110.0,25.0,2018,2,2018-02,0.4003,3.2254,5.6333,6.4128,7.5077,0.001061,0.004425,0.002074,0.001529,0.001224,-53.41,-9.05,2.85,5.67,8.49,12.1,-34.79,-7.05,3.09,6.14,9.57,259.86,267.84,260.22,203.66,115.34,85.19,55.89,26.0,13.46,3.61,2.34,1.6,7.91,10.77,322.15,0.010314
Guilin,110.0,25.0,2018,3,2018-03,0.8972,4.4438,7.66,9.9016,12.2947,0.001569,0.004339,0.003963,0.003432,0.002521,-50.47,-11.62,4.46,11.54,14.96,18.76,-26.29,-2.83,7.46,12.51,17.01,264.5,266.06,254.86,200.87,165.92,147.6,50.65,17.15,9.57,5.07,3.4,2.01,23.33,-2.07,509.02,0.015823
Guilin,110.0,25.0,2018,4,2018-04,1.7631,5.9163,9.6737,11.9565,14.7724,0.002669,0.005204,0.005441,0.004509,0.003295,-51.51,-7.7,7.59,14.09,17.69,21.85,-18.64,1.05,10.88,15.36,19.88,270.09,261.99,250.37,206.95,176.74,164.56,35.37,14.84,8.63,5.52,3.7,2.19,26.14,-5.45,401.72,0.021118
Guilin,110.0,25.0,2018,5,2018-05,2.6935,7.5634,12.6846,16.2421,19.7844,0.002921,0.008176,0.011053,0.008711,0.005625,-51.17,-4.54,10.58,18.37,22.18,25.96,-13.56,4.47,14.95,20.12,24.55,264.41,239.74,236.05,209.57,187.09,164.83,10.58,10.64,10.6,8.55,5.26,2.79,31.75,-13.9,427.86,0.036487
Guilin,110.0,25.0,2018,6,2018-06,4.0254,9.117,13.0762,16.8397,20.3017,0.00151,0.003171,0.004484,0.003993,0.003186,-49.04,-2.41,11.4,18.91,22.82,26.55,-8.55,7.14,15.41,20.68,24.96,339.73,255.44,228.82,182.27,145.14,108.83,4.99,3.68,3.41,3.36,2.33,1.54,32.48,-13.3,437.76,0.016345
Guilin,110.0,25.0,2018,7,2018-07,3.1095,8.7618,13.8827,17.2694,21.6865,0.001444,0.004143,0.007896,0.007221,0.00505,-48.73,-2.07,12.14,20.33,24.35,28.0,-11.8,6.57,16.33,21.08,26.04,58.05,113.43,139.88,161.94,148.44,126.27,9.6,4.56,4.64,5.58,4.1,2.28,33.16,-16.42,500.59,0.025755
Guilin,110.0,25.0,2018,8,2018-08,3.6605,9.1406,13.9139,17.2906,21.8781,0.001231,0.004138,0.005748,0.004778,0.004119,-48.67,-2.64,11.66,20.33,24.29,27.77,-9.75,7.18,16.36,21.1,26.18,68.01,76.37,67.73,71.58,57.15,44.75,2.62,3.3,4.44,4.05,2.71,1.85,34.84,-17.06,495.68,0.020014
Guilin,110.0,25.0,2018,9,2018-09,3.0908,8.3397,11.9872,14.9063,18.9054,0.000371,0.001425,0.00359,0.003522,0.002722,-50.61,-3.31,10.92,17.76,21.68,25.23,-11.87,5.86,14.09,18.77,23.81,46.85,132.91,149.95,103.05,68.88,41.29,8.21,1.18,1.68,2.94,2.32,1.41,30.1,-10.32,458.96,0.01163
Guilin,110.0,25.0,2018,10,2018-10,2.1084,6.3773,7.8533,10.1214,12.8512,0.003386,0.004602,0.000891,0.003351,0.00258,-52.1,-6.02,6.97,13.27,16.82,19.86,-16.52,2.09,7.82,12.84,17.7,279.42,271.42,271.1,96.53,61.26,27.76,25.2,15.75,7.08,1.11,3.25,1.97,22.23,1.43,680.48,0.01481
Guilin,110.0,25.0,2018,11,2018-11,0.6315,4.5027,7.7618,9.1622,10.8236,0.001305,0.004871,0.003151,0.002474,0.001526,-51.51,-8.05,5.59,11.76,14.16,17.4,-30.07,-2.66,7.66,11.35,15.06,261.94,259.82,249.19,191.83,116.62,78.46,43.01,20.27,10.61,3.98,2.65,1.38,19.21,1.05,512.81,0.013327
Guilin,110.0,25.0,2018,12,2018-12,1.241,4.3978,6.9074,6.9802,7.8321,0.003132,0.006882,0.003269,0.002217,0.001559,-52.35,-7.44,5.21,7.77,7.97,10.67,-22.68,-2.97,5.98,7.36,10.2,255.47,256.42,248.5,199.9,99.97,59.97,40.45,24.75,15.35,4.64,3.11,1.95,13.0,7.43,224.16,0.017059
Guilin,110.0,25.0,2019,1,2019-01,0.6875,3.4015,6.6877,6.5292,7.0836,0.001835,0.00501,0.003685,0.00196,0.001391,-52.52,-8.73,4.63,7.15,7.71,10.06,-29.17,-6.36,5.52,6.4,8.72,247.59,256.71,250.79,205.24,116.27,67.08,49.57,26.18,14.44,5.4,2.94,1.93,10.4,7.25,203.54,0.013882
Guilin,110.0,25.0,2019,2,2019-02,0.7183,3.4921,8.3702,8.8939,10.3595,0.001844,0.006613,0.007827,0.003843,0.002857,-51.17,-9.81,6.03,10.28,11.71,15.23,-28.7,-6.02,8.75,10.91,14.39,257.86,256.9,251.56,207.11,148.7,103.81,51.55,25.18,18.57,9.17,4.24,2.7,16.79,-0.76,190.12,0.022984
Guilin,110.0,25.0,2019,3,2019-03,0.7987,4.7218,8.5751,10.0744,12.282,0.00204,0.007396,0.004622,0.003031,0.002516,-51.68,-9.28,5.35,11.19,13.57,17.54,-27.56,-2.02,9.11,12.77,17.0,260.43,263.42,253.95,204.13,127.65,86.76,49.98,25.04,15.36,5.29,2.95,2.01,22.19,-1.58,259.7,0.019605
Guilin,110.0,25.0,2019,4,2019-04,1.2169,5.9904,11.4939,14.1758,17.4318,0.001976,0.007074,0.008698,0.006249,0.004042,-50.31,-7.38,9.04,16.35,19.12,23.04,-22.9,1.22,13.46,17.99,22.51,262.49,260.47,254.14,211.8,169.62,133.69,36.66,15.92,11.58,7.42,4.32,2.27,29.37,-11.79,362.25,0.028038
Guilin,110.0,25.0,2019,5,2019-05,2.402,8.4275,12.2912,14.8227,17.8552,0.002968,0.007542,0.005779,0.004354,0.003642,-49.34,-3.92,10.44,16.36,19.64,23.8,-14.96,6.01,14.47,18.68,22.89,282.36,265.14,249.6,187.13,128.98,88.89,18.17,12.12,8.78,4.61,2.88,2.0,30.32,-10.29,235.9,0.024285
Guilin,110.0,25.0,2019,6,2019-06,3.5033,9.0327,14.1102,17.8453,21.4054,0.002414,0.007141,0.009875,0.008085,0.005279,-47.98,-2.14,12.71,19.77,23.57,27.3,-10.31,7.0,16.58,21.6,25.82,321.19,255.03,248.19,214.89,182.82,145.57,6.68,6.76,7.75,6.86,4.44,2.42,32.79,-16.49,399.43,0.032793
Guilin,110.0,25.0,2019,7,2019-07,3.9873,9.6347,14.2594,17.8589,21.9594,0.001236,0.004162,0.006872,0.005911,0.004059,-48.03,-2.08,12.53,20.39,24.24,27.78,-8.67,7.93,16.74,21.61,26.24,52.53,219.64,221.33,197.17,170.03,131.83,7.56,3.04,4.24,4.73,3.25,1.81,34.62,-17.45,456.59,0.022239
Guilin,110.0,25.0,2019,8,2019-08,2.783,7.9583,12.9048,16.8114,22.2377,0.000823,0.002735,0.004133,0.002686,0.00234,-48.16,-2.23,11.8,21.26,25.2,28.57,-13.17,5.19,15.21,20.66,26.45,57.67,69.26,74.67,88.03,72.11,51.41,7.53,2.9,3.37,3.14,1.57,1.03,32.09,-15.04,755.89,0.012717
Guilin,110.0,25.0,2019,9,2019-09,2.2206,5.9741,9.9656,13.2672,17.6473,0.000244,0.001218,0.003794,0.004391,0.002794,-49.78,-4.09,9.55,18.38,22.7,25.7,-15.9,1.18,11.32,16.96,22.7,313.62,284.26,82.86,77.82,52.43,17.98,3.96,1.08,2.0,3.73,3.25,1.55,25.42,-6.71,883.17,0.01244
Guilin,110.0,25.0,2019,10,2019-10,2.0695,5.8507,9.3816,11.7295,14.7165,0.002036,0.002195,0.002552,0.002616,0.001346,-51.88,-5.95,8.29,15.09,18.52,21.84,-16.75,0.9,10.43,15.07,19.82,278.54,267.73,249.58,158.21,95.25,41.5,17.9,9.65,3.68,2.67,2.19,0.9,24.07,-3.95,582.65,0.010745
Guilin,110.0,25.0,2019,11,2019-11,0.7498,4.7675,7.1898,7.9699,9.3205,0.00129,0.003559,0.001494,0.002431,0.00153,-52.0,-6.17,6.22,10.87,13.76,16.71,-28.24,-1.89,6.55,9.29,12.79,262.81,269.9,256.16,155.23,82.6,44.25,30.31,16.87,7.32,2.04,2.99,1.61,15.48,5.13,539.9,0.010304
Guilin,110.0,25.0,2019,12,2019-12,0.7199,2.8582,5.2809,6.1715,7.1044,0.00183,0.003349,0.001203,0.001576,0.000972,-52.22,-9.83,3.41,7.65,10.35,13.24,-28.68,-8.6,2.19,5.59,8.76,258.78,259.93,255.38,182.27,94.6,58.95,50.21,24.92,11.49,2.23,2.5,1.34,7.66,8.99,682.07,0.00893
Guilin,110.0,25.0,2020,1,2020-01,0.7517,3.5139,6.8924,7.5989,8.8609,0.002078,0.005523,0.003874,0.00246,0.001708,-51.63,-10.87,3.04,7.76,9.98,13.38,-28.21,-5.94,5.95,8.59,12.03,257.43,261.53,256.57,205.8,133.06,98.61,52.3,27.11,15.41,5.51,3.17,1.89,15.61,4.05,227.04,0.015643
Guilin,110.0,25.0,2020,2,2020-02,0.6875,4.4219,7.3388,8.4707,10.1838,0.001732,0.005625,0.004584,0.003088,0.001974,-51.71,-10.33,2.87,8.96,11.98,15.62,-29.17,-2.9,6.85,10.19,14.13,254.82,261.21,254.61,206.49,154.55,125.03,53.92,24.71,12.48,6.13,3.57,1.9,20.37,2.41,264.42,0.017004
Guilin,110.0,25.0,2020,3,2020-03,1.1556,5.9802,9.2836,10.6339,13.2396,0.002756,0.008899,0.005795,0.003464,0.002726,-51.21,-8.68,6.07,12.02,14.4,18.58,-23.49,1.2,10.27,13.58,18.17,261.59,265.27,256.65,207.35,143.03,107.24,48.83,23.39,14.59,6.12,3.19,2.02,26.09,-3.48,218.04,0.023641
Guilin,110.0,25.0,2020,4,2020-04,1.692,5.3661,8.3113,10.1996,12.9563,0.0032,0.005787,0.002285,0.001804,0.001192,-52.92,-8.93,6.51,12.01,15.51,19.58,-19.12,-0.29,8.65,12.95,17.83,263.04,267.48,263.28,201.87,120.96,89.26,52.42,18.55,10.58,2.7,1.73,0.9,22.8,-1.39,419.64,0.014269
Guilin,110.0,25.0,2020,5,2020-05,2.7405,7.6178,13.1677,16.2927,20.0869,0.00434,0.007369,0.007269,0.005423,0.004031,-49.44,-4.21,10.92,18.86,22.9,27.01,-13.35,4.57,15.52,20.16,24.79,271.25,263.13,256.42,217.21,176.43,137.87,25.36,15.53,9.49,5.41,3.26,1.97,32.24,-15.27,417.42,0.028434
Guilin,110.0,25.0,2020,6,2020-06,3.6855,9.7416,14.8235,18.413,21.851,0.002467,0.01006,0.016779,0.014186,0.008968,-47.91,-2.49,12.31,20.04,23.94,27.77,-9.67,8.09,17.34,22.1,26.16,22.48,239.81,234.08,213.56,188.54,163.05,1.6,6.56,10.13,11.1,7.56,4.02,35.66,-18.92,338.03,0.05246
Guilin,110.0,25.0,2020,7,2020-07,3.1077,8.8752,13.7939,17.8088,22.122,0.001595,0.007778,0.013706,0.012347,0.008647,-47.5,-2.09,12.51,20.6,24.57,28.31,-11.8,6.75,16.23,21.57,26.36,55.71,224.12,228.55,212.73,191.95,170.96,10.78,5.03,8.59,9.74,6.8,3.83,33.15,-16.49,546.72,0.044073
Guilin,110.0,25.0,2020,8,2020-08,3.7296,8.6348,13.1307,16.9036,21.0595,0.000791,0.003189,0.007233,0.006486,0.004499,-48.05,-2.72,11.75,19.84,23.85,27.58,-9.52,6.36,15.47,20.74,25.56,73.31,128.67,176.59,180.16,161.13,145.11,6.54,2.08,3.62,5.4,3.76,2.1,32.64,-14.67,545.18,0.022198
Guilin,110.0,25.0,2020,9,2020-09,4.3563,9.8053,13.0927,15.4563,19.0371,0.002057,0.005321,0.003975,0.00392,0.0036,-49.52,-2.98,11.13,17.46,20.86,24.66,-7.53,8.19,15.43,19.34,23.92,354.11,250.25,237.87,173.26,102.42,62.95,9.15,4.63,5.32,2.98,2.49,1.85,32.93,-12.44,252.9,0.018874
Guilin,110.0,25.0,2020,10,2020-10,3.2178,7.1966,9.4881,10.672,12.7327,0.00196,0.002529,0.004469,0.006262,0.003879,-49.82,-4.0,10.08,13.35,15.87,19.56,-11.37,3.77,10.6,13.64,17.56,274.16,247.44,212.67,91.49,56.3,22.64,7.9,5.97,3.45,4.62,5.75,2.99,21.64,-0.58,344.56,0.019099
Guilin,110.0,25.0,2020,11,2020-11,1.2825,4.6352,7.5597,8.6486,10.0942,0.001957,0.003853,0.002203,0.003385,0.001805,-50.73,-5.62,6.97,11.73,14.05,17.12,-22.31,-2.27,7.27,10.49,13.99,257.46,258.23,242.06,144.46,80.85,41.67,23.56,14.96,8.15,2.86,3.84,1.75,15.39,3.98,557.5,0.013204
Guilin,110.0,25.0,2020,12,2020-12,0.5427,3.7661,5.3791,5.4649,6.1338,0.001455,0.005305,0.000678,0.002774,0.002013,-51.25,-6.91,3.75,4.64,5.42,8.24,-31.67,-5.03,2.45,3.87,6.63,257.59,264.9,260.45,139.92,62.48,36.61,41.53,26.3,13.81,1.24,4.98,3.22,5.22,14.44,274.09,0.012225
Guilin,110.0,25.0,2021,1,2021-01,0.5677,3.3664,4.4085,4.669,5.4826,0.001617,0.004311,0.000814,0.001396,0.001106,-51.59,-6.49,1.94,4.27,7.07,10.33,-31.19,-6.49,-0.3,1.66,5.02,260.95,268.48,265.0,167.73,77.08,53.62,42.51,27.93,12.56,1.81,2.93,1.98,2.03,17.46,571.51,0.009244
Guilin,110.0,25.0,2021,2,2021-02,0.964,4.3999,7.3737,8.2717,9.8768,0.002076,0.003969,0.002448,0.001698,0.001436,-50.71,-9.64,3.2,9.42,13.35,16.96,-25.5,-2.97,6.92,9.84,13.66,256.22,264.38,259.63,193.53,126.62,96.91,46.27,21.12,8.85,3.26,2.01,1.43,19.82,2.58,313.13,0.011627
Guilin,110.0,25.0,2021,3,2021-03,0.9389,5.2285,9.5462,10.9849,13.1824,0.002007,0.007182,0.006369,0.00387,0.002697,-51.67,-8.21,6.15,12.2,15.01,18.89,-25.79,-0.64,10.69,14.07,18.1,264.98,263.04,255.37,208.34,154.73,129.21,37.91,20.96,13.47,6.54,3.45,2.01,24.3,-3.81,189.41,0.022125
Guilin,110.0,25.0,2021,4,2021-04,1.6866,6.7573,10.6582,12.6364,15.4482,0.002853,0.006692,0.004995,0.003987,0.003343,-51.54,-6.48,7.99,14.15,17.08,21.3,-19.16,2.89,12.32,16.21,20.59,266.83,263.46,252.31,189.2,117.01,86.19,32.56,16.59,9.71,4.6,3.09,2.12,27.85,-6.66,227.85,0.021869
Guilin,110.0,25.0,2021,5,2021-05,3.0025,8.5385,13.479,16.5053,19.8601,0.004384,0.010157,0.010659,0.007135,0.004431,-50.04,-4.02,11.01,18.22,21.69,25.61,-12.23,6.2,15.88,20.37,24.61,276.04,255.58,246.12,214.92,184.12,144.65,20.38,14.32,11.67,7.76,4.24,2.19,33.31,-15.21,293.12,0.036767
Guilin,110.0,25.0,2021,6,2021-06,3.9022,8.7696,13.6957,17.1167,21.1378,0.001498,0.004514,0.007192,0.006246,0.004627,-48.35,-2.11,12.3,19.68,23.59,27.41,-8.94,6.58,16.12,20.94,25.62,29.46,241.18,230.56,204.33,171.25,136.54,4.79,3.76,5.05,5.15,3.58,2.15,32.18,-15.32,444.49,0.024077
Guilin,110.0,25.0,2021,7,2021-07,3.2388,8.0613,12.9067,17.3084,22.2352,0.000712,0.002403,0.005868,0.005796,0.004516,-47.86,-2.43,12.31,20.8,24.86,28.58,-11.29,5.38,15.21,21.12,26.44,57.27,199.59,212.48,196.0,175.11,157.88,3.48,2.16,2.92,4.46,3.28,1.99,31.51,-14.78,698.7,0.019295
Guilin,110.0,25.0,2021,8,2021-08,3.5307,8.9972,13.6885,17.4785,22.2748,0.000758,0.001843,0.005348,0.005083,0.003737,-48.2,-2.43,12.08,20.55,24.55,28.16,-10.21,6.95,16.11,21.27,26.47,58.85,120.14,202.37,199.38,182.14,157.52,9.74,2.11,2.01,3.83,2.85,1.65,33.96,-16.51,554.76,0.016769
Guilin,110.0,25.0,2021,9,2021-09,3.0315,8.0754,12.5604,15.5212,20.6233,0.000832,0.001913,0.003427,0.002313,0.00122,-50.48,-4.01,11.01,19.85,23.96,27.31,-12.11,5.4,14.8,19.4,25.22,322.08,199.58,179.61,168.08,152.46,170.08,1.13,2.69,2.32,2.68,1.46,0.58,33.05,-14.54,631.0,0.009705
Guilin,110.0,25.0,2021,10,2021-10,3.0536,7.5856,9.7095,11.205,13.5659,0.001454,0.001847,0.005591,0.006717,0.004699,-50.21,-4.6,8.96,13.57,16.17,19.78,-12.02,4.52,10.94,14.38,18.54,281.81,244.75,208.61,88.8,55.37,26.19,10.72,4.67,2.39,5.65,5.88,3.4,24.66,-1.92,328.6,0.020308
Guilin,110.0,25.0,2021,11,2021-11,1.5522,5.8754,6.3728,7.8084,9.6211,0.003478,0.005873,0.000494,0.002589,0.001844,-52.18,-7.62,4.82,9.64,12.23,15.49,-20.12,0.96,4.83,8.99,13.27,273.89,266.83,262.27,96.81,64.87,28.33,40.15,21.97,9.8,0.76,3.25,1.88,18.22,6.78,601.11,0.014277
Guilin,110.0,25.0,2021,12,2021-12,0.7449,3.3598,5.175,5.6353,6.3923,0.001609,0.003184,0.000714,0.002307,0.001525,-51.21,-7.31,3.82,6.87,8.99,11.68,-28.31,-6.52,1.91,4.3,7.23,254.25,262.48,259.26,128.15,68.88,35.5,40.98,21.18,9.29,1.35,4.01,2.34,5.74,12.48,619.93,0.009338
Guilin,110.0,25.0,2022,1,2022-01,1.0843,4.2587,6.4285,6.3948,7.2485,0.00282,0.005731,0.002633,0.002163,0.001749,-50.96,-11.98,1.9,6.15,6.92,9.67,-24.2,-3.4,4.96,6.1,9.06,251.78,259.85,257.87,202.23,96.63,56.91,53.71,25.5,13.2,4.02,3.32,2.37,17.78,5.53,149.71,0.015096
Guilin,110.0,25.0,2022,2,2022-02,0.9731,4.1825,5.6136,5.365,6.0221,0.003143,0.007214,0.001469,0.00234,0.001883,-51.08,-10.58,2.6,4.16,3.97,6.33,-25.4,-3.64,3.04,3.61,6.33,254.15,256.92,254.69,194.8,71.35,41.32,51.58,31.68,16.91,2.57,4.28,3.07,11.54,10.68,138.88,0.01605
Guilin,110.0,25.0,2022,3,2022-03,1.4319,5.2819,9.9831,11.5452,13.7311,0.002767,0.00639,0.006184,0.003712,0.002288,-51.0,-7.63,7.43,13.1,15.94,19.79,-21.05,-0.5,11.35,14.83,18.73,270.49,268.05,256.86,210.12,164.5,142.94,33.46,18.95,11.86,6.07,3.15,1.63,24.15,-5.16,219.22,0.021341
Guilin,110.0,25.0,2022,4,2022-04,1.7033,6.0682,9.2692,11.2218,14.1493,0.002751,0.005194,0.003318,0.002261,0.001391,-51.58,-7.08,7.19,13.75,17.77,21.48,-19.04,1.4,10.25,14.4,19.2,265.6,265.65,253.9,199.24,147.5,126.74,34.2,15.84,8.39,3.51,1.98,0.96,25.29,-3.51,437.63,0.014915
Guilin,110.0,25.0,2022,5,2022-05,3.8289,8.4436,11.1298,13.5878,16.5673,0.004372,0.005093,0.003079,0.003899,0.002888,-50.04,-4.94,9.07,15.12,18.89,22.92,-9.18,6.04,12.97,17.33,21.7,277.41,262.86,245.91,159.78,109.79,84.18,22.5,11.2,5.92,2.71,2.81,1.71,30.0,-7.23,268.14,0.019331
Guilin,110.0,25.0,2022,6,2022-06,4.5654,9.7407,14.2607,17.4931,21.0833,0.00282,0.00722,0.0105,0.008921,0.005696,-49.12,-3.03,11.45,19.15,23.1,26.93,-6.93,8.09,16.74,21.29,25.58,351.71,253.12,239.08,215.64,190.0,161.9,4.9,6.06,7.27,7.22,5.0,2.65,35.56,-17.13,301.34,0.035157
Guilin,110.0,25.0,2022,7,2022-07,2.9419,8.0972,13.0994,17.4714,22.1077,0.00067,0.003727,0.007996,0.007812,0.005397,-48.04,-2.43,12.7,20.88,24.59,28.28,-12.48,5.44,15.44,21.27,26.35,90.92,191.44,212.74,206.29,192.11,176.14,8.12,2.23,4.51,5.99,4.38,2.39,31.49,-15.35,679.9,0.025602
Guilin,110.0,25.0,2022,8,2022-08,3.589,8.8351,13.5272,17.0252,21.885,0.002099,0.003775,0.006446,0.005761,0.004052,-48.1,-2.25,12.19,20.29,24.4,28.13,-10.0,6.69,15.93,20.86,26.18,85.05,113.44,150.61,171.11,158.9,145.94,18.65,5.74,4.19,4.67,3.32,1.82,32.97,-15.66,544.69,0.022133
Guilin,110.0,25.0,2022,9,2022-09,3.3864,7.9268,11.2725,14.4149,18.2248,0.000241,0.000822,0.004098,0.004923,0.003603,-49.81,-3.45,9.85,18.54,23.03,26.29,-10.73,5.14,13.16,18.24,23.22,345.73,340.07,33.53,74.41,48.91,17.51,3.76,0.7,1.02,3.57,3.35,1.94,30.44,-9.46,671.94,0.013687
Guilin,110.0,25.0,2022,10,2022-10,2.0665,6.3643,7.6351,9.5594,11.7994,0.00091,0.00083,0.003271,0.004522,0.002609,-50.5,-4.3,8.93,14.38,18.12,21.34,-16.76,2.06,7.42,11.98,16.38,268.42,250.45,241.96,77.26,57.32,21.74,6.82,4.32,1.28,4.2,4.64,2.17,19.23,2.61,871.15,0.012142
Guilin,110.0,25.0,2022,11,2022-11,1.1343,5.4183,10.1636,11.2045,12.8668,0.001806,0.004882,0.004429,0.003713,0.002221,-51.32,-6.09,7.72,13.64,16.52,20.21,-23.7,-0.16,11.62,14.37,17.72,263.25,259.34,236.61,174.27,114.38,91.72,30.1,15.61,8.84,4.27,3.25,1.69,23.47,-4.58,253.25,0.01705
Guilin,110.0,25.0,2022,12,2022-12,0.7863,3.8333,3.9756,4.0838,4.5078,0.001882,0.004101,0.000557,0.001979,0.001355,-51.76,-8.01,2.07,4.43,5.74,8.67,-27.73,-4.79,-1.7,-0.18,2.26,263.49,268.22,262.34,70.82,55.31,28.16,42.01,23.47,10.49,1.37,4.75,2.95,3.88,16.81,766.89,0.009874
Guilin,110.0,25.0,2023,1,2023-01,0.499,3.2098,5.1421,5.5944,6.2692,0.001412,0.004039,0.001107,0.001915,0.00131,-51.93,-6.09,3.87,5.06,7.39,10.7,-32.54,-7.11,1.82,4.19,6.94,255.34,265.22,260.98,165.44,84.4,59.26,37.44,27.75,12.34,2.11,3.36,2.05,1.98,15.44,404.83,0.009783
Guilin,110.0,25.0,2023,2,2023-02,0.8982,4.5564,7.2241,7.5209,8.781,0.002221,0.006107,0.002994,0.002446,0.002072,-51.3,-8.99,4.18,8.39,10.6,14.31,-26.28,-2.5,6.62,8.44,11.9,248.08,259.31,256.81,196.79,100.92,68.19,45.36,24.24,13.14,4.06,3.19,2.31,17.32,4.56,221.45,0.01584
Guilin,110.0,25.0,2023,3,2023-03,,5.1587,8.3254,9.6094,11.472,,0.006178,0.003543,0.002292,0.00164,-51.83,-10.73,4.85,11.1,14.86,18.9,,-0.82,8.68,12.06,15.95,265.71,268.6,261.03,199.3,130.95,103.57,49.05,20.49,11.74,4.17,2.34,1.4,24.84,-2.36,302.69,0.013653
Guilin,110.0,25.0,2023,4,2023-04,1.3643,6.4512,10.5399,13.0586,15.9008,0.002601,0.007651,0.005972,0.004917,0.003639,-51.36,-6.59,8.72,14.94,18.12,22.19,-21.61,2.25,12.16,16.72,21.04,263.76,269.05,257.68,199.83,147.3,125.78,34.04,18.7,11.63,5.56,3.69,2.24,27.22,-7.27,347.96,0.02478
Guilin,110.0,25.0,2023,5,2023-05,2.633,8.1174,12.5273,15.484,18.8955,0.003746,0.007453,0.008164,0.006209,0.004511,-49.23,-4.06,10.73,17.9,21.43,25.27,-13.84,5.48,14.76,19.36,23.8,277.85,262.67,246.44,196.11,158.0,136.4,19.84,13.95,9.0,6.39,3.93,2.34,31.46,-12.56,392.07,0.030083
Guilin,110.0,25.0,2023,6,2023-06,4.418,9.0618,13.3657,17.0624,21.1759,0.00285,0.004931,0.006164,0.005687,0.004202,-48.68,-2.59,11.56,19.45,23.47,27.3,-7.35,7.05,15.75,20.89,25.65,290.41,250.39,227.39,190.79,157.63,121.55,5.61,6.33,5.34,4.52,3.27,1.95,33.28,-14.74,462.43,0.023833
Guilin,110.0,25.0,2023,7,2023-07,3.7712,9.153,13.6677,17.8233,21.9671,0.000937,0.004043,0.007907,0.007697,0.005546,-47.44,-1.91,12.83,20.71,24.68,28.26,-9.38,7.19,16.09,21.58,26.25,75.76,188.34,215.87,202.62,181.24,162.21,9.58,2.44,4.33,5.67,4.23,2.48,33.07,-16.1,577.96,0.02613
Guilin,110.0,25.0,2023,8,2023-08,4.1113,9.7758,14.1985,17.1502,21.9068,0.000163,0.001193,0.002182,0.001909,0.002382,-47.87,-1.83,12.01,19.94,23.87,27.65,-8.28,8.15,16.67,20.97,26.2,33.77,169.7,118.84,136.84,151.92,103.11,8.56,0.39,1.2,1.51,1.09,1.07,34.59,-16.59,408.81,0.007828
Guilin,110.0,25.0,2023,9,2023-09,3.0298,8.7975,13.5603,16.2475,20.364,0.000532,0.00242,0.00526,0.005252,0.003811,-49.32,-2.77,11.21,18.78,22.57,26.4,-12.12,6.63,15.97,20.12,25.01,341.09,125.77,117.27,109.15,79.73,47.98,0.41,1.72,2.7,3.8,3.17,1.84,32.93,-14.73,351.14,0.017274
Guilin,110.0,25.0,2023,10,2023-10,2.2195,7.0055,9.884,12.2539,14.7125,0.002039,0.002201,0.003434,0.005618,0.003333,-50.58,-4.45,8.95,14.74,18.04,21.78,-15.91,3.4,11.2,15.74,19.82,258.33,267.3,248.12,99.7,68.88,41.79,18.77,9.01,3.08,3.41,4.5,2.22,24.84,-3.33,442.57,0.016625
Guilin,110.0,25.0,2023,11,2023-11,1.4656,4.4985,7.842,9.4581,11.1427,0.002843,0.003236,0.0019,0.002311,0.000914,-51.95,-6.98,6.64,12.22,15.04,18.27,-20.79,-2.67,7.8,11.82,15.5,263.44,265.91,258.23,177.11,108.24,84.35,39.19,19.02,7.06,2.38,2.4,0.8,17.69,1.48,552.44,0.011205
Guilin,110.0,25.0,2023,12,2023-12,1.3734,4.8826,7.5777,8.0307,9.1828,0.003224,0.005574,0.00226,0.002107,0.001295,-52.08,-8.19,4.2,8.02,9.37,12.45,-21.53,-1.57,7.31,9.37,12.45,262.48,262.13,256.06,202.71,100.37,67.83,47.93,23.02,11.19,2.92,2.57,1.38,17.75,4.88,88.06,0.014459
Guilin,110.0,25.0,2024,1,2024-01,0.8725,4.6847,6.8945,7.242,8.2965,0.002361,0.005878,0.003218,0.002477,0.001618,-50.5,-12.14,1.13,6.77,8.24,11.41,-26.6,-2.12,5.95,7.89,11.05,253.65,262.67,258.56,193.36,116.4,77.61,60.66,26.53,12.31,4.58,3.35,1.91,21.6,3.71,101.6,0.015552
Guilin,110.0,25.0,2024,2,2024-02,0.7046,4.6175,7.3491,7.536,8.8373,0.002186,0.008406,0.005463,0.002479,0.0018,-51.23,-9.0,4.08,9.1,9.29,12.44,-28.91,-2.32,6.87,8.47,11.99,257.69,257.92,252.23,207.28,129.09,85.74,56.14,30.43,17.85,7.29,3.23,2.0,18.57,3.59,278.81,0.020335
Guilin,110.0,25.0,2024,3,2024-03,0.8694,5.2823,8.5103,10.2763,12.5486,0.002151,0.007896,0.005303,0.004007,0.002903,-51.2,-7.4,6.43,12.0,14.43,18.45,-26.64,-0.5,9.0,13.07,17.33,258.38,264.45,258.1,205.01,146.14,121.76,45.77,24.26,14.66,6.11,3.82,2.27,21.46,-0.33,375.37,0.022261
Guilin,110.0,25.0,2024,4,2024-04,1.8683,7.4457,12.5479,15.0108,18.2582,0.003843,0.011155,0.009472,0.006304,0.004697,-50.99,-6.78,9.78,17.28,20.35,24.2,-17.96,4.25,14.78,18.88,23.25,261.47,261.87,254.25,210.44,162.88,124.46,38.14,20.17,14.69,7.4,4.12,2.52,33.32,-14.71,312.29,0.035471
Guilin,110.0,25.0,2024,5,2024-05,3.3963,8.4293,11.9465,14.6815,18.2126,0.003962,0.005086,0.004418,0.004751,0.003426,-49.7,-5.01,9.46,16.56,20.3,24.28,-10.69,6.01,14.04,18.53,23.21,271.54,266.47,256.7,180.37,130.62,107.56,28.45,11.44,5.92,3.63,3.17,1.84,32.17,-10.74,315.43,0.021643
Guilin,110.0,25.0,2024,6,2024-06,4.7298,9.904,14.3245,17.7811,21.3098,0.002827,0.005873,0.009527,0.008639,0.006245,-47.53,-2.0,11.99,19.11,22.99,26.82,-6.47,8.34,16.81,21.55,25.75,314.15,248.21,233.76,198.98,164.07,131.5,6.8,5.86,5.81,6.52,4.76,2.87,34.27,-16.22,287.94,0.033111
Guilin,110.0,25.0,2024,7,2024-07,3.3059,8.1985,13.1273,17.9359,21.7236,0.000914,0.00526,0.012063,0.01053,0.007147,-46.77,-1.8,13.09,20.31,24.18,27.84,-11.03,5.62,15.47,21.68,26.06,58.55,162.92,197.51,196.15,178.68,169.82,12.58,2.71,6.29,9.01,5.76,3.23,30.11,-14.22,604.9,0.035914
Guilin,110.0,25.0,2024,8,2024-08,2.9989,8.0152,12.9734,16.9316,21.932,0.000607,0.002585,0.005323,0.0049,0.002974,-48.02,-2.2,12.27,20.59,24.07,27.53,-12.24,5.29,15.29,20.77,26.22,82.35,201.36,210.75,211.61,198.66,168.21,4.14,1.99,3.16,4.02,2.84,1.33,31.1,-14.51,662.23,0.016388
Guilin,110.0,25.0,2024,9,2024-09,3.2534,7.7688,12.4153,16.165,20.2534,0.001501,0.003498,0.006647,0.006975,0.004825,-48.57,-2.51,11.76,19.42,22.94,26.44,-11.23,4.85,14.62,20.04,24.92,45.46,97.86,91.06,86.92,64.68,46.24,1.99,4.52,4.42,5.25,4.23,2.34,29.65,-12.25,600.23,0.023446
Guilin,110.0,25.0,2024,10,2024-10,2.9277,6.3835,8.7833,10.676,12.8967,0.001938,0.000515,0.004594,0.006045,0.003825,-50.48,-4.44,9.82,14.03,16.55,19.88,-12.54,2.1,9.46,13.64,17.76,270.0,261.4,262.39,83.05,58.0,34.39,10.94,6.49,0.79,5.13,5.55,2.91,20.2,0.04,571.38,0.016916
Guilin,110.0,25.0,2024,11,2024-11,1.4099,5.1959,8.9261,10.188,11.8632,0.002157,0.002827,0.003041,0.004694,0.002389,-50.17,-6.91,6.01,11.5,13.63,16.95,-21.23,-0.73,9.7,12.94,16.46,260.01,260.87,250.52,106.1,72.0,44.85,31.77,15.01,5.34,3.34,4.52,1.97,21.37,-0.36,225.9,0.015109
Guilin,110.0,25.0,2024,12,2024-12,0.4745,3.5419,5.0144,4.8446,5.4758,0.001278,0.004406,0.000775,0.002204,0.001399,-50.31,-5.65,3.79,5.4,7.0,9.63,-33.06,-5.83,1.47,2.18,5.01,261.34,266.45,264.65,160.48,79.5,57.62,40.24,26.41,12.2,1.52,4.46,2.51,2.9,15.86,491.17,0.010061
Hechi,107.5,25.0,2005,1,2005-01,0.889,3.465,5.792,6.472,7.703,0.002749,0.005354,0.002392,0.001811,0.001596,-53.05,-9.76,3.91,6.18,8.51,12.16,-26.39,-6.12,3.48,6.27,9.95,260.85,269.21,268.64,192.11,120.68,100.2,54.6,30.32,15.15,4.05,2.74,2.03,9.39,9.21,337.25,0.013903
Hechi,107.5,25.0,2005,2,2005-02,0.72,4.447,7.918,8.656,10.355,0.002103,0.008043,0.004801,0.003197,0.003049,-51.57,-11.19,4.85,10.04,12.05,15.95,-28.68,-2.82,7.95,10.51,14.38,263.39,268.7,260.62,195.51,127.6,107.74,57.09,28.65,17.74,5.95,3.62,2.89,21.5,-0.84,261.7,0.021194
Hechi,107.5,25.0,2005,3,2005-03,1.248,4.926,7.979,9.143,10.992,0.002732,0.006324,0.003106,0.00249,0.002096,-51.74,-10.57,4.47,10.03,13.26,17.27,-22.62,-1.45,8.06,11.32,15.29,267.06,271.81,263.98,187.98,128.16,112.31,50.72,21.47,12.59,3.82,2.67,1.87,22.74,-0.35,246.52,0.016748
Hechi,107.5,25.0,2005,4,2005-04,1.332,6.008,10.438,12.565,15.113,0.002461,0.006392,0.004527,0.002793,0.002338,-52.88,-7.45,7.91,15.78,19.7,23.89,-21.88,1.26,12.01,16.12,20.24,261.25,269.34,262.73,205.78,163.48,145.47,39.0,18.12,10.43,4.25,2.18,1.52,28.59,-8.7,471.1,0.018512
Hechi,107.5,25.0,2005,5,2005-05,2.099,7.542,13.628,17.31,20.267,0.002796,0.007292,0.007558,0.005171,0.004421,-50.83,-5.08,10.41,19.54,23.4,27.3,-16.58,4.43,16.04,21.12,24.93,264.64,257.22,248.47,196.67,156.67,125.1,22.04,13.06,9.48,5.44,2.93,2.14,34.69,-17.98,436.99,0.027237
Hechi,107.5,25.0,2005,6,2005-06,4.264,10.043,15.796,20.005,23.66,0.00182,0.003301,0.004712,0.004256,0.004409,-48.67,-2.47,11.64,20.09,24.27,28.35,-7.81,8.54,18.32,23.43,27.46,310.08,267.26,246.22,185.89,150.73,111.51,5.53,4.18,3.22,2.93,2.09,1.83,37.78,-20.0,220.82,0.018498
Hechi,107.5,25.0,2005,7,2005-07,2.787,7.908,14.239,19.521,22.71,0.000768,0.003416,0.007478,0.006554,0.005283,-48.76,-2.92,11.79,20.72,24.73,28.54,-13.15,5.1,16.72,23.03,26.79,70.11,174.27,201.9,180.78,160.3,148.26,8.96,2.7,4.24,5.15,3.29,2.28,33.67,-18.57,500.39,0.023499
Hechi,107.5,25.0,2005,8,2005-08,3.193,8.75,14.053,19.106,22.306,0.000317,0.001386,0.005183,0.005397,0.004533,-49.04,-2.7,11.43,19.99,24.01,27.86,-11.47,6.55,16.52,22.69,26.5,40.68,115.51,156.07,124.52,99.77,86.84,10.79,0.98,1.55,3.62,2.77,1.99,34.32,-17.13,434.35,0.016817
Hechi,107.5,25.0,2005,9,2005-09,2.791,7.022,12.338,16.76,19.438,0.000472,0.001596,0.00418,0.003999,0.002681,-49.85,-3.77,9.77,18.43,22.42,26.11,-13.13,3.43,14.53,20.61,24.26,64.51,121.68,118.41,101.99,71.56,51.6,3.58,1.66,2.23,3.32,2.34,1.35,30.39,-12.33,487.81,0.012927
Hechi,107.5,25.0,2005,10,2005-10,2.278,6.905,10.213,12.934,15.209,0.002132,0.003042,0.002431,0.003367,0.002381,-51.61,-5.53,7.91,14.22,18.02,21.81,-15.6,3.2,11.69,16.57,20.34,271.12,262.43,251.23,117.0,72.91,58.59,13.34,9.18,4.32,2.33,2.55,1.53,26.72,-4.71,316.57,0.013353
Hechi,107.5,25.0,2005,11,2005-11,1.457,5.382,9.024,10.984,12.992,0.003019,0.00573,0.00245,0.002138,0.001622,-52.38,-6.62,5.76,11.31,15.01,18.78,-20.85,-0.25,9.86,14.07,17.87,263.29,263.98,256.94,182.58,120.19,110.06,34.69,20.32,10.44,2.66,1.91,1.22,21.78,-0.12,181.65,0.014959
Hechi,107.5,25.0,2005,12,2005-12,1.445,4.138,4.964,5.692,6.611,0.003814,0.005029,0.001213,0.0019,0.001407,-52.95,-7.52,3.52,5.31,7.93,11.22,-20.95,-3.78,1.33,4.44,7.71,256.68,270.75,264.32,129.07,84.74,71.56,39.53,25.88,11.92,2.4,3.27,2.09,6.86,14.19,497.3,0.013363
Hechi,107.5,25.0,2006,1,2006-01,0.328,2.938,6.139,6.731,8.021,0.000802,0.004064,0.002393,0.002136,0.001956,-51.06,-7.1,5.73,7.17,9.49,13.25,-36.79,-8.25,4.3,6.83,10.55,256.29,272.87,267.17,184.8,119.45,107.53,44.53,23.97,13.57,3.82,3.11,2.39,4.59,10.14,358.55,0.011351
Hechi,107.5,25.0,2006,2,2006-02,0.757,5.106,7.718,8.302,9.969,0.001471,0.006669,0.004173,0.002262,0.001966,-51.29,-10.36,3.32,8.44,10.91,14.8,-28.14,-0.96,7.58,9.89,13.81,264.1,267.08,254.79,185.3,121.85,102.24,47.55,19.05,12.81,5.3,2.67,1.93,22.09,1.98,107.92,0.016541
Hechi,107.5,25.0,2006,3,2006-03,0.85,5.31,9.082,10.294,12.582,0.00209,0.007356,0.004072,0.002958,0.002666,-51.37,-9.46,6.05,11.78,14.85,19.11,-26.88,-0.43,9.95,13.09,17.37,261.28,270.78,262.56,186.4,126.34,111.75,48.52,24.11,13.58,4.4,2.82,2.08,24.71,-3.55,228.66,0.019142
Hechi,107.5,25.0,2006,4,2006-04,1.408,6.474,10.99,13.448,16.163,0.002713,0.007846,0.005862,0.00353,0.002742,-51.84,-6.91,8.94,16.89,20.46,24.7,-21.25,2.29,12.78,17.17,21.3,257.45,260.71,256.17,211.08,176.66,157.75,40.3,18.9,11.88,5.23,2.57,1.66,29.94,-10.6,513.51,0.022693
Hechi,107.5,25.0,2006,5,2006-05,2.825,6.921,12.277,15.628,18.483,0.00264,0.003626,0.003459,0.003063,0.002812,-50.58,-5.23,9.32,17.52,21.36,25.37,-12.98,3.23,14.45,19.51,23.45,271.49,266.93,254.07,177.51,130.57,105.15,18.91,9.16,5.14,2.76,1.92,1.49,31.11,-12.73,383.36,0.015598
Hechi,107.5,25.0,2006,6,2006-06,4.17,9.695,15.114,19.261,22.701,0.002312,0.006048,0.007345,0.005563,0.00482,-49.01,-2.8,11.28,19.77,23.69,27.7,-8.09,8.03,17.64,22.82,26.78,358.45,266.94,245.57,198.47,159.33,127.59,5.93,5.44,6.12,4.77,2.83,2.08,36.96,-19.69,266.4,0.026088
Hechi,107.5,25.0,2006,7,2006-07,3.949,9.222,15.335,20.333,23.67,0.000866,0.001304,0.005166,0.004535,0.003879,-47.45,-2.12,12.3,21.01,25.09,28.92,-8.79,7.3,17.86,23.69,27.47,72.84,110.12,174.21,171.82,154.26,132.23,10.64,2.15,1.39,3.3,2.19,1.61,36.0,-20.0,393.42,0.01575
Hechi,107.5,25.0,2006,8,2006-08,3.665,8.436,13.336,19.113,22.163,0.001442,0.003102,0.003923,0.002875,0.002094,-49.31,-3.32,11.48,20.38,24.23,27.97,-9.74,6.02,15.71,22.7,26.39,74.82,96.85,105.77,122.97,100.55,83.18,8.36,3.86,3.61,2.88,1.47,0.93,33.96,-16.34,583.56,0.013435
Hechi,107.5,25.0,2006,9,2006-09,2.951,6.509,11.139,15.559,18.154,0.000441,0.000424,0.003414,0.003227,0.001959,-50.5,-3.79,9.96,17.46,21.44,25.24,-12.44,2.37,12.98,19.44,23.16,349.27,316.94,63.03,93.62,66.84,53.46,4.24,1.46,0.64,3.01,2.03,1.06,26.64,-8.41,559.54,0.009465
Hechi,107.5,25.0,2006,10,2006-10,2.667,7.7,11.778,15.024,17.528,0.00266,0.003411,0.002527,0.002351,0.001916,-52.43,-5.59,7.91,15.96,19.96,23.66,-13.69,4.73,13.83,18.89,22.6,271.06,259.28,255.2,159.41,97.87,81.42,18.33,9.78,4.34,2.1,1.53,1.07,32.2,-10.3,266.76,0.012865
Hechi,107.5,25.0,2006,11,2006-11,1.2,4.269,8.517,10.423,12.14,0.002515,0.00401,0.002835,0.002258,0.001406,-53.17,-8.5,4.98,12.37,15.55,19.06,-23.06,-3.37,9.01,13.28,16.82,269.27,267.96,257.14,182.81,120.55,102.2,39.01,20.55,9.21,3.26,2.12,1.14,21.53,-1.8,420.32,0.013024
Hechi,107.5,25.0,2006,12,2006-12,0.384,3.514,5.508,6.359,7.218,0.00088,0.003259,0.001477,0.00176,0.001174,-51.31,-9.52,1.8,7.39,10.15,13.1,-35.21,-5.93,2.78,6.02,8.99,267.74,271.94,258.78,159.98,92.96,73.61,48.51,22.48,9.09,2.63,2.71,1.59,11.95,9.0,576.72,0.008549
Hechi,107.5,25.0,2007,1,2007-01,0.41,3.596,5.086,5.565,6.465,0.001092,0.004313,0.001085,0.001739,0.001478,-52.43,-9.7,0.98,5.22,7.77,11.04,-34.55,-5.63,1.67,4.12,7.39,263.54,268.44,259.91,150.49,77.37,65.49,52.53,26.13,11.76,2.09,3.06,2.24,9.98,11.81,444.01,0.009707
Hechi,107.5,25.0,2007,2,2007-02,0.718,4.125,7.87,9.258,11.059,0.001819,0.005599,0.004842,0.00337,0.002605,-51.34,-12.49,2.78,11.49,15.18,19.1,-28.71,-3.82,7.86,11.5,15.38,259.01,263.06,255.38,202.61,163.9,155.99,53.97,24.84,13.31,6.03,3.57,2.31,25.23,-3.4,454.13,0.018235
Hechi,107.5,25.0,2007,3,2007-03,0.447,4.529,9.077,10.475,12.751,0.001067,0.007012,0.005912,0.003483,0.002877,-51.93,-7.72,6.6,13.25,16.56,20.89,-33.67,-2.58,9.94,13.35,17.58,255.18,267.26,256.94,200.05,154.77,139.4,42.43,23.41,15.18,6.39,3.26,2.21,21.73,-3.21,413.58,0.020351
Hechi,107.5,25.0,2007,4,2007-04,1.395,5.184,8.885,10.725,13.004,0.002153,0.005104,0.002328,0.001564,0.001355,-52.14,-9.05,6.99,13.23,16.84,21.14,-21.35,-0.76,9.63,13.71,17.88,265.07,266.74,265.13,196.04,132.17,113.05,39.53,15.13,9.65,2.57,1.43,1.02,24.16,-4.06,450.38,0.012504
Hechi,107.5,25.0,2007,5,2007-05,2.683,6.568,11.801,15.265,18.129,0.002105,0.003332,0.00472,0.003632,0.002563,-50.53,-4.65,10.19,18.1,22.03,26.1,-13.61,2.49,13.85,19.14,23.14,278.98,260.95,245.03,206.17,186.15,168.77,15.95,7.7,4.97,3.92,2.33,1.39,28.91,-11.54,530.81,0.016353
Hechi,107.5,25.0,2007,6,2007-06,3.209,8.735,15.153,19.243,22.697,0.002185,0.005883,0.007862,0.005852,0.005335,-49.27,-2.86,11.65,19.74,23.73,27.75,-11.4,6.52,17.68,22.81,26.78,269.63,257.55,248.13,199.04,161.02,128.66,6.15,6.68,6.61,5.09,2.98,2.31,35.15,-19.82,257.66,0.027118
Hechi,107.5,25.0,2007,7,2007-07,3.095,8.876,15.884,19.927,23.351,0.001777,0.007464,0.013754,0.010429,0.00851,-48.46,-2.15,12.02,20.52,24.68,28.61,-11.85,6.75,18.41,23.36,27.25,63.68,210.3,221.46,197.47,174.63,160.55,8.39,5.63,8.25,8.49,5.13,3.57,35.81,-20.0,263.82,0.041934
Hechi,107.5,25.0,2007,8,2007-08,2.974,7.759,13.818,19.298,22.324,0.000765,0.000911,0.001754,0.001303,0.001235,-48.95,-2.88,11.39,20.75,24.61,28.33,-12.35,4.83,16.26,22.85,26.51,54.25,53.22,67.0,135.0,128.25,112.78,7.57,2.52,1.15,1.24,0.66,0.54,33.33,-17.49,561.83,0.005967
Hechi,107.5,25.0,2007,9,2007-09,3.124,6.733,11.759,15.361,17.885,0.000798,0.000636,0.004348,0.005029,0.004004,-50.03,-3.39,9.99,17.04,20.96,24.65,-11.74,2.84,13.8,19.24,22.92,310.83,283.15,47.19,73.66,45.5,30.07,3.5,2.51,0.93,3.63,3.21,2.2,27.08,-9.13,404.93,0.014816
Hechi,107.5,25.0,2007,10,2007-10,1.776,5.867,9.698,12.415,14.381,0.001347,0.001834,0.00361,0.003948,0.002485,-51.52,-4.88,7.73,14.26,18.31,21.88,-18.56,0.93,10.92,15.94,19.46,272.75,265.91,235.64,111.36,72.26,56.31,10.61,7.44,3.06,3.65,3.12,1.69,23.26,-2.84,417.71,0.013224
Hechi,107.5,25.0,2007,11,2007-11,1.128,3.536,4.961,6.833,7.717,0.001699,0.0015,0.001501,0.002022,0.001202,-51.51,-8.62,4.42,10.39,13.54,16.58,-23.76,-5.85,1.32,7.05,9.97,254.26,264.87,271.38,74.56,60.7,39.42,32.14,14.77,4.16,2.97,2.9,1.53,10.06,8.45,1133.81,0.007924
Hechi,107.5,25.0,2007,12,2007-12,0.59,3.588,6.866,7.641,9.013,0.001478,0.004632,0.002569,0.0021,0.00177,-52.51,-7.13,3.4,8.27,11.14,14.76,-30.79,-5.66,5.89,8.67,12.29,270.07,269.14,262.47,191.95,125.64,113.24,42.07,24.56,12.66,3.67,2.69,1.93,12.23,7.38,297.14,0.012549
Hechi,107.5,25.0,2008,1,2008-01,0.629,3.21,5.207,5.25,6.113,0.001758,0.005523,0.002397,0.001657,0.00137,-52.39,-8.75,5.67,5.56,7.07,10.32,-30.12,-7.11,1.99,3.3,6.58,249.5,256.48,254.64,185.98,111.01,97.32,48.29,27.41,16.87,4.51,3.1,2.2,3.52,12.16,445.74,0.012706
Hechi,107.5,25.0,2008,2,2008-02,0.555,3.833,4.015,4.305,5.155,0.0017,0.005207,0.000978,0.001491,0.001264,-50.61,-8.45,-0.22,2.01,4.8,8.57,-31.43,-4.79,-1.57,0.54,4.15,254.19,267.81,261.32,117.42,72.53,66.21,42.65,30.04,13.32,2.39,3.4,2.4,4.32,18.47,447.26,0.01064
Hechi,107.5,25.0,2008,3,2008-03,1.162,4.737,7.878,9.248,11.26,0.002357,0.004855,0.003522,0.002375,0.002038,-52.11,-10.97,4.34,11.72,15.71,19.85,-23.42,-1.98,7.87,11.49,15.66,269.42,270.69,260.38,189.05,152.32,140.03,46.75,19.89,10.05,4.38,2.52,1.77,24.24,-2.12,481.06,0.015147
Hechi,107.5,25.0,2008,4,2008-04,1.269,6.055,10.941,12.934,15.773,0.002136,0.006246,0.005423,0.003511,0.002963,-52.23,-6.63,8.68,15.75,19.61,24.04,-22.43,1.37,12.72,16.57,20.91,265.93,264.37,251.98,187.45,151.99,138.52,32.84,16.51,10.12,4.86,2.66,1.84,27.78,-9.08,379.27,0.020279
Hechi,107.5,25.0,2008,5,2008-05,3.335,7.435,12.515,15.76,18.877,0.00295,0.003215,0.00369,0.002815,0.002764,-50.55,-4.7,9.28,17.12,21.38,25.59,-10.92,4.23,14.75,19.64,23.79,285.95,264.24,249.43,174.84,139.4,115.14,16.92,8.67,4.24,2.89,1.75,1.44,31.52,-12.39,296.85,0.015434
Hechi,107.5,25.0,2008,6,2008-06,3.161,8.121,14.214,18.338,21.729,0.001397,0.002489,0.003829,0.003493,0.00389,-49.72,-3.42,10.6,19.04,23.16,27.24,-11.59,5.48,16.69,22.04,26.07,297.14,272.38,242.67,178.05,143.93,106.89,7.61,4.33,3.01,2.64,1.87,1.76,34.03,-17.29,293.57,0.015098
Hechi,107.5,25.0,2008,7,2008-07,3.038,8.186,14.691,19.276,22.6,0.000876,0.003508,0.007826,0.006768,0.005352,-48.51,-3.19,11.19,20.3,24.23,28.16,-12.08,5.6,17.2,22.83,26.71,54.71,216.22,214.33,196.46,177.5,155.31,5.37,2.83,4.2,5.22,3.44,2.32,35.09,-19.56,387.59,0.024329
Hechi,107.5,25.0,2008,8,2008-08,3.12,8.087,14.285,19.064,22.245,0.000629,0.002079,0.004305,0.003472,0.003066,-49.38,-3.06,11.42,19.93,23.91,27.75,-11.75,5.42,16.77,22.66,26.45,39.79,159.27,190.28,168.88,145.95,114.48,9.73,1.98,2.52,2.96,1.79,1.35,33.76,-18.02,395.34,0.013551
Hechi,107.5,25.0,2008,9,2008-09,2.192,6.94,12.583,17.269,20.155,0.000462,0.00151,0.003912,0.003434,0.002451,-50.09,-3.38,10.33,18.8,22.69,26.51,-16.06,3.26,14.83,21.08,24.85,37.61,131.47,157.4,122.54,89.12,78.88,1.54,2.07,2.13,3.05,1.95,1.19,29.94,-12.92,496.74,0.011769
Hechi,107.5,25.0,2008,10,2008-10,2.494,6.319,10.987,13.733,16.097,0.002143,0.002504,0.003599,0.003548,0.00219,-51.56,-5.29,8.88,15.5,19.49,23.28,-14.5,1.96,12.78,17.49,21.24,263.15,245.23,231.48,137.02,93.17,75.23,16.26,8.43,3.89,3.21,2.53,1.33,26.65,-7.61,340.12,0.013983
Hechi,107.5,25.0,2008,11,2008-11,1.033,3.938,6.606,8.148,9.486,0.00174,0.002902,0.001509,0.002261,0.001481,-51.65,-7.99,4.49,9.66,12.79,16.18,-24.74,-4.44,5.34,9.61,13.05,265.6,269.76,259.72,120.0,76.83,61.09,36.11,16.52,7.23,2.24,2.72,1.53,14.06,5.83,539.93,0.009893
Hechi,107.5,25.0,2008,12,2008-12,0.508,2.91,4.939,5.514,6.36,0.001079,0.002448,0.001346,0.001179,0.000805,-52.0,-9.28,2.86,6.82,9.87,13.08,-32.35,-8.37,1.26,3.99,7.15,267.54,272.23,253.01,162.58,106.62,92.77,43.18,20.84,8.25,2.67,2.1,1.24,6.13,11.11,694.91,0.006858
Hechi,107.5,25.0,2009,1,2009-01,0.256,3.299,4.298,4.609,5.429,0.000609,0.003197,0.001166,0.001415,0.001229,-52.27,-10.08,1.16,4.69,7.25,10.65,-39.22,-6.75,-0.65,1.48,4.88,264.14,275.93,262.93,149.0,91.14,77.78,49.95,23.34,9.5,2.66,3.01,2.22,6.21,13.75,666.92,0.007616
Hechi,107.5,25.0,2009,2,2009-02,0.36,3.947,8.533,9.541,11.564,0.000874,0.005684,0.007553,0.004918,0.004312,-52.15,-6.55,6.45,13.78,17.34,21.61,-35.86,-4.41,9.03,11.95,16.07,248.63,259.75,248.96,196.81,169.51,158.84,38.3,23.82,14.12,8.68,5.05,3.66,18.5,-1.23,593.29,0.023341
Hechi,107.5,25.0,2009,3,2009-03,0.953,4.329,7.991,9.007,10.885,0.002103,0.006274,0.004049,0.002721,0.002296,-52.93,-8.81,7.26,12.55,15.2,19.36,-25.63,-3.19,8.08,11.09,15.14,253.06,259.94,256.33,194.09,135.68,121.15,43.0,21.64,14.21,4.97,2.96,2.07,18.99,-1.01,559.04,0.017444
Hechi,107.5,25.0,2009,4,2009-04,1.383,6.486,10.234,12.597,15.288,0.001937,0.005622,0.005197,0.004193,0.003548,-50.71,-7.24,7.39,14.23,18.02,22.33,-21.45,2.32,11.72,16.16,20.42,275.74,271.08,253.74,167.95,131.9,121.53,34.2,13.73,8.5,4.98,3.26,2.28,28.12,-6.48,313.99,0.020497
Hechi,107.5,25.0,2009,5,2009-05,2.757,7.932,12.818,15.906,19.177,0.001929,0.004617,0.00688,0.005392,0.004779,-50.52,-4.41,9.41,16.42,20.84,25.12,-13.28,5.15,15.11,19.79,24.04,283.91,265.49,235.78,169.16,142.58,131.52,12.27,6.86,5.71,5.26,3.32,2.44,31.68,-12.14,163.75,0.023597
Hechi,107.5,25.0,2009,6,2009-06,3.762,8.797,15.022,19.395,22.831,0.001807,0.003822,0.006347,0.005592,0.004973,-48.88,-2.83,11.6,20.08,24.1,28.1,-9.41,6.62,17.54,22.93,26.88,355.82,258.12,229.09,186.1,162.72,133.86,5.9,4.71,4.26,4.14,2.83,2.14,35.48,-19.81,317.0,0.022541
Hechi,107.5,25.0,2009,7,2009-07,3.169,9.254,15.675,20.03,23.467,0.000769,0.004011,0.008794,0.007097,0.005958,-47.51,-1.43,12.02,20.39,24.66,28.59,-11.56,7.35,18.2,23.45,27.33,67.78,153.54,199.37,178.65,157.49,136.3,15.6,2.38,4.25,5.5,3.47,2.49,35.36,-20.0,273.3,0.026628
Hechi,107.5,25.0,2009,8,2009-08,2.701,7.644,13.971,19.295,22.292,0.000483,0.001221,0.003678,0.003098,0.002746,-48.54,-2.83,11.66,20.63,24.62,28.31,-13.53,4.62,16.42,22.85,26.49,63.87,106.57,155.07,139.4,115.59,109.33,10.67,1.75,1.57,2.58,1.57,1.21,32.85,-17.71,525.67,0.011225
Hechi,107.5,25.0,2009,9,2009-09,2.221,7.601,12.915,17.638,20.483,0.000704,0.001581,0.003905,0.003248,0.002153,-49.29,-3.12,10.71,19.14,23.07,26.81,-15.9,4.54,15.22,21.42,25.11,120.58,142.58,143.97,115.79,82.36,71.92,1.79,3.11,2.04,2.97,1.81,1.03,31.32,-13.83,489.68,0.011592
Hechi,107.5,25.0,2009,10,2009-10,1.935,7.223,10.624,13.643,15.679,0.002021,0.003086,0.004118,0.00447,0.003203,-51.04,-4.15,8.37,15.41,19.43,22.88,-17.55,3.83,12.28,17.39,20.82,275.49,276.33,251.78,117.24,74.1,59.72,14.95,10.24,4.19,3.8,3.21,2.0,27.29,-5.49,391.8,0.016898
Hechi,107.5,25.0,2009,11,2009-11,1.027,4.33,6.475,7.93,9.292,0.0019,0.003354,0.001271,0.001932,0.001562,-52.71,-5.9,5.51,9.22,11.46,14.99,-24.81,-3.18,5.06,9.22,12.74,269.72,268.89,256.91,132.89,81.09,70.14,33.26,18.14,7.6,1.92,2.39,1.65,11.48,8.64,520.53,0.010019
Hechi,107.5,25.0,2009,12,2009-12,0.365,3.839,6.498,7.312,8.727,0.000966,0.004664,0.002774,0.002273,0.001996,-53.13,-9.99,2.9,7.14,9.69,13.41,-35.72,-4.77,5.11,8.03,11.8,268.76,271.81,261.07,183.01,126.19,107.38,56.57,25.94,11.91,4.19,3.05,2.24,14.56,6.44,254.03,0.012672
Hechi,107.5,25.0,2010,1,2010-01,0.628,3.077,6.837,7.291,8.55,0.001577,0.003825,0.003609,0.002187,0.001746,-52.79,-8.35,4.77,8.51,10.48,14.0,-30.13,-7.66,5.83,7.99,11.5,258.23,267.74,254.93,199.17,144.69,126.47,47.0,24.63,12.19,5.18,2.94,2.0,10.27,6.0,334.73,0.012943
Hechi,107.5,25.0,2010,2,2010-02,0.266,3.137,6.648,7.375,8.645,0.000742,0.005408,0.004633,0.002669,0.002105,-53.06,-10.06,5.7,11.41,13.96,17.64,-38.84,-7.41,5.43,8.15,11.66,262.87,265.13,255.54,204.46,160.75,146.44,60.19,27.34,16.91,6.83,3.55,2.39,13.79,2.03,747.56,0.015555
Hechi,107.5,25.0,2010,3,2010-03,0.764,4.49,7.718,8.42,10.157,0.00167,0.006082,0.004352,0.003002,0.002623,-52.17,-8.94,6.97,12.97,16.36,20.54,-28.04,-2.7,7.57,10.1,14.08,261.87,265.37,254.32,194.66,158.35,146.44,50.55,21.44,13.28,5.53,3.5,2.53,19.82,-0.88,674.62,0.01773
Hechi,107.5,25.0,2010,4,2010-04,1.391,6.484,10.483,12.227,14.8,0.002434,0.00787,0.005466,0.003786,0.003155,-51.8,-7.33,8.44,14.36,17.44,21.71,-21.39,2.32,12.08,15.71,19.91,268.08,266.49,254.85,186.51,137.54,118.89,40.97,17.16,11.9,5.11,3.04,2.09,27.64,-7.3,285.41,0.022711
Hechi,107.5,25.0,2010,5,2010-05,2.671,8.27,14.566,17.735,21.195,0.003407,0.007722,0.009241,0.006486,0.005781,-49.53,-3.66,11.42,18.65,22.33,26.52,-13.67,5.74,17.07,21.51,25.66,282.51,263.99,248.34,186.65,147.06,125.41,23.63,12.51,9.16,6.22,3.59,2.67,33.7,-18.02,197.64,0.032637
Hechi,107.5,25.0,2010,6,2010-06,4.535,9.972,15.102,18.717,21.981,0.004319,0.007688,0.006693,0.005124,0.005047,-48.71,-2.72,11.14,18.83,23.0,26.95,-7.02,8.44,17.63,22.36,26.26,305.35,265.52,249.24,188.34,141.81,108.92,11.65,9.34,7.56,4.35,2.68,2.25,36.47,-18.61,150.33,0.02887
Hechi,107.5,25.0,2010,7,2010-07,3.261,9.18,15.865,20.291,23.595,0.001282,0.006376,0.01324,0.010222,0.008135,-48.08,-2.19,12.28,20.97,24.99,28.81,-11.2,7.24,18.39,23.66,27.42,62.99,195.8,210.14,190.77,165.82,153.66,10.39,3.86,6.81,8.18,4.94,3.38,36.51,-20.0,322.45,0.039255
Hechi,107.5,25.0,2010,8,2010-08,2.901,8.289,13.947,18.999,22.108,0.000813,0.002391,0.005495,0.004612,0.003487,-48.91,-2.59,11.48,20.15,24.08,27.88,-12.65,5.77,16.4,22.6,26.35,60.26,119.64,164.83,163.77,142.17,130.28,9.76,2.75,2.83,3.86,2.38,1.55,33.43,-16.92,468.91,0.016798
Hechi,107.5,25.0,2010,9,2010-09,2.954,8.645,13.677,17.947,20.886,8.7e-05,0.001582,0.003383,0.002897,0.002814,-50.31,-3.12,10.77,18.98,22.92,26.69,-12.43,6.38,16.1,21.69,25.42,46.16,255.97,236.13,160.74,117.05,92.6,3.84,0.29,1.79,2.43,1.58,1.32,33.8,-15.58,360.05,0.010764
Hechi,107.5,25.0,2010,10,2010-10,2.656,6.625,8.95,11.821,13.859,0.002248,0.00101,0.003945,0.004918,0.003551,-51.16,-5.27,8.24,13.42,16.74,20.47,-13.74,2.62,9.73,15.19,18.88,279.52,272.83,274.6,78.12,56.19,38.37,15.66,8.3,1.49,4.32,4.08,2.51,22.8,-0.61,460.76,0.015672
Hechi,107.5,25.0,2010,11,2010-11,0.813,4.352,6.531,8.293,9.529,0.001495,0.003033,0.000996,0.001899,0.001434,-52.11,-8.16,4.35,10.06,13.43,16.73,-27.37,-3.11,5.18,9.87,13.12,272.16,272.0,261.59,118.79,73.18,49.95,37.64,18.03,6.83,1.49,2.25,1.48,15.93,5.47,610.3,0.008857
Hechi,107.5,25.0,2010,12,2010-12,1.064,4.228,6.042,7.057,8.242,0.002969,0.005062,0.001413,0.001368,0.001168,-52.67,-7.86,3.67,8.09,10.59,14.01,-24.41,-3.5,4.08,7.52,10.95,262.99,271.28,263.64,183.0,108.72,91.24,44.58,27.37,11.74,2.29,1.9,1.39,12.86,8.76,501.77,0.011981
Hechi,107.5,25.0,2011,1,2011-01,0.462,3.797,4.185,4.131,4.831,0.001421,0.006145,0.001132,0.001707,0.001577,-52.06,-10.15,0.83,1.31,2.54,5.86,-33.33,-4.92,-1.01,-0.02,3.24,251.15,265.8,262.1,149.67,77.16,63.27,51.47,30.17,15.87,2.65,4.05,3.2,4.71,17.01,289.44,0.011982
Hechi,107.5,25.0,2011,2,2011-02,0.388,3.322,7.105,7.769,9.307,0.000925,0.004899,0.00414,0.002666,0.002382,-51.52,-10.09,4.91,9.03,11.76,15.65,-35.1,-6.67,6.38,8.92,12.77,262.67,270.42,260.41,198.47,148.86,134.84,45.37,23.39,14.46,5.71,3.36,2.51,13.93,3.14,330.91,0.015013
Hechi,107.5,25.0,2011,3,2011-03,1.043,4.588,6.629,7.401,9.011,0.002367,0.005612,0.002002,0.002024,0.00183,-52.11,-9.52,3.99,7.59,10.82,14.94,-24.63,-2.41,5.39,8.21,12.28,253.48,264.64,258.41,159.85,97.28,87.41,45.68,22.26,11.99,2.96,2.68,1.99,16.11,6.18,274.79,0.013835
Hechi,107.5,25.0,2011,4,2011-04,1.393,5.849,10.227,12.282,14.956,0.002293,0.004889,0.005154,0.003724,0.003427,-52.89,-7.17,7.64,15.06,19.29,23.69,-21.37,0.89,11.71,15.77,20.07,263.56,270.18,259.1,189.79,165.59,157.77,37.37,16.14,8.2,4.94,2.97,2.25,27.19,-7.2,419.11,0.019487
Hechi,107.5,25.0,2011,5,2011-05,2.398,6.105,11.364,14.842,17.589,0.002214,0.003447,0.003321,0.002603,0.002442,-50.35,-4.74,10.35,17.11,20.89,24.92,-14.98,1.48,13.28,18.7,22.65,283.25,260.46,252.12,183.8,132.41,111.1,19.89,9.06,5.54,2.87,1.72,1.36,26.27,-9.57,478.13,0.014028
Hechi,107.5,25.0,2011,6,2011-06,4.0,9.833,15.762,19.796,23.305,0.001775,0.004548,0.00815,0.006658,0.0056,-48.95,-2.41,11.73,20.0,24.31,28.31,-8.63,8.23,18.29,23.26,27.22,314.65,243.67,227.23,180.9,151.18,121.46,4.65,4.35,4.54,5.07,3.3,2.36,37.2,-20.0,213.75,0.026731
Hechi,107.5,25.0,2011,7,2011-07,2.458,7.936,14.449,19.364,22.58,0.00045,0.002306,0.005479,0.004358,0.004098,-48.21,-2.45,12.07,20.74,24.81,28.67,-14.68,5.15,16.94,22.91,26.7,73.61,185.11,205.58,170.71,148.9,130.67,8.26,1.8,2.85,3.72,2.21,1.78,33.22,-18.65,474.69,0.016692
Hechi,107.5,25.0,2011,8,2011-08,2.882,7.284,13.349,18.548,21.591,0.000376,0.001207,0.00414,0.003536,0.0029,-49.11,-3.58,11.1,20.15,24.13,27.93,-12.73,3.94,15.73,22.22,25.96,76.69,207.97,197.54,170.54,152.61,138.08,3.65,1.28,1.63,3.04,1.87,1.32,32.3,-16.4,552.92,0.012159
Hechi,107.5,25.0,2011,9,2011-09,3.113,8.529,12.642,16.476,19.204,0.00041,0.002302,0.005341,0.004593,0.003214,-50.0,-3.29,10.49,17.84,21.58,25.35,-11.78,6.18,14.9,20.34,24.06,66.79,144.46,164.44,112.42,78.61,64.37,6.34,1.29,2.65,4.14,2.73,1.64,31.72,-12.01,367.73,0.01586
Hechi,107.5,25.0,2011,10,2011-10,2.551,7.277,10.175,12.666,14.92,0.002372,0.002462,0.003143,0.003795,0.002581,-51.74,-6.19,7.63,13.67,17.24,21.01,-14.23,3.93,11.63,16.25,20.04,265.45,252.12,236.93,108.67,72.98,52.18,18.65,9.12,3.32,3.03,2.94,1.7,27.79,-4.74,254.7,0.014354
Hechi,107.5,25.0,2011,11,2011-11,0.727,4.234,8.647,11.087,12.945,0.000945,0.002537,0.002805,0.002563,0.001524,-52.05,-9.23,4.76,12.41,16.17,19.8,-28.57,-3.48,9.23,14.21,17.81,256.88,249.62,232.95,159.0,120.18,127.96,32.52,12.75,5.88,3.18,2.27,1.15,22.63,-2.88,397.6,0.010374
Hechi,107.5,25.0,2011,12,2011-12,0.692,3.746,4.805,5.17,5.878,0.001772,0.004615,0.00119,0.002154,0.001647,-51.98,-6.33,2.16,4.77,7.05,10.07,-29.1,-5.1,0.88,3.08,6.02,263.24,267.1,260.04,112.77,71.3,58.39,38.93,25.11,12.08,2.43,4.09,2.75,4.73,16.25,485.94,0.011378
Hechi,107.5,25.0,2012,1,2012-01,0.605,3.264,6.019,6.218,7.425,0.00196,0.005967,0.002469,0.002093,0.002055,-52.11,-8.27,2.76,4.93,6.68,10.34,-30.53,-6.89,4.02,5.7,9.41,253.56,261.89,257.93,188.43,100.12,84.08,46.44,31.77,17.93,4.02,3.3,2.71,7.57,11.33,113.21,0.014544
Hechi,107.5,25.0,2012,2,2012-02,0.309,3.713,7.083,7.351,8.848,0.000896,0.006854,0.004468,0.002691,0.00253,-52.14,-8.58,5.08,7.84,9.97,13.9,-37.38,-5.21,6.34,8.11,12.01,254.81,265.91,255.54,191.09,127.19,110.89,44.84,28.43,18.1,6.19,3.59,2.8,12.46,5.82,187.61,0.017439
Hechi,107.5,25.0,2012,3,2012-03,0.542,4.62,8.61,9.755,11.789,0.001325,0.007118,0.005146,0.003551,0.003048,-51.66,-8.2,6.05,12.14,15.2,19.33,-31.68,-2.31,9.17,12.28,16.37,254.78,262.45,250.35,186.76,138.41,124.88,40.87,23.98,15.11,5.86,3.57,2.54,21.14,-1.5,371.68,0.020188
Hechi,107.5,25.0,2012,4,2012-04,1.109,5.989,11.386,13.675,16.354,0.002031,0.007197,0.005948,0.00362,0.003095,-52.8,-7.58,8.5,16.84,20.5,24.66,-23.95,1.22,13.31,17.43,21.49,261.59,261.81,254.4,197.73,150.97,124.46,40.08,17.96,11.78,5.12,2.6,1.86,30.45,-12.2,440.71,0.021892
Hechi,107.5,25.0,2012,5,2012-05,3.313,9.038,14.203,17.449,20.74,0.002894,0.006308,0.006653,0.004871,0.004663,-50.1,-3.86,10.86,18.45,22.48,26.6,-11.0,7.01,16.68,21.25,25.31,275.34,252.47,234.03,167.81,123.23,100.19,10.32,8.57,6.84,4.59,2.74,2.2,35.14,-17.1,221.25,0.025389
Hechi,107.5,25.0,2012,6,2012-06,4.58,10.093,15.118,19.142,22.576,0.002354,0.00313,0.003909,0.003925,0.004626,-48.48,-2.38,11.41,19.61,23.66,27.68,-6.89,8.61,17.64,22.72,26.69,330.25,271.25,246.55,138.2,102.93,81.99,7.96,5.04,3.04,2.54,2.01,2.01,36.83,-19.12,245.87,0.017945
Hechi,107.5,25.0,2012,7,2012-07,3.451,9.452,15.697,19.913,23.263,0.000933,0.004536,0.009301,0.00702,0.006039,-48.35,-2.48,11.94,20.36,24.61,28.5,-10.49,7.66,18.23,23.35,27.19,56.68,157.6,195.28,176.55,152.99,134.68,13.0,2.65,4.71,5.81,3.46,2.55,36.78,-20.0,266.82,0.027828
Hechi,107.5,25.0,2012,8,2012-08,3.248,8.208,13.93,19.358,22.399,0.001194,0.00272,0.004686,0.003632,0.003295,-48.51,-2.74,11.33,20.57,24.53,28.25,-11.25,5.63,16.38,22.9,26.56,70.34,70.06,65.64,83.91,65.94,57.74,9.01,3.61,3.25,3.3,1.84,1.44,33.99,-17.45,523.81,0.015526
Hechi,107.5,25.0,2012,9,2012-09,3.456,8.332,11.88,15.655,18.285,0.001526,0.002215,0.003015,0.003668,0.002935,-50.65,-3.92,9.61,16.77,20.68,24.42,-10.47,5.85,13.96,19.54,23.27,344.32,266.29,240.09,114.2,69.36,51.97,7.62,4.33,2.61,2.49,2.3,1.57,30.88,-9.69,351.8,0.013359
Hechi,107.5,25.0,2012,10,2012-10,1.866,7.203,11.312,14.049,16.517,0.001894,0.0041,0.004094,0.002903,0.002054,-51.6,-4.94,8.08,14.81,18.88,22.67,-17.97,3.79,13.22,17.85,21.65,266.34,260.23,244.54,157.12,112.64,97.07,14.74,9.95,5.58,3.55,2.03,1.22,28.68,-7.37,199.01,0.015045
Hechi,107.5,25.0,2012,11,2012-11,0.97,5.089,9.136,10.488,12.531,0.002207,0.006981,0.00482,0.002797,0.002166,-52.55,-7.8,6.6,11.84,14.16,18.04,-25.44,-1.01,10.04,13.38,17.31,268.37,265.35,257.03,203.34,146.07,124.91,45.69,22.31,13.45,5.17,2.62,1.69,22.07,-2.07,225.25,0.018971
Hechi,107.5,25.0,2012,12,2012-12,0.432,3.58,6.571,7.271,8.553,0.001231,0.005153,0.002524,0.001475,0.001196,-52.68,-8.27,3.41,7.12,9.11,12.62,-34.02,-5.69,5.27,7.95,11.5,265.81,270.0,259.1,200.84,122.89,97.54,52.71,27.94,14.11,3.77,1.99,1.37,11.56,8.01,231.65,0.011578
Hechi,107.5,25.0,2013,1,2013-01,0.353,3.336,5.904,6.401,7.57,0.001063,0.004912,0.002278,0.001338,0.001231,-52.37,-8.75,2.66,5.68,7.73,11.2,-36.05,-6.61,3.75,6.11,9.69,257.27,265.98,259.99,200.25,122.45,97.93,51.93,29.54,14.44,3.78,2.05,1.6,8.91,10.42,241.02,0.010823
Hechi,107.5,25.0,2013,2,2013-02,0.73,4.002,8.656,9.25,11.178,0.001764,0.006729,0.006544,0.00385,0.003349,-52.6,-7.39,7.65,11.46,14.03,18.11,-28.53,-4.23,9.25,11.49,15.55,252.66,261.34,256.6,208.43,167.84,153.52,38.99,23.7,16.49,7.41,4.08,2.94,16.22,-0.15,276.85,0.022236
Hechi,107.5,25.0,2013,3,2013-03,0.773,5.158,9.014,10.779,12.892,0.001442,0.005743,0.004028,0.002753,0.002089,-50.7,-10.12,6.16,13.28,16.95,20.98,-27.91,-0.83,9.84,13.79,17.75,260.91,265.39,256.33,193.59,146.56,130.41,44.05,18.29,10.92,4.38,2.5,1.59,26.25,-5.48,430.15,0.016055
Hechi,107.5,25.0,2013,4,2013-04,1.337,6.146,10.741,12.776,15.374,0.002452,0.006935,0.004528,0.003115,0.0027,-50.97,-7.9,8.15,14.57,18.07,22.28,-21.84,1.57,12.44,16.38,20.51,261.77,266.49,260.69,192.86,145.05,123.87,43.92,17.98,11.07,4.13,2.39,1.72,28.33,-8.7,266.22,0.01973
Hechi,107.5,25.0,2013,5,2013-05,2.787,7.374,13.239,16.966,20.217,0.003041,0.005637,0.005863,0.004404,0.00374,-49.18,-4.76,10.15,17.94,21.7,25.87,-13.15,4.12,15.6,20.8,24.9,273.29,258.85,250.11,199.64,161.21,126.93,17.79,10.7,7.5,4.34,2.55,1.81,32.27,-15.07,292.24,0.022685
Hechi,107.5,25.0,2013,6,2013-06,3.8,8.475,14.701,18.883,22.238,0.00066,0.002281,0.005839,0.005162,0.004845,-48.54,-2.77,11.92,19.68,23.84,27.85,-9.28,6.09,17.21,22.5,26.45,32.04,237.71,231.31,174.99,148.27,125.48,3.66,1.7,2.64,3.89,2.68,2.14,33.83,-18.52,308.71,0.018787
Hechi,107.5,25.0,2013,7,2013-07,3.445,8.994,15.462,19.475,22.829,0.001269,0.005805,0.012335,0.009171,0.00756,-48.07,-2.6,11.79,20.24,24.48,28.42,-10.52,6.94,17.99,23.0,26.88,70.7,156.34,199.67,183.37,162.74,152.09,15.95,3.61,6.33,7.82,4.62,3.25,35.98,-20.0,281.09,0.03614
Hechi,107.5,25.0,2013,8,2013-08,3.75,8.717,14.248,19.291,22.482,0.001189,0.002266,0.003254,0.001856,0.00198,-48.91,-3.34,11.5,20.39,24.31,28.15,-9.45,6.49,16.73,22.85,26.63,78.18,117.39,124.94,131.02,102.86,69.68,5.91,3.11,2.55,2.24,0.94,0.86,35.45,-18.67,457.88,0.010546
Hechi,107.5,25.0,2013,9,2013-09,2.839,7.359,11.707,16.021,18.743,0.000262,0.001028,0.003467,0.003571,0.003077,-50.05,-3.97,9.91,17.48,21.27,25.09,-12.92,4.09,13.73,19.9,23.67,343.02,200.04,129.97,86.84,49.83,26.57,3.36,0.9,1.37,2.9,2.19,1.61,29.36,-10.01,468.35,0.011405
Hechi,107.5,25.0,2013,10,2013-10,2.331,5.587,8.512,11.271,13.041,0.002169,0.00118,0.002698,0.003568,0.002626,-51.55,-6.17,6.88,13.62,17.39,20.94,-15.32,0.26,9.0,14.46,17.93,270.71,267.8,264.18,71.62,46.17,23.58,17.05,9.13,2.07,3.11,3.1,1.97,22.17,-0.65,577.77,0.012242
Hechi,107.5,25.0,2013,11,2013-11,0.874,5.017,7.699,9.409,10.983,0.001552,0.003859,0.00217,0.002142,0.00112,-52.04,-7.53,4.86,10.71,14.04,17.6,-26.58,-1.2,7.54,11.75,15.28,267.26,270.03,252.89,143.09,92.82,78.47,35.95,17.41,7.54,2.76,2.23,1.0,19.72,2.71,396.36,0.010843
Hechi,107.5,25.0,2013,12,2013-12,0.561,3.038,4.314,4.98,5.751,0.001497,0.002589,0.001297,0.001671,0.001157,-51.53,-9.22,0.85,4.0,7.01,10.27,-31.32,-7.82,-0.59,2.56,5.7,261.39,269.91,272.26,72.43,58.29,45.62,50.68,26.17,8.36,2.95,3.29,1.97,3.96,15.2,574.28,0.008211
Hechi,107.5,25.0,2014,1,2014-01,0.396,2.63,5.188,5.993,7.048,0.00104,0.002857,0.00181,0.001404,0.001136,-52.01,-9.43,3.04,6.81,10.13,13.65,-34.9,-9.66,1.94,5.17,8.64,259.09,274.21,265.48,181.17,134.82,124.69,45.9,25.76,10.65,3.42,2.3,1.58,5.48,10.38,608.45,0.008248
Hechi,107.5,25.0,2014,2,2014-02,0.51,3.798,6.586,7.205,8.64,0.001469,0.005914,0.003504,0.002455,0.002344,-51.94,-7.76,3.53,7.5,10.01,13.88,-32.31,-4.92,5.3,7.82,11.65,268.42,272.17,257.71,186.93,132.33,117.05,46.1,28.24,15.27,5.22,3.34,2.66,12.11,8.13,275.13,0.015686
Hechi,107.5,25.0,2014,3,2014-03,0.795,5.198,9.151,10.376,12.593,0.00186,0.008064,0.00487,0.002915,0.002453,-51.26,-10.25,6.16,11.64,14.61,18.8,-27.61,-0.72,10.06,13.21,17.39,261.23,266.8,256.93,197.39,140.3,117.77,47.77,22.95,15.21,5.22,2.76,1.91,25.07,-4.37,197.21,0.020162
Hechi,107.5,25.0,2014,4,2014-04,1.071,6.43,12.113,14.354,17.317,0.00172,0.007083,0.007345,0.005091,0.004146,-51.44,-6.87,8.73,15.48,19.24,23.48,-24.34,2.2,14.25,18.18,22.4,259.9,262.08,253.54,186.37,149.6,135.34,34.85,15.75,10.8,5.95,3.48,2.35,30.07,-11.93,153.64,0.025385
Hechi,107.5,25.0,2014,5,2014-05,2.371,8.548,14.232,17.511,20.736,0.002563,0.007998,0.007385,0.004665,0.004531,-50.92,-4.26,10.5,18.09,21.99,26.05,-15.12,6.21,16.71,21.3,25.31,278.24,262.85,246.9,194.34,154.61,115.13,16.13,10.6,9.18,5.09,2.61,2.14,34.78,-17.21,172.28,0.027142
Hechi,107.5,25.0,2014,6,2014-06,4.389,10.497,15.577,19.635,23.082,0.001987,0.004164,0.00444,0.003915,0.004545,-47.87,-2.13,12.17,19.88,24.09,28.08,-7.44,9.18,18.11,23.13,27.06,312.59,250.67,231.16,153.89,123.53,91.78,4.2,4.44,3.89,2.8,1.96,1.93,37.13,-20.0,221.67,0.019051
Hechi,107.5,25.0,2014,7,2014-07,3.804,9.408,14.72,20.111,23.434,0.001126,0.00401,0.006684,0.005332,0.004441,-48.36,-2.56,11.96,20.75,24.83,28.68,-9.26,7.59,17.23,23.51,27.31,36.42,171.28,176.02,165.43,151.27,124.03,4.31,2.9,4.18,4.45,2.6,1.86,36.17,-19.46,440.09,0.021594
Hechi,107.5,25.0,2014,8,2014-08,3.609,9.26,14.099,19.122,22.402,0.000505,0.002312,0.004157,0.003516,0.003218,-48.82,-2.53,11.35,19.77,23.84,27.75,-9.93,7.36,16.57,22.7,26.57,56.64,177.91,192.5,166.4,151.87,116.57,8.8,1.37,2.45,2.89,1.8,1.41,34.88,-16.85,400.54,0.013706
Hechi,107.5,25.0,2014,9,2014-09,2.7397,8.1865,13.2808,17.8922,20.9017,0.000682,0.002062,0.004842,0.003963,0.003567,-50.1,-3.2,11.04,18.9,23.03,26.86,-13.36,5.6,15.65,21.65,25.44,80.71,194.62,184.75,148.89,117.86,106.42,4.71,2.44,2.47,3.58,2.17,1.67,32.3,-14.58,406.91,0.015116
Hechi,107.5,25.0,2014,10,2014-10,1.7591,5.4336,10.6319,14.0388,16.2996,0.00153,0.001877,0.002963,0.002698,0.001636,-51.57,-5.72,8.26,15.33,19.45,23.06,-18.67,-0.12,12.29,17.84,21.44,261.23,257.99,248.51,150.18,110.6,99.29,16.97,8.53,3.39,2.73,1.88,0.98,24.95,-7.0,379.88,0.010704
Hechi,107.5,25.0,2014,11,2014-11,0.7074,5.3503,8.6512,10.3229,12.2563,0.001422,0.005655,0.003039,0.002253,0.001823,-52.26,-6.96,4.7,10.46,13.71,17.51,-28.87,-0.33,9.24,13.14,16.97,273.68,268.52,251.89,181.01,118.31,95.74,38.7,19.72,10.37,3.44,2.14,1.46,21.62,1.25,152.46,0.014192
Hechi,107.5,25.0,2014,12,2014-12,0.6334,3.3781,4.6574,5.2323,6.0456,0.001653,0.003815,0.00097,0.001595,0.00121,-52.68,-6.81,2.88,5.01,7.05,10.33,-30.04,-6.45,0.45,3.25,6.42,264.93,271.34,264.13,112.43,68.8,50.28,44.37,25.59,11.08,2.04,2.99,1.96,2.95,15.89,569.67,0.009242
Hechi,107.5,25.0,2015,1,2015-01,0.9197,3.505,5.9157,6.7504,8.0135,0.002281,0.004075,0.001918,0.001631,0.001238,-52.73,-9.83,3.49,6.61,9.89,13.58,-26.02,-5.97,3.78,6.88,10.53,251.97,264.75,260.76,179.03,126.81,116.88,44.98,24.32,11.4,3.18,2.37,1.51,10.75,8.46,353.32,0.011142
Hechi,107.5,25.0,2015,2,2015-02,0.4358,3.7861,7.3911,8.831,10.5347,0.001012,0.005041,0.004301,0.00278,0.00223,-52.53,-11.73,2.59,9.04,12.2,16.04,-33.93,-4.96,6.95,10.8,14.64,258.57,266.78,258.16,200.58,152.86,132.25,59.06,22.78,13.06,5.71,3.09,2.08,20.18,0.82,261.63,0.015363
Hechi,107.5,25.0,2015,3,2015-03,0.7161,4.9357,9.8148,11.2682,13.6977,0.001517,0.007512,0.00675,0.003976,0.003268,-54.09,-7.76,7.4,13.15,16.23,20.48,-28.74,-1.42,11.1,14.46,18.69,260.0,266.14,255.65,199.81,154.77,136.23,40.11,20.77,14.93,6.74,3.46,2.34,23.18,-4.93,256.45,0.023023
Hechi,107.5,25.0,2015,4,2015-04,1.5832,5.6888,9.0927,11.1648,13.3562,0.002795,0.006288,0.003934,0.002347,0.001885,-51.99,-7.68,7.77,15.57,19.44,23.57,-19.89,0.51,9.96,14.32,18.3,272.79,264.67,258.61,208.51,172.64,156.96,39.36,17.31,10.84,4.24,2.06,1.38,25.95,-5.43,700.12,0.017248
Hechi,107.5,25.0,2015,5,2015-05,2.8066,8.9562,14.8131,18.2509,21.5884,0.003461,0.008186,0.007589,0.004921,0.0045,-50.1,-3.64,11.1,18.94,22.74,26.79,-13.06,6.88,17.33,21.96,25.96,266.22,262.24,250.09,196.63,156.03,112.48,18.33,12.09,8.96,5.02,2.64,2.04,35.69,-18.91,201.59,0.028656
Hechi,107.5,25.0,2015,6,2015-06,3.8415,10.0662,16.4719,20.2747,23.7665,0.002237,0.008426,0.011947,0.008713,0.006825,-48.28,-2.03,12.43,20.51,24.67,28.62,-9.14,8.57,18.98,23.64,27.54,7.26,240.03,237.73,199.33,170.7,144.55,2.02,5.71,8.21,7.11,4.21,2.82,37.66,-20.0,191.65,0.038148
Hechi,107.5,25.0,2015,7,2015-07,4.1561,8.8061,14.1763,18.5094,21.5619,0.001009,0.000797,0.002618,0.002301,0.003195,-48.4,-2.42,11.13,19.64,23.64,27.47,-8.14,6.64,16.65,22.19,25.94,295.04,263.56,34.04,79.48,75.75,62.47,4.85,2.38,0.89,1.81,1.22,1.45,34.22,-16.81,373.59,0.00992
Hechi,107.5,25.0,2015,8,2015-08,3.9303,8.8881,14.1506,18.7644,21.7568,0.000994,0.001511,0.002625,0.00208,0.002667,-49.41,-3.19,10.94,19.81,23.91,27.65,-8.85,6.77,16.62,22.4,26.09,2.94,266.25,224.53,157.7,111.64,84.53,8.55,2.48,1.67,1.82,1.09,1.2,35.46,-17.69,398.08,0.009878
Hechi,107.5,25.0,2015,9,2015-09,3.525,9.8404,14.2364,17.5769,20.6637,0.001064,0.003689,0.004433,0.003409,0.003338,-49.77,-2.88,10.82,18.19,22.11,26.03,-10.23,8.24,16.72,21.36,25.25,13.43,247.1,231.29,156.4,111.68,88.04,4.65,2.96,3.68,3.05,1.9,1.58,35.2,-15.94,184.51,0.015934
Hechi,107.5,25.0,2015,10,2015-10,2.1988,6.6231,10.2665,13.5449,15.651,0.001725,0.001753,0.002414,0.002824,0.002082,-50.63,-5.33,7.99,15.23,19.15,22.67,-16.02,2.61,11.76,17.28,20.79,254.85,260.85,246.45,106.94,70.63,41.99,18.85,7.69,2.6,2.31,2.04,1.3,26.95,-5.62,433.67,0.010798
Hechi,107.5,25.0,2015,11,2015-11,1.1349,5.1299,10.1833,12.1623,14.3147,0.002013,0.005694,0.006312,0.004071,0.002719,-52.66,-7.11,6.74,12.86,15.94,19.66,-23.69,-0.9,11.65,15.63,19.39,276.14,261.52,248.12,193.09,148.09,131.66,36.86,17.4,10.88,6.08,3.28,1.86,23.98,-4.89,152.26,0.02081
Hechi,107.5,25.0,2015,12,2015-12,0.9413,3.9744,6.2607,6.8653,8.0537,0.002593,0.005315,0.00112,0.001548,0.00148,-52.46,-9.4,2.89,6.32,8.53,12.03,-25.77,-4.32,4.58,7.12,10.61,260.53,261.09,255.41,183.06,77.45,56.13,49.2,27.02,13.11,1.75,2.21,1.8,13.08,8.36,216.89,0.012056
Hechi,107.5,25.0,2016,1,2016-01,0.6149,3.3394,6.398,6.8417,8.0372,0.001766,0.004995,0.002036,0.001767,0.001716,-51.44,-11.95,1.36,5.71,8.15,11.69,-30.35,-6.6,4.89,7.07,10.58,261.21,258.6,252.31,192.32,100.27,81.63,59.78,28.16,14.67,3.12,2.53,2.09,14.59,6.05,102.36,0.012279
Hechi,107.5,25.0,2016,2,2016-02,0.5343,3.4706,4.3232,4.9212,5.8688,0.001551,0.003894,0.000532,0.001067,0.000942,-52.4,-7.65,1.09,5.69,8.73,12.5,-31.83,-6.1,-0.57,2.39,5.99,268.54,274.17,265.92,114.31,64.82,56.28,51.49,28.47,11.0,1.21,2.13,1.57,5.58,15.22,781.9,0.007985
Hechi,107.5,25.0,2016,3,2016-03,0.7994,4.9402,8.446,9.4132,11.3303,0.001779,0.006455,0.003284,0.002559,0.002395,-51.46,-10.07,5.48,11.24,14.57,18.66,-27.55,-1.41,8.89,11.75,15.76,269.34,270.71,265.61,196.21,136.05,121.53,54.9,21.82,12.81,3.81,2.67,2.07,23.31,-2.13,294.81,0.016471
Hechi,107.5,25.0,2016,4,2016-04,1.5769,6.7336,11.9088,14.2343,17.0989,0.002723,0.009098,0.006049,0.003599,0.0029,-52.05,-7.33,8.9,16.56,19.97,24.18,-19.94,2.84,13.99,18.05,22.2,263.75,263.5,257.35,202.96,154.84,124.34,37.49,16.94,13.25,4.98,2.48,1.66,31.83,-12.96,320.73,0.02437
Hechi,107.5,25.0,2016,5,2016-05,2.8875,7.926,13.4601,16.7382,19.8818,0.003306,0.006812,0.006832,0.00498,0.004144,-49.8,-4.09,10.94,18.09,21.82,25.92,-12.71,5.14,15.86,20.59,24.62,273.57,255.62,248.78,193.51,157.63,134.07,25.39,11.23,8.43,4.98,2.92,2.04,32.24,-15.1,279.27,0.026074
Hechi,107.5,25.0,2016,6,2016-06,3.642,9.0448,15.2281,19.5627,22.9269,0.002352,0.006092,0.008323,0.0067,0.005268,-48.79,-2.68,11.97,20.34,24.37,28.31,-9.82,7.02,17.75,23.07,26.95,328.87,245.2,234.98,199.76,172.29,144.35,4.27,6.33,6.6,5.36,3.36,2.25,35.83,-20.0,323.36,0.028734
Hechi,107.5,25.0,2016,7,2016-07,3.5175,9.0286,15.1433,20.3169,23.6098,0.001137,0.005211,0.010412,0.008754,0.006856,-48.55,-2.69,12.52,21.4,25.24,29.05,-10.25,7.0,17.67,23.68,27.43,51.96,188.51,217.4,197.28,177.17,159.56,8.05,3.17,5.66,6.74,4.23,2.85,36.23,-20.0,466.49,0.032371
Hechi,107.5,25.0,2016,8,2016-08,3.6469,9.8685,14.6965,19.7817,22.9998,0.001798,0.004129,0.005646,0.003945,0.003818,-47.86,-2.01,11.93,20.72,24.66,28.47,-9.8,8.28,17.2,23.25,27.0,83.2,83.04,68.8,75.03,49.65,42.35,8.1,4.84,4.1,3.77,1.96,1.63,36.28,-18.81,438.93,0.019336
Hechi,107.5,25.0,2016,9,2016-09,3.2706,8.1732,12.5437,16.3552,19.0797,0.000793,0.00149,0.005064,0.004909,0.003839,-49.65,-2.75,9.96,17.92,22.13,25.94,-11.17,5.57,14.78,20.22,23.96,320.29,279.85,5.24,60.46,41.64,31.9,4.55,2.38,1.79,3.96,2.94,1.97,31.06,-11.3,392.59,0.016094
Hechi,107.5,25.0,2016,10,2016-10,2.2158,7.2179,11.9797,14.5661,17.0933,0.001205,0.002178,0.004536,0.0045,0.003115,-50.02,-3.88,9.41,16.15,19.89,23.72,-15.93,3.82,14.08,18.41,22.19,247.5,232.04,224.14,115.4,78.45,64.21,6.3,5.33,2.96,3.71,3.03,1.79,28.52,-9.28,258.72,0.015534
Hechi,107.5,25.0,2016,11,2016-11,1.2351,5.0422,8.8806,10.3274,12.1507,0.002019,0.005471,0.002949,0.001945,0.00147,-51.5,-6.37,7.38,11.2,13.63,17.26,-22.74,-1.14,9.62,13.14,16.83,265.15,259.21,245.83,184.53,120.51,99.09,33.93,16.03,10.64,3.26,1.85,1.19,18.69,0.58,197.86,0.013854
Hechi,107.5,25.0,2016,12,2016-12,0.3297,3.911,6.285,7.5081,8.7871,0.000622,0.004002,0.001632,0.00177,0.001359,-51.27,-7.28,3.98,8.74,11.39,14.86,-36.74,-4.53,4.63,8.42,11.91,261.01,266.83,252.36,174.27,103.44,87.04,42.48,18.5,10.03,2.55,2.31,1.52,12.14,8.17,513.08,0.009384
Hechi,107.5,25.0,2017,1,2017-01,0.9414,4.0194,7.2018,8.0094,9.4321,0.002442,0.005888,0.003142,0.001993,0.001623,-52.35,-8.32,4.71,8.57,11.53,15.17,-25.77,-4.17,6.58,9.36,12.97,249.96,258.71,252.73,189.07,125.57,105.27,45.55,25.43,14.37,4.28,2.44,1.69,14.58,5.12,248.58,0.015087
Hechi,107.5,25.0,2017,2,2017-02,0.5,4.0903,6.4701,7.356,8.9301,0.001163,0.005001,0.002462,0.001943,0.001913,-50.61,-10.53,3.38,7.42,11.01,15.11,-32.51,-3.94,5.05,8.12,12.15,254.81,270.13,257.84,176.19,120.13,105.58,47.0,22.81,11.99,3.73,2.59,2.1,15.68,5.69,297.33,0.012483
Hechi,107.5,25.0,2017,3,2017-03,0.9714,5.111,8.8998,10.0498,12.2006,0.002306,0.007764,0.004501,0.002955,0.002584,-51.78,-9.65,5.33,11.2,14.29,18.49,-25.42,-0.95,9.65,12.73,16.9,256.33,264.39,253.91,189.51,131.51,106.3,48.74,23.27,14.9,4.96,2.88,2.08,24.22,-2.74,193.38,0.02011
Hechi,107.5,25.0,2017,4,2017-04,1.4513,6.2973,10.2298,12.2131,14.8165,0.00261,0.006861,0.004607,0.002922,0.002433,-51.25,-6.56,7.89,15.01,18.82,23.15,-20.9,1.91,11.71,15.69,19.93,267.48,262.73,256.27,205.58,169.54,152.57,35.91,17.63,10.68,4.42,2.35,1.61,27.3,-6.54,412.23,0.019432
Hechi,107.5,25.0,2017,5,2017-05,2.3178,6.8214,11.8545,15.5434,18.5126,0.002593,0.003538,0.003119,0.002739,0.002151,-49.98,-4.79,9.57,17.4,21.51,25.62,-15.39,3.02,13.92,19.42,23.47,275.91,267.69,257.0,179.64,144.29,118.54,25.11,10.97,5.09,2.58,1.73,1.14,29.56,-11.11,434.07,0.014139
Hechi,107.5,25.0,2017,6,2017-06,4.6579,10.2402,15.7517,19.255,22.7202,0.003783,0.007379,0.007198,0.005713,0.005092,-48.46,-2.7,11.57,19.55,23.67,27.7,-6.67,8.82,18.28,22.82,26.8,288.17,254.2,241.17,187.89,152.86,114.03,6.56,7.96,7.07,4.48,2.91,2.2,37.79,-20.0,159.23,0.029166
Hechi,107.5,25.0,2017,7,2017-07,3.8643,9.4458,14.9913,19.892,23.1403,0.000973,0.003205,0.006667,0.005552,0.004221,-49.27,-2.84,11.71,20.68,24.72,28.54,-9.07,7.65,17.51,23.34,27.1,19.21,160.77,166.37,171.53,155.84,142.6,4.0,2.47,3.33,4.36,2.74,1.79,36.97,-20.0,395.51,0.020618
Hechi,107.5,25.0,2017,8,2017-08,3.9426,9.7168,15.2656,20.0749,23.2879,0.000946,0.003102,0.006812,0.005836,0.004502,-48.13,-2.61,12.13,20.88,24.76,28.52,-8.81,8.06,17.79,23.48,27.2,58.35,144.05,190.78,186.81,170.34,143.27,9.06,2.35,3.13,4.38,2.85,1.9,37.21,-20.0,386.02,0.021198
Hechi,107.5,25.0,2017,9,2017-09,3.3982,9.5434,14.8922,19.2985,22.4257,0.000957,0.004101,0.005611,0.004242,0.003374,-49.42,-2.76,11.57,19.63,23.83,27.6,-10.69,7.8,17.41,22.85,26.58,65.31,208.4,216.99,167.44,135.06,114.6,4.59,2.76,4.21,3.7,2.16,1.48,36.04,-18.96,278.01,0.018286
Hechi,107.5,25.0,2017,10,2017-10,2.4521,7.2027,10.7261,13.4052,15.6632,0.001185,0.002513,0.004177,0.004711,0.003231,-50.44,-3.53,9.03,14.32,18.12,21.84,-14.71,3.79,12.42,17.12,20.81,242.74,220.33,197.31,100.82,64.77,44.37,7.18,4.74,3.42,3.82,3.45,2.02,25.02,-4.05,238.06,0.015816
Hechi,107.5,25.0,2017,11,2017-11,1.6707,5.4283,8.0538,9.7782,11.3434,0.00306,0.004754,0.001732,0.002268,0.001541,-51.81,-6.93,6.25,11.14,13.89,17.29,-19.27,-0.13,8.19,12.32,15.77,257.14,256.04,249.72,147.92,88.36,66.83,34.6,17.96,8.59,2.11,2.27,1.33,19.88,2.05,368.64,0.013355
Hechi,107.5,25.0,2017,12,2017-12,0.5944,3.7109,5.209,5.9909,7.0355,0.001313,0.003449,0.001204,0.001874,0.001477,-52.68,-4.81,3.64,6.01,8.61,12.07,-30.71,-5.22,2.0,5.17,8.62,269.42,275.72,261.48,122.46,77.44,59.19,36.48,21.65,9.12,2.27,3.07,2.06,3.97,15.68,501.94,0.009316
Hechi,107.5,25.0,2018,1,2018-01,0.7721,4.0647,6.4882,7.1752,8.5174,0.002241,0.005984,0.003009,0.002251,0.00195,-52.3,-5.96,2.66,6.35,8.94,12.64,-27.93,-4.02,5.09,7.76,11.44,261.37,263.29,250.3,181.2,121.56,102.66,42.82,28.46,14.44,4.55,3.08,2.24,10.71,11.23,158.39,0.015435
Hechi,107.5,25.0,2018,2,2018-02,0.3546,3.3683,6.0386,6.6516,8.0412,0.000946,0.004805,0.002321,0.001759,0.001668,-53.5,-8.84,3.27,6.57,9.93,13.94,-36.01,-6.49,4.07,6.66,10.58,259.54,269.33,262.11,181.93,122.29,106.86,55.26,26.16,13.99,3.77,2.59,2.03,9.72,9.2,312.58,0.0115
Hechi,107.5,25.0,2018,3,2018-03,0.9563,4.8423,8.5568,10.6611,12.8953,0.001633,0.004598,0.004525,0.003683,0.003099,-50.47,-11.53,5.14,12.44,16.18,20.35,-25.59,-1.68,9.08,13.62,17.75,265.65,266.87,254.32,188.23,161.02,150.65,50.21,16.74,9.31,5.19,3.39,2.36,26.22,-4.99,420.19,0.017537
Hechi,107.5,25.0,2018,4,2018-04,1.6267,6.1626,10.4687,12.5859,15.3168,0.002398,0.005281,0.005522,0.004256,0.003626,-51.28,-7.64,8.02,14.96,18.9,23.29,-19.58,1.61,12.06,16.15,20.45,267.25,262.44,253.77,197.47,171.84,165.72,35.01,14.46,8.4,5.17,3.32,2.32,28.25,-8.16,363.45,0.021083
Hechi,107.5,25.0,2018,5,2018-05,2.8811,8.116,14.2692,17.764,21.1214,0.003067,0.008481,0.010699,0.00795,0.006074,-50.9,-4.35,10.57,18.75,22.77,26.89,-12.74,5.47,16.75,21.53,25.61,257.35,240.69,238.12,202.42,179.02,160.78,12.28,10.44,10.25,7.35,4.39,2.82,34.75,-18.06,250.23,0.03627
Hechi,107.5,25.0,2018,6,2018-06,4.3829,9.4749,15.0244,18.6383,22.0227,0.001853,0.00353,0.005029,0.004443,0.004417,-48.73,-2.24,11.38,19.42,23.59,27.64,-7.46,7.69,17.55,22.3,26.29,350.48,257.6,234.25,172.44,141.48,117.94,4.53,4.15,3.65,3.28,2.34,1.97,35.52,-18.54,234.53,0.019271
Hechi,107.5,25.0,2018,7,2018-07,3.2074,9.5766,15.4252,19.964,23.4236,0.001465,0.004046,0.008513,0.007185,0.005743,-48.33,-1.98,12.25,20.88,24.96,28.94,-11.41,7.85,17.95,23.39,27.3,60.78,111.4,138.43,153.04,138.48,124.67,10.92,4.48,4.14,5.41,3.53,2.4,36.41,-20.0,365.87,0.026953
Hechi,107.5,25.0,2018,8,2018-08,3.8288,9.5232,14.848,19.8152,22.9313,0.001295,0.004506,0.005927,0.004522,0.004141,-48.62,-2.72,11.48,20.78,24.8,28.53,-9.18,7.77,17.36,23.27,26.95,55.25,64.87,65.5,74.65,62.51,54.38,3.44,3.32,4.64,3.91,2.24,1.77,37.15,-19.98,427.0,0.020391
Hechi,107.5,25.0,2018,9,2018-09,3.2836,8.7703,12.8748,17.0855,19.9965,0.000358,0.001525,0.003842,0.003522,0.003154,-50.36,-3.19,10.67,17.91,21.99,25.85,-11.12,6.58,15.18,20.91,24.72,53.19,175.84,182.55,117.73,85.1,71.89,7.83,1.07,1.71,2.93,2.02,1.55,32.19,-12.56,341.84,0.0124
Hechi,107.5,25.0,2018,10,2018-10,2.2865,6.8006,9.3557,12.3773,14.4102,0.003661,0.004948,0.002047,0.003151,0.002481,-52.15,-6.04,6.85,13.38,17.18,20.75,-15.55,2.98,10.39,15.89,19.49,277.72,270.08,264.76,129.79,79.71,59.61,25.66,15.7,7.14,2.15,2.5,1.69,25.94,-2.32,373.66,0.016289
Hechi,107.5,25.0,2018,11,2018-11,0.6088,4.4649,8.8175,10.6752,12.6008,0.001238,0.004825,0.003974,0.002766,0.002023,-51.48,-7.92,5.68,11.97,14.99,18.69,-30.46,-2.77,9.52,13.64,17.4,262.9,262.02,248.6,186.13,137.41,119.48,43.14,19.95,10.6,4.42,2.54,1.57,20.96,-1.56,307.28,0.014827
Hechi,107.5,25.0,2018,12,2018-12,1.2085,4.2428,7.109,7.7633,9.0235,0.003122,0.006496,0.003491,0.002517,0.002046,-52.33,-7.43,5.32,7.99,9.64,12.9,-22.98,-3.45,6.39,8.91,12.3,254.27,256.55,250.07,186.49,118.94,100.01,41.57,25.33,15.02,4.82,3.18,2.22,13.04,6.77,199.63,0.017672
Hechi,107.5,25.0,2019,1,2019-01,0.6053,3.5369,6.9446,7.2606,8.4182,0.001631,0.005225,0.003892,0.002341,0.001822,-52.54,-8.89,4.65,7.32,8.89,12.12,-30.52,-5.85,6.06,7.93,11.27,245.19,255.37,251.77,192.29,130.67,104.79,51.25,26.43,14.49,5.5,3.16,2.12,11.76,6.33,157.55,0.014911
Hechi,107.5,25.0,2019,2,2019-02,0.634,3.5761,8.6641,9.5556,11.4225,0.001636,0.00661,0.006848,0.003974,0.003371,-50.98,-9.92,6.32,11.6,14.08,18.02,-30.03,-5.71,9.26,11.98,15.88,257.35,259.46,254.3,199.28,149.62,125.56,51.87,25.3,18.13,7.75,4.08,2.89,18.76,-2.84,293.21,0.022439
Hechi,107.5,25.0,2019,3,2019-03,0.6804,4.8484,9.3282,10.8631,13.1031,0.001724,0.007323,0.0045,0.003235,0.002814,-51.48,-9.14,5.71,12.21,15.32,19.44,-29.28,-1.66,10.34,13.91,18.0,259.9,265.41,254.44,189.61,125.45,104.34,49.43,24.84,14.81,4.73,2.92,2.11,24.32,-4.23,233.1,0.019595
Hechi,107.5,25.0,2019,4,2019-04,1.1937,6.2246,12.2397,14.8003,17.7227,0.001847,0.007305,0.008006,0.005357,0.004019,-49.83,-7.36,9.66,17.47,20.69,24.88,-23.12,1.75,14.41,18.66,22.77,260.92,261.08,256.49,202.38,163.16,141.62,36.27,15.17,11.51,6.41,3.55,2.22,31.33,-14.72,383.09,0.026535
Hechi,107.5,25.0,2019,5,2019-05,2.4028,8.826,13.8681,16.4532,19.7971,0.002934,0.007952,0.006498,0.004722,0.00474,-49.19,-3.58,10.92,17.42,21.03,25.32,-14.95,6.67,16.31,20.32,24.56,278.09,264.56,252.33,174.55,127.36,105.83,17.24,11.98,8.84,4.59,2.81,2.35,33.07,-14.93,138.68,0.026846
Hechi,107.5,25.0,2019,6,2019-06,3.8831,9.6442,16.3834,20.1317,23.6539,0.002503,0.007385,0.009526,0.0078,0.006601,-47.6,-1.98,12.9,20.59,24.57,28.56,-9.0,7.95,18.89,23.53,27.46,319.97,254.68,250.5,201.72,168.5,140.25,5.08,6.32,7.51,5.7,3.8,2.74,36.51,-20.0,212.9,0.033816
Hechi,107.5,25.0,2019,7,2019-07,4.2533,10.2494,15.9965,20.3221,23.6429,0.001171,0.003841,0.006106,0.005326,0.004549,-47.7,-1.89,12.45,20.84,24.86,28.68,-7.84,8.83,18.52,23.68,27.45,53.16,230.48,230.35,184.46,156.42,126.03,7.99,2.7,3.68,3.74,2.57,1.89,37.63,-20.0,289.56,0.020994
Hechi,107.5,25.0,2019,8,2019-08,2.8584,8.5221,14.0443,20.1175,23.3131,0.001095,0.003014,0.004542,0.002586,0.002376,-47.98,-2.24,11.86,21.56,25.45,29.22,-12.84,6.17,16.5,23.52,27.22,60.39,63.08,73.96,92.35,76.35,61.78,9.11,3.76,3.47,3.17,1.26,1.0,34.61,-18.24,631.83,0.013612
Hechi,107.5,25.0,2019,9,2019-09,2.8092,6.8987,11.4841,16.5434,19.1657,0.000458,0.000837,0.003648,0.00329,0.001882,-49.62,-4.14,9.21,18.34,22.55,26.19,-13.05,3.18,13.44,20.4,24.03,350.46,278.94,129.12,107.66,77.04,62.37,5.38,1.6,1.19,3.12,1.95,0.96,29.89,-10.47,611.69,0.010116
Hechi,107.5,25.0,2019,10,2019-10,2.3046,6.8677,10.8357,14.2306,16.728,0.002334,0.003532,0.004147,0.00326,0.002175,-51.88,-5.79,8.27,15.34,19.03,22.81,-15.46,3.12,12.57,18.05,21.85,279.86,265.61,245.09,165.01,122.43,107.03,17.39,9.93,5.04,3.75,2.25,1.28,28.55,-7.58,346.14,0.015449
Hechi,107.5,25.0,2019,11,2019-11,0.7865,5.5714,8.3993,10.0666,11.7064,0.001339,0.004472,0.002865,0.00305,0.002307,-52.08,-5.97,6.4,11.21,14.44,17.94,-27.73,0.22,8.8,12.76,16.26,264.04,270.56,256.61,161.52,105.02,87.73,30.06,16.7,7.87,3.34,2.97,1.93,19.81,2.12,300.1,0.014033
Hechi,107.5,25.0,2019,12,2019-12,0.6666,3.124,5.8156,6.8716,8.1007,0.001713,0.003684,0.001619,0.001463,0.001028,-52.26,-9.78,3.13,7.75,10.92,14.43,-29.5,-7.46,3.54,7.13,10.69,260.22,262.13,254.72,175.27,113.59,95.84,50.51,25.2,11.56,2.73,2.09,1.24,10.48,7.69,526.01,0.009506
Hechi,107.5,25.0,2020,1,2020-01,0.7749,3.8652,7.564,8.6531,10.3798,0.002179,0.006099,0.004322,0.002854,0.00229,-51.56,-10.73,3.13,8.55,11.55,15.43,-27.89,-4.69,7.29,10.5,14.42,257.98,262.77,255.8,194.65,142.32,124.9,51.75,27.57,15.47,5.6,3.23,2.16,18.75,1.87,157.52,0.017743
Hechi,107.5,25.0,2020,2,2020-02,0.7391,4.9124,7.7719,9.3516,11.2459,0.00187,0.006414,0.004537,0.003232,0.002576,-51.59,-10.51,3.15,9.58,13.12,17.12,-28.4,-1.49,7.68,11.66,15.64,255.71,262.15,253.76,192.93,150.53,134.19,54.07,24.81,12.8,5.72,3.39,2.25,23.13,0.63,237.52,0.018628
Hechi,107.5,25.0,2020,3,2020-03,1.0153,6.0398,9.8415,11.7277,14.3316,0.002387,0.008822,0.005574,0.003573,0.003005,-51.16,-8.57,6.68,13.13,16.24,20.61,-24.93,1.33,11.14,15.07,19.4,260.61,266.06,256.51,191.1,137.76,118.9,48.22,23.05,14.32,5.55,2.99,2.06,27.49,-5.78,248.57,0.023361
Hechi,107.5,25.0,2020,4,2020-04,1.7577,5.6229,9.1996,11.5693,14.0048,0.003211,0.005877,0.002915,0.002334,0.001714,-52.75,-9.0,6.78,12.63,16.56,20.77,-18.67,0.35,10.14,14.86,19.04,260.91,266.03,261.44,179.49,122.63,106.79,51.3,17.92,10.25,3.11,1.98,1.2,25.34,-4.19,311.51,0.016051
Hechi,107.5,25.0,2020,5,2020-05,2.6978,8.2036,13.7602,17.767,21.3798,0.004229,0.00778,0.006377,0.00473,0.003826,-49.25,-4.16,11.17,19.6,23.74,28.11,-13.55,5.63,16.19,21.53,25.8,269.89,263.13,258.03,209.79,167.8,140.2,26.09,15.37,9.3,4.54,2.61,1.76,34.4,-17.45,425.38,0.026942
Hechi,107.5,25.0,2020,6,2020-06,3.977,10.3523,16.7169,20.5445,24.3375,0.002508,0.009627,0.014837,0.01164,0.009348,-47.65,-2.13,12.59,20.74,24.88,29.0,-8.7,8.98,19.21,23.86,27.93,18.67,244.93,238.95,204.42,176.33,154.36,1.71,6.18,9.12,8.7,5.56,3.77,38.46,-20.0,191.59,0.04796
Hechi,107.5,25.0,2020,7,2020-07,3.5646,9.7319,16.0121,20.2631,23.8134,0.001697,0.008156,0.01357,0.011097,0.009176,-47.27,-1.75,12.41,21.04,25.11,29.11,-10.09,8.08,18.53,23.63,27.57,59.42,227.68,235.79,206.17,183.36,165.98,10.87,4.67,8.22,8.31,5.37,3.78,37.0,-20.0,312.98,0.043695
Hechi,107.5,25.0,2020,8,2020-08,3.7354,9.3467,15.2239,19.3674,22.7973,0.000667,0.003645,0.00885,0.007113,0.006039,-47.71,-2.46,11.97,20.38,24.45,28.45,-9.5,7.5,17.75,22.91,26.85,58.98,115.14,189.43,176.13,156.86,145.83,8.65,1.75,3.82,5.7,3.6,2.6,36.12,-20.0,328.57,0.026314
Hechi,107.5,25.0,2020,9,2020-09,4.5338,10.1125,14.295,17.5051,20.6077,0.001954,0.005174,0.004869,0.004147,0.004018,-49.21,-2.71,10.97,17.99,21.91,25.86,-7.02,8.64,16.78,21.3,25.21,4.12,243.99,234.56,162.03,110.71,84.07,7.88,4.23,5.02,3.34,2.32,1.91,35.15,-15.71,151.89,0.020162
Hechi,107.5,25.0,2020,10,2020-10,3.5746,7.3394,10.0864,11.8973,14.0894,0.002399,0.003253,0.004357,0.005007,0.003588,-49.73,-3.87,9.61,13.14,16.43,20.3,-10.05,4.05,11.5,15.29,19.14,269.81,240.88,212.19,98.15,62.93,43.56,7.68,6.58,4.35,4.24,4.13,2.5,22.96,-1.69,205.02,0.018604
Hechi,107.5,25.0,2020,11,2020-11,1.1915,4.7943,8.092,9.8182,11.4212,0.001885,0.004194,0.003017,0.002943,0.001746,-50.75,-5.5,6.91,11.78,14.77,18.23,-23.14,-1.82,8.26,12.38,15.88,256.46,259.19,243.53,156.38,106.08,91.94,24.55,15.52,8.58,3.66,2.94,1.5,16.82,2.78,440.5,0.013785
Hechi,107.5,25.0,2020,12,2020-12,0.5232,4.0588,5.7339,5.9885,7.005,0.00141,0.005654,0.001689,0.002648,0.002253,-51.34,-6.8,3.76,5.01,6.92,10.31,-32.05,-4.04,3.34,5.16,8.56,258.02,267.62,262.16,133.94,78.06,65.67,42.09,26.43,13.66,2.89,4.34,3.15,7.35,13.39,208.57,0.013653
Hechi,107.5,25.0,2021,1,2021-01,0.5703,3.7677,4.9484,5.4511,6.5159,0.001621,0.004892,0.001629,0.001654,0.00153,-51.55,-6.37,2.25,4.57,7.77,11.57,-31.15,-5.02,1.29,3.83,7.5,260.71,270.46,264.12,155.02,96.94,85.44,42.06,27.88,12.73,3.23,2.98,2.3,4.97,16.05,410.6,0.011325
Hechi,107.5,25.0,2021,2,2021-02,0.9152,4.9187,7.8267,9.2575,11.0645,0.001901,0.004692,0.003186,0.002321,0.002173,-50.63,-9.59,3.39,10.1,14.18,18.12,-26.08,-1.47,7.78,11.5,15.39,256.32,265.58,258.86,179.69,137.21,123.58,46.03,20.37,9.35,3.99,2.46,1.93,22.61,0.92,290.14,0.014273
Hechi,107.5,25.0,2021,3,2021-03,0.7796,5.2818,9.5364,10.9898,13.226,0.00164,0.007344,0.006054,0.003868,0.003283,-51.59,-8.12,6.74,13.43,16.68,20.81,-27.82,-0.5,10.67,14.08,18.15,263.31,265.45,256.26,195.45,150.65,136.18,38.0,20.63,13.64,6.23,3.45,2.43,24.98,-4.89,344.97,0.02219
Hechi,107.5,25.0,2021,4,2021-04,1.6866,7.0438,11.8193,14.1248,17.091,0.002841,0.007202,0.006382,0.004671,0.004156,-51.5,-6.33,8.47,15.29,18.81,23.09,-19.16,3.47,13.88,17.93,22.19,261.7,261.63,250.69,178.23,125.65,106.63,33.43,16.52,10.03,5.3,3.24,2.38,30.51,-10.49,176.73,0.025251
Hechi,107.5,25.0,2021,5,2021-05,3.0142,8.8379,14.7244,18.1441,21.5907,0.004238,0.009943,0.009425,0.006313,0.004985,-49.74,-3.78,11.14,18.9,22.7,26.83,-12.18,6.69,17.24,21.87,25.97,272.29,255.36,248.64,203.53,171.09,140.01,20.08,13.79,11.03,6.28,3.41,2.26,35.46,-18.79,207.94,0.034904
Hechi,107.5,25.0,2021,6,2021-06,4.193,9.5336,15.4328,19.7392,23.3641,0.00177,0.004507,0.00691,0.006031,0.005645,-47.98,-1.89,12.31,20.35,24.48,28.59,-8.02,7.78,17.96,23.21,27.26,41.27,240.3,228.53,184.91,155.59,130.22,4.43,4.14,4.64,4.39,3.0,2.37,35.67,-20.0,298.94,0.024863
Hechi,107.5,25.0,2021,7,2021-07,3.8938,9.0694,15.0353,20.3026,23.8176,0.000673,0.003078,0.006604,0.00585,0.00511,-47.73,-2.39,12.16,21.14,25.28,29.25,-8.97,7.06,17.56,23.66,27.57,52.24,219.17,219.29,185.77,166.16,155.55,3.95,1.7,3.33,4.31,2.83,2.1,35.99,-20.0,447.85,0.021315
Hechi,107.5,25.0,2021,8,2021-08,3.5568,9.6768,15.2992,20.1674,23.5176,0.000584,0.002841,0.00677,0.00613,0.0054,-47.85,-2.25,12.05,21.0,25.04,28.91,-10.11,8.0,17.83,23.56,27.36,60.12,143.7,215.0,189.14,170.74,152.74,10.2,1.61,2.88,4.34,2.98,2.25,37.02,-20.0,396.5,0.021726
Hechi,107.5,25.0,2021,9,2021-09,3.1728,8.7566,13.3548,18.7963,21.8573,0.000894,0.003041,0.005276,0.003781,0.003048,-50.27,-3.94,10.93,19.89,24.02,27.79,-11.54,6.56,15.73,22.43,26.16,324.15,204.35,193.16,172.4,161.27,166.22,0.51,2.76,3.41,3.87,1.97,1.37,35.2,-16.51,519.99,0.01604
Hechi,107.5,25.0,2021,10,2021-10,3.2574,8.0421,10.3402,12.526,14.7681,0.001649,0.00259,0.005127,0.005334,0.003923,-49.98,-4.52,8.7,13.45,16.81,20.65,-11.22,5.35,11.87,16.08,19.88,277.63,246.63,208.37,96.43,61.19,43.19,9.91,4.97,3.16,4.86,4.18,2.61,26.48,-3.25,197.06,0.018623
Hechi,107.5,25.0,2021,11,2021-11,1.4925,5.9727,7.0894,9.0294,10.608,0.003298,0.006019,0.001151,0.002274,0.001772,-52.06,-7.2,4.83,9.37,12.62,16.19,-20.58,1.18,6.35,11.13,14.75,274.43,269.35,258.61,129.11,74.12,51.86,38.89,21.67,9.88,1.59,2.47,1.64,19.28,5.74,377.9,0.014514
Hechi,107.5,25.0,2021,12,2021-12,0.7388,3.8849,5.6827,6.5508,7.578,0.001618,0.003837,0.001369,0.001888,0.001402,-51.14,-7.28,3.6,7.09,9.98,13.26,-28.4,-4.62,3.21,6.44,9.71,251.9,262.11,258.37,149.99,87.76,70.77,41.35,21.47,9.69,2.36,2.83,1.81,9.37,11.11,484.55,0.010113
Hechi,107.5,25.0,2022,1,2022-01,1.087,4.56,6.9869,7.3422,8.5358,0.002816,0.006167,0.003305,0.002393,0.001978,-50.71,-12.15,1.99,7.03,8.86,12.2,-24.17,-2.49,6.14,8.09,11.47,252.4,261.74,256.41,184.95,114.81,92.52,53.77,25.41,13.26,4.64,3.2,2.27,20.84,3.24,110.26,0.01666
Hechi,107.5,25.0,2022,2,2022-02,0.8434,4.2677,5.9685,6.0987,7.0382,0.002727,0.007054,0.00185,0.002175,0.001857,-50.95,-10.77,2.29,4.74,6.22,9.35,-26.97,-3.37,3.91,5.42,8.63,253.67,258.35,253.78,166.58,83.36,67.39,52.9,31.71,16.21,3.04,3.5,2.59,13.75,9.12,104.43,0.015662
Hechi,107.5,25.0,2022,3,2022-03,1.4237,5.659,10.8782,12.5656,15.1109,0.002672,0.00693,0.006667,0.004215,0.003654,-50.87,-7.35,8.19,14.52,17.87,22.03,-21.12,0.44,12.63,16.12,20.24,270.27,268.6,258.06,199.26,163.77,154.69,31.83,18.41,12.01,6.01,3.29,2.37,26.75,-8.44,235.79,0.024139
Hechi,107.5,25.0,2022,4,2022-04,1.7249,6.6119,9.6163,11.8907,14.229,0.002706,0.005491,0.003289,0.002115,0.001522,-51.54,-7.01,7.23,14.19,18.22,22.29,-18.9,2.59,10.79,15.28,19.29,267.13,267.52,255.61,188.33,149.64,140.9,33.53,15.38,8.14,3.35,1.74,1.05,27.35,-4.7,424.53,0.015122
Hechi,107.5,25.0,2022,5,2022-05,4.0247,8.7537,12.3009,15.1077,18.1521,0.004377,0.004974,0.004004,0.004068,0.003581,-49.52,-4.8,9.03,15.73,19.85,24.05,-8.55,6.56,14.48,18.98,23.16,277.76,262.09,244.82,148.91,112.08,96.46,21.11,10.67,5.57,3.19,2.64,1.93,32.55,-10.57,155.91,0.021005
Hechi,107.5,25.0,2022,6,2022-06,4.8153,10.3057,15.5738,19.4121,22.9392,0.002655,0.006282,0.00784,0.006127,0.004981,-48.71,-2.75,11.52,19.84,24.02,28.08,-6.24,8.91,18.1,22.95,26.96,10.25,260.74,246.16,208.77,179.14,149.21,4.79,5.41,5.98,4.94,3.1,2.13,38.09,-20.0,217.05,0.027885
Hechi,107.5,25.0,2022,7,2022-07,3.1484,8.8704,15.1498,20.2135,23.6669,0.000541,0.003946,0.00883,0.00764,0.006511,-47.84,-2.35,12.79,21.28,25.1,29.03,-11.64,6.74,17.67,23.59,27.47,82.19,193.03,219.16,196.6,180.8,169.63,7.83,1.68,4.36,5.72,3.71,2.7,35.26,-20.0,451.23,0.027469
Hechi,107.5,25.0,2022,8,2022-08,3.7576,9.5542,15.0115,20.0303,23.4585,0.001924,0.003398,0.007364,0.006177,0.005155,-47.85,-2.1,12.12,20.85,25.0,28.93,-9.42,7.81,17.53,23.45,27.32,85.7,112.3,159.24,170.4,152.53,145.3,18.69,5.02,3.49,4.81,3.02,2.15,36.18,-19.85,414.89,0.024018
Hechi,107.5,25.0,2022,9,2022-09,3.7792,8.62,12.5813,17.0198,19.7144,0.000161,0.001061,0.00444,0.004267,0.003195,-49.78,-3.4,9.64,18.49,22.85,26.53,-9.35,6.33,14.82,20.85,24.49,4.22,294.82,157.12,95.28,56.77,40.19,3.74,0.42,1.21,3.46,2.46,1.59,33.41,-12.62,457.89,0.013124
Hechi,107.5,25.0,2022,10,2022-10,2.4814,7.1296,9.3719,12.0932,14.0223,0.001235,0.001704,0.003862,0.004143,0.002408,-50.39,-4.32,8.35,14.47,18.55,22.13,-14.56,3.64,10.41,15.54,19.06,260.05,247.94,219.88,99.7,72.02,52.65,7.06,4.88,2.34,4.04,3.36,1.68,24.49,-1.69,506.76,0.013352
Hechi,107.5,25.0,2022,11,2022-11,0.8849,4.6811,10.4667,12.128,14.4414,0.001466,0.004253,0.005234,0.003859,0.00299,-51.33,-5.83,7.93,14.02,17.5,21.5,-26.45,-2.14,12.05,15.58,19.52,261.88,260.62,242.05,175.72,137.66,133.1,30.62,16.25,8.91,4.9,3.12,2.03,21.83,-5.42,245.47,0.017802
Hechi,107.5,25.0,2022,12,2022-12,0.7114,4.2905,4.6599,4.9828,5.8288,0.001674,0.004772,0.001168,0.001906,0.001552,-51.69,-7.83,1.98,4.71,7.2,10.69,-28.81,-3.3,0.46,2.57,5.9,263.47,270.31,263.41,116.74,74.36,63.57,41.54,23.08,10.91,2.46,3.75,2.61,7.72,15.14,531.02,0.011073
Hechi,107.5,25.0,2023,1,2023-01,0.421,3.0859,5.1552,5.5202,6.5786,0.001178,0.003882,0.001585,0.001614,0.001336,-51.95,-6.08,3.86,5.56,8.7,12.5,-34.28,-7.62,1.86,4.0,7.64,253.43,266.16,261.2,157.21,102.05,90.28,37.54,27.44,12.34,3.02,2.87,1.99,2.01,14.96,462.67,0.009595
Hechi,107.5,25.0,2023,2,2023-02,0.8798,4.8769,7.7401,8.4757,10.246,0.002153,0.006724,0.003831,0.00285,0.002482,-51.21,-9.1,4.39,9.43,12.66,16.78,-26.51,-1.58,7.62,10.2,14.22,247.46,260.97,255.26,177.39,116.57,101.99,46.38,24.0,13.52,4.85,3.3,2.38,20.17,2.25,226.86,0.018041
Hechi,107.5,25.0,2023,3,2023-03,,5.4758,8.6588,10.006,12.2288,,0.006622,0.003946,0.002699,0.002298,-51.74,-10.69,5.32,12.27,16.25,20.63,,-0.01,9.25,12.67,16.93,265.19,269.0,260.42,181.11,132.89,123.88,48.45,20.12,11.86,4.47,2.64,1.84,26.88,-4.23,377.3,0.015565
Hechi,107.5,25.0,2023,4,2023-04,1.3291,6.8791,11.4412,13.6599,16.4709,0.00256,0.008417,0.006468,0.004798,0.004016,-51.22,-6.44,9.29,16.44,20.08,24.38,-21.91,3.14,13.39,17.41,21.6,261.94,268.67,257.15,189.12,148.22,137.27,34.36,18.89,12.0,5.54,3.44,2.39,30.12,-10.8,381.98,0.02626
Hechi,107.5,25.0,2023,5,2023-05,2.4973,8.6059,13.5573,16.8335,20.0414,0.003568,0.008135,0.008875,0.0066,0.005697,-49.11,-3.78,11.15,18.92,22.69,26.86,-14.49,6.31,15.96,20.68,24.75,271.92,259.06,244.96,184.96,154.47,142.09,19.58,14.01,9.27,6.42,3.84,2.79,33.83,-15.88,369.61,0.032875
Hechi,107.5,25.0,2023,6,2023-06,4.4614,9.5146,15.3008,19.2914,22.8897,0.002742,0.004712,0.006683,0.005868,0.005534,-48.34,-2.37,11.52,19.87,24.1,28.24,-7.23,7.75,17.83,22.85,26.92,291.16,252.26,227.12,170.49,142.01,118.93,4.95,6.03,4.86,4.28,2.98,2.37,36.3,-19.84,255.12,0.025538
Hechi,107.5,25.0,2023,7,2023-07,3.9202,9.8471,15.7852,20.1622,23.4907,0.001051,0.00432,0.008351,0.00708,0.005972,-47.15,-1.66,12.76,21.18,25.2,29.05,-8.88,8.25,18.31,23.55,27.34,76.12,196.78,220.11,191.99,172.78,157.3,9.32,2.63,4.3,5.19,3.44,2.49,36.65,-20.0,359.1,0.026774
Hechi,107.5,25.0,2023,8,2023-08,4.4467,9.9377,15.1489,19.7008,23.0272,0.000431,0.001878,0.0037,0.003119,0.003768,-47.54,-1.74,11.91,20.48,24.47,28.37,-7.27,8.38,17.67,23.18,27.02,38.35,87.03,103.82,127.77,134.12,109.8,10.33,0.95,1.85,2.4,1.55,1.6,36.36,-19.45,350.55,0.012895
Hechi,107.5,25.0,2023,9,2023-09,3.2158,9.1454,14.2608,18.1332,21.3843,0.000612,0.002249,0.005667,0.004484,0.002874,-49.09,-2.77,11.12,19.16,23.19,27.2,-11.38,7.18,16.74,21.86,25.81,342.52,144.2,131.92,122.93,99.61,88.48,0.36,1.87,2.41,3.9,2.42,1.32,34.74,-16.88,302.79,0.015886
Hechi,107.5,25.0,2023,10,2023-10,2.3392,7.2998,11.0076,13.6585,16.1215,0.002265,0.002846,0.003999,0.004372,0.002939,-50.5,-4.44,8.9,15.06,18.96,22.85,-15.28,3.97,12.81,17.41,21.26,255.25,263.5,241.17,120.32,86.23,75.07,18.77,9.5,3.82,3.56,3.14,1.79,27.38,-6.37,281.12,0.016421
Hechi,107.5,25.0,2023,11,2023-11,1.4598,4.8357,8.9982,10.9289,12.7895,0.002781,0.003622,0.003108,0.002405,0.001528,-51.92,-6.92,6.84,12.58,15.93,19.54,-20.83,-1.7,9.81,14.0,17.63,262.68,265.42,255.71,182.99,138.68,135.58,39.87,18.69,7.35,3.39,2.16,1.17,20.77,-1.57,345.39,0.013444
Hechi,107.5,25.0,2023,12,2023-12,1.3732,5.1657,8.2296,9.0313,10.6174,0.003163,0.006001,0.002933,0.002164,0.001654,-52.1,-8.0,4.23,8.45,10.89,14.42,-21.53,-0.8,8.45,10.89,14.42,262.68,263.92,257.83,193.82,126.71,112.14,47.0,22.59,11.39,3.5,2.35,1.53,19.87,3.19,0.0,0.015916
Hechi,107.5,25.0,2024,1,2024-01,0.862,4.7,7.274,8.2219,9.7374,0.002303,0.006261,0.004022,0.002653,0.001977,-50.6,-12.12,1.48,7.11,9.47,13.05,-26.73,-2.08,6.72,9.47,13.05,254.5,263.28,254.08,184.68,130.95,109.42,60.34,26.2,13.06,5.42,3.16,1.99,22.39,2.52,48.02,0.017217
Hechi,107.5,25.0,2024,2,2024-02,0.6887,4.8561,7.6285,8.2347,9.7365,0.00213,0.008714,0.005208,0.002808,0.002117,-51.13,-9.13,4.25,10.13,11.83,15.45,-29.15,-1.64,7.41,9.77,13.45,258.0,260.13,252.77,198.36,140.63,123.46,55.79,30.33,17.6,6.7,3.34,2.13,20.77,1.83,339.91,0.020977
Hechi,107.5,25.0,2024,3,2024-03,0.8108,5.6347,9.4989,11.1623,13.3569,0.001962,0.008419,0.005737,0.004149,0.003415,-51.17,-7.26,7.04,13.4,16.58,20.66,-27.4,0.38,10.61,14.32,18.3,256.94,264.29,256.65,191.36,145.88,134.99,44.88,23.72,14.65,5.92,3.65,2.51,24.61,-3.91,348.52,0.023682
Hechi,107.5,25.0,2024,4,2024-04,1.7685,7.5577,12.8172,15.7758,18.7397,0.003502,0.010796,0.007969,0.005424,0.004445,-51.04,-6.77,10.28,18.66,22.04,26.12,-18.6,4.46,15.11,19.66,23.67,263.13,263.84,255.8,201.66,157.43,134.11,38.3,19.42,14.01,6.1,3.37,2.33,34.73,-16.76,444.64,0.032136
Hechi,107.5,25.0,2024,5,2024-05,3.4965,8.8091,13.1668,16.6133,19.9111,0.004218,0.005658,0.005011,0.004649,0.003769,-49.26,-4.95,9.58,17.2,21.15,25.35,-10.33,6.65,15.52,20.47,24.65,271.5,267.43,261.85,173.19,134.05,121.92,27.85,11.83,6.3,3.73,2.74,1.86,34.73,-14.33,209.51,0.023305
Hechi,107.5,25.0,2024,6,2024-06,4.6719,10.5088,16.3604,20.1432,23.7663,0.002547,0.005295,0.010423,0.009389,0.00844,-47.13,-1.68,12.15,20.15,24.16,28.2,-6.63,9.2,18.87,23.54,27.54,316.86,250.72,233.1,179.82,151.49,131.87,5.73,5.35,4.94,6.25,4.57,3.48,37.75,-20.0,159.75,0.036093
Hechi,107.5,25.0,2024,7,2024-07,3.5872,9.331,16.461,20.4423,23.9069,0.000685,0.005296,0.013562,0.01035,0.008821,-46.39,-1.38,13.36,20.85,24.95,28.86,-10.01,7.47,18.97,23.77,27.63,59.22,161.68,207.39,187.15,168.05,161.66,13.54,1.87,5.57,8.08,4.96,3.62,35.32,-20.0,236.19,0.038714
Hechi,107.5,25.0,2024,8,2024-08,3.2863,8.9361,14.8654,19.8751,23.0383,0.000457,0.002229,0.006092,0.005254,0.003708,-47.81,-1.99,12.23,20.82,24.38,28.11,-11.11,6.85,17.38,23.32,27.03,81.07,197.65,204.44,195.73,182.39,164.29,4.19,1.36,2.45,4.02,2.59,1.58,34.8,-19.32,429.37,0.01774
Hechi,107.5,25.0,2024,9,2024-09,3.6491,8.3669,13.6441,18.1457,21.1885,0.001422,0.003825,0.006406,0.00584,0.004224,-48.44,-2.47,11.57,19.54,23.19,27.03,-9.79,5.91,16.06,21.87,25.66,40.48,89.49,90.19,90.68,66.11,49.55,1.84,3.82,4.48,4.6,3.16,1.95,32.42,-15.42,434.63,0.021717
Hechi,107.5,25.0,2024,10,2024-10,2.9517,6.8648,9.3549,12.1627,14.2285,0.002266,0.001175,0.004004,0.004708,0.003208,-50.3,-4.45,9.38,13.95,16.96,20.66,-12.44,3.11,10.39,15.63,19.29,274.98,259.19,256.19,97.63,67.17,51.87,11.49,7.53,1.68,4.2,3.8,2.21,22.52,-1.29,446.15,0.015361
Hechi,107.5,25.0,2024,11,2024-11,1.4757,4.9482,8.5988,10.817,12.7307,0.00239,0.003078,0.002278,0.002885,0.001681,-50.07,-6.94,6.04,11.3,14.21,17.92,-20.71,-1.39,9.15,13.84,17.56,259.08,260.2,253.74,128.4,87.9,75.24,32.82,15.88,6.1,2.6,2.62,1.3,19.96,0.59,268.66,0.012312
Hechi,107.5,25.0,2024,12,2024-12,0.405,4.0459,5.7814,6.4794,7.5096,0.001091,0.005198,0.00187,0.002398,0.001727,-50.37,-5.5,3.91,5.98,8.36,11.61,-34.67,-4.08,3.46,6.29,9.58,259.82,268.15,265.4,169.18,107.53,99.74,39.76,26.41,12.6,3.17,3.63,2.26,6.95,13.68,315.94,0.012284
Liuzhou,110.0,25.0,2005,1,2005-01,0.809,3.237,5.561,5.78,6.576,0.00251,0.004956,0.002138,0.001446,0.001435,-52.8,-9.81,3.42,4.83,6.54,9.72,-27.42,-7.0,2.91,4.66,7.64,261.43,269.62,268.63,216.26,97.96,65.71,54.64,30.43,15.01,3.77,2.45,2.14,7.13,10.95,239.74,0.012485
Liuzhou,110.0,25.0,2005,2,2005-02,0.735,4.08,7.561,7.862,9.289,0.002136,0.007433,0.004666,0.002682,0.002951,-51.52,-11.19,4.27,8.22,9.05,12.59,-28.46,-3.97,7.28,9.05,12.59,263.37,266.12,260.3,210.59,109.19,74.36,57.57,28.5,17.87,6.05,3.35,3.12,18.45,1.73,117.57,0.019868
Liuzhou,110.0,25.0,2005,3,2005-03,1.164,4.633,7.408,8.442,10.199,0.002608,0.006117,0.002881,0.002222,0.001864,-51.83,-10.66,3.82,8.97,11.49,15.26,-23.4,-2.27,6.98,10.14,14.15,266.74,268.75,262.59,209.19,120.24,87.12,52.03,21.98,12.95,3.81,2.58,1.79,20.52,1.91,248.28,0.015693
Liuzhou,110.0,25.0,2005,4,2005-04,1.309,5.6,9.72,12.21,15.276,0.00246,0.006082,0.004954,0.003603,0.002709,-52.83,-7.5,7.34,14.78,18.28,22.29,-22.08,0.29,10.95,15.68,20.41,261.69,267.48,259.12,213.25,167.02,139.9,39.23,18.43,10.65,5.0,2.89,1.74,26.19,-6.02,478.57,0.019808
Liuzhou,110.0,25.0,2005,5,2005-05,2.129,7.347,12.471,16.156,19.699,0.002989,0.007422,0.007792,0.005995,0.00468,-50.98,-5.18,10.08,18.73,22.28,25.78,-16.41,4.06,14.69,20.03,24.48,266.75,256.04,249.19,207.4,163.56,116.24,21.71,13.77,9.91,6.13,3.64,2.33,32.58,-14.37,504.98,0.028878
Liuzhou,110.0,25.0,2005,6,2005-06,4.19,9.578,14.263,17.567,21.668,0.001887,0.004065,0.006466,0.005937,0.004094,-48.86,-2.59,11.45,19.5,23.42,27.23,-8.03,7.85,16.74,21.35,26.02,308.66,254.23,234.78,202.06,170.62,124.89,6.66,4.42,4.16,4.45,3.31,1.85,35.23,-17.05,344.5,0.022449
Liuzhou,110.0,25.0,2005,7,2005-07,2.578,7.14,12.159,16.733,21.321,0.000899,0.003306,0.007068,0.006877,0.004662,-48.85,-3.06,11.85,20.45,24.35,27.83,-14.1,3.66,14.3,20.58,25.76,75.17,178.49,198.75,195.99,179.57,164.86,7.34,3.42,4.54,5.7,4.03,2.14,29.63,-13.18,768.26,0.022812
Liuzhou,110.0,25.0,2005,8,2005-08,2.828,8.053,12.736,16.349,20.846,0.000246,0.001429,0.004206,0.004461,0.003414,-49.22,-2.82,11.47,19.53,23.4,26.94,-12.97,5.36,15.01,20.22,25.39,42.52,96.04,152.26,135.0,109.65,85.0,8.18,0.85,1.74,3.24,2.68,1.61,31.25,-13.47,565.07,0.013757
Liuzhou,110.0,25.0,2005,9,2005-09,2.556,6.893,11.366,14.755,18.991,0.000586,0.001921,0.003935,0.003975,0.002893,-49.84,-3.82,10.02,18.42,22.24,25.63,-14.2,3.17,13.29,18.61,23.88,78.02,124.68,116.28,96.94,66.35,27.08,2.84,2.25,2.73,3.39,2.64,1.49,28.68,-9.95,641.69,0.013309
Liuzhou,110.0,25.0,2005,10,2005-10,1.822,6.008,9.062,10.962,13.306,0.001687,0.00239,0.001796,0.004096,0.002824,-51.63,-5.44,8.18,14.14,17.63,21.11,-18.25,1.26,9.92,14.04,18.24,271.33,264.12,265.59,77.82,52.32,24.1,13.8,9.08,3.9,1.94,3.66,2.08,22.58,-1.75,527.96,0.012793
Liuzhou,110.0,25.0,2005,11,2005-11,1.417,5.19,8.543,10.069,11.764,0.002978,0.005444,0.001937,0.001873,0.00115,-52.26,-6.8,5.7,11.15,14.54,18.06,-21.17,-0.74,9.05,12.76,16.33,263.53,262.27,257.19,208.18,101.06,73.64,34.32,20.61,10.29,2.22,1.82,0.96,20.56,1.01,262.12,0.013381
Liuzhou,110.0,25.0,2005,12,2005-12,1.36,3.935,4.556,4.678,5.375,0.003602,0.005035,0.000483,0.002082,0.001399,-52.78,-7.55,3.16,5.15,6.79,9.51,-21.64,-4.45,0.15,1.69,4.74,257.95,270.29,266.89,91.65,63.9,39.12,40.19,25.97,12.55,1.04,4.36,2.55,5.24,15.26,624.89,0.012601
Liuzhou,110.0,25.0,2006,1,2006-01,0.353,2.649,6.023,6.498,7.396,0.000859,0.003623,0.002158,0.001925,0.001707,-51.05,-7.1,5.12,6.11,7.89,11.25,-36.05,-9.57,4.03,6.33,9.35,257.46,270.38,263.58,204.38,100.11,76.46,44.71,23.85,13.41,3.51,2.91,2.26,2.55,11.4,259.64,0.010271
Liuzhou,110.0,25.0,2006,2,2006-02,0.787,4.869,7.28,7.498,8.68,0.001552,0.00634,0.00374,0.002022,0.001813,-51.27,-10.48,2.75,7.67,9.17,12.78,-27.72,-1.6,6.73,8.4,11.72,262.92,261.79,253.44,202.65,100.46,62.06,48.35,19.34,12.77,5.04,2.64,2.05,20.53,3.62,117.05,0.015467
Liuzhou,110.0,25.0,2006,3,2006-03,0.904,4.918,8.224,9.376,11.549,0.0022,0.006819,0.003616,0.002757,0.002522,-51.43,-9.6,5.25,10.4,12.73,16.73,-26.21,-1.47,8.5,11.69,16.05,262.51,269.54,262.48,202.64,121.82,91.87,48.72,23.86,13.6,4.31,2.88,2.14,21.78,-0.32,237.78,0.017913
Liuzhou,110.0,25.0,2006,4,2006-04,1.521,6.121,10.456,13.179,16.187,0.003048,0.007904,0.006811,0.004059,0.00271,-51.98,-6.89,8.51,15.65,18.62,22.53,-20.36,1.52,12.04,16.86,21.33,260.79,259.62,254.8,220.87,179.43,142.92,39.49,19.65,12.66,6.39,3.02,1.64,27.58,-8.05,451.62,0.024531
Liuzhou,110.0,25.0,2006,5,2006-05,2.9,6.849,10.943,14.267,17.693,0.002904,0.003921,0.003227,0.002688,0.002131,-50.86,-5.18,9.08,16.82,20.31,24.01,-12.66,3.08,12.72,18.09,22.75,269.97,264.27,252.69,196.68,140.71,97.79,18.73,9.82,5.61,2.89,1.85,1.18,28.72,-8.68,512.79,0.01487
Liuzhou,110.0,25.0,2006,6,2006-06,3.914,9.01,13.132,16.512,20.325,0.002392,0.006113,0.008225,0.006382,0.00402,-49.25,-3.16,11.08,19.26,22.9,26.51,-8.9,6.97,15.48,20.37,24.98,343.29,257.47,236.84,209.24,180.91,140.65,6.5,5.99,6.65,6.14,3.79,1.94,33.79,-14.53,472.9,0.027133
Liuzhou,110.0,25.0,2006,7,2006-07,3.963,8.8,13.817,17.873,22.127,0.000881,0.00284,0.006524,0.005807,0.003887,-47.69,-2.26,12.3,20.49,24.43,27.93,-8.74,6.63,16.25,21.63,26.37,71.09,140.4,189.64,190.7,174.24,147.32,10.31,2.18,3.16,4.63,3.19,1.72,33.33,-16.6,529.44,0.019939
Liuzhou,110.0,25.0,2006,8,2006-08,3.305,7.591,12.585,16.039,21.252,0.001407,0.003009,0.003752,0.002742,0.001789,-49.36,-3.37,11.6,20.18,24.05,27.36,-11.03,4.52,14.83,19.92,25.71,79.67,106.7,110.95,122.71,107.35,73.1,7.36,4.18,3.89,2.92,1.68,0.83,31.3,-14.29,669.09,0.012699
Liuzhou,110.0,25.0,2006,9,2006-09,2.779,6.292,10.727,13.438,17.076,0.000348,0.000997,0.00391,0.004488,0.002998,-50.62,-3.84,10.23,17.25,21.24,24.7,-13.18,1.9,12.42,17.16,22.18,324.42,339.5,66.07,73.09,50.58,20.75,2.94,1.23,1.55,3.57,3.28,1.72,25.18,-7.23,603.95,0.012741
Liuzhou,110.0,25.0,2006,10,2006-10,2.342,7.302,10.433,13.062,16.114,0.002234,0.003106,0.000575,0.002377,0.001819,-52.42,-5.41,7.93,15.66,19.66,23.06,-15.26,3.98,12.0,16.72,21.25,270.95,264.36,271.24,146.31,63.72,32.83,16.82,9.36,4.17,0.54,1.78,1.11,29.12,-6.53,456.98,0.010111
Liuzhou,110.0,25.0,2006,11,2006-11,1.187,3.734,7.261,8.632,10.353,0.002506,0.003513,0.001782,0.002433,0.001698,-53.15,-8.61,4.9,12.22,15.1,17.98,-23.19,-5.14,6.69,10.46,14.38,267.45,265.82,256.46,190.05,92.9,59.77,38.95,20.71,9.23,2.41,2.76,1.61,17.48,1.25,690.95,0.011932
Liuzhou,110.0,25.0,2006,12,2006-12,0.394,3.029,4.664,4.902,5.656,0.000876,0.002634,0.000608,0.001948,0.001315,-51.21,-9.73,1.39,7.47,9.37,11.32,-34.95,-7.86,0.47,2.34,5.47,265.61,268.27,262.18,152.03,72.22,37.88,48.61,21.81,8.53,1.28,3.9,2.28,8.42,10.71,874.91,0.007382
Liuzhou,110.0,25.0,2007,1,2007-01,0.423,3.045,4.567,4.689,5.294,0.001109,0.003723,0.000324,0.001896,0.001519,-52.21,-9.93,1.01,5.06,6.56,9.23,-34.23,-7.79,0.18,1.72,4.53,261.46,266.52,263.39,195.83,61.37,41.11,53.11,25.71,11.99,0.7,3.96,2.81,6.38,12.94,609.5,0.008571
Liuzhou,110.0,25.0,2007,2,2007-02,0.839,3.848,7.673,8.858,10.392,0.00214,0.005075,0.00504,0.003491,0.002535,-51.45,-12.55,2.52,10.87,14.25,17.87,-27.02,-4.74,7.49,10.85,14.43,258.4,261.8,256.59,212.7,162.69,141.79,55.13,25.02,12.93,6.44,3.87,2.39,23.65,-2.4,422.49,0.018281
Liuzhou,110.0,25.0,2007,3,2007-03,0.565,4.255,8.984,10.552,12.809,0.001356,0.006551,0.006357,0.003736,0.00288,-51.88,-8.01,5.98,11.85,14.37,18.56,-31.24,-3.41,9.79,13.47,17.65,256.14,265.66,256.48,212.22,155.13,122.97,43.62,23.54,15.1,6.94,3.47,2.21,20.26,-1.93,257.38,0.02088
Liuzhou,110.0,25.0,2007,4,2007-04,1.392,5.109,8.279,10.457,13.023,0.002311,0.005311,0.00209,0.001002,0.000984,-52.43,-9.03,6.72,12.48,15.64,19.82,-21.38,-0.96,8.59,13.33,17.91,264.88,264.68,264.65,226.31,115.2,68.63,40.0,16.28,10.19,2.48,0.94,0.74,22.43,-1.86,485.84,0.011697
Liuzhou,110.0,25.0,2007,5,2007-05,2.495,6.181,11.028,13.978,17.762,0.002157,0.003355,0.005231,0.004039,0.002429,-50.78,-4.91,10.07,17.87,21.66,25.33,-14.5,1.65,12.83,17.77,22.81,278.71,262.14,244.16,214.13,195.56,177.44,16.25,8.48,5.32,4.65,2.83,1.34,27.19,-9.66,629.64,0.017211
Liuzhou,110.0,25.0,2007,6,2007-06,3.259,7.97,12.687,17.044,20.721,0.002261,0.005531,0.007516,0.005799,0.004291,-49.47,-3.04,11.38,19.25,23.08,26.77,-11.21,5.22,14.95,20.88,25.3,272.53,253.96,241.67,209.83,176.39,129.81,5.89,6.8,6.81,5.81,3.34,2.03,31.08,-13.29,537.38,0.025398
Liuzhou,110.0,25.0,2007,7,2007-07,2.331,7.437,12.337,17.404,21.457,0.001505,0.007182,0.013141,0.012132,0.008419,-48.74,-2.5,12.12,20.42,24.4,27.92,-15.32,4.23,14.52,21.21,25.86,63.99,203.65,211.09,202.93,185.88,169.22,8.76,6.33,9.47,10.45,6.84,3.85,29.56,-13.04,736.94,0.042379
Liuzhou,110.0,25.0,2007,8,2007-08,2.991,7.395,12.001,16.51,21.307,0.000772,0.001133,0.001385,0.001054,0.000692,-49.08,-3.11,11.44,20.51,24.33,27.74,-12.28,4.16,14.11,20.37,25.75,54.76,62.22,80.04,136.43,153.43,133.73,6.26,2.53,1.5,1.13,0.63,0.32,30.44,-12.89,800.54,0.005036
Liuzhou,110.0,25.0,2007,9,2007-09,2.794,6.509,10.863,13.851,17.308,0.00061,0.000676,0.004498,0.006044,0.004638,-50.12,-3.29,10.22,17.04,20.8,24.24,-13.12,2.37,12.61,17.63,22.39,311.96,290.81,46.59,66.02,43.77,18.64,4.26,2.14,1.02,4.06,4.28,2.63,25.09,-6.81,554.08,0.016465
Liuzhou,110.0,25.0,2007,10,2007-10,1.672,4.943,8.515,10.368,12.649,0.001199,0.001063,0.002944,0.004693,0.003143,-51.59,-4.94,7.95,14.29,18.26,21.4,-19.26,-1.4,9.0,13.2,17.45,273.12,266.58,252.34,83.73,52.05,20.67,11.2,7.03,2.11,3.39,4.44,2.44,18.88,-0.06,660.95,0.013042
Liuzhou,110.0,25.0,2007,11,2007-11,1.125,3.058,3.586,5.111,6.308,0.001713,0.001265,0.001317,0.002295,0.001469,-51.46,-8.49,4.73,10.54,13.31,15.52,-23.79,-7.74,-3.09,2.92,7.03,252.36,264.04,277.65,56.09,49.33,15.5,31.71,14.93,4.06,3.6,4.4,2.28,3.47,11.75,1704.15,0.008059
Liuzhou,110.0,25.0,2007,12,2007-12,0.607,3.228,6.116,6.591,7.504,0.001533,0.004129,0.001823,0.001701,0.001383,-52.37,-7.44,3.08,7.72,9.95,12.99,-30.49,-7.04,4.25,6.53,9.56,270.01,267.32,261.61,214.12,91.36,63.72,42.07,24.77,12.54,2.92,2.53,1.81,9.29,9.35,433.99,0.010569
Liuzhou,110.0,25.0,2008,1,2008-01,0.694,3.087,5.028,4.6,4.808,0.001903,0.005385,0.002359,0.001459,0.001144,-52.45,-8.61,5.71,4.92,5.22,7.69,-29.07,-7.62,1.51,1.46,3.17,249.45,254.89,252.23,203.17,85.21,54.06,47.58,26.89,17.11,4.6,3.11,2.33,1.71,13.31,426.35,0.01225
Liuzhou,110.0,25.0,2008,2,2008-02,0.541,3.627,3.763,4.03,4.618,0.001657,0.005046,0.000181,0.001644,0.001317,-50.65,-8.2,-0.26,1.94,3.94,7.22,-31.7,-5.52,-2.44,-0.36,2.6,254.56,265.76,262.97,72.72,52.41,35.39,42.31,30.04,13.64,0.47,4.0,2.8,2.44,19.37,547.71,0.009845
Liuzhou,110.0,25.0,2008,3,2008-03,1.142,4.466,7.522,8.827,10.951,0.00232,0.0044,0.003056,0.002069,0.00153,-52.2,-11.14,3.87,11.0,14.76,18.6,-23.62,-2.77,7.2,10.79,15.23,269.56,268.99,259.2,200.57,144.03,123.69,47.69,19.92,9.66,3.98,2.3,1.37,22.71,-0.75,474.68,0.013374
Liuzhou,110.0,25.0,2008,4,2008-04,1.293,5.655,10.609,12.335,15.226,0.002206,0.006193,0.005871,0.00367,0.002671,-52.32,-6.82,8.15,14.75,18.12,22.39,-22.22,0.43,12.26,15.84,20.36,268.11,262.86,247.33,197.7,151.33,125.54,32.67,16.73,10.74,5.43,2.92,1.72,26.1,-7.48,311.88,0.020611
Liuzhou,110.0,25.0,2008,5,2008-05,3.131,6.854,11.306,14.173,17.403,0.003116,0.003582,0.003442,0.002458,0.00166,-50.66,-4.95,9.16,16.69,20.67,24.55,-11.71,3.09,13.21,17.98,22.48,285.71,263.65,247.64,197.95,158.26,118.76,18.43,9.76,5.13,2.99,1.7,0.94,28.78,-9.22,435.22,0.014258
Liuzhou,110.0,25.0,2008,6,2008-06,2.949,7.722,12.378,16.155,20.047,0.001457,0.003415,0.00475,0.003837,0.00299,-50.02,-3.63,10.55,18.55,22.41,26.19,-12.45,4.77,14.58,20.03,24.76,279.92,253.7,230.99,200.7,172.6,115.51,8.18,4.84,4.34,3.76,2.33,1.46,30.97,-12.4,496.68,0.016449
Liuzhou,110.0,25.0,2008,7,2008-07,2.476,7.422,12.13,16.656,21.096,0.001066,0.004398,0.008182,0.008005,0.005495,-48.65,-3.3,11.28,20.1,23.95,27.5,-14.59,4.21,14.27,20.51,25.59,62.98,205.84,209.26,205.71,189.4,167.11,5.04,4.22,5.81,6.62,4.71,2.55,30.59,-13.0,728.99,0.027147
Liuzhou,110.0,25.0,2008,8,2008-08,2.714,7.202,12.352,16.615,21.197,0.000646,0.002409,0.004532,0.003964,0.002596,-49.52,-3.22,11.56,19.91,23.83,27.4,-13.47,3.78,14.54,20.47,25.66,35.76,161.25,190.01,183.82,168.16,129.26,9.51,2.33,3.28,3.6,2.34,1.2,29.9,-13.29,670.82,0.014147
Liuzhou,110.0,25.0,2008,9,2008-09,2.115,6.63,11.533,15.177,19.52,0.000595,0.001726,0.003355,0.003602,0.002393,-50.22,-3.46,10.46,18.85,22.54,26.04,-16.49,2.63,13.51,19.05,24.33,27.32,124.96,142.32,108.82,71.72,46.35,1.02,2.76,2.55,2.85,2.33,1.2,27.98,-10.43,668.01,0.01167
Liuzhou,110.0,25.0,2008,10,2008-10,2.225,5.542,9.728,12.119,14.506,0.001862,0.001887,0.002408,0.004244,0.002618,-51.56,-5.34,9.37,15.36,19.2,22.63,-15.88,0.15,10.96,15.57,19.59,267.26,244.84,236.98,122.38,73.94,39.27,16.13,8.21,3.34,2.43,3.43,1.77,22.44,-4.44,549.6,0.013019
Liuzhou,110.0,25.0,2008,11,2008-11,0.992,3.679,5.725,6.864,8.198,0.001711,0.002814,0.000982,0.002745,0.001746,-51.57,-8.21,4.49,9.9,12.36,15.11,-25.19,-5.34,3.32,7.11,10.87,263.96,266.44,262.18,87.27,58.66,27.67,36.28,16.91,7.5,1.68,3.92,2.09,11.6,7.49,823.03,0.009998
Liuzhou,110.0,25.0,2008,12,2008-12,0.553,2.611,4.308,4.388,4.669,0.00118,0.00216,0.000787,0.001176,0.000733,-51.72,-9.77,2.59,7.16,9.49,11.87,-31.47,-9.75,-0.62,0.8,2.75,265.98,269.89,250.34,167.75,80.36,49.48,43.75,20.93,8.11,1.79,2.63,1.54,3.97,11.8,971.93,0.006035
Liuzhou,110.0,25.0,2009,1,2009-01,0.261,2.989,3.882,3.884,4.242,0.000627,0.002788,0.000523,0.001392,0.001034,-52.0,-10.51,0.74,4.42,6.19,8.84,-39.03,-8.03,-2.02,-0.87,1.42,263.02,273.72,260.82,157.31,70.38,46.02,50.85,23.56,9.15,1.32,3.51,2.39,4.14,14.54,805.56,0.006364
Liuzhou,110.0,25.0,2009,2,2009-02,0.398,3.616,8.825,9.765,11.393,0.00096,0.005194,0.00808,0.004884,0.00366,-52.1,-6.42,5.83,12.75,15.9,19.83,-34.85,-5.56,9.53,12.3,15.84,251.0,258.3,245.82,203.08,165.11,142.22,37.5,23.66,14.09,8.98,4.9,3.15,17.31,-0.82,402.78,0.022778
Liuzhou,110.0,25.0,2009,3,2009-03,1.019,4.287,7.919,9.121,10.985,0.002294,0.006396,0.004295,0.002579,0.002079,-52.96,-8.66,6.98,11.17,12.91,16.86,-24.89,-3.32,7.95,11.28,15.28,254.83,258.53,255.43,207.67,127.82,94.64,42.83,22.08,14.63,5.32,2.77,1.86,17.48,0.62,402.84,0.017642
Liuzhou,110.0,25.0,2009,4,2009-04,1.374,6.171,9.259,11.156,13.956,0.001985,0.005561,0.004278,0.003878,0.002751,-50.87,-7.51,6.77,13.38,16.89,20.93,-21.53,1.63,10.23,14.31,18.99,273.56,267.09,252.75,181.01,128.45,106.84,35.26,14.17,8.84,4.53,3.41,1.93,25.99,-3.56,393.26,0.018453
Liuzhou,110.0,25.0,2009,5,2009-05,2.66,7.551,11.302,13.873,17.283,0.001726,0.004187,0.005383,0.004169,0.002598,-50.53,-4.72,9.11,15.87,20.09,24.13,-13.72,4.45,13.2,17.65,22.37,286.62,267.93,233.3,179.26,144.53,126.17,12.48,6.36,5.44,4.67,2.95,1.47,29.14,-8.17,333.29,0.018063
Liuzhou,110.0,25.0,2009,6,2009-06,3.571,8.007,12.788,16.816,20.905,0.001752,0.004004,0.006929,0.006404,0.004494,-49.05,-3.09,11.39,19.58,23.44,27.06,-10.06,5.28,15.07,20.66,25.44,347.17,260.07,227.23,199.46,177.08,143.29,6.71,4.81,4.9,5.31,3.73,2.11,31.63,-13.92,563.57,0.023583
Liuzhou,110.0,25.0,2009,7,2009-07,2.758,7.902,13.239,17.401,21.505,0.000993,0.004605,0.008911,0.007599,0.005009,-47.8,-1.68,12.03,20.05,24.17,27.78,-13.28,5.09,15.6,21.2,25.9,65.3,157.36,190.48,188.98,170.19,144.08,14.0,3.53,5.72,6.6,4.28,2.28,30.39,-14.12,556.23,0.027118
Liuzhou,110.0,25.0,2009,8,2009-08,2.557,6.953,12.357,16.544,21.531,0.00062,0.001309,0.002174,0.001606,0.001453,-48.53,-3.02,11.87,20.69,24.57,27.88,-14.2,3.29,14.55,20.4,25.92,64.62,115.38,129.73,122.22,86.39,63.05,9.75,2.38,1.85,1.73,0.95,0.66,29.68,-13.88,767.64,0.007163
Liuzhou,110.0,25.0,2009,9,2009-09,2.083,6.895,12.121,15.54,19.88,0.000797,0.001613,0.004082,0.004261,0.002956,-49.28,-3.14,10.92,19.18,23.03,26.44,-16.67,3.17,14.26,19.42,24.62,134.69,140.84,129.52,99.23,61.81,26.92,1.31,3.75,2.29,3.3,2.69,1.46,28.83,-11.9,615.3,0.013709
Liuzhou,110.0,25.0,2009,10,2009-10,1.74,6.678,8.649,10.418,13.19,0.001746,0.002372,0.002831,0.00432,0.002935,-50.86,-4.36,8.4,15.33,19.47,22.41,-18.8,2.73,9.23,13.27,18.1,274.2,276.36,264.89,89.82,61.99,36.24,15.14,9.84,3.48,3.21,4.07,2.18,23.25,-0.8,762.48,0.014204
Liuzhou,110.0,25.0,2009,11,2009-11,1.034,3.863,5.67,6.778,7.87,0.001911,0.003061,0.000634,0.002053,0.001483,-52.56,-6.08,5.44,9.32,10.61,13.59,-24.73,-4.69,3.18,6.93,10.27,269.91,266.71,255.7,137.59,62.74,37.3,33.23,18.12,7.77,1.1,2.97,1.85,8.45,10.28,767.41,0.009142
Liuzhou,110.0,25.0,2009,12,2009-12,0.407,3.521,5.896,6.451,7.476,0.001076,0.004303,0.002264,0.00202,0.00163,-53.09,-10.31,2.17,6.43,8.3,11.49,-34.62,-5.91,3.73,6.22,9.51,268.42,270.02,257.71,196.51,104.72,70.89,56.69,25.93,11.98,3.77,3.07,2.14,12.39,8.19,337.23,0.011293
Liuzhou,110.0,25.0,2010,1,2010-01,0.744,3.265,6.495,7.1,8.144,0.001871,0.004209,0.00376,0.002109,0.001486,-52.64,-8.55,4.06,7.84,8.63,11.59,-28.33,-6.89,5.1,7.61,10.78,258.89,267.28,252.08,210.72,134.72,95.77,47.35,24.67,12.64,5.68,2.91,1.79,10.54,7.23,342.42,0.013436
Liuzhou,110.0,25.0,2010,2,2010-02,0.329,2.999,7.205,8.309,9.663,0.000934,0.005417,0.005931,0.003242,0.002469,-53.22,-10.25,4.96,10.07,11.72,15.01,-36.76,-7.99,6.58,9.9,13.33,263.84,263.32,251.53,211.68,155.78,121.79,60.79,27.84,17.71,8.07,3.83,2.51,13.96,1.77,435.91,0.017993
Liuzhou,110.0,25.0,2010,3,2010-03,0.771,4.146,8.011,9.275,11.072,0.001759,0.005791,0.004948,0.003211,0.002436,-52.19,-9.13,6.6,11.69,14.21,18.1,-27.94,-3.76,8.11,11.53,15.4,261.69,261.28,250.73,201.91,152.08,126.71,51.49,22.37,13.7,6.06,3.4,2.16,18.57,-0.57,446.91,0.018145
Liuzhou,110.0,25.0,2010,4,2010-04,1.403,6.162,9.778,11.481,14.095,0.002565,0.007946,0.005493,0.00361,0.002632,-52.04,-7.52,7.84,13.24,15.55,19.62,-21.29,1.61,11.04,14.75,19.14,267.52,263.63,251.18,198.63,135.53,98.79,41.57,17.93,12.65,5.51,3.08,1.83,25.57,-4.69,274.87,0.022246
Liuzhou,110.0,25.0,2010,5,2010-05,2.543,7.641,12.734,15.423,18.752,0.003216,0.007111,0.008641,0.005852,0.004406,-49.81,-4.03,10.81,17.54,21.02,24.88,-14.27,4.62,15.01,19.3,23.68,284.93,265.37,245.74,195.25,153.5,118.23,23.48,12.4,9.13,6.65,3.72,2.3,30.39,-12.68,316.4,0.029225
Liuzhou,110.0,25.0,2010,6,2010-06,4.302,9.378,13.56,16.476,19.703,0.004209,0.008016,0.007196,0.004583,0.003439,-49.01,-3.02,10.98,18.11,21.96,25.62,-7.69,7.55,15.97,20.34,24.48,301.39,264.5,247.78,208.58,163.82,106.64,12.83,9.59,8.38,5.2,2.73,1.71,33.66,-14.3,267.67,0.027443
Liuzhou,110.0,25.0,2010,7,2010-07,2.972,8.069,13.326,17.646,21.703,0.001162,0.006128,0.012664,0.011392,0.007565,-48.38,-2.7,12.27,20.75,24.62,28.08,-12.36,5.39,15.7,21.42,26.05,58.65,194.65,207.6,199.95,179.0,161.94,9.92,3.83,7.45,9.32,6.33,3.42,32.27,-16.07,631.29,0.038911
Liuzhou,110.0,25.0,2010,8,2010-08,2.718,7.705,12.313,16.065,20.919,0.000908,0.002384,0.004552,0.004216,0.002712,-49.11,-2.85,11.57,20.09,23.9,27.3,-13.45,4.74,14.5,19.94,25.45,61.72,121.89,159.95,174.78,157.62,140.43,7.62,3.27,3.03,3.63,2.57,1.27,30.6,-13.0,699.35,0.014771
Liuzhou,110.0,25.0,2010,9,2010-09,2.889,8.345,12.799,15.764,19.961,0.000194,0.001239,0.002279,0.002112,0.002312,-50.48,-3.25,10.76,18.84,22.52,26.01,-12.7,5.87,15.09,19.64,24.69,53.49,70.46,217.18,163.02,94.36,50.0,3.83,0.66,1.46,1.75,1.31,1.14,32.29,-13.37,469.35,0.008135
Liuzhou,110.0,25.0,2010,10,2010-10,2.428,6.374,8.119,10.489,12.854,0.002053,0.000975,0.004101,0.006234,0.004296,-51.18,-5.35,8.55,13.49,16.2,19.63,-14.83,2.08,8.31,13.38,17.7,278.84,275.68,299.13,70.54,50.08,21.48,15.95,8.29,1.5,4.95,5.83,3.28,20.68,1.25,647.74,0.017658
Liuzhou,110.0,25.0,2010,11,2010-11,0.762,3.828,4.931,6.619,8.066,0.001431,0.002564,0.000586,0.00216,0.001527,-52.12,-8.49,4.56,10.16,13.27,15.98,-28.07,-4.81,1.24,6.59,10.63,269.48,267.91,263.79,84.09,61.43,27.95,38.83,18.41,6.57,1.17,3.2,1.86,10.51,8.86,1115.52,0.008268
Liuzhou,110.0,25.0,2010,12,2010-12,0.937,3.774,4.95,5.475,6.434,0.002634,0.004477,0.000726,0.001277,0.00105,-52.49,-8.11,3.21,7.84,9.69,12.48,-25.82,-5.0,1.29,3.89,7.32,264.0,271.37,266.45,199.06,78.4,51.34,45.17,27.57,11.63,1.44,2.29,1.6,9.03,11.32,818.66,0.010164
Liuzhou,110.0,25.0,2011,1,2011-01,0.487,3.473,3.778,3.156,3.222,0.001505,0.005548,0.00041,0.001607,0.001251,-52.07,-10.19,0.65,0.78,0.58,3.33,-32.79,-6.09,-2.39,-3.66,-2.33,251.71,264.51,263.36,184.32,56.85,34.73,51.02,30.31,15.66,1.06,4.99,3.81,1.85,18.39,395.94,0.01032
Liuzhou,110.0,25.0,2011,2,2011-02,0.405,2.913,6.783,7.237,8.177,0.000969,0.004124,0.003859,0.002301,0.001866,-51.43,-10.41,4.11,7.68,9.97,13.53,-34.67,-8.36,5.72,7.88,10.83,262.76,270.15,259.96,208.36,140.34,110.95,45.52,23.46,13.88,5.58,3.12,2.24,11.34,4.84,245.08,0.013119
Liuzhou,110.0,25.0,2011,3,2011-03,1.115,4.412,6.067,6.742,8.111,0.002612,0.005579,0.001248,0.002129,0.001737,-52.1,-9.59,3.81,6.78,9.19,13.18,-23.89,-2.93,4.14,6.86,10.71,254.8,263.0,259.17,175.17,76.37,54.49,46.24,22.97,12.4,2.02,3.1,2.1,13.77,8.18,330.61,0.013306
Liuzhou,110.0,25.0,2011,4,2011-04,1.315,5.155,9.401,11.098,13.781,0.002187,0.004158,0.00419,0.002697,0.002093,-52.93,-7.4,7.03,13.99,18.09,22.16,-22.03,-0.83,10.46,14.23,18.79,266.54,272.11,260.03,201.75,169.11,161.2,37.64,16.31,7.91,4.37,2.38,1.49,23.98,-4.38,441.48,0.015325
Liuzhou,110.0,25.0,2011,5,2011-05,2.171,5.877,10.303,13.291,16.54,0.002047,0.003597,0.003315,0.002215,0.001751,-50.69,-4.82,10.26,16.15,19.81,23.54,-16.18,0.96,11.82,16.99,21.67,282.15,262.17,249.72,200.79,136.74,97.19,19.63,9.25,6.0,3.16,1.63,1.04,23.48,-6.1,541.67,0.012925
Liuzhou,110.0,25.0,2011,6,2011-06,3.7,9.378,13.888,17.396,21.226,0.001929,0.005789,0.00959,0.007779,0.004932,-49.18,-2.66,11.56,19.51,23.59,27.24,-9.62,7.55,16.33,21.2,25.69,316.69,235.04,219.37,195.68,168.02,132.87,5.26,5.11,6.05,6.77,4.39,2.28,34.49,-16.19,396.98,0.030019
Liuzhou,110.0,25.0,2011,7,2011-07,2.449,7.446,12.41,16.804,21.247,0.000522,0.002207,0.004469,0.003744,0.00271,-48.41,-2.64,12.19,20.46,24.47,27.95,-14.73,4.25,14.61,20.65,25.7,80.24,174.51,203.3,189.78,169.72,140.84,7.78,2.09,2.91,3.53,2.19,1.25,29.78,-13.4,730.74,0.013653
Liuzhou,110.0,25.0,2011,8,2011-08,2.751,6.68,11.765,15.929,20.67,0.00049,0.001677,0.003277,0.002586,0.00155,-49.14,-3.69,11.21,20.06,23.96,27.32,-13.31,2.73,13.81,19.81,25.25,95.58,215.69,196.52,191.19,177.12,157.62,4.01,1.75,2.46,2.73,1.59,0.74,29.08,-12.44,781.8,0.009581
Liuzhou,110.0,25.0,2011,9,2011-09,2.792,8.15,11.795,14.362,18.345,0.000498,0.002191,0.005011,0.005609,0.004485,-50.12,-3.38,10.53,17.87,21.3,24.74,-13.13,5.53,13.85,18.19,23.33,60.36,108.33,139.0,100.23,61.63,27.85,6.59,1.75,2.64,4.17,3.83,2.4,30.1,-10.03,502.99,0.017795
Liuzhou,110.0,25.0,2011,10,2011-10,2.341,6.867,9.339,10.943,13.341,0.002116,0.002156,0.003133,0.004951,0.003311,-51.84,-6.21,8.02,13.63,16.74,20.17,-15.27,3.12,10.36,14.02,18.28,265.12,252.2,234.92,98.92,64.07,30.36,18.94,8.86,3.08,3.29,4.44,2.43,25.3,-2.7,408.66,0.015667
Liuzhou,110.0,25.0,2011,11,2011-11,0.735,3.915,7.666,9.193,11.21,0.000967,0.002097,0.00202,0.003072,0.00141,-52.09,-9.17,4.97,12.69,16.06,19.08,-28.46,-4.52,7.48,11.4,15.59,251.54,244.53,229.94,129.98,86.15,70.1,32.62,12.9,5.25,2.58,3.28,1.23,19.85,-0.72,651.83,0.009566
Liuzhou,110.0,25.0,2011,12,2011-12,0.76,3.472,4.106,3.953,4.545,0.00193,0.004209,0.000664,0.00216,0.001472,-51.72,-6.66,2.13,4.89,6.15,8.27,-28.1,-6.09,-1.27,-0.63,2.38,262.68,265.49,261.92,70.08,57.5,34.09,39.49,24.91,11.89,1.58,5.36,3.18,2.06,17.44,769.57,0.010435
Liuzhou,110.0,25.0,2012,1,2012-01,0.691,3.285,5.561,5.379,6.095,0.00221,0.006162,0.002136,0.00204,0.001941,-51.98,-8.29,2.54,4.1,4.41,7.56,-29.12,-6.81,2.91,3.64,6.54,255.25,261.94,257.95,215.93,77.42,56.36,45.81,31.37,18.4,3.77,3.72,3.12,5.95,13.14,148.43,0.014489
Liuzhou,110.0,25.0,2012,2,2012-02,0.338,3.56,6.649,6.775,7.849,0.000975,0.006679,0.004346,0.002411,0.002234,-52.11,-8.66,4.39,6.48,7.3,10.85,-36.49,-5.77,5.44,6.93,10.23,255.09,263.65,254.17,204.13,109.94,78.01,44.62,28.28,18.4,6.41,3.49,2.79,10.42,8.03,130.57,0.016644
Liuzhou,110.0,25.0,2012,3,2012-03,0.692,4.571,7.991,9.24,11.259,0.001664,0.007281,0.004806,0.003391,0.002652,-51.71,-8.39,5.69,10.98,13.17,16.91,-29.1,-2.46,8.08,11.48,15.66,255.72,260.48,249.7,197.67,127.89,99.22,40.81,23.57,15.62,5.9,3.6,2.31,19.3,0.9,362.63,0.019793
Liuzhou,110.0,25.0,2012,4,2012-04,1.147,5.74,11.003,13.386,16.236,0.002191,0.007243,0.006824,0.004462,0.003568,-52.96,-7.68,8.08,15.79,18.81,22.62,-23.57,0.63,12.8,17.1,21.38,262.09,260.63,250.85,204.37,149.28,106.16,40.12,18.73,12.37,6.08,3.27,2.16,28.82,-10.32,373.67,0.024288
Liuzhou,110.0,25.0,2012,5,2012-05,2.916,8.577,12.969,16.022,19.505,0.002592,0.006147,0.005705,0.004573,0.004087,-50.15,-4.08,10.65,17.95,21.58,25.43,-12.59,6.26,15.29,19.9,24.32,281.0,256.6,238.62,182.39,122.9,81.04,10.95,8.72,7.03,4.31,2.8,2.06,32.93,-13.73,332.84,0.023104
Liuzhou,110.0,25.0,2012,6,2012-06,4.256,9.577,13.497,16.926,20.756,0.002022,0.002929,0.003607,0.003766,0.004104,-48.72,-2.47,11.41,19.24,23.1,26.85,-7.83,7.85,15.9,20.77,25.32,324.11,254.05,229.19,154.22,108.43,72.59,9.16,4.66,3.0,2.62,2.18,1.94,34.05,-14.74,417.97,0.016428
Liuzhou,110.0,25.0,2012,7,2012-07,2.987,8.615,13.298,17.376,21.485,0.001068,0.004856,0.008936,0.007647,0.00532,-48.59,-2.82,11.93,20.12,24.21,27.74,-12.29,6.32,15.67,21.18,25.88,56.41,156.29,190.21,187.06,167.28,144.22,11.19,3.51,5.53,6.59,4.32,2.43,33.0,-15.48,556.49,0.027827
Liuzhou,110.0,25.0,2012,8,2012-08,3.111,7.644,12.638,16.524,21.422,0.001084,0.002327,0.003776,0.003327,0.002873,-48.56,-2.71,11.4,20.27,24.3,27.63,-11.79,4.62,14.89,20.38,25.84,71.08,65.08,65.67,75.77,56.15,44.38,8.2,3.42,2.99,2.93,1.97,1.32,31.09,-13.86,672.36,0.013388
Liuzhou,110.0,25.0,2012,9,2012-09,3.172,7.492,10.274,13.55,17.272,0.001443,0.001691,0.002385,0.003844,0.002972,-50.86,-4.07,9.92,16.79,20.5,23.91,-11.55,4.34,11.77,17.29,22.36,341.07,271.93,237.17,105.81,63.99,28.69,8.42,4.46,2.21,2.28,2.78,1.69,27.05,-5.9,627.0,0.012334
Liuzhou,110.0,25.0,2012,10,2012-10,1.718,6.814,9.408,11.487,14.134,0.001667,0.003295,0.002754,0.00286,0.001629,-51.5,-5.05,8.15,14.62,18.63,21.99,-18.94,3.01,10.47,14.75,19.18,268.45,263.67,241.81,148.97,92.11,59.12,14.44,9.52,4.74,2.87,2.44,1.13,25.0,-2.66,518.92,0.012206
Liuzhou,110.0,25.0,2012,11,2012-11,1.112,5.26,8.206,9.008,10.9,0.002533,0.007158,0.004618,0.002695,0.001813,-52.51,-8.27,6.19,11.51,12.89,16.32,-23.92,-0.56,8.46,11.1,15.16,269.35,264.58,254.84,207.4,127.1,87.54,45.92,22.34,13.34,5.52,2.93,1.63,21.49,-0.0,380.63,0.018818
Liuzhou,110.0,25.0,2012,12,2012-12,0.503,3.53,6.124,6.436,7.469,0.001427,0.005135,0.00242,0.001641,0.001308,-52.59,-8.74,3.04,6.94,7.77,10.63,-32.45,-5.88,4.27,6.19,9.5,266.27,268.66,257.0,212.46,97.35,56.4,53.28,27.83,14.27,3.88,2.5,1.72,11.03,8.75,334.1,0.011931
Liuzhou,110.0,25.0,2013,1,2013-01,0.438,3.131,5.474,5.712,6.375,0.001315,0.004438,0.002257,0.001243,0.000982,-52.31,-8.88,2.27,5.32,6.48,9.16,-33.88,-7.43,2.69,4.49,7.19,257.8,265.81,260.48,216.76,112.6,76.61,51.54,29.44,13.9,4.04,2.13,1.51,7.19,11.63,328.6,0.010236
Liuzhou,110.0,25.0,2013,2,2013-02,0.808,3.872,8.146,8.874,10.367,0.001953,0.006639,0.006846,0.003492,0.002414,-52.45,-7.46,6.99,10.11,11.6,15.39,-27.44,-4.66,8.36,10.88,14.4,255.85,261.53,254.97,216.56,165.75,141.22,38.79,23.71,16.82,8.24,3.86,2.28,14.27,2.28,218.86,0.021344
Liuzhou,110.0,25.0,2013,3,2013-03,0.755,4.576,8.552,10.252,12.243,0.001445,0.005134,0.003995,0.002514,0.001737,-50.85,-10.03,5.74,12.4,15.54,19.18,-28.17,-2.44,9.07,13.03,16.95,258.47,263.85,256.12,209.42,146.71,117.85,45.67,18.77,11.0,4.58,2.4,1.39,23.32,-3.44,416.57,0.014824
Liuzhou,110.0,25.0,2013,4,2013-04,1.397,5.793,10.168,12.206,14.879,0.00265,0.006708,0.004857,0.00289,0.001888,-51.1,-7.99,7.64,13.85,17.09,20.98,-21.34,0.76,11.62,15.68,19.99,263.68,265.37,258.83,208.42,152.0,111.2,44.4,18.6,11.36,4.68,2.32,1.24,26.58,-6.7,278.5,0.018992
Liuzhou,110.0,25.0,2013,5,2013-05,2.675,7.063,12.02,15.345,18.721,0.002998,0.005883,0.006786,0.004747,0.003212,-49.58,-4.88,9.96,17.58,21.18,24.94,-13.65,3.51,14.13,19.22,23.65,272.1,257.71,244.94,210.5,174.51,129.94,18.58,10.99,8.17,5.54,3.03,1.68,30.14,-11.8,430.97,0.023627
Liuzhou,110.0,25.0,2013,6,2013-06,3.477,8.308,13.276,16.794,20.436,0.000925,0.003382,0.006553,0.005286,0.003756,-48.67,-2.91,11.76,19.03,23.06,26.79,-10.4,5.81,15.64,20.64,25.07,24.0,232.47,220.83,191.08,162.27,128.01,3.2,2.61,3.99,4.84,3.09,1.8,31.63,-14.41,423.28,0.019901
Liuzhou,110.0,25.0,2013,7,2013-07,3.133,8.204,12.91,17.009,21.038,0.001237,0.005751,0.011636,0.010167,0.00694,-48.44,-2.96,11.67,19.81,23.86,27.5,-11.7,5.63,15.22,20.84,25.54,70.27,153.3,193.29,191.22,174.03,161.62,15.02,3.87,6.87,8.84,5.86,3.24,31.94,-14.33,574.25,0.035731
Liuzhou,110.0,25.0,2013,8,2013-08,3.444,8.271,13.089,16.764,21.587,0.001355,0.003183,0.00425,0.002723,0.001723,-48.96,-3.33,11.68,20.37,24.28,27.81,-10.52,5.74,15.43,20.61,25.96,86.84,129.43,143.4,150.46,141.12,100.3,5.45,3.86,3.77,3.18,1.59,0.78,33.19,-15.71,618.04,0.013233
Liuzhou,110.0,25.0,2013,9,2013-09,2.713,7.219,11.373,14.17,18.267,0.000473,0.001461,0.003666,0.004459,0.003921,-50.09,-4.03,10.25,17.77,21.31,24.78,-13.48,3.82,13.3,17.98,23.26,329.26,180.33,141.34,88.37,53.17,14.3,3.07,1.71,1.98,3.16,3.09,2.11,28.66,-9.53,559.21,0.013981
Liuzhou,110.0,25.0,2013,10,2013-10,2.16,5.716,7.528,9.854,12.155,0.001985,0.001077,0.002957,0.004634,0.00331,-51.33,-6.08,7.29,13.9,17.67,20.71,-16.24,0.58,7.21,12.43,16.84,265.89,271.53,287.65,56.43,41.57,8.62,17.01,9.01,1.85,3.85,4.61,2.67,20.48,1.56,836.03,0.013962
Liuzhou,110.0,25.0,2013,11,2013-11,0.896,4.877,6.776,7.826,9.475,0.001587,0.003528,0.001647,0.002677,0.001331,-51.94,-7.75,4.56,10.73,13.52,16.59,-26.31,-1.58,5.7,9.02,13.04,267.28,268.28,250.82,130.24,75.67,37.04,36.72,17.37,7.09,2.38,3.35,1.38,18.04,4.67,628.47,0.01077
Liuzhou,110.0,25.0,2013,12,2013-12,0.665,2.778,3.578,4.027,4.635,0.001814,0.002351,0.001137,0.001883,0.001184,-51.47,-9.19,0.84,3.99,6.41,8.96,-29.53,-8.96,-3.12,-0.37,2.65,261.36,267.66,272.83,48.64,47.3,20.32,51.36,26.75,8.3,3.12,4.59,2.51,0.26,16.97,888.56,0.00837
Liuzhou,110.0,25.0,2014,1,2014-01,0.426,2.28,4.654,5.343,6.071,0.00113,0.002298,0.001349,0.001169,0.000768,-51.74,-9.74,2.33,6.21,9.37,12.25,-34.16,-11.45,0.44,3.54,6.48,258.83,274.26,265.94,194.67,125.32,106.39,46.09,26.0,9.88,2.84,2.14,1.24,2.61,11.88,720.98,0.006713
Liuzhou,110.0,25.0,2014,2,2014-02,0.529,3.679,6.165,6.783,7.887,0.001486,0.005702,0.003088,0.001933,0.001749,-51.75,-8.32,2.94,6.04,7.55,11.08,-31.93,-5.33,4.36,6.95,10.3,269.01,270.77,256.69,202.13,116.57,86.31,46.96,27.55,15.2,4.91,2.8,2.17,10.45,9.91,209.72,0.013958
Liuzhou,110.0,25.0,2014,3,2014-03,0.815,5.143,8.566,9.607,11.682,0.001925,0.00814,0.005168,0.002755,0.002006,-51.36,-10.37,5.55,10.64,12.73,16.77,-27.34,-0.87,9.09,12.06,16.23,260.77,265.42,256.78,212.86,147.04,111.23,48.37,23.16,15.52,5.92,2.81,1.68,23.69,-2.13,193.4,0.019995
Liuzhou,110.0,25.0,2014,4,2014-04,1.18,6.333,11.284,13.552,16.434,0.001891,0.006948,0.00654,0.004487,0.003062,-51.48,-6.9,8.07,14.66,18.18,22.3,-23.25,1.99,13.18,17.29,21.57,261.86,262.47,252.47,199.74,153.28,129.0,34.76,15.72,10.76,5.68,3.25,1.83,28.66,-9.12,184.91,0.022929
Liuzhou,110.0,25.0,2014,5,2014-05,2.286,8.385,13.3,15.975,19.066,0.002555,0.008409,0.008345,0.004778,0.00334,-51.05,-4.55,10.07,17.55,21.14,24.86,-15.56,5.94,15.67,19.86,23.95,277.26,260.44,245.23,208.65,171.37,112.23,16.29,10.96,9.83,6.15,2.93,1.72,33.64,-14.62,234.66,0.027427
Liuzhou,110.0,25.0,2014,6,2014-06,4.037,10.054,14.174,17.557,21.595,0.001951,0.004086,0.003792,0.002829,0.00304,-48.1,-2.32,12.14,19.74,23.8,27.49,-8.51,8.55,16.65,21.34,25.97,316.53,255.08,229.27,176.94,131.15,74.45,5.55,4.74,3.99,2.62,1.58,1.38,35.12,-16.8,386.58,0.015698
Liuzhou,110.0,25.0,2014,7,2014-07,3.244,8.559,13.352,16.776,21.979,0.001095,0.003822,0.005795,0.004339,0.002572,-48.49,-2.73,12.06,20.74,24.81,28.17,-11.27,6.23,15.73,20.62,26.26,27.49,181.56,183.67,183.1,175.93,138.53,3.62,3.31,4.38,4.26,2.54,1.15,33.37,-16.15,626.31,0.017623
Liuzhou,110.0,25.0,2014,8,2014-08,3.409,9.007,13.398,16.787,21.498,0.00061,0.00294,0.004326,0.002938,0.001873,-48.96,-2.61,11.42,19.73,23.68,27.3,-10.65,6.96,15.78,20.63,25.89,56.17,172.47,201.44,189.82,174.99,117.17,8.17,1.76,3.2,3.17,1.72,0.85,33.67,-15.13,493.37,0.012687
Liuzhou,110.0,25.0,2014,9,2014-09,2.5019,8.1399,12.5154,15.5648,19.9247,0.000485,0.00218,0.003782,0.002902,0.002349,-50.06,-3.2,10.94,18.79,22.81,26.3,-14.47,5.52,14.74,19.44,24.66,83.82,185.22,167.55,142.33,103.97,76.82,4.16,1.9,2.63,2.96,1.83,1.16,31.31,-12.56,505.24,0.011698
Liuzhou,110.0,25.0,2014,10,2014-10,1.4372,4.8069,8.7216,11.816,14.6978,0.001128,0.001127,0.001715,0.002615,0.001319,-51.53,-5.62,8.59,15.13,19.45,22.55,-21.01,-1.78,9.35,15.18,19.8,261.38,258.37,250.3,129.88,83.51,39.26,16.81,7.7,2.3,1.93,2.17,0.88,19.73,-2.05,722.09,0.007904
Liuzhou,110.0,25.0,2014,11,2014-11,0.7919,5.4556,8.1926,9.406,11.1721,0.001613,0.005804,0.002524,0.002058,0.001526,-52.15,-7.28,4.64,10.45,13.23,16.75,-27.65,-0.06,8.44,11.74,15.54,272.77,265.34,250.37,198.03,98.55,54.29,38.16,19.98,10.43,3.02,2.15,1.34,21.47,2.03,250.69,0.013525
Liuzhou,110.0,25.0,2014,12,2014-12,0.624,3.247,3.9002,4.2223,4.9269,0.001624,0.003589,0.000608,0.001774,0.001221,-52.47,-7.14,2.87,5.32,6.38,8.91,-30.2,-6.96,-1.96,0.27,3.51,265.39,269.87,262.07,91.24,57.65,21.8,45.36,25.52,10.84,1.53,4.12,2.43,0.67,17.06,910.26,0.008815
Liuzhou,110.0,25.0,2015,1,2015-01,0.9336,3.3394,5.2062,6.0077,6.9046,0.002311,0.003822,0.001381,0.001349,0.00078,-52.69,-9.66,3.17,6.31,8.88,11.99,-25.86,-6.6,1.99,5.21,8.35,252.63,264.71,260.79,195.17,106.6,76.74,45.6,24.27,11.22,2.6,2.2,1.11,8.18,10.57,539.78,0.009642
Liuzhou,110.0,25.0,2015,2,2015-02,0.5027,3.6754,7.0349,8.1376,9.5714,0.001211,0.004846,0.004276,0.002401,0.001601,-52.79,-11.73,1.84,8.28,10.93,14.41,-32.46,-5.35,6.24,9.6,13.19,259.39,265.59,257.03,215.11,155.9,118.52,59.32,23.63,12.93,5.96,2.89,1.64,19.07,2.37,255.47,0.014335
Liuzhou,110.0,25.0,2015,3,2015-03,0.7365,4.8516,9.6138,10.6585,12.811,0.001587,0.00753,0.007479,0.004041,0.002776,-53.97,-7.98,6.55,11.84,13.87,17.88,-28.43,-1.66,10.79,13.62,17.65,261.92,265.02,254.21,210.9,157.66,123.26,41.01,21.13,15.22,7.63,3.72,2.12,22.4,-3.4,130.75,0.023412
Liuzhou,110.0,25.0,2015,4,2015-04,1.5555,5.3393,9.1588,11.3151,14.0653,0.002786,0.00607,0.004514,0.002445,0.001854,-52.17,-7.74,7.59,14.74,18.17,21.99,-20.1,-0.36,10.07,14.52,19.11,274.62,264.79,258.19,222.86,176.71,152.97,39.58,17.57,11.15,4.83,2.12,1.29,24.61,-4.86,583.45,0.017669
Liuzhou,110.0,25.0,2015,5,2015-05,2.7782,8.6019,13.7926,16.6846,19.7025,0.003448,0.008562,0.008881,0.005608,0.003827,-50.21,-3.92,10.66,18.23,21.8,25.52,-13.19,6.3,16.23,20.54,24.48,267.75,262.37,246.31,210.3,172.66,112.37,17.93,12.17,9.76,6.31,3.3,1.9,34.03,-15.91,250.45,0.030326
Liuzhou,110.0,25.0,2015,6,2015-06,3.5418,9.4876,14.6259,18.1002,21.7775,0.002353,0.009153,0.013966,0.010698,0.006403,-48.49,-2.29,12.32,20.03,23.97,27.64,-10.17,7.71,17.13,21.83,26.11,358.5,232.63,230.36,208.91,185.25,156.26,2.59,6.52,9.46,9.36,5.8,2.88,34.84,-18.21,361.86,0.042573
Liuzhou,110.0,25.0,2015,7,2015-07,3.7791,8.7852,13.5341,17.071,20.8871,0.000946,0.001302,0.002043,0.002066,0.002841,-48.39,-2.43,11.49,19.24,23.15,26.79,-9.35,6.61,15.94,20.9,25.43,305.39,233.04,189.32,135.35,107.6,70.36,3.38,2.46,1.45,1.48,1.19,1.33,32.73,-14.79,412.75,0.009199
Liuzhou,110.0,25.0,2015,8,2015-08,3.5867,8.114,12.4948,16.3041,20.7598,0.001014,0.00156,0.001261,0.000657,0.00143,-49.6,-3.22,11.1,19.71,23.81,27.2,-10.01,5.47,14.72,20.17,25.33,349.83,262.61,237.77,182.94,98.21,58.87,6.34,2.77,1.89,0.99,0.4,0.68,32.01,-13.45,624.03,0.005923
Liuzhou,110.0,25.0,2015,9,2015-09,3.135,9.516,13.1088,15.7898,19.5223,0.00098,0.003339,0.002704,0.002173,0.002272,-49.97,-3.09,10.94,17.98,21.75,25.44,-11.69,7.76,15.45,19.67,24.33,5.37,260.96,246.6,171.23,93.26,42.93,5.11,3.07,3.44,2.02,1.35,1.14,33.33,-13.11,316.23,0.011469
Liuzhou,110.0,25.0,2015,10,2015-10,2.1085,6.1891,8.7346,11.3031,14.2958,0.001585,0.001497,0.002183,0.003487,0.002515,-50.62,-5.23,8.28,15.22,19.15,22.22,-16.52,1.67,9.37,14.51,19.36,255.82,257.78,237.78,96.08,65.38,28.33,18.38,7.37,2.37,2.45,3.03,1.73,23.22,-1.78,730.59,0.011266
Liuzhou,110.0,25.0,2015,11,2015-11,1.267,5.5718,9.314,10.8608,12.9891,0.002271,0.00593,0.005552,0.003907,0.002142,-52.75,-7.47,6.47,12.69,14.99,18.35,-22.45,0.23,10.32,13.9,17.87,276.15,258.82,245.23,196.35,134.8,100.81,37.18,17.58,10.44,5.85,3.53,1.62,24.24,-2.99,296.01,0.019802
Liuzhou,110.0,25.0,2015,12,2015-12,1.0234,4.16,5.9486,6.429,7.4405,0.002819,0.005594,0.001374,0.001859,0.001538,-52.45,-9.43,3.01,6.41,7.46,10.49,-24.84,-3.71,3.86,6.18,9.44,258.57,258.3,253.51,203.48,74.78,37.6,48.45,27.01,13.19,2.26,2.83,2.03,12.98,8.96,319.34,0.013183
Liuzhou,110.0,25.0,2016,1,2016-01,0.72,3.5077,5.9441,6.4302,7.3034,0.002114,0.005587,0.002143,0.001892,0.001808,-51.6,-11.93,1.39,5.58,6.7,9.78,-28.68,-5.96,3.85,6.18,9.17,260.21,256.92,251.7,211.54,86.54,57.66,60.47,28.79,15.62,3.54,2.89,2.43,14.02,7.24,216.67,0.013544
Liuzhou,110.0,25.0,2016,2,2016-02,0.5967,3.3837,4.0427,4.9013,5.9182,0.001735,0.003648,0.0001,0.001272,0.001025,-52.34,-8.02,1.01,5.56,7.89,11.3,-30.67,-6.43,-1.48,2.34,6.11,268.11,271.22,265.17,132.99,58.1,41.63,52.77,28.51,10.57,0.24,2.54,1.7,4.67,15.62,880.28,0.00778
Liuzhou,110.0,25.0,2016,3,2016-03,0.8063,4.474,7.9348,9.0818,10.8822,0.001828,0.005829,0.003476,0.002227,0.001973,-51.43,-10.29,4.88,9.8,12.68,16.5,-27.46,-2.74,7.98,11.22,15.14,268.88,269.31,263.65,214.21,136.6,105.82,55.65,22.23,12.78,4.3,2.41,1.78,20.44,0.25,228.14,0.015333
Liuzhou,110.0,25.0,2016,4,2016-04,1.4791,6.4682,11.4047,13.9682,16.994,0.002613,0.009016,0.007789,0.004682,0.002908,-52.13,-7.33,8.69,15.82,19.11,23.12,-20.68,2.28,13.34,17.76,22.1,261.89,258.47,251.54,213.67,171.06,129.98,37.76,17.33,13.67,6.7,3.29,1.68,30.09,-10.99,310.53,0.027009
Liuzhou,110.0,25.0,2016,5,2016-05,2.702,7.5448,12.2173,15.4531,18.5413,0.002962,0.006586,0.007387,0.005309,0.003564,-50.09,-4.21,10.82,17.39,20.89,24.78,-13.53,4.44,14.38,19.33,23.5,277.26,255.93,245.43,203.49,165.9,130.44,24.62,10.75,8.56,5.93,3.37,1.88,29.6,-11.43,376.68,0.025808
Liuzhou,110.0,25.0,2016,6,2016-06,3.2209,8.2984,13.2143,17.119,21.128,0.002329,0.006517,0.009163,0.00758,0.004805,-48.99,-2.96,11.98,19.99,23.8,27.35,-11.36,5.79,15.57,20.94,25.61,308.45,245.17,230.94,210.11,185.55,152.23,4.06,7.09,7.7,6.8,4.34,2.23,32.33,-15.28,552.19,0.030393
Liuzhou,110.0,25.0,2016,7,2016-07,3.2758,8.2896,13.0748,17.5236,21.9073,0.00099,0.004933,0.010581,0.010001,0.007059,-48.78,-2.93,12.5,21.15,24.97,28.36,-11.15,5.77,15.41,21.31,26.2,55.13,186.39,215.56,207.45,190.28,171.58,5.4,2.96,5.84,7.94,5.6,3.16,32.76,-16.06,717.19,0.033565
Liuzhou,110.0,25.0,2016,8,2016-08,3.3861,9.329,13.7188,17.0747,21.8632,0.001702,0.003539,0.005443,0.004059,0.003831,-47.93,-1.88,12.15,20.37,24.35,27.94,-10.73,7.47,16.15,20.9,26.17,76.18,86.44,81.75,83.5,56.87,41.29,8.38,4.93,3.72,3.89,2.33,1.72,33.71,-15.85,527.72,0.018574
Liuzhou,110.0,25.0,2016,9,2016-09,2.7724,8.0314,11.6554,14.6968,18.4205,0.000649,0.001689,0.005261,0.005754,0.004379,-49.59,-2.58,10.43,17.77,21.87,25.46,-13.21,5.32,13.67,18.55,23.39,306.52,299.24,4.43,45.38,28.27,7.25,4.68,2.29,2.06,4.43,3.84,2.33,28.92,-8.79,513.28,0.017731
Liuzhou,110.0,25.0,2016,10,2016-10,1.8796,6.6465,10.8978,13.4107,16.0244,0.000963,0.001884,0.004061,0.005713,0.003922,-49.96,-3.86,9.62,15.99,19.21,22.83,-17.89,2.66,12.66,17.13,21.17,242.5,224.53,205.4,102.09,59.84,28.85,6.21,5.02,2.78,3.65,4.18,2.4,25.55,-6.44,416.15,0.016542
Liuzhou,110.0,25.0,2016,11,2016-11,1.2128,5.3602,8.2557,9.6195,11.2325,0.002036,0.005883,0.002742,0.001832,0.001114,-51.47,-6.53,7.2,11.46,12.88,16.08,-22.94,-0.3,8.55,12.08,15.62,265.38,259.41,245.16,195.37,98.49,40.97,33.41,16.46,10.76,3.26,1.87,0.97,19.05,1.66,363.9,0.013608
Liuzhou,110.0,25.0,2016,12,2016-12,0.4109,3.7778,5.2713,6.4615,7.7162,0.000799,0.003902,0.001165,0.001796,0.001239,-51.33,-7.58,3.8,9.03,10.62,13.38,-34.52,-4.99,2.16,6.25,9.98,261.96,264.02,250.16,189.81,87.25,49.99,42.78,19.06,10.13,2.17,2.73,1.57,9.98,10.0,857.95,0.0089
Liuzhou,110.0,25.0,2017,1,2017-01,1.0167,3.8509,6.7532,7.2436,8.334,0.002579,0.005603,0.00285,0.001625,0.001158,-52.32,-8.26,4.52,8.31,10.29,13.36,-24.92,-4.74,5.66,7.9,11.12,252.62,259.92,252.28,206.55,109.26,62.86,44.3,24.88,14.27,4.14,2.2,1.36,12.97,6.48,331.2,0.013816
Liuzhou,110.0,25.0,2017,2,2017-02,0.4909,3.7685,5.811,6.8562,8.0719,0.00116,0.004409,0.001984,0.001462,0.001302,-50.79,-10.77,3.03,6.98,9.9,13.56,-32.7,-5.02,3.53,7.1,10.64,253.88,267.96,255.88,199.47,113.26,80.71,48.3,23.17,11.47,3.35,2.09,1.58,13.23,7.42,431.4,0.010317
Liuzhou,110.0,25.0,2017,3,2017-03,0.9558,5.0894,8.3548,9.0791,11.1252,0.002272,0.007914,0.004638,0.002652,0.002067,-51.97,-9.74,4.97,10.34,12.56,16.55,-25.6,-1.01,8.73,11.22,15.48,256.81,263.63,254.58,204.75,129.39,85.63,49.74,23.31,15.25,5.44,2.86,1.82,22.83,-0.72,201.83,0.019544
Liuzhou,110.0,25.0,2017,4,2017-04,1.4461,5.8312,9.7865,11.9552,14.689,0.002712,0.006695,0.005455,0.003602,0.002331,-51.5,-6.69,7.7,14.28,17.73,21.82,-20.94,0.85,11.05,15.36,19.79,268.72,262.66,253.07,216.38,180.97,161.32,36.49,18.39,11.26,5.47,2.95,1.56,25.18,-4.9,403.68,0.020794
Liuzhou,110.0,25.0,2017,5,2017-05,2.1514,6.3695,10.7515,13.9942,17.7169,0.002469,0.00357,0.002936,0.002603,0.001644,-50.31,-4.83,9.54,16.85,20.79,24.62,-16.28,2.07,12.45,17.79,22.77,277.67,269.01,258.76,197.45,154.41,120.82,26.15,11.25,5.5,2.68,1.82,0.91,26.66,-7.89,549.04,0.013221
Liuzhou,110.0,25.0,2017,6,2017-06,4.3642,9.7354,14.0754,17.3614,20.9512,0.003931,0.008538,0.00913,0.006827,0.004075,-48.74,-2.98,11.59,19.04,22.86,26.69,-7.51,8.09,16.54,21.17,25.48,288.03,249.82,235.51,204.77,174.18,126.99,7.53,8.83,8.6,6.36,3.86,1.91,35.06,-16.5,312.42,0.032501
Liuzhou,110.0,25.0,2017,7,2017-07,3.5429,8.931,13.7137,17.1426,21.6258,0.001116,0.00396,0.007752,0.00713,0.004528,-49.38,-2.95,11.78,20.32,24.26,27.8,-10.16,6.84,16.14,20.97,25.99,34.28,158.97,167.46,178.75,165.07,155.35,2.97,3.09,4.35,5.54,4.08,2.05,34.47,-16.86,522.68,0.024485
Liuzhou,110.0,25.0,2017,8,2017-08,3.4007,9.1074,13.8877,17.5715,22.079,0.001002,0.003851,0.007876,0.007447,0.004678,-48.3,-2.85,12.16,20.67,24.5,27.93,-10.68,7.12,16.33,21.36,26.33,59.88,160.88,195.52,199.03,186.53,162.03,7.28,2.89,4.15,5.56,4.16,2.08,34.82,-17.56,542.49,0.024854
Liuzhou,110.0,25.0,2017,9,2017-09,2.8889,8.9041,13.4248,16.6403,21.2813,0.000553,0.003356,0.004557,0.003533,0.002246,-49.55,-2.95,11.67,19.55,23.56,27.02,-12.71,6.8,15.81,20.5,25.73,54.55,199.73,210.82,173.82,133.88,98.94,4.25,1.88,3.7,3.33,2.08,1.04,33.43,-15.34,466.7,0.014244
Liuzhou,110.0,25.0,2017,10,2017-10,2.1071,6.5306,9.4869,11.6694,14.3054,0.000677,0.001391,0.004228,0.005988,0.00399,-50.36,-3.6,9.47,14.45,17.52,20.89,-16.53,2.42,10.59,14.99,19.38,243.33,217.79,177.85,85.1,53.89,18.8,6.5,3.15,2.09,4.37,5.03,2.74,21.58,-1.23,481.7,0.016274
Liuzhou,110.0,25.0,2017,11,2017-11,1.7252,5.9337,7.704,8.5976,10.179,0.003136,0.005156,0.001798,0.003,0.001833,-51.8,-6.92,6.27,11.39,13.05,16.06,-18.89,1.09,7.55,10.41,14.12,258.93,255.58,246.42,146.81,75.54,38.7,33.8,17.82,8.52,2.29,3.42,1.77,20.68,2.66,480.46,0.014922
Liuzhou,110.0,25.0,2017,12,2017-12,0.6017,3.566,4.6006,4.9246,5.8019,0.001331,0.003134,0.000821,0.002033,0.001409,-52.49,-5.15,3.18,6.08,7.71,10.61,-30.59,-5.74,0.28,2.4,5.83,270.17,275.29,261.89,90.21,60.18,27.41,37.83,21.69,8.62,1.75,4.05,2.38,2.6,16.71,724.62,0.008728
Liuzhou,110.0,25.0,2018,1,2018-01,0.8559,4.2009,5.939,6.3087,7.2674,0.002466,0.006309,0.002637,0.001941,0.001495,-52.15,-6.42,2.61,5.93,7.29,10.47,-26.81,-3.58,3.83,5.91,9.1,262.02,262.74,250.32,195.14,103.49,69.52,43.78,28.25,14.73,4.35,3.02,2.02,9.99,12.45,261.37,0.014847
Liuzhou,110.0,25.0,2018,2,2018-02,0.4003,3.2254,5.6333,6.4128,7.5077,0.001061,0.004425,0.002074,0.001529,0.001224,-53.41,-9.05,2.85,5.67,8.49,12.1,-34.79,-7.05,3.09,6.14,9.57,259.86,267.84,260.22,203.66,115.34,85.19,55.89,26.0,13.46,3.61,2.34,1.6,7.91,10.77,322.15,0.010314
Liuzhou,110.0,25.0,2018,3,2018-03,0.8972,4.4438,7.66,9.9016,12.2947,0.001569,0.004339,0.003963,0.003432,0.002521,-50.47,-11.62,4.46,11.54,14.96,18.76,-26.29,-2.83,7.46,12.51,17.01,264.5,266.06,254.86,200.87,165.92,147.6,50.65,17.15,9.57,5.07,3.4,2.01,23.33,-2.07,509.02,0.015823
Liuzhou,110.0,25.0,2018,4,2018-04,1.7631,5.9163,9.6737,11.9565,14.7724,0.002669,0.005204,0.005441,0.004509,0.003295,-51.51,-7.7,7.59,14.09,17.69,21.85,-18.64,1.05,10.88,15.36,19.88,270.09,261.99,250.37,206.95,176.74,164.56,35.37,14.84,8.63,5.52,3.7,2.19,26.14,-5.45,401.72,0.021118
Liuzhou,110.0,25.0,2018,5,2018-05,2.6935,7.5634,12.6846,16.2421,19.7844,0.002921,0.008176,0.011053,0.008711,0.005625,-51.17,-4.54,10.58,18.37,22.18,25.96,-13.56,4.47,14.95,20.12,24.55,264.41,239.74,236.05,209.57,187.09,164.83,10.58,10.64,10.6,8.55,5.26,2.79,31.75,-13.9,427.86,0.036487
Liuzhou,110.0,25.0,2018,6,2018-06,4.0254,9.117,13.0762,16.8397,20.3017,0.00151,0.003171,0.004484,0.003993,0.003186,-49.04,-2.41,11.4,18.91,22.82,26.55,-8.55,7.14,15.41,20.68,24.96,339.73,255.44,228.82,182.27,145.14,108.83,4.99,3.68,3.41,3.36,2.33,1.54,32.48,-13.3,437.76,0.016345
Liuzhou,110.0,25.0,2018,7,2018-07,3.1095,8.7618,13.8827,17.2694,21.6865,0.001444,0.004143,0.007896,0.007221,0.00505,-48.73,-2.07,12.14,20.33,24.35,28.0,-11.8,6.57,16.33,21.08,26.04,58.05,113.43,139.88,161.94,148.44,126.27,9.6,4.56,4.64,5.58,4.1,2.28,33.16,-16.42,500.59,0.025755
Liuzhou,110.0,25.0,2018,8,2018-08,3.6605,9.1406,13.9139,17.2906,21.8781,0.001231,0.004138,0.005748,0.004778,0.004119,-48.67,-2.64,11.66,20.33,24.29,27.77,-9.75,7.18,16.36,21.1,26.18,68.01,76.37,67.73,71.58,57.15,44.75,2.62,3.3,4.44,4.05,2.71,1.85,34.84,-17.06,495.68,0.020014
Liuzhou,110.0,25.0,2018,9,2018-09,3.0908,8.3397,11.9872,14.9063,18.9054,0.000371,0.001425,0.00359,0.003522,0.002722,-50.61,-3.31,10.92,17.76,21.68,25.23,-11.87,5.86,14.09,18.77,23.81,46.85,132.91,149.95,103.05,68.88,41.29,8.21,1.18,1.68,2.94,2.32,1.41,30.1,-10.32,458.96,0.01163
Liuzhou,110.0,25.0,2018,10,2018-10,2.1084,6.3773,7.8533,10.1214,12.8512,0.003386,0.004602,0.000891,0.003351,0.00258,-52.1,-6.02,6.97,13.27,16.82,19.86,-16.52,2.09,7.82,12.84,17.7,279.42,271.42,271.1,96.53,61.26,27.76,25.2,15.75,7.08,1.11,3.25,1.97,22.23,1.43,680.48,0.01481
Liuzhou,110.0,25.0,2018,11,2018-11,0.6315,4.5027,7.7618,9.1622,10.8236,0.001305,0.004871,0.003151,0.002474,0.001526,-51.51,-8.05,5.59,11.76,14.16,17.4,-30.07,-2.66,7.66,11.35,15.06,261.94,259.82,249.19,191.83,116.62,78.46,43.01,20.27,10.61,3.98,2.65,1.38,19.21,1.05,512.81,0.013327
Liuzhou,110.0,25.0,2018,12,2018-12,1.241,4.3978,6.9074,6.9802,7.8321,0.003132,0.006882,0.003269,0.002217,0.001559,-52.35,-7.44,5.21,7.77,7.97,10.67,-22.68,-2.97,5.98,7.36,10.2,255.47,256.42,248.5,199.9,99.97,59.97,40.45,24.75,15.35,4.64,3.11,1.95,13.0,7.43,224.16,0.017059
Liuzhou,110.0,25.0,2019,1,2019-01,0.6875,3.4015,6.6877,6.5292,7.0836,0.001835,0.00501,0.003685,0.00196,0.001391,-52.52,-8.73,4.63,7.15,7.71,10.06,-29.17,-6.36,5.52,6.4,8.72,247.59,256.71,250.79,205.24,116.27,67.08,49.57,26.18,14.44,5.4,2.94,1.93,10.4,7.25,203.54,0.013882
Liuzhou,110.0,25.0,2019,2,2019-02,0.7183,3.4921,8.3702,8.8939,10.3595,0.001844,0.006613,0.007827,0.003843,0.002857,-51.17,-9.81,6.03,10.28,11.71,15.23,-28.7,-6.02,8.75,10.91,14.39,257.86,256.9,251.56,207.11,148.7,103.81,51.55,25.18,18.57,9.17,4.24,2.7,16.79,-0.76,190.12,0.022984
Liuzhou,110.0,25.0,2019,3,2019-03,0.7987,4.7218,8.5751,10.0744,12.282,0.00204,0.007396,0.004622,0.003031,0.002516,-51.68,-9.28,5.35,11.19,13.57,17.54,-27.56,-2.02,9.11,12.77,17.0,260.43,263.42,253.95,204.13,127.65,86.76,49.98,25.04,15.36,5.29,2.95,2.01,22.19,-1.58,259.7,0.019605
Liuzhou,110.0,25.0,2019,4,2019-04,1.2169,5.9904,11.4939,14.1758,17.4318,0.001976,0.007074,0.008698,0.006249,0.004042,-50.31,-7.38,9.04,16.35,19.12,23.04,-22.9,1.22,13.46,17.99,22.51,262.49,260.47,254.14,211.8,169.62,133.69,36.66,15.92,11.58,7.42,4.32,2.27,29.37,-11.79,362.25,0.028038
Liuzhou,110.0,25.0,2019,5,2019-05,2.402,8.4275,12.2912,14.8227,17.8552,0.002968,0.007542,0.005779,0.004354,0.003642,-49.34,-3.92,10.44,16.36,19.64,23.8,-14.96,6.01,14.47,18.68,22.89,282.36,265.14,249.6,187.13,128.98,88.89,18.17,12.12,8.78,4.61,2.88,2.0,30.32,-10.29,235.9,0.024285
Liuzhou,110.0,25.0,2019,6,2019-06,3.5033,9.0327,14.1102,17.8453,21.4054,0.002414,0.007141,0.009875,0.008085,0.005279,-47.98,-2.14,12.71,19.77,23.57,27.3,-10.31,7.0,16.58,21.6,25.82,321.19,255.03,248.19,214.89,182.82,145.57,6.68,6.76,7.75,6.86,4.44,2.42,32.79,-16.49,399.43,0.032793
Liuzhou,110.0,25.0,2019,7,2019-07,3.9873,9.6347,14.2594,17.8589,21.9594,0.001236,0.004162,0.006872,0.005911,0.004059,-48.03,-2.08,12.53,20.39,24.24,27.78,-8.67,7.93,16.74,21.61,26.24,52.53,219.64,221.33,197.17,170.03,131.83,7.56,3.04,4.24,4.73,3.25,1.81,34.62,-17.45,456.59,0.022239
Liuzhou,110.0,25.0,2019,8,2019-08,2.783,7.9583,12.9048,16.8114,22.2377,0.000823,0.002735,0.004133,0.002686,0.00234,-48.16,-2.23,11.8,21.26,25.2,28.57,-13.17,5.19,15.21,20.66,26.45,57.67,69.26,74.67,88.03,72.11,51.41,7.53,2.9,3.37,3.14,1.57,1.03,32.09,-15.04,755.89,0.012717
Liuzhou,110.0,25.0,2019,9,2019-09,2.2206,5.9741,9.9656,13.2672,17.6473,0.000244,0.001218,0.003794,0.004391,0.002794,-49.78,-4.09,9.55,18.38,22.7,25.7,-15.9,1.18,11.32,16.96,22.7,313.62,284.26,82.86,77.82,52.43,17.98,3.96,1.08,2.0,3.73,3.25,1.55,25.42,-6.71,883.17,0.01244
Liuzhou,110.0,25.0,2019,10,2019-10,2.0695,5.8507,9.3816,11.7295,14.7165,0.002036,0.002195,0.002552,0.002616,0.001346,-51.88,-5.95,8.29,15.09,18.52,21.84,-16.75,0.9,10.43,15.07,19.82,278.54,267.73,249.58,158.21,95.25,41.5,17.9,9.65,3.68,2.67,2.19,0.9,24.07,-3.95,582.65,0.010745
Liuzhou,110.0,25.0,2019,11,2019-11,0.7498,4.7675,7.1898,7.9699,9.3205,0.00129,0.003559,0.001494,0.002431,0.00153,-52.0,-6.17,6.22,10.87,13.76,16.71,-28.24,-1.89,6.55,9.29,12.79,262.81,269.9,256.16,155.23,82.6,44.25,30.31,16.87,7.32,2.04,2.99,1.61,15.48,5.13,539.9,0.010304
Liuzhou,110.0,25.0,2019,12,2019-12,0.7199,2.8582,5.2809,6.1715,7.1044,0.00183,0.003349,0.001203,0.001576,0.000972,-52.22,-9.83,3.41,7.65,10.35,13.24,-28.68,-8.6,2.19,5.59,8.76,258.78,259.93,255.38,182.27,94.6,58.95,50.21,24.92,11.49,2.23,2.5,1.34,7.66,8.99,682.07,0.00893
Liuzhou,110.0,25.0,2020,1,2020-01,0.7517,3.5139,6.8924,7.5989,8.8609,0.002078,0.005523,0.003874,0.00246,0.001708,-51.63,-10.87,3.04,7.76,9.98,13.38,-28.21,-5.94,5.95,8.59,12.03,257.43,261.53,256.57,205.8,133.06,98.61,52.3,27.11,15.41,5.51,3.17,1.89,15.61,4.05,227.04,0.015643
Liuzhou,110.0,25.0,2020,2,2020-02,0.6875,4.4219,7.3388,8.4707,10.1838,0.001732,0.005625,0.004584,0.003088,0.001974,-51.71,-10.33,2.87,8.96,11.98,15.62,-29.17,-2.9,6.85,10.19,14.13,254.82,261.21,254.61,206.49,154.55,125.03,53.92,24.71,12.48,6.13,3.57,1.9,20.37,2.41,264.42,0.017004
Liuzhou,110.0,25.0,2020,3,2020-03,1.1556,5.9802,9.2836,10.6339,13.2396,0.002756,0.008899,0.005795,0.003464,0.002726,-51.21,-8.68,6.07,12.02,14.4,18.58,-23.49,1.2,10.27,13.58,18.17,261.59,265.27,256.65,207.35,143.03,107.24,48.83,23.39,14.59,6.12,3.19,2.02,26.09,-3.48,218.04,0.023641
Liuzhou,110.0,25.0,2020,4,2020-04,1.692,5.3661,8.3113,10.1996,12.9563,0.0032,0.005787,0.002285,0.001804,0.001192,-52.92,-8.93,6.51,12.01,15.51,19.58,-19.12,-0.29,8.65,12.95,17.83,263.04,267.48,263.28,201.87,120.96,89.26,52.42,18.55,10.58,2.7,1.73,0.9,22.8,-1.39,419.64,0.014269
Liuzhou,110.0,25.0,2020,5,2020-05,2.7405,7.6178,13.1677,16.2927,20.0869,0.00434,0.007369,0.007269,0.005423,0.004031,-49.44,-4.21,10.92,18.86,22.9,27.01,-13.35,4.57,15.52,20.16,24.79,271.25,263.13,256.42,217.21,176.43,137.87,25.36,15.53,9.49,5.41,3.26,1.97,32.24,-15.27,417.42,0.028434
Liuzhou,110.0,25.0,2020,6,2020-06,3.6855,9.7416,14.8235,18.413,21.851,0.002467,0.01006,0.016779,0.014186,0.008968,-47.91,-2.49,12.31,20.04,23.94,27.77,-9.67,8.09,17.34,22.1,26.16,22.48,239.81,234.08,213.56,188.54,163.05,1.6,6.56,10.13,11.1,7.56,4.02,35.66,-18.92,338.03,0.05246
Liuzhou,110.0,25.0,2020,7,2020-07,3.1077,8.8752,13.7939,17.8088,22.122,0.001595,0.007778,0.013706,0.012347,0.008647,-47.5,-2.09,12.51,20.6,24.57,28.31,-11.8,6.75,16.23,21.57,26.36,55.71,224.12,228.55,212.73,191.95,170.96,10.78,5.03,8.59,9.74,6.8,3.83,33.15,-16.49,546.72,0.044073
Liuzhou,110.0,25.0,2020,8,2020-08,3.7296,8.6348,13.1307,16.9036,21.0595,0.000791,0.003189,0.007233,0.006486,0.004499,-48.05,-2.72,11.75,19.84,23.85,27.58,-9.52,6.36,15.47,20.74,25.56,73.31,128.67,176.59,180.16,161.13,145.11,6.54,2.08,3.62,5.4,3.76,2.1,32.64,-14.67,545.18,0.022198
Liuzhou,110.0,25.0,2020,9,2020-09,4.3563,9.8053,13.0927,15.4563,19.0371,0.002057,0.005321,0.003975,0.00392,0.0036,-49.52,-2.98,11.13,17.46,20.86,24.66,-7.53,8.19,15.43,19.34,23.92,354.11,250.25,237.87,173.26,102.42,62.95,9.15,4.63,5.32,2.98,2.49,1.85,32.93,-12.44,252.9,0.018874
Liuzhou,110.0,25.0,2020,10,2020-10,3.2178,7.1966,9.4881,10.672,12.7327,0.00196,0.002529,0.004469,0.006262,0.003879,-49.82,-4.0,10.08,13.35,15.87,19.56,-11.37,3.77,10.6,13.64,17.56,274.16,247.44,212.67,91.49,56.3,22.64,7.9,5.97,3.45,4.62,5.75,2.99,21.64,-0.58,344.56,0.019099
Liuzhou,110.0,25.0,2020,11,2020-11,1.2825,4.6352,7.5597,8.6486,10.0942,0.001957,0.003853,0.002203,0.003385,0.001805,-50.73,-5.62,6.97,11.73,14.05,17.12,-22.31,-2.27,7.27,10.49,13.99,257.46,258.23,242.06,144.46,80.85,41.67,23.56,14.96,8.15,2.86,3.84,1.75,15.39,3.98,557.5,0.013204
Liuzhou,110.0,25.0,2020,12,2020-12,0.5427,3.7661,5.3791,5.4649,6.1338,0.001455,0.005305,0.000678,0.002774,0.002013,-51.25,-6.91,3.75,4.64,5.42,8.24,-31.67,-5.03,2.45,3.87,6.63,257.59,264.9,260.45,139.92,62.48,36.61,41.53,26.3,13.81,1.24,4.98,3.22,5.22,14.44,274.09,0.012225
Liuzhou,110.0,25.0,2021,1,2021-01,0.5677,3.3664,4.4085,4.669,5.4826,0.001617,0.004311,0.000814,0.001396,0.001106,-51.59,-6.49,1.94,4.27,7.07,10.33,-31.19,-6.49,-0.3,1.66,5.02,260.95,268.48,265.0,167.73,77.08,53.62,42.51,27.93,12.56,1.81,2.93,1.98,2.03,17.46,571.51,0.009244
Liuzhou,110.0,25.0,2021,2,2021-02,0.964,4.3999,7.3737,8.2717,9.8768,0.002076,0.003969,0.002448,0.001698,0.001436,-50.71,-9.64,3.2,9.42,13.35,16.96,-25.5,-2.97,6.92,9.84,13.66,256.22,264.38,259.63,193.53,126.62,96.91,46.27,21.12,8.85,3.26,2.01,1.43,19.82,2.58,313.13,0.011627
Liuzhou,110.0,25.0,2021,3,2021-03,0.9389,5.2285,9.5462,10.9849,13.1824,0.002007,0.007182,0.006369,0.00387,0.002697,-51.67,-8.21,6.15,12.2,15.01,18.89,-25.79,-0.64,10.69,14.07,18.1,264.98,263.04,255.37,208.34,154.73,129.21,37.91,20.96,13.47,6.54,3.45,2.01,24.3,-3.81,189.41,0.022125
Liuzhou,110.0,25.0,2021,4,2021-04,1.6866,6.7573,10.6582,12.6364,15.4482,0.002853,0.006692,0.004995,0.003987,0.003343,-51.54,-6.48,7.99,14.15,17.08,21.3,-19.16,2.89,12.32,16.21,20.59,266.83,263.46,252.31,189.2,117.01,86.19,32.56,16.59,9.71,4.6,3.09,2.12,27.85,-6.66,227.85,0.021869
Liuzhou,110.0,25.0,2021,5,2021-05,3.0025,8.5385,13.479,16.5053,19.8601,0.004384,0.010157,0.010659,0.007135,0.004431,-50.04,-4.02,11.01,18.22,21.69,25.61,-12.23,6.2,15.88,20.37,24.61,276.04,255.58,246.12,214.92,184.12,144.65,20.38,14.32,11.67,7.76,4.24,2.19,33.31,-15.21,293.12,0.036767
Liuzhou,110.0,25.0,2021,6,2021-06,3.9022,8.7696,13.6957,17.1167,21.1378,0.001498,0.004514,0.007192,0.006246,0.004627,-48.35,-2.11,12.3,19.68,23.59,27.41,-8.94,6.58,16.12,20.94,25.62,29.46,241.18,230.56,204.33,171.25,136.54,4.79,3.76,5.05,5.15,3.58,2.15,32.18,-15.32,444.49,0.024077
Liuzhou,110.0,25.0,2021,7,2021-07,3.2388,8.0613,12.9067,17.3084,22.2352,0.000712,0.002403,0.005868,0.005796,0.004516,-47.86,-2.43,12.31,20.8,24.86,28.58,-11.29,5.38,15.21,21.12,26.44,57.27,199.59,212.48,196.0,175.11,157.88,3.48,2.16,2.92,4.46,3.28,1.99,31.51,-14.78,698.7,0.019295
Liuzhou,110.0,25.0,2021,8,2021-08,3.5307,8.9972,13.6885,17.4785,22.2748,0.000758,0.001843,0.005348,0.005083,0.003737,-48.2,-2.43,12.08,20.55,24.55,28.16,-10.21,6.95,16.11,21.27,26.47,58.85,120.14,202.37,199.38,182.14,157.52,9.74,2.11,2.01,3.83,2.85,1.65,33.96,-16.51,554.76,0.016769
Liuzhou,110.0,25.0,2021,9,2021-09,3.0315,8.0754,12.5604,15.5212,20.6233,0.000832,0.001913,0.003427,0.002313,0.00122,-50.48,-4.01,11.01,19.85,23.96,27.31,-12.11,5.4,14.8,19.4,25.22,322.08,199.58,179.61,168.08,152.46,170.08,1.13,2.69,2.32,2.68,1.46,0.58,33.05,-14.54,631.0,0.009705
Liuzhou,110.0,25.0,2021,10,2021-10,3.0536,7.5856,9.7095,11.205,13.5659,0.001454,0.001847,0.005591,0.006717,0.004699,-50.21,-4.6,8.96,13.57,16.17,19.78,-12.02,4.52,10.94,14.38,18.54,281.81,244.75,208.61,88.8,55.37,26.19,10.72,4.67,2.39,5.65,5.88,3.4,24.66,-1.92,328.6,0.020308
Liuzhou,110.0,25.0,2021,11,2021-11,1.5522,5.8754,6.3728,7.8084,9.6211,0.003478,0.005873,0.000494,0.002589,0.001844,-52.18,-7.62,4.82,9.64,12.23,15.49,-20.12,0.96,4.83,8.99,13.27,273.89,266.83,262.27,96.81,64.87,28.33,40.15,21.97,9.8,0.76,3.25,1.88,18.22,6.78,601.11,0.014277
Liuzhou,110.0,25.0,2021,12,2021-12,0.7449,3.3598,5.175,5.6353,6.3923,0.001609,0.003184,0.000714,0.002307,0.001525,-51.21,-7.31,3.82,6.87,8.99,11.68,-28.31,-6.52,1.91,4.3,7.23,254.25,262.48,259.26,128.15,68.88,35.5,40.98,21.18,9.29,1.35,4.01,2.34,5.74,12.48,619.93,0.009338
Liuzhou,110.0,25.0,2022,1,2022-01,1.0843,4.2587,6.4285,6.3948,7.2485,0.00282,0.005731,0.002633,0.002163,0.001749,-50.96,-11.98,1.9,6.15,6.92,9.67,-24.2,-3.4,4.96,6.1,9.06,251.78,259.85,257.87,202.23,96.63,56.91,53.71,25.5,13.2,4.02,3.32,2.37,17.78,5.53,149.71,0.015096
Liuzhou,110.0,25.0,2022,2,2022-02,0.9731,4.1825,5.6136,5.365,6.0221,0.003143,0.007214,0.001469,0.00234,0.001883,-51.08,-10.58,2.6,4.16,3.97,6.33,-25.4,-3.64,3.04,3.61,6.33,254.15,256.92,254.69,194.8,71.35,41.32,51.58,31.68,16.91,2.57,4.28,3.07,11.54,10.68,138.88,0.01605
Liuzhou,110.0,25.0,2022,3,2022-03,1.4319,5.2819,9.9831,11.5452,13.7311,0.002767,0.00639,0.006184,0.003712,0.002288,-51.0,-7.63,7.43,13.1,15.94,19.79,-21.05,-0.5,11.35,14.83,18.73,270.49,268.05,256.86,210.12,164.5,142.94,33.46,18.95,11.86,6.07,3.15,1.63,24.15,-5.16,219.22,0.021341
Liuzhou,110.0,25.0,2022,4,2022-04,1.7033,6.0682,9.2692,11.2218,14.1493,0.002751,0.005194,0.003318,0.002261,0.001391,-51.58,-7.08,7.19,13.75,17.77,21.48,-19.04,1.4,10.25,14.4,19.2,265.6,265.65,253.9,199.24,147.5,126.74,34.2,15.84,8.39,3.51,1.98,0.96,25.29,-3.51,437.63,0.014915
Liuzhou,110.0,25.0,2022,5,2022-05,3.8289,8.4436,11.1298,13.5878,16.5673,0.004372,0.005093,0.003079,0.003899,0.002888,-50.04,-4.94,9.07,15.12,18.89,22.92,-9.18,6.04,12.97,17.33,21.7,277.41,262.86,245.91,159.78,109.79,84.18,22.5,11.2,5.92,2.71,2.81,1.71,30.0,-7.23,268.14,0.019331
Liuzhou,110.0,25.0,2022,6,2022-06,4.5654,9.7407,14.2607,17.4931,21.0833,0.00282,0.00722,0.0105,0.008921,0.005696,-49.12,-3.03,11.45,19.15,23.1,26.93,-6.93,8.09,16.74,21.29,25.58,351.71,253.12,239.08,215.64,190.0,161.9,4.9,6.06,7.27,7.22,5.0,2.65,35.56,-17.13,301.34,0.035157
Liuzhou,110.0,25.0,2022,7,2022-07,2.9419,8.0972,13.0994,17.4714,22.1077,0.00067,0.003727,0.007996,0.007812,0.005397,-48.04,-2.43,12.7,20.88,24.59,28.28,-12.48,5.44,15.44,21.27,26.35,90.92,191.44,212.74,206.29,192.11,176.14,8.12,2.23,4.51,5.99,4.38,2.39,31.49,-15.35,679.9,0.025602
Liuzhou,110.0,25.0,2022,8,2022-08,3.589,8.8351,13.5272,17.0252,21.885,0.002099,0.003775,0.006446,0.005761,0.004052,-48.1,-2.25,12.19,20.29,24.4,28.13,-10.0,6.69,15.93,20.86,26.18,85.05,113.44,150.61,171.11,158.9,145.94,18.65,5.74,4.19,4.67,3.32,1.82,32.97,-15.66,544.69,0.022133
Liuzhou,110.0,25.0,2022,9,2022-09,3.3864,7.9268,11.2725,14.4149,18.2248,0.000241,0.000822,0.004098,0.004923,0.003603,-49.81,-3.45,9.85,18.54,23.03,26.29,-10.73,5.14,13.16,18.24,23.22,345.73,340.07,33.53,74.41,48.91,17.51,3.76,0.7,1.02,3.57,3.35,1.94,30.44,-9.46,671.94,0.013687
Liuzhou,110.0,25.0,2022,10,2022-10,2.0665,6.3643,7.6351,9.5594,11.7994,0.00091,0.00083,0.003271,0.004522,0.002609,-50.5,-4.3,8.93,14.38,18.12,21.34,-16.76,2.06,7.42,11.98,16.38,268.42,250.45,241.96,77.26,57.32,21.74,6.82,4.32,1.28,4.2,4.64,2.17,19.23,2.61,871.15,0.012142
Liuzhou,110.0,25.0,2022,11,2022-11,1.1343,5.4183,10.1636,11.2045,12.8668,0.001806,0.004882,0.004429,0.003713,0.002221,-51.32,-6.09,7.72,13.64,16.52,20.21,-23.7,-0.16,11.62,14.37,17.72,263.25,259.34,236.61,174.27,114.38,91.72,30.1,15.61,8.84,4.27,3.25,1.69,23.47,-4.58,253.25,0.01705
Liuzhou,110.0,25.0,2022,12,2022-12,0.7863,3.8333,3.9756,4.0838,4.5078,0.001882,0.004101,0.000557,0.001979,0.001355,-51.76,-8.01,2.07,4.43,5.74,8.67,-27.73,-4.79,-1.7,-0.18,2.26,263.49,268.22,262.34,70.82,55.31,28.16,42.01,23.47,10.49,1.37,4.75,2.95,3.88,16.81,766.89,0.009874
Liuzhou,110.0,25.0,2023,1,2023-01,0.499,3.2098,5.1421,5.5944,6.2692,0.001412,0.004039,0.001107,0.001915,0.00131,-51.93,-6.09,3.87,5.06,7.39,10.7,-32.54,-7.11,1.82,4.19,6.94,255.34,265.22,260.98,165.44,84.4,59.26,37.44,27.75,12.34,2.11,3.36,2.05,1.98,15.44,404.83,0.009783
Liuzhou,110.0,25.0,2023,2,2023-02,0.8982,4.5564,7.2241,7.5209,8.781,0.002221,0.006107,0.002994,0.002446,0.002072,-51.3,-8.99,4.18,8.39,10.6,14.31,-26.28,-2.5,6.62,8.44,11.9,248.08,259.31,256.81,196.79,100.92,68.19,45.36,24.24,13.14,4.06,3.19,2.31,17.32,4.56,221.45,0.01584
Liuzhou,110.0,25.0,2023,3,2023-03,,5.1587,8.3254,9.6094,11.472,,0.006178,0.003543,0.002292,0.00164,-51.83,-10.73,4.85,11.1,14.86,18.9,,-0.82,8.68,12.06,15.95,265.71,268.6,261.03,199.3,130.95,103.57,49.05,20.49,11.74,4.17,2.34,1.4,24.84,-2.36,302.69,0.013653
Liuzhou,110.0,25.0,2023,4,2023-04,1.3643,6.4512,10.5399,13.0586,15.9008,0.002601,0.007651,0.005972,0.004917,0.003639,-51.36,-6.59,8.72,14.94,18.12,22.19,-21.61,2.25,12.16,16.72,21.04,263.76,269.05,257.68,199.83,147.3,125.78,34.04,18.7,11.63,5.56,3.69,2.24,27.22,-7.27,347.96,0.02478
Liuzhou,110.0,25.0,2023,5,2023-05,2.633,8.1174,12.5273,15.484,18.8955,0.003746,0.007453,0.008164,0.006209,0.004511,-49.23,-4.06,10.73,17.9,21.43,25.27,-13.84,5.48,14.76,19.36,23.8,277.85,262.67,246.44,196.11,158.0,136.4,19.84,13.95,9.0,6.39,3.93,2.34,31.46,-12.56,392.07,0.030083
Liuzhou,110.0,25.0,2023,6,2023-06,4.418,9.0618,13.3657,17.0624,21.1759,0.00285,0.004931,0.006164,0.005687,0.004202,-48.68,-2.59,11.56,19.45,23.47,27.3,-7.35,7.05,15.75,20.89,25.65,290.41,250.39,227.39,190.79,157.63,121.55,5.61,6.33,5.34,4.52,3.27,1.95,33.28,-14.74,462.43,0.023833
Liuzhou,110.0,25.0,2023,7,2023-07,3.7712,9.153,13.6677,17.8233,21.9671,0.000937,0.004043,0.007907,0.007697,0.005546,-47.44,-1.91,12.83,20.71,24.68,28.26,-9.38,7.19,16.09,21.58,26.25,75.76,188.34,215.87,202.62,181.24,162.21,9.58,2.44,4.33,5.67,4.23,2.48,33.07,-16.1,577.96,0.02613
Liuzhou,110.0,25.0,2023,8,2023-08,4.1113,9.7758,14.1985,17.1502,21.9068,0.000163,0.001193,0.002182,0.001909,0.002382,-47.87,-1.83,12.01,19.94,23.87,27.65,-8.28,8.15,16.67,20.97,26.2,33.77,169.7,118.84,136.84,151.92,103.11,8.56,0.39,1.2,1.51,1.09,1.07,34.59,-16.59,408.81,0.007828
Liuzhou,110.0,25.0,2023,9,2023-09,3.0298,8.7975,13.5603,16.2475,20.364,0.000532,0.00242,0.00526,0.005252,0.003811,-49.32,-2.77,11.21,18.78,22.57,26.4,-12.12,6.63,15.97,20.12,25.01,341.09,125.77,117.27,109.15,79.73,47.98,0.41,1.72,2.7,3.8,3.17,1.84,32.93,-14.73,351.14,0.017274
Liuzhou,110.0,25.0,2023,10,2023-10,2.2195,7.0055,9.884,12.2539,14.7125,0.002039,0.002201,0.003434,0.005618,0.003333,-50.58,-4.45,8.95,14.74,18.04,21.78,-15.91,3.4,11.2,15.74,19.82,258.33,267.3,248.12,99.7,68.88,41.79,18.77,9.01,3.08,3.41,4.5,2.22,24.84,-3.33,442.57,0.016625
Liuzhou,110.0,25.0,2023,11,2023-11,1.4656,4.4985,7.842,9.4581,11.1427,0.002843,0.003236,0.0019,0.002311,0.000914,-51.95,-6.98,6.64,12.22,15.04,18.27,-20.79,-2.67,7.8,11.82,15.5,263.44,265.91,258.23,177.11,108.24,84.35,39.19,19.02,7.06,2.38,2.4,0.8,17.69,1.48,552.44,0.011205
Liuzhou,110.0,25.0,2023,12,2023-12,1.3734,4.8826,7.5777,8.0307,9.1828,0.003224,0.005574,0.00226,0.002107,0.001295,-52.08,-8.19,4.2,8.02,9.37,12.45,-21.53,-1.57,7.31,9.37,12.45,262.48,262.13,256.06,202.71,100.37,67.83,47.93,23.02,11.19,2.92,2.57,1.38,17.75,4.88,88.06,0.014459
Liuzhou,110.0,25.0,2024,1,2024-01,0.8725,4.6847,6.8945,7.242,8.2965,0.002361,0.005878,0.003218,0.002477,0.001618,-50.5,-12.14,1.13,6.77,8.24,11.41,-26.6,-2.12,5.95,7.89,11.05,253.65,262.67,258.56,193.36,116.4,77.61,60.66,26.53,12.31,4.58,3.35,1.91,21.6,3.71,101.6,0.015552
Liuzhou,110.0,25.0,2024,2,2024-02,0.7046,4.6175,7.3491,7.536,8.8373,0.002186,0.008406,0.005463,0.002479,0.0018,-51.23,-9.0,4.08,9.1,9.29,12.44,-28.91,-2.32,6.87,8.47,11.99,257.69,257.92,252.23,207.28,129.09,85.74,56.14,30.43,17.85,7.29,3.23,2.0,18.57,3.59,278.81,0.020335
Liuzhou,110.0,25.0,2024,3,2024-03,0.8694,5.2823,8.5103,10.2763,12.5486,0.002151,0.007896,0.005303,0.004007,0.002903,-51.2,-7.4,6.43,12.0,14.43,18.45,-26.64,-0.5,9.0,13.07,17.33,258.38,264.45,258.1,205.01,146.14,121.76,45.77,24.26,14.66,6.11,3.82,2.27,21.46,-0.33,375.37,0.022261
Liuzhou,110.0,25.0,2024,4,2024-04,1.8683,7.4457,12.5479,15.0108,18.2582,0.003843,0.011155,0.009472,0.006304,0.004697,-50.99,-6.78,9.78,17.28,20.35,24.2,-17.96,4.25,14.78,18.88,23.25,261.47,261.87,254.25,210.44,162.88,124.46,38.14,20.17,14.69,7.4,4.12,2.52,33.32,-14.71,312.29,0.035471
Liuzhou,110.0,25.0,2024,5,2024-05,3.3963,8.4293,11.9465,14.6815,18.2126,0.003962,0.005086,0.004418,0.004751,0.003426,-49.7,-5.01,9.46,16.56,20.3,24.28,-10.69,6.01,14.04,18.53,23.21,271.54,266.47,256.7,180.37,130.62,107.56,28.45,11.44,5.92,3.63,3.17,1.84,32.17,-10.74,315.43,0.021643
Liuzhou,110.0,25.0,2024,6,2024-06,4.7298,9.904,14.3245,17.7811,21.3098,0.002827,0.005873,0.009527,0.008639,0.006245,-47.53,-2.0,11.99,19.11,22.99,26.82,-6.47,8.34,16.81,21.55,25.75,314.15,248.21,233.76,198.98,164.07,131.5,6.8,5.86,5.81,6.52,4.76,2.87,34.27,-16.22,287.94,0.033111
Liuzhou,110.0,25.0,2024,7,2024-07,3.3059,8.1985,13.1273,17.9359,21.7236,0.000914,0.00526,0.012063,0.01053,0.007147,-46.77,-1.8,13.09,20.31,24.18,27.84,-11.03,5.62,15.47,21.68,26.06,58.55,162.92,197.51,196.15,178.68,169.82,12.58,2.71,6.29,9.01,5.76,3.23,30.11,-14.22,604.9,0.035914
Liuzhou,110.0,25.0,2024,8,2024-08,2.9989,8.0152,12.9734,16.9316,21.932,0.000607,0.002585,0.005323,0.0049,0.002974,-48.02,-2.2,12.27,20.59,24.07,27.53,-12.24,5.29,15.29,20.77,26.22,82.35,201.36,210.75,211.61,198.66,168.21,4.14,1.99,3.16,4.02,2.84,1.33,31.1,-14.51,662.23,0.016388
Liuzhou,110.0,25.0,2024,9,2024-09,3.2534,7.7688,12.4153,16.165,20.2534,0.001501,0.003498,0.006647,0.006975,0.004825,-48.57,-2.51,11.76,19.42,22.94,26.44,-11.23,4.85,14.62,20.04,24.92,45.46,97.86,91.06,86.92,64.68,46.24,1.99,4.52,4.42,5.25,4.23,2.34,29.65,-12.25,600.23,0.023446
Liuzhou,110.0,25.0,2024,10,2024-10,2.9277,6.3835,8.7833,10.676,12.8967,0.001938,0.000515,0.004594,0.006045,0.003825,-50.48,-4.44,9.82,14.03,16.55,19.88,-12.54,2.1,9.46,13.64,17.76,270.0,261.4,262.39,83.05,58.0,34.39,10.94,6.49,0.79,5.13,5.55,2.91,20.2,0.04,571.38,0.016916
Liuzhou,110.0,25.0,2024,11,2024-11,1.4099,5.1959,8.9261,10.188,11.8632,0.002157,0.002827,0.003041,0.004694,0.002389,-50.17,-6.91,6.01,11.5,13.63,16.95,-21.23,-0.73,9.7,12.94,16.46,260.01,260.87,250.52,106.1,72.0,44.85,31.77,15.01,5.34,3.34,4.52,1.97,21.37,-0.36,225.9,0.015109
Liuzhou,110.0,25.0,2024,12,2024-12,0.4745,3.5419,5.0144,4.8446,5.4758,0.001278,0.004406,0.000775,0.002204,0.001399,-50.31,-5.65,3.79,5.4,7.0,9.63,-33.06,-5.83,1.47,2.18,5.01,261.34,266.45,264.65,160.48,79.5,57.62,40.24,26.41,12.2,1.52,4.46,2.51,2.9,15.86,491.17,0.010061
Nanning,107.5,22.5,2005,1,2005-01,0.752,3.302,6.452,7.369,8.56,0.001979,0.004854,0.002772,0.002601,0.002648,-53.46,-7.47,6.68,8.85,11.37,14.83,-28.21,-6.75,5.01,8.15,11.51,258.63,268.25,275.45,212.6,132.54,104.31,44.27,25.81,14.42,4.21,3.46,3.03,7.9,7.47,480.57,0.014854
Nanning,107.5,22.5,2005,2,2005-02,0.752,3.561,8.548,10.29,12.002,0.001976,0.006046,0.006057,0.004656,0.004396,-52.39,-9.11,6.81,13.37,15.24,18.32,-28.21,-5.76,9.06,13.09,16.64,262.89,267.55,264.38,216.16,148.17,115.57,47.62,25.77,16.65,6.95,4.44,3.59,18.97,-3.44,538.78,0.023131
Nanning,107.5,22.5,2005,3,2005-03,1.208,4.792,8.594,10.065,11.61,0.002575,0.006332,0.003923,0.003757,0.00332,-52.17,-8.78,6.16,12.63,15.2,18.64,-22.99,-1.82,9.14,12.75,16.13,265.46,270.93,267.97,206.39,137.99,111.99,44.13,20.9,12.96,4.48,3.66,2.8,22.57,-2.51,436.38,0.019907
Nanning,107.5,22.5,2005,4,2005-04,1.401,6.111,10.229,12.563,15.117,0.002293,0.006767,0.005299,0.004378,0.003685,-52.65,-6.22,8.89,17.18,20.92,24.5,-21.3,1.49,11.71,16.12,20.24,259.3,269.25,267.52,222.93,172.77,146.78,31.28,16.05,10.86,5.08,3.42,2.39,27.71,-8.32,683.97,0.022423
Nanning,107.5,22.5,2005,5,2005-05,2.518,7.329,11.691,15.142,21.127,0.003029,0.007272,0.008354,0.006672,0.005263,-50.74,-4.48,10.71,21.19,25.31,28.44,-14.39,4.03,13.71,19.01,25.61,265.77,252.84,251.36,225.64,197.09,170.58,15.04,11.8,9.73,7.01,4.32,2.44,32.7,-14.16,935.1,0.03059
Nanning,107.5,22.5,2005,6,2005-06,4.302,9.221,13.79,17.137,23.541,0.001358,0.005332,0.007596,0.006067,0.003769,-48.84,-2.73,11.62,20.7,25.07,28.74,-7.69,7.3,16.22,20.96,27.38,38.71,255.78,252.24,232.75,209.89,181.09,3.81,3.09,5.67,5.4,3.47,1.57,35.34,-17.22,559.46,0.024122
Nanning,107.5,22.5,2005,7,2005-07,2.829,7.463,12.447,15.64,22.349,0.001101,0.002812,0.005505,0.005424,0.004346,-49.12,-3.27,11.31,20.41,24.54,28.28,-12.96,4.28,14.66,19.52,26.53,79.36,143.52,190.76,183.3,168.29,155.85,9.53,3.82,3.7,4.34,3.4,1.91,31.31,-14.08,718.83,0.019188
Nanning,107.5,22.5,2005,8,2005-08,3.234,8.36,13.431,16.215,22.132,0.000991,0.001103,0.00238,0.002311,0.001663,-49.31,-3.02,11.28,20.04,24.14,27.89,-11.31,5.9,15.82,20.09,26.37,57.9,102.88,135.94,139.43,123.92,97.8,11.59,3.01,1.29,1.74,1.4,0.74,33.5,-15.93,527.44,0.008448
Nanning,107.5,22.5,2005,9,2005-09,2.679,7.179,11.663,14.516,19.935,0.000854,0.002755,0.005447,0.005324,0.003806,-50.01,-3.7,9.94,18.72,22.96,26.61,-13.63,3.74,13.68,18.35,24.67,79.54,102.75,100.56,89.25,68.64,34.11,4.35,3.13,3.76,4.58,3.6,1.87,29.89,-10.86,630.6,0.018187
Nanning,107.5,22.5,2005,10,2005-10,2.093,6.125,9.892,12.167,15.956,0.000697,0.000507,0.003377,0.004481,0.003371,-51.69,-4.93,8.97,15.59,19.83,23.78,-16.61,1.53,11.21,15.63,21.1,261.87,243.83,183.53,98.59,75.08,55.62,6.36,3.26,0.81,3.35,3.61,2.07,24.29,-4.66,547.36,0.012433
Nanning,107.5,22.5,2005,11,2005-11,1.537,5.407,9.034,10.748,13.526,0.002202,0.004087,0.002072,0.003262,0.002855,-52.56,-5.13,7.7,13.31,16.92,20.75,-20.24,-0.19,9.87,13.74,18.5,259.55,259.17,254.43,162.93,107.4,84.45,21.67,14.05,7.41,2.25,2.98,2.07,20.43,-0.57,429.82,0.014477
Nanning,107.5,22.5,2005,12,2005-12,1.726,4.8,5.97,5.996,7.058,0.003137,0.004485,0.00174,0.002855,0.002595,-52.81,-6.27,6.72,8.1,10.28,14.03,-18.89,-1.8,3.91,5.18,8.66,250.3,268.52,259.88,122.13,80.13,58.38,28.63,17.83,9.16,2.86,4.67,3.61,9.76,10.51,524.16,0.014811
Nanning,107.5,22.5,2006,1,2006-01,0.601,2.281,7.015,7.717,8.781,0.001183,0.003142,0.002747,0.002821,0.002667,-51.75,-5.84,8.43,10.37,12.52,15.89,-30.6,-11.45,6.2,8.82,11.89,252.18,273.74,272.16,216.42,131.61,108.19,33.47,19.31,13.51,3.84,3.58,2.98,2.53,6.35,521.41,0.012561
Nanning,107.5,22.5,2006,2,2006-02,0.87,4.656,8.862,9.672,10.822,0.001618,0.005318,0.005244,0.004739,0.003631,-51.8,-8.66,4.87,11.34,13.77,17.38,-26.63,-2.21,9.59,12.16,15.05,262.05,267.42,261.22,185.14,127.73,105.51,42.23,18.24,11.2,5.8,4.8,3.29,22.51,-1.8,218.7,0.02055
Nanning,107.5,22.5,2006,3,2006-03,1.055,5.161,10.036,11.772,12.886,0.00233,0.007124,0.005443,0.00472,0.003872,-52.08,-7.41,7.74,14.61,17.1,20.62,-24.51,-0.82,11.43,15.13,17.74,257.82,271.69,268.18,210.76,143.48,119.7,35.87,21.66,13.54,5.32,3.93,2.95,24.89,-6.54,397.9,0.023489
Nanning,107.5,22.5,2006,4,2006-04,1.917,6.327,10.859,13.067,15.68,0.003067,0.007099,0.007256,0.00546,0.004101,-52.04,-5.69,9.69,18.43,21.94,25.42,-17.66,1.98,12.6,16.72,20.82,255.52,255.95,256.06,222.77,183.5,157.53,28.8,15.69,11.0,6.55,4.1,2.56,29.01,-10.57,728.67,0.026983
Nanning,107.5,22.5,2006,5,2006-05,3.136,6.611,11.046,13.957,18.773,0.002519,0.004177,0.003575,0.003137,0.002752,-50.99,-4.67,9.71,18.55,22.61,26.01,-11.69,2.59,12.86,17.74,23.7,273.94,258.95,257.13,212.39,162.3,131.9,12.67,7.88,6.2,3.17,2.2,1.44,28.95,-10.13,711.65,0.016159
Nanning,107.5,22.5,2006,6,2006-06,3.89,8.775,13.273,16.314,23.621,0.001735,0.006078,0.008153,0.006828,0.005683,-49.51,-3.14,11.31,20.75,24.99,28.61,-8.98,6.59,15.64,20.18,27.44,39.04,252.85,248.5,222.38,192.95,168.26,5.72,4.37,6.79,6.02,4.1,2.36,34.81,-16.37,638.91,0.028477
Nanning,107.5,22.5,2006,7,2006-07,3.929,8.83,13.736,17.035,23.403,0.000851,0.00212,0.004624,0.004848,0.00398,-48.06,-2.46,11.7,20.76,24.82,28.66,-8.85,6.68,16.16,20.87,27.28,75.15,132.33,213.22,212.63,205.46,196.37,12.53,2.12,2.35,3.3,2.79,1.67,34.36,-16.87,574.5,0.016423
Nanning,107.5,22.5,2006,8,2006-08,3.596,8.286,12.875,15.522,21.663,0.001405,0.002877,0.003282,0.002121,0.001305,-49.55,-3.46,11.15,19.71,23.83,27.58,-9.98,5.77,15.17,19.4,26.02,73.94,95.99,103.59,111.84,91.28,28.3,6.72,3.83,3.41,2.5,1.34,0.59,32.96,-14.64,566.91,0.01099
Nanning,107.5,22.5,2006,9,2006-09,3.037,6.932,10.682,13.268,18.636,0.000673,0.001387,0.003459,0.003597,0.003003,-50.69,-3.76,10.36,17.6,21.67,25.59,-12.09,3.25,12.36,16.96,23.58,45.0,40.14,41.9,63.03,45.61,6.54,3.72,2.17,1.96,3.18,2.66,1.58,26.6,-7.39,655.61,0.012118
Nanning,107.5,22.5,2006,10,2006-10,2.319,6.841,10.662,13.151,18.181,0.000942,0.000521,0.002931,0.003005,0.002065,-52.21,-4.78,8.58,16.91,21.21,24.99,-15.38,3.06,12.33,16.82,23.18,278.04,247.1,207.94,126.4,104.47,85.36,8.22,3.98,0.75,2.7,2.24,1.11,28.5,-7.68,572.79,0.009464
Nanning,107.5,22.5,2006,11,2006-11,1.272,4.113,8.26,10.599,13.811,0.002256,0.003369,0.002004,0.002959,0.002467,-53.27,-6.58,6.9,14.66,18.16,21.65,-22.4,-3.87,8.56,13.53,18.82,269.25,267.3,262.27,187.24,115.07,79.14,26.82,17.39,8.03,2.38,2.74,1.75,19.03,-1.44,762.75,0.013054
Nanning,107.5,22.5,2006,12,2006-12,0.38,2.911,5.903,6.341,8.0,0.000752,0.002133,0.00128,0.002638,0.002578,-51.86,-6.83,4.13,9.59,12.44,15.73,-35.32,-8.37,3.75,5.97,10.51,264.76,274.17,264.17,128.7,77.97,52.59,35.18,19.41,7.19,2.13,4.08,3.16,7.67,8.73,730.44,0.009382
Nanning,107.5,22.5,2007,1,2007-01,0.412,2.63,5.889,6.161,6.925,0.000949,0.002824,0.001298,0.002541,0.002441,-52.83,-6.78,3.73,8.15,10.41,13.76,-34.5,-9.66,3.71,5.56,8.39,260.32,270.96,261.32,159.97,82.47,60.54,42.06,22.59,10.53,2.16,4.04,3.46,5.25,10.14,554.48,0.010053
Nanning,107.5,22.5,2007,2,2007-02,0.819,4.238,8.218,10.054,11.92,0.002014,0.005494,0.004896,0.005061,0.004123,-51.71,-9.91,4.13,13.89,17.15,20.36,-27.29,-3.47,8.48,12.74,16.53,257.56,263.62,260.54,212.63,162.19,143.87,46.56,24.12,12.71,5.84,4.94,3.39,24.69,-3.93,675.71,0.021588
Nanning,107.5,22.5,2007,3,2007-03,0.571,4.272,9.775,12.172,14.005,0.00116,0.006044,0.006867,0.006188,0.004819,-52.16,-6.23,7.5,15.64,18.45,22.09,-31.13,-3.36,11.03,15.64,19.04,250.07,266.03,260.88,208.05,155.59,133.2,33.5,19.93,13.88,6.89,4.99,3.37,22.04,-5.72,575.7,0.025079
Nanning,107.5,22.5,2007,4,2007-04,1.613,5.414,9.096,11.176,13.068,0.002679,0.005849,0.00325,0.002906,0.00291,-52.05,-7.89,8.31,15.3,18.52,22.45,-19.68,-0.17,9.97,14.33,17.96,264.36,264.04,266.97,217.23,131.82,105.95,35.29,16.29,10.59,3.5,2.55,2.18,24.68,-5.39,666.19,0.017594
Nanning,107.5,22.5,2007,5,2007-05,2.836,6.102,10.992,13.661,17.707,0.001969,0.003343,0.0046,0.003817,0.00267,-50.58,-4.25,10.38,18.35,22.57,26.32,-12.93,1.47,12.78,17.41,22.76,282.67,250.79,241.91,217.18,186.92,168.69,12.35,6.81,5.37,4.1,2.74,1.48,26.48,-9.38,695.83,0.016399
Nanning,107.5,22.5,2007,6,2007-06,3.127,7.479,12.444,16.437,23.181,0.001667,0.005373,0.007829,0.007194,0.006118,-49.5,-2.98,11.65,20.67,24.8,28.42,-11.73,4.31,14.66,20.3,27.13,0.78,250.91,249.3,221.65,192.51,165.0,0.73,5.23,7.04,6.17,4.29,2.59,30.97,-14.04,751.82,0.02818
Nanning,107.5,22.5,2007,7,2007-07,2.413,7.988,12.729,16.446,22.831,0.001217,0.005939,0.009526,0.009615,0.008307,-49.02,-2.8,11.54,20.48,24.6,28.34,-14.9,5.25,15.0,20.31,26.88,70.18,195.83,222.33,206.46,186.21,171.62,12.45,4.95,7.29,7.34,5.73,3.57,31.99,-14.39,684.98,0.034604
Nanning,107.5,22.5,2007,8,2007-08,2.798,7.006,11.73,15.236,22.008,0.000688,0.000611,0.000525,0.001057,0.001771,-49.12,-3.16,11.14,20.41,24.43,28.09,-13.1,3.4,13.76,19.11,26.28,65.12,60.99,46.42,204.23,233.97,247.66,8.34,2.41,0.86,0.44,0.68,0.79,29.59,-12.16,831.22,0.004652
Nanning,107.5,22.5,2007,9,2007-09,2.924,7.01,11.148,13.931,19.016,0.000264,0.000864,0.003433,0.004527,0.004329,-50.33,-3.1,10.41,17.82,21.87,25.72,-12.56,3.4,13.0,17.71,23.9,61.59,6.48,51.04,58.68,40.04,9.8,4.04,0.89,1.21,3.02,3.19,2.23,26.91,-8.09,603.06,0.013418
Nanning,107.5,22.5,2007,10,2007-10,1.616,5.105,9.118,11.3,14.811,0.000292,0.00099,0.0052,0.005736,0.004204,-51.4,-4.25,8.86,15.38,19.71,23.48,-19.66,-0.97,10.01,14.5,19.92,262.43,262.55,115.22,91.74,70.76,48.35,4.48,1.77,1.9,5.59,4.98,2.78,19.81,-1.88,671.75,0.016422
Nanning,107.5,22.5,2007,11,2007-11,1.403,3.404,4.576,5.738,8.221,0.001405,0.000601,0.002055,0.002505,0.00232,-51.61,-7.1,6.32,11.73,14.76,18.33,-21.29,-6.35,0.21,4.55,10.91,248.12,262.33,279.3,67.57,53.93,29.44,22.51,9.82,1.73,4.4,4.28,2.77,6.36,9.67,1440.49,0.008885
Nanning,107.5,22.5,2007,12,2007-12,0.641,3.148,7.759,8.424,9.794,0.001254,0.003614,0.002547,0.003273,0.002873,-52.81,-5.65,5.97,10.95,13.9,17.45,-29.92,-7.36,7.65,10.1,13.54,268.47,268.48,263.73,198.66,125.82,101.43,29.6,19.19,11.26,3.22,3.81,2.88,10.92,4.22,412.33,0.013562
Nanning,107.5,22.5,2008,1,2008-01,0.899,3.202,6.389,6.593,7.368,0.001874,0.004484,0.003283,0.002357,0.001909,-52.77,-7.42,8.31,9.3,10.3,13.25,-26.27,-7.15,4.87,6.54,9.3,245.89,254.51,255.24,201.78,124.19,90.68,37.18,20.44,13.73,5.04,3.51,2.54,6.13,7.25,554.29,0.013907
Nanning,107.5,22.5,2008,2,2008-02,0.633,4.194,5.408,5.024,5.541,0.001763,0.006105,0.001024,0.002104,0.001905,-51.29,-5.91,3.12,5.13,6.67,10.38,-30.05,-3.6,2.52,2.68,5.17,249.63,266.43,265.98,163.42,75.19,54.66,30.85,27.31,14.28,1.86,4.11,3.37,6.84,14.93,326.01,0.012901
Nanning,107.5,22.5,2008,3,2008-03,1.31,5.001,8.318,9.641,10.519,0.002702,0.005212,0.003561,0.003813,0.002936,-52.83,-8.75,5.85,13.41,16.79,20.37,-22.07,-1.25,8.66,12.11,14.62,267.07,271.22,270.11,201.37,150.33,136.63,36.21,20.22,10.22,4.2,3.88,2.74,23.73,-2.56,593.61,0.018224
Nanning,107.5,22.5,2008,4,2008-04,1.443,5.991,10.784,13.075,14.844,0.001899,0.005576,0.005898,0.005161,0.003988,-52.32,-5.5,9.49,17.06,20.76,24.77,-20.97,1.22,12.5,16.73,19.95,265.96,264.8,257.47,209.24,166.25,145.83,23.14,12.9,9.13,5.36,3.87,2.63,26.79,-8.85,570.26,0.022522
Nanning,107.5,22.5,2008,5,2008-05,3.368,7.057,11.705,13.994,17.556,0.002568,0.003463,0.003817,0.003559,0.002737,-50.69,-4.16,9.86,17.77,22.27,26.23,-10.8,3.5,13.73,17.78,22.62,290.15,254.96,245.83,196.91,159.09,141.11,8.97,7.48,4.81,3.2,2.49,1.53,29.3,-10.49,504.95,0.016144
Nanning,107.5,22.5,2008,6,2008-06,3.533,8.197,12.849,16.162,22.25,0.001674,0.004757,0.00621,0.005359,0.003716,-49.95,-3.33,10.54,19.37,23.75,27.63,-10.2,5.62,15.14,20.04,26.46,339.61,260.96,249.21,231.51,207.67,174.39,2.87,4.65,5.69,4.74,3.25,1.64,32.92,-14.1,528.23,0.021717
Nanning,107.5,22.5,2008,7,2008-07,3.095,7.703,12.332,16.178,22.175,0.001268,0.004254,0.007157,0.007205,0.005517,-49.17,-3.49,10.93,19.98,24.09,27.94,-11.85,4.73,14.52,20.05,26.4,61.52,219.95,220.96,213.61,197.73,180.0,7.63,4.02,5.42,5.69,4.37,2.44,31.79,-13.58,682.66,0.025401
Nanning,107.5,22.5,2008,8,2008-08,2.792,7.334,12.523,15.754,22.048,0.00065,0.001952,0.003853,0.003812,0.002789,-49.61,-3.35,11.26,19.93,23.99,27.75,-13.13,4.04,14.75,19.63,26.31,60.57,143.73,194.2,193.02,177.1,163.61,13.17,2.28,2.61,3.02,2.37,1.24,30.81,-13.87,647.21,0.013056
Nanning,107.5,22.5,2008,9,2008-09,2.547,6.307,11.078,14.263,20.377,0.000893,0.001641,0.003297,0.003129,0.001925,-50.26,-3.59,10.34,19.08,23.13,26.98,-14.25,1.93,12.9,18.08,25.02,66.61,103.79,119.08,105.7,81.98,43.69,2.82,3.44,2.55,2.92,2.15,0.93,27.16,-9.65,772.53,0.010885
Nanning,107.5,22.5,2008,10,2008-10,2.546,6.139,10.125,13.208,16.946,0.000811,0.001195,0.004422,0.005614,0.004086,-51.56,-4.77,9.6,16.43,20.64,24.61,-14.25,1.56,11.56,16.89,22.06,254.04,203.2,164.51,104.33,79.63,54.29,7.38,3.12,1.91,4.28,4.17,2.36,24.71,-5.88,609.17,0.016128
Nanning,107.5,22.5,2008,11,2008-11,1.244,3.54,6.202,7.744,10.178,0.001528,0.001776,0.002074,0.003484,0.003332,-51.83,-6.48,6.67,11.74,14.92,18.64,-22.66,-5.84,4.44,8.87,14.12,261.62,268.24,252.85,103.4,70.95,48.91,25.88,12.05,4.92,3.28,4.41,3.21,10.15,6.37,912.18,0.012193
Nanning,107.5,22.5,2008,12,2008-12,0.583,2.344,5.756,5.77,6.865,0.001066,0.001562,0.001486,0.00219,0.002043,-52.36,-7.03,5.37,8.88,11.94,15.49,-30.92,-11.11,3.39,4.63,8.26,261.9,273.81,257.18,134.68,85.22,61.33,32.14,17.93,6.53,2.53,3.72,2.92,2.82,9.53,685.96,0.008346
Nanning,107.5,22.5,2009,1,2009-01,0.307,2.644,5.111,5.248,5.982,0.000691,0.002179,0.001049,0.00196,0.001864,-52.81,-7.17,3.76,7.39,9.59,13.04,-37.44,-9.59,1.73,3.29,6.27,258.39,276.95,273.26,159.04,91.88,66.88,38.3,22.07,8.08,2.01,3.66,3.06,2.94,12.29,706.96,0.007743
Nanning,107.5,22.5,2009,2,2009-02,0.513,3.082,9.075,11.352,12.721,0.000932,0.003442,0.007071,0.007892,0.006263,-52.45,-4.72,7.49,15.59,19.11,22.62,-32.25,-7.64,9.94,14.57,17.54,242.22,256.14,254.81,201.5,170.8,158.11,26.9,17.82,10.95,7.64,6.82,4.83,15.12,-2.45,706.73,0.025601
Nanning,107.5,22.5,2009,3,2009-03,1.103,4.499,9.105,11.198,13.022,0.00208,0.00577,0.005248,0.004753,0.003982,-53.05,-7.31,8.49,15.17,17.19,20.97,-24.01,-2.67,9.99,14.36,17.9,249.86,258.78,259.09,208.65,144.29,118.7,34.01,18.49,12.58,5.65,4.16,3.0,21.3,-4.71,648.11,0.021833
Nanning,107.5,22.5,2009,4,2009-04,1.457,6.49,10.723,12.705,15.392,0.001965,0.00586,0.005564,0.005538,0.00435,-50.91,-6.3,8.5,15.74,19.36,23.4,-20.85,2.33,12.41,16.29,20.53,273.5,271.65,262.08,188.7,141.17,125.01,28.18,13.23,8.85,5.09,4.27,2.77,28.28,-8.2,415.73,0.023277
Nanning,107.5,22.5,2009,5,2009-05,2.608,7.812,12.299,14.736,18.464,0.00122,0.003434,0.005624,0.006329,0.004927,-50.61,-4.23,9.74,17.14,21.43,25.48,-13.96,4.93,14.48,18.59,23.43,292.31,267.0,241.0,173.98,144.76,134.07,7.53,4.59,4.31,4.48,4.21,2.62,31.04,-11.4,332.42,0.021533
Nanning,107.5,22.5,2009,6,2009-06,3.142,7.903,12.971,16.368,23.011,0.001258,0.00452,0.0073,0.00705,0.005622,-49.4,-2.83,11.54,20.47,24.6,28.4,-11.67,5.1,15.29,20.23,27.01,48.87,248.33,242.38,222.94,203.29,184.07,7.54,3.93,5.61,5.52,4.22,2.4,32.14,-15.02,647.83,0.025751
Nanning,107.5,22.5,2009,7,2009-07,2.956,8.343,13.632,16.939,22.903,0.000757,0.003125,0.006576,0.006465,0.00476,-48.18,-2.08,11.69,20.24,24.5,28.33,-12.42,5.87,16.05,20.78,26.93,73.5,136.45,210.96,197.98,182.14,167.53,15.71,2.51,3.67,4.73,3.74,2.04,32.54,-15.7,524.01,0.021683
Nanning,107.5,22.5,2009,8,2009-08,2.585,7.146,12.318,15.344,22.127,0.000663,0.000769,0.001713,0.001051,0.000677,-48.84,-3.16,11.47,20.51,24.7,28.22,-14.07,3.67,14.5,19.22,26.36,66.74,96.62,132.31,143.05,135.6,180.0,10.23,2.52,1.05,1.36,0.67,0.3,30.37,-13.74,751.12,0.004873
Nanning,107.5,22.5,2009,9,2009-09,2.402,6.845,12.294,14.831,20.759,0.001198,0.00269,0.00443,0.003918,0.002888,-49.33,-3.45,10.72,19.29,23.39,27.19,-14.96,3.07,14.47,18.69,25.32,116.14,107.36,99.56,87.4,67.3,27.5,3.02,4.89,3.85,3.53,2.59,1.36,29.56,-12.75,602.19,0.015124
Nanning,107.5,22.5,2009,10,2009-10,1.95,6.875,10.363,12.912,16.665,0.000871,0.000414,0.003922,0.004876,0.003236,-51.15,-3.71,9.49,16.77,20.87,24.47,-17.45,3.13,11.9,16.54,21.79,271.48,297.62,296.13,103.4,76.41,53.97,5.8,4.38,0.59,3.71,3.7,1.9,26.03,-5.74,608.41,0.013319
Nanning,107.5,22.5,2009,11,2009-11,1.018,3.981,6.968,7.908,10.238,0.001362,0.002663,0.000821,0.002135,0.002446,-52.44,-4.66,7.69,11.87,14.04,17.69,-24.9,-4.3,6.1,9.17,14.21,266.9,269.83,262.29,168.01,83.28,60.04,21.43,13.12,6.56,1.16,2.65,2.34,10.64,6.23,721.1,0.009427
Nanning,107.5,22.5,2009,12,2009-12,0.686,2.917,7.672,8.473,9.82,0.001667,0.003584,0.003525,0.003067,0.002744,-53.6,-7.57,5.49,9.98,12.63,16.27,-29.19,-8.34,7.49,10.19,13.58,268.07,272.33,267.76,210.55,135.91,103.93,43.93,23.83,12.05,4.51,3.55,2.74,11.21,3.42,311.39,0.014587
Nanning,107.5,22.5,2010,1,2010-01,0.987,3.512,8.068,9.264,10.558,0.002031,0.003873,0.004552,0.003656,0.002875,-53.15,-6.48,6.34,10.94,13.11,16.42,-25.25,-5.94,8.22,11.51,14.68,254.02,267.1,259.07,204.11,142.98,106.53,35.7,20.18,10.82,5.53,3.87,2.67,13.35,2.66,340.2,0.016987
Nanning,107.5,22.5,2010,2,2010-02,0.552,2.947,7.582,9.567,11.585,0.001455,0.00504,0.006544,0.004692,0.003469,-53.3,-8.08,7.35,14.51,16.93,19.77,-31.49,-8.21,7.31,11.99,16.1,261.57,263.89,259.11,224.76,180.12,148.37,51.36,25.86,16.77,8.46,4.81,2.94,14.34,-1.15,899.44,0.021201
Nanning,107.5,22.5,2010,3,2010-03,0.845,4.624,8.63,10.345,11.712,0.001849,0.006196,0.005656,0.004784,0.004043,-52.4,-7.04,8.5,15.29,18.12,21.79,-26.95,-2.3,9.2,13.16,16.26,260.68,264.14,259.96,219.06,171.89,148.28,42.85,21.46,13.14,6.43,4.54,3.39,20.72,-3.4,761.5,0.022529
Nanning,107.5,22.5,2010,4,2010-04,1.182,6.484,11.154,13.404,15.764,0.001996,0.008251,0.007407,0.006451,0.005152,-51.58,-5.87,9.43,17.08,19.5,23.09,-23.23,2.32,13.0,17.12,20.91,267.4,266.05,259.24,208.93,154.79,129.3,34.16,16.56,12.48,6.51,4.72,3.2,28.84,-10.15,509.46,0.029257
Nanning,107.5,22.5,2010,5,2010-05,2.752,7.662,13.141,16.716,21.675,0.0029,0.007228,0.009728,0.008662,0.007259,-49.51,-3.08,11.73,20.23,23.93,27.39,-13.3,4.66,15.49,20.57,26.03,290.76,264.11,255.09,212.68,176.16,151.64,15.46,10.33,9.25,7.26,5.08,3.28,31.72,-15.45,592.95,0.035776
Nanning,107.5,22.5,2010,6,2010-06,3.916,8.456,13.289,16.616,22.671,0.002778,0.007606,0.008302,0.006711,0.005554,-48.89,-2.97,11.68,20.35,24.59,28.02,-8.9,6.06,15.66,20.47,26.76,331.37,259.06,250.39,217.51,184.2,155.14,6.09,6.96,8.82,6.13,3.96,2.4,33.36,-15.84,586.56,0.030951
Nanning,107.5,22.5,2010,7,2010-07,3.027,8.22,13.032,16.586,22.929,0.001139,0.005072,0.009145,0.008709,0.007187,-48.65,-2.73,11.75,20.62,24.84,28.56,-12.13,5.65,15.36,20.44,26.95,72.6,178.6,211.48,195.85,172.07,155.19,13.48,3.69,6.05,6.88,5.15,3.07,32.61,-15.22,657.65,0.031252
Nanning,107.5,22.5,2010,8,2010-08,3.143,8.327,13.058,15.939,21.836,0.001399,0.002891,0.004695,0.004241,0.002717,-49.38,-3.01,11.1,19.54,23.61,27.57,-11.66,5.84,15.39,19.82,26.15,70.11,108.02,137.74,148.92,135.47,123.3,9.7,4.36,3.41,3.53,2.61,1.22,32.68,-14.48,518.72,0.015943
Nanning,107.5,22.5,2010,9,2010-09,2.681,7.757,12.351,15.076,21.264,0.000569,0.000778,0.002483,0.002492,0.001978,-50.45,-3.38,10.61,19.56,23.73,27.3,-13.62,4.83,14.54,18.94,25.72,62.36,83.66,222.12,190.23,158.66,135.44,5.97,2.08,0.98,1.97,1.62,0.91,31.7,-13.1,627.19,0.008301
Nanning,107.5,22.5,2010,10,2010-10,2.584,6.722,9.574,11.517,15.171,0.000734,0.001309,0.005676,0.0069,0.005583,-51.08,-4.36,9.37,15.01,18.45,22.45,-14.07,2.82,10.73,14.79,20.3,284.35,277.64,59.81,69.35,55.12,32.9,8.03,2.78,1.91,5.81,5.88,3.61,23.55,-2.75,535.37,0.020201
Nanning,107.5,22.5,2010,11,2010-11,0.732,4.359,6.387,8.001,10.226,0.001125,0.002123,0.001548,0.003261,0.003019,-52.48,-5.76,6.37,12.1,15.43,19.08,-28.5,-3.09,4.86,9.34,14.19,266.52,270.0,265.32,96.77,73.88,51.31,25.38,15.07,4.78,2.38,4.0,2.9,13.26,6.31,905.12,0.011076
Nanning,107.5,22.5,2010,12,2010-12,1.232,4.534,7.139,7.77,9.272,0.002692,0.005142,0.001801,0.002122,0.00208,-52.72,-5.86,6.35,11.05,13.29,16.9,-22.77,-2.57,6.45,8.92,12.71,256.8,272.11,269.18,200.34,116.37,89.22,30.58,21.42,11.12,2.47,2.68,2.2,14.44,5.39,575.04,0.013837
Nanning,107.5,22.5,2011,1,2011-01,0.688,3.253,5.827,5.244,5.647,0.001731,0.004526,0.001981,0.00236,0.002336,-52.65,-7.83,4.41,5.23,5.99,9.6,-29.16,-6.94,3.57,3.28,5.44,245.63,264.91,264.41,182.75,81.14,54.43,38.26,24.67,13.64,3.33,4.41,4.06,5.28,11.94,207.83,0.012934
Nanning,107.5,22.5,2011,2,2011-02,0.506,2.918,7.986,9.097,10.294,0.001116,0.003932,0.005001,0.004089,0.003265,-51.95,-8.08,6.36,11.57,13.4,17.02,-32.39,-8.34,8.07,11.24,14.29,258.29,271.09,266.4,212.84,150.06,126.5,34.29,21.63,13.22,6.14,4.41,3.11,13.02,0.66,437.58,0.017404
Nanning,107.5,22.5,2011,3,2011-03,1.453,4.721,7.403,8.167,9.313,0.002818,0.0049,0.002411,0.003094,0.002676,-52.35,-7.64,6.1,9.99,12.08,16.06,-20.89,-2.02,6.97,9.65,12.78,249.82,261.29,258.67,170.45,98.98,78.33,35.42,19.02,10.18,3.19,3.72,2.82,16.48,3.98,377.1,0.0159
Nanning,107.5,22.5,2011,4,2011-04,1.563,5.623,10.387,12.093,13.839,0.00205,0.004401,0.004682,0.005473,0.0046,-52.69,-5.76,8.43,15.75,19.64,23.69,-20.04,0.35,11.94,15.54,18.85,260.67,270.22,267.98,192.81,154.94,147.53,28.07,12.86,7.67,4.42,4.44,3.26,25.37,-6.85,476.49,0.021204
Nanning,107.5,22.5,2011,5,2011-05,2.695,6.34,11.084,13.507,17.601,0.002147,0.004207,0.004039,0.002557,0.001937,-50.51,-4.1,10.46,17.9,21.9,25.62,-13.56,2.0,12.91,17.24,22.66,289.57,256.98,253.21,219.44,161.47,129.74,13.44,7.81,6.51,3.57,1.86,1.08,26.45,-9.01,623.88,0.014887
Nanning,107.5,22.5,2011,6,2011-06,3.627,9.485,14.179,17.065,22.992,0.000832,0.004412,0.007742,0.007354,0.005256,-49.09,-2.55,11.59,20.46,24.84,28.58,-9.87,7.71,16.65,20.89,26.99,46.94,211.92,229.71,203.79,185.02,168.94,5.02,2.25,4.56,5.35,4.23,2.24,35.78,-17.78,475.98,0.025597
Nanning,107.5,22.5,2011,7,2011-07,2.816,7.908,12.775,16.109,22.728,0.000772,0.001925,0.004187,0.004054,0.003129,-48.76,-2.73,11.54,20.46,24.83,28.62,-13.02,5.1,15.06,19.98,26.8,77.79,130.02,203.45,196.63,188.62,180.0,10.26,2.69,2.39,3.21,2.47,1.35,31.81,-14.41,675.61,0.014068
Nanning,107.5,22.5,2011,8,2011-08,3.064,7.432,12.5,15.409,21.414,0.000631,0.001347,0.00333,0.002944,0.00203,-49.51,-3.57,10.91,19.67,23.8,27.58,-11.98,4.23,14.72,19.29,25.83,76.5,159.41,165.34,161.01,153.71,139.8,5.48,2.02,1.78,2.61,1.87,0.93,31.28,-13.77,618.17,0.010282
Nanning,107.5,22.5,2011,9,2011-09,2.85,8.108,12.379,14.596,19.625,0.001173,0.002942,0.005308,0.005107,0.003477,-49.93,-3.47,10.58,18.38,22.23,26.03,-12.87,5.46,14.58,18.44,24.41,71.14,92.98,104.82,97.38,71.3,40.57,6.84,4.04,3.56,4.2,3.43,1.74,31.31,-12.08,475.25,0.018007
Nanning,107.5,22.5,2011,10,2011-10,2.601,6.853,10.255,12.439,15.656,0.00114,0.000804,0.003961,0.005317,0.004137,-51.79,-5.43,8.74,14.82,18.5,22.38,-13.99,3.09,11.75,15.97,20.8,262.32,240.45,181.0,86.37,67.41,39.83,11.76,4.3,1.15,3.79,4.19,2.59,26.35,-5.29,383.99,0.015359
Nanning,107.5,22.5,2011,11,2011-11,0.893,4.062,8.299,10.043,12.926,0.000984,0.001416,0.002916,0.003873,0.002735,-52.03,-7.65,6.31,13.44,17.29,21.16,-26.35,-4.03,8.63,12.72,17.79,254.18,248.04,227.25,106.7,82.56,59.6,25.24,10.8,3.42,3.45,3.78,2.08,19.38,-1.44,601.54,0.011924
Nanning,107.5,22.5,2011,12,2011-12,0.747,3.767,5.485,5.181,6.33,0.001349,0.003552,0.001293,0.002588,0.00258,-51.9,-4.76,5.41,8.0,9.41,12.64,-28.28,-5.03,2.72,3.11,7.08,256.97,266.02,259.78,107.89,64.48,43.28,27.19,17.71,9.25,2.31,4.9,4.0,5.04,13.26,660.34,0.011362
Nanning,107.5,22.5,2012,1,2012-01,1.065,3.482,7.234,7.902,8.67,0.00272,0.005735,0.003857,0.002815,0.002774,-52.35,-6.47,5.56,8.88,10.01,13.4,-24.4,-6.06,6.64,9.17,11.71,249.76,260.6,259.26,210.83,118.18,82.31,34.08,25.05,16.15,5.23,3.49,3.14,10.38,6.6,279.82,0.017903
Nanning,107.5,22.5,2012,2,2012-02,0.469,3.097,7.668,8.982,10.153,0.001142,0.005066,0.005772,0.004023,0.003251,-52.74,-6.79,7.19,11.66,12.75,16.18,-33.18,-7.58,7.48,11.06,14.08,250.65,265.94,260.67,208.13,143.7,112.07,32.9,23.87,16.04,7.38,4.39,3.14,11.16,2.62,522.5,0.019254
Nanning,107.5,22.5,2012,3,2012-03,0.726,5.012,8.962,11.153,12.784,0.001453,0.006756,0.005806,0.005627,0.004306,-52.22,-6.78,7.66,14.75,17.0,20.54,-28.59,-1.22,9.75,14.3,17.62,249.36,261.56,253.75,201.03,150.59,129.47,30.44,19.63,13.22,6.35,4.95,3.3,22.41,-3.43,624.69,0.023949
Nanning,107.5,22.5,2012,4,2012-04,1.202,5.837,10.868,14.107,17.105,0.002059,0.006935,0.007494,0.005746,0.004094,-52.91,-6.23,9.53,18.85,22.35,25.67,-23.04,0.86,12.61,17.91,22.2,259.79,261.82,259.62,223.56,184.88,158.24,31.99,16.8,11.65,6.76,3.99,2.35,29.02,-11.54,779.66,0.026328
Nanning,107.5,22.5,2012,5,2012-05,3.133,8.508,13.025,16.176,21.369,0.001647,0.004728,0.00644,0.005398,0.003929,-50.08,-3.61,11.01,19.8,23.94,27.56,-11.7,6.15,15.35,20.05,25.8,289.89,236.71,230.58,190.34,157.35,135.22,3.12,5.16,5.45,4.85,3.27,1.8,33.9,-15.26,556.08,0.022142
Nanning,107.5,22.5,2012,6,2012-06,4.504,9.818,14.331,17.108,23.27,0.001447,0.004248,0.004274,0.003523,0.002539,-48.77,-2.51,11.78,20.37,24.51,28.55,-7.1,8.21,16.82,20.93,27.19,31.86,283.77,267.84,237.99,218.97,217.41,6.93,3.15,4.24,2.92,2.02,1.07,36.13,-18.03,444.19,0.016031
Nanning,107.5,22.5,2012,7,2012-07,3.277,8.623,13.495,16.784,22.607,0.000827,0.003866,0.007279,0.007018,0.005532,-48.82,-2.9,11.6,20.09,24.32,28.21,-11.14,6.34,15.89,20.63,26.72,65.01,164.05,202.89,191.12,178.88,164.28,13.16,2.48,4.4,5.29,4.1,2.4,33.62,-16.02,524.6,0.024522
Nanning,107.5,22.5,2012,8,2012-08,2.978,7.895,12.858,15.745,22.123,0.000916,0.001771,0.002093,0.000463,0.000976,-48.86,-2.96,11.25,20.37,24.4,28.08,-12.33,5.08,15.15,19.62,26.36,73.15,76.98,62.97,79.53,33.69,310.31,9.49,3.02,2.2,1.6,0.29,0.43,32.31,-14.76,652.01,0.006221
Nanning,107.5,22.5,2012,9,2012-09,3.028,7.761,11.363,13.745,18.939,0.000153,0.000443,0.002566,0.00375,0.003101,-50.86,-3.72,10.14,17.64,21.53,25.33,-12.12,4.84,13.28,17.51,23.84,40.01,248.63,208.86,101.46,76.38,46.26,8.04,0.49,0.56,2.21,2.68,1.61,29.34,-9.07,544.6,0.010011
Nanning,107.5,22.5,2012,10,2012-10,1.699,6.531,10.467,13.392,17.062,0.000722,0.00122,0.003329,0.00424,0.003072,-51.41,-4.38,9.14,16.09,20.21,24.36,-19.07,2.42,12.05,17.1,22.16,260.35,259.07,249.88,133.83,111.94,99.78,6.15,4.17,1.83,3.12,3.1,1.77,25.8,-6.0,504.7,0.012583
Nanning,107.5,22.5,2012,11,2012-11,1.631,5.913,10.131,12.026,14.662,0.00283,0.006782,0.00543,0.004137,0.003226,-52.65,-6.37,8.2,14.68,17.29,20.95,-19.55,1.04,11.57,15.45,19.76,267.74,264.6,261.0,214.14,147.35,112.05,31.39,17.02,11.25,5.26,3.37,2.16,25.46,-5.79,389.13,0.022405
Nanning,107.5,22.5,2012,12,2012-12,0.753,3.689,7.913,9.015,10.761,0.001782,0.005193,0.003445,0.002792,0.002787,-52.92,-6.22,6.05,10.64,12.62,16.29,-28.2,-5.3,7.94,11.11,14.97,263.93,269.63,263.26,212.28,120.03,82.76,37.36,23.21,13.81,4.27,3.04,2.54,13.45,3.57,337.91,0.016001
Nanning,107.5,22.5,2013,1,2013-01,0.532,3.051,7.1,7.632,8.647,0.001384,0.004116,0.003315,0.002413,0.002231,-52.64,-6.25,5.3,8.56,10.32,14.0,-31.87,-7.77,6.37,8.66,11.67,253.75,265.28,265.53,209.87,125.95,89.55,38.41,25.52,13.23,4.58,3.1,2.53,8.12,7.43,273.38,0.013459
Nanning,107.5,22.5,2013,2,2013-02,1.118,3.564,9.088,10.827,12.102,0.001993,0.004669,0.006876,0.006058,0.004677,-52.5,-6.27,8.91,13.64,15.81,19.45,-23.86,-5.75,9.96,13.85,16.77,246.6,257.51,257.87,212.9,165.0,144.88,28.85,17.48,12.85,7.42,5.49,3.79,15.2,-2.16,460.14,0.024273
Nanning,107.5,22.5,2013,3,2013-03,0.662,4.689,9.795,11.685,13.806,0.001259,0.005702,0.005536,0.004838,0.004052,-51.15,-8.28,7.17,15.96,18.79,22.19,-29.57,-2.12,11.06,15.01,18.82,259.64,265.23,261.71,212.77,156.02,134.3,42.49,18.65,11.92,5.54,4.06,2.88,26.02,-8.13,611.94,0.021387
Nanning,107.5,22.5,2013,4,2013-04,1.258,6.287,10.645,12.813,15.599,0.002147,0.007379,0.006166,0.004969,0.004151,-51.51,-6.25,9.5,16.64,19.43,23.16,-22.53,1.89,12.3,16.42,20.74,259.01,265.82,263.67,213.8,158.56,130.65,33.77,16.73,11.51,5.68,3.8,2.61,27.58,-8.84,541.99,0.024812
Nanning,107.5,22.5,2013,5,2013-05,2.983,7.45,12.087,15.308,21.118,0.002961,0.006598,0.007666,0.006521,0.005144,-49.79,-4.37,10.59,19.36,23.23,26.74,-12.31,4.26,14.21,19.18,25.6,274.09,255.66,254.51,222.85,187.7,159.67,10.81,9.73,8.69,6.22,4.18,2.39,31.62,-13.23,643.14,0.028891
Nanning,107.5,22.5,2013,6,2013-06,3.499,8.127,12.958,16.309,22.129,0.000549,0.002367,0.004851,0.005057,0.004027,-48.88,-2.94,11.73,19.8,24.16,27.92,-10.32,5.49,15.27,20.18,26.37,64.93,188.6,225.28,203.77,181.51,163.39,5.99,1.54,2.86,3.67,3.04,1.78,31.77,-14.42,565.92,0.016851
Nanning,107.5,22.5,2013,7,2013-07,3.507,8.341,13.082,16.501,22.324,0.001304,0.00452,0.008521,0.00827,0.00653,-48.97,-3.19,11.11,19.56,23.86,27.85,-10.29,5.86,15.42,20.36,26.51,72.39,152.38,195.95,185.3,169.33,155.49,13.16,3.65,5.31,6.39,4.91,2.87,32.92,-14.74,517.72,0.029144
Nanning,107.5,22.5,2013,8,2013-08,3.554,8.297,13.127,15.603,22.286,0.001041,0.001619,0.001928,0.001241,0.000621,-49.22,-3.43,11.28,20.17,24.31,28.03,-10.12,5.79,15.47,19.48,26.48,77.54,116.92,138.81,154.5,179.27,203.75,5.84,2.87,1.91,1.44,0.78,0.27,33.58,-15.71,587.48,0.006449
Nanning,107.5,22.5,2013,9,2013-09,2.903,7.637,12.037,14.548,19.955,0.000864,0.002498,0.004704,0.004863,0.004228,-50.21,-3.88,10.19,18.33,22.31,26.18,-12.64,4.61,14.15,18.39,24.68,50.76,99.27,98.79,80.54,56.07,21.75,3.38,2.92,3.21,3.83,3.28,2.08,30.78,-11.59,522.12,0.017157
Nanning,107.5,22.5,2013,10,2013-10,2.252,6.489,8.582,10.688,14.179,0.001167,0.000294,0.003894,0.005058,0.004139,-51.68,-5.15,8.05,14.94,18.96,22.67,-15.74,2.33,9.12,13.66,19.23,269.94,268.08,328.82,71.12,55.18,29.97,9.47,5.08,0.44,4.45,4.64,2.86,23.48,-1.06,727.93,0.014552
Nanning,107.5,22.5,2013,11,2013-11,1.136,5.379,8.712,9.563,11.874,0.001519,0.002945,0.00264,0.003959,0.003301,-52.25,-5.86,6.75,12.63,15.85,19.52,-23.68,-0.26,9.34,11.99,16.48,262.88,271.18,260.78,118.55,78.63,52.75,24.54,13.11,5.37,2.97,4.06,2.73,20.82,0.13,411.4,0.014363
Nanning,107.5,22.5,2013,12,2013-12,1.079,2.438,4.773,4.85,6.268,0.002629,0.002445,0.00131,0.002293,0.002297,-51.99,-6.74,5.07,6.36,8.84,12.48,-24.26,-10.62,0.79,2.19,6.94,257.2,267.1,276.01,66.1,57.51,40.83,37.92,23.89,9.83,2.69,4.64,3.59,-1.8,14.46,696.34,0.010973
Nanning,107.5,22.5,2014,1,2014-01,0.487,1.627,5.782,6.463,7.659,0.001094,0.001752,0.001542,0.001827,0.001541,-52.64,-7.36,6.05,8.56,11.63,15.42,-32.79,-15.59,3.46,6.25,9.86,253.68,275.1,276.58,199.89,135.29,114.88,33.42,22.04,10.56,2.62,2.77,1.97,-2.27,9.44,638.01,0.007756
Nanning,107.5,22.5,2014,2,2014-02,0.525,3.211,7.641,8.825,9.831,0.001408,0.005175,0.005138,0.004071,0.003284,-52.34,-5.68,5.63,10.79,12.51,15.83,-32.01,-7.11,7.43,10.79,13.59,267.02,272.83,265.25,212.36,150.32,124.81,33.27,26.3,15.8,6.59,4.52,3.28,11.16,4.62,420.05,0.019076
Nanning,107.5,22.5,2014,3,2014-03,0.71,4.873,10.132,11.707,13.192,0.001608,0.007436,0.007391,0.005417,0.004213,-51.99,-8.59,7.59,14.95,16.88,20.3,-28.83,-1.6,11.57,15.04,18.11,259.9,267.57,261.74,214.58,155.52,126.43,39.99,22.21,14.97,7.15,4.54,3.13,25.92,-8.28,422.72,0.026066
Nanning,107.5,22.5,2014,4,2014-04,1.349,6.445,11.884,14.961,18.026,0.001666,0.006797,0.008148,0.008153,0.00642,-51.71,-5.96,9.67,17.22,20.23,24.09,-21.74,2.23,13.96,18.83,23.05,257.83,262.12,261.94,201.64,161.23,142.21,26.28,12.11,10.34,6.72,5.34,3.49,29.7,-12.18,407.46,0.031185
Nanning,107.5,22.5,2014,5,2014-05,2.529,7.87,12.729,16.014,21.593,0.002348,0.007606,0.009566,0.007925,0.005802,-50.48,-4.06,10.99,19.93,23.79,27.19,-14.33,5.04,15.0,19.89,25.97,280.84,260.45,250.07,219.22,189.25,158.4,10.63,9.11,9.48,7.37,4.85,2.64,33.04,-15.09,616.16,0.033248
Nanning,107.5,22.5,2014,6,2014-06,4.029,9.82,14.472,17.574,23.632,0.000894,0.003703,0.005044,0.004591,0.003314,-48.07,-2.17,12.37,20.85,24.99,28.85,-8.53,8.21,16.97,21.36,27.44,50.13,211.28,240.87,210.99,190.34,165.26,4.27,2.18,3.7,3.42,2.56,1.38,35.83,-18.54,485.38,0.017546
Nanning,107.5,22.5,2014,7,2014-07,3.47,8.701,13.903,16.761,23.18,0.001236,0.003659,0.006121,0.005787,0.004421,-48.65,-2.79,11.78,20.57,24.77,28.7,-10.42,6.47,16.35,20.61,27.13,57.66,154.02,172.62,176.68,172.88,159.34,6.0,3.49,4.12,4.32,3.39,1.87,34.4,-17.43,527.53,0.021224
Nanning,107.5,22.5,2014,8,2014-08,3.58,8.939,13.719,16.23,22.352,0.0007,0.002617,0.004685,0.004555,0.003265,-49.33,-2.96,11.42,19.93,23.98,27.85,-10.03,6.85,16.15,20.1,26.53,68.71,134.79,202.1,197.73,190.04,172.38,12.12,1.92,2.87,3.35,2.75,1.43,34.47,-16.49,473.03,0.015822
Nanning,107.5,22.5,2014,9,2014-09,2.536,7.6266,12.0003,14.7391,20.7862,0.000659,0.001108,0.002916,0.002722,0.00189,-50.34,-3.35,10.94,19.19,23.51,27.21,-14.3,4.59,14.11,18.59,25.35,87.56,133.76,160.91,154.43,132.36,114.99,6.87,2.55,1.43,2.38,1.81,0.89,30.3,-11.82,635.42,0.009294
Nanning,107.5,22.5,2014,10,2014-10,1.6062,5.4226,9.7969,12.5764,17.1493,0.000651,0.000257,0.002635,0.003664,0.002613,-51.63,-5.03,9.18,15.97,20.39,24.31,-19.73,-0.15,11.07,16.14,22.25,256.64,255.82,298.25,114.91,97.79,77.51,10.01,3.97,0.47,2.64,2.86,1.49,22.75,-4.89,613.05,0.009819
Nanning,107.5,22.5,2014,11,2014-11,0.9313,5.5107,9.6411,11.2928,13.9761,0.001578,0.004949,0.00354,0.00365,0.00309,-52.48,-5.0,6.67,13.18,16.51,20.32,-25.89,0.07,10.83,14.49,19.01,273.43,267.74,255.68,193.11,121.99,86.58,25.52,16.61,8.81,3.6,3.17,2.17,22.41,-1.78,292.98,0.016807
Nanning,107.5,22.5,2014,12,2014-12,0.6744,3.3943,5.9507,6.0151,7.3282,0.001411,0.003645,0.000885,0.002672,0.002819,-52.62,-5.08,6.36,8.32,9.68,13.14,-29.38,-6.39,3.86,5.22,9.22,260.52,271.61,266.58,126.05,68.15,43.8,31.4,20.52,10.53,1.46,4.36,3.77,4.51,11.54,557.3,0.011432
Nanning,107.5,22.5,2015,1,2015-01,0.9801,2.613,6.263,7.3111,8.4651,0.002054,0.002699,0.001482,0.002422,0.002045,-52.88,-8.0,6.4,8.66,11.59,15.19,-25.32,-9.74,4.58,8.03,11.35,247.61,263.76,266.79,182.63,119.57,101.42,36.47,20.55,10.13,2.32,3.25,2.37,5.09,7.57,509.62,0.010702
Nanning,107.5,22.5,2015,2,2015-02,0.6089,3.0007,7.8381,9.4942,11.7021,0.001494,0.004036,0.005115,0.004431,0.003757,-53.25,-9.36,4.29,11.55,14.27,17.72,-30.46,-7.98,7.8,11.88,16.25,256.07,265.12,266.11,214.67,159.54,131.72,47.02,24.06,13.19,6.4,4.58,3.15,16.45,-0.26,469.22,0.018832
Nanning,107.5,22.5,2015,3,2015-03,0.8265,4.6188,10.451,12.6902,14.7956,0.001454,0.006074,0.008346,0.00716,0.005628,-53.8,-6.6,8.56,15.75,18.29,21.94,-27.19,-2.32,12.03,16.28,19.9,256.08,263.48,261.94,210.61,164.17,137.65,31.92,17.25,12.9,7.83,5.53,3.73,23.49,-7.84,464.72,0.028661
Nanning,107.5,22.5,2015,4,2015-04,1.6225,5.3604,9.6395,11.4688,14.1334,0.002468,0.005518,0.004854,0.003598,0.003013,-52.27,-6.45,8.58,17.12,20.41,24.1,-19.61,-0.3,10.83,14.73,19.18,273.01,263.96,263.2,219.93,170.95,146.76,30.38,14.92,10.1,4.94,3.08,2.09,25.52,-7.04,787.35,0.019452
Nanning,107.5,22.5,2015,5,2015-05,2.6038,7.9047,13.4463,16.6595,22.5707,0.00276,0.008263,0.010636,0.008,0.005427,-50.17,-3.27,11.44,20.85,24.7,27.97,-13.98,5.1,15.84,20.51,26.69,268.69,260.57,254.33,224.28,196.78,163.53,10.35,10.4,10.25,7.76,4.71,2.36,33.62,-17.04,626.61,0.035087
Nanning,107.5,22.5,2015,6,2015-06,3.4586,8.8894,13.7314,17.185,23.4805,0.001388,0.006964,0.010992,0.010212,0.007722,-48.65,-2.53,12.13,21.13,25.32,28.87,-10.47,6.77,16.16,21.0,27.34,75.02,218.77,237.74,214.27,192.0,173.07,7.8,3.93,7.68,7.85,5.83,3.23,34.46,-17.31,621.22,0.037278
Nanning,107.5,22.5,2015,7,2015-07,3.857,8.9835,13.6638,16.4937,22.0116,0.000433,0.001616,0.002347,0.002904,0.001826,-48.34,-2.48,11.23,19.85,23.93,27.81,-9.09,6.93,16.08,20.36,26.28,27.72,272.43,288.24,270.19,248.23,251.21,4.08,1.1,1.76,1.68,1.73,0.81,34.12,-15.8,471.36,0.009127
Nanning,107.5,22.5,2015,8,2015-08,3.7015,8.1064,12.9373,16.0089,21.9318,0.000477,0.001919,0.003017,0.002076,0.001057,-49.47,-3.28,11.15,20.18,24.49,28.0,-9.61,5.46,15.25,19.89,26.22,37.75,235.98,232.03,196.95,182.84,166.98,7.67,1.26,2.32,2.29,1.27,0.47,33.02,-15.09,616.69,0.008546
Nanning,107.5,22.5,2015,9,2015-09,2.9162,8.8881,13.6446,16.1873,21.4965,0.000458,0.002054,0.003958,0.003794,0.002565,-50.04,-3.1,11.08,19.21,23.26,27.12,-12.59,6.77,16.06,20.06,25.89,59.22,148.3,208.87,173.9,144.34,117.44,7.25,1.54,2.27,2.84,2.3,1.17,34.07,-15.71,393.27,0.012828
Nanning,107.5,22.5,2015,10,2015-10,2.226,6.7958,10.2691,12.5794,16.811,0.001007,0.00104,0.002465,0.003312,0.002849,-50.65,-4.55,8.98,16.28,20.27,24.1,-15.88,2.97,11.77,16.14,21.93,246.32,265.68,268.61,91.18,71.46,38.76,10.63,4.43,1.5,2.35,2.58,1.66,26.58,-5.86,563.65,0.010671
Nanning,107.5,22.5,2015,11,2015-11,1.3809,5.8928,10.3211,12.4812,15.9727,0.001815,0.005018,0.005372,0.00521,0.00403,-52.43,-5.78,8.15,14.87,18.31,22.05,-21.47,0.99,11.84,16.02,21.12,277.52,259.6,248.69,188.52,139.33,109.7,25.4,12.89,8.35,5.1,4.09,2.47,25.35,-5.86,378.89,0.021444
Nanning,107.5,22.5,2015,12,2015-12,0.9949,4.6527,7.5044,8.3673,9.7331,0.002319,0.006099,0.002009,0.002309,0.002983,-52.74,-6.88,5.5,9.73,11.52,14.97,-25.16,-2.22,7.17,10.01,13.44,260.02,260.77,256.1,217.65,81.0,51.45,39.36,22.86,12.86,2.63,2.71,3.01,16.07,4.74,320.43,0.01572
Nanning,107.5,22.5,2016,1,2016-01,0.9411,3.9284,7.4581,8.5571,10.0331,0.002647,0.00627,0.003567,0.002208,0.002659,-51.91,-9.19,3.93,9.5,11.28,14.63,-25.77,-4.47,7.08,10.34,13.9,261.22,256.4,252.38,219.33,115.5,72.35,51.86,27.59,15.65,4.69,2.53,2.6,17.37,2.77,302.62,0.017352
Nanning,107.5,22.5,2016,2,2016-02,0.7369,3.2535,5.1534,5.6125,6.791,0.001991,0.004177,0.000634,0.001232,0.001545,-52.55,-5.27,4.43,8.46,10.45,14.0,-28.43,-6.94,1.85,4.24,8.1,266.66,273.06,272.7,240.03,64.69,50.0,40.6,26.5,12.59,1.21,2.15,2.23,4.22,13.1,827.07,0.009579
Nanning,107.5,22.5,2016,3,2016-03,0.8263,5.1015,9.2057,10.8452,11.8615,0.002024,0.007457,0.0053,0.003948,0.003564,-52.15,-7.76,6.93,13.97,16.25,19.35,-27.19,-0.98,10.15,13.88,16.46,268.33,270.69,268.33,224.72,152.28,120.05,49.68,24.02,14.34,5.65,3.57,2.95,23.97,-4.25,477.53,0.022294
Nanning,107.5,22.5,2016,4,2016-04,1.2834,6.884,11.4466,14.3623,16.9675,0.002238,0.01035,0.00917,0.00696,0.00517,-51.79,-6.36,10.12,19.61,22.25,25.18,-22.3,3.15,13.39,18.19,22.08,262.56,266.6,261.5,226.39,182.16,147.89,31.64,17.1,14.74,7.86,4.75,2.99,32.39,-13.86,777.89,0.033888
Nanning,107.5,22.5,2016,5,2016-05,2.8213,7.7916,12.2271,15.4087,20.3073,0.00312,0.007201,0.007674,0.006647,0.005052,-49.61,-3.59,11.36,19.55,23.13,26.48,-13.0,4.89,14.39,19.29,24.97,278.14,259.12,256.19,217.72,179.01,154.61,18.7,10.85,9.06,6.16,4.23,2.44,31.06,-12.98,644.56,0.029694
Nanning,107.5,22.5,2016,6,2016-06,3.21,8.29,13.1839,16.3748,23.1487,0.001524,0.005552,0.008152,0.007705,0.006367,-48.96,-2.89,11.91,20.84,24.92,28.69,-11.4,5.78,15.54,20.24,27.1,56.14,223.63,233.15,214.42,190.46,168.51,5.0,4.66,6.57,6.06,4.61,2.7,33.14,-15.99,663.14,0.0293
Nanning,107.5,22.5,2016,7,2016-07,3.0354,8.0345,13.1939,16.6047,23.2721,0.001021,0.004159,0.008357,0.008614,0.007308,-49.03,-3.18,11.99,21.06,25.08,28.84,-12.09,5.33,15.55,20.46,27.19,64.16,168.17,210.03,202.56,188.58,173.1,7.84,3.3,5.08,6.21,5.09,3.08,33.13,-16.52,688.98,0.02946
Nanning,107.5,22.5,2016,8,2016-08,3.6431,9.3061,13.9764,16.6395,22.6035,0.001607,0.002077,0.001469,0.000805,0.001633,-48.08,-2.31,11.92,20.65,24.86,28.48,-9.81,7.43,16.43,20.49,26.71,77.23,84.73,61.62,51.83,306.29,286.12,8.24,4.33,2.19,1.03,0.47,0.71,34.91,-17.22,527.53,0.007591
Nanning,107.5,22.5,2016,9,2016-09,2.8861,8.61,12.3313,14.9963,20.1262,0.000286,0.001587,0.003636,0.003866,0.003177,-49.68,-2.7,10.74,18.77,23.09,26.82,-12.72,6.32,14.52,18.86,24.82,49.25,58.26,10.84,53.33,40.12,11.11,2.98,0.97,1.81,2.89,2.53,1.55,31.56,-11.57,531.18,0.012552
Nanning,107.5,22.5,2016,10,2016-10,2.1755,6.9349,11.775,14.2347,18.2569,0.000514,0.000857,0.004379,0.005006,0.003436,-50.2,-3.72,10.09,17.29,21.2,25.13,-16.15,3.25,13.82,18.05,23.25,223.67,187.86,119.36,93.4,70.9,44.22,2.89,2.32,1.21,3.65,3.45,1.85,27.99,-9.74,433.27,0.014192
Nanning,107.5,22.5,2016,11,2016-11,1.3794,5.5555,9.1762,10.978,13.6084,0.001517,0.004304,0.003012,0.003399,0.003086,-51.72,-5.26,8.96,13.83,16.14,19.79,-21.48,0.18,10.1,14.06,18.59,262.53,254.19,238.99,173.86,107.54,72.4,21.99,10.79,7.6,3.22,3.04,2.22,20.41,-1.54,465.71,0.015317
Nanning,107.5,22.5,2016,12,2016-12,0.5304,4.0813,6.9389,7.6618,9.4069,0.000802,0.003596,0.001617,0.002541,0.002308,-51.68,-5.7,5.96,11.42,13.92,17.31,-31.9,-3.97,6.04,8.71,12.93,256.02,263.67,253.44,165.83,97.57,65.76,31.53,14.83,8.64,2.29,3.25,2.41,13.23,5.68,672.02,0.010865
Nanning,107.5,22.5,2017,1,2017-01,1.2034,3.9871,8.2085,9.0545,10.3256,0.002192,0.004298,0.003587,0.003687,0.002942,-52.64,-6.89,7.41,11.18,13.88,17.42,-23.03,-4.28,8.47,11.17,14.34,243.88,257.46,251.74,179.39,119.49,90.76,33.05,17.86,10.57,4.29,3.99,2.79,14.85,1.69,338.36,0.016707
Nanning,107.5,22.5,2017,2,2017-02,0.4525,2.9859,7.1821,8.2036,9.4172,0.000992,0.00357,0.0029,0.003227,0.002842,-51.41,-8.46,5.79,9.93,12.77,16.79,-33.54,-8.04,6.54,9.71,12.94,249.12,271.85,266.52,191.59,127.68,104.93,38.91,21.5,11.73,3.96,3.86,2.96,11.1,3.74,424.06,0.013531
Nanning,107.5,22.5,2017,3,2017-03,0.98,5.066,9.9641,11.7249,13.6944,0.002097,0.007027,0.006567,0.005604,0.004487,-52.23,-7.78,7.14,14.31,16.84,20.49,-25.32,-1.07,11.32,15.07,18.69,253.29,264.04,259.15,205.61,151.17,122.85,38.43,20.99,13.6,6.46,4.69,3.21,25.19,-6.44,373.29,0.025782
Nanning,107.5,22.5,2017,4,2017-04,1.7185,6.017,10.5438,12.4305,14.6554,0.00281,0.007107,0.006036,0.004402,0.003544,-51.54,-5.47,9.01,16.52,20.0,23.98,-18.94,1.28,12.16,15.96,19.75,265.92,259.81,260.38,224.75,176.4,150.71,27.19,16.03,11.58,5.61,3.47,2.37,26.41,-7.69,544.42,0.023898
Nanning,107.5,22.5,2017,5,2017-05,2.447,7.2331,11.6747,14.1081,18.6385,0.002242,0.004313,0.003589,0.003302,0.002296,-50.02,-3.76,10.25,18.2,22.18,25.96,-14.73,3.84,13.69,17.91,23.58,276.48,264.03,262.71,207.84,158.44,125.93,17.14,8.99,5.85,3.02,2.3,1.21,29.25,-10.43,563.75,0.015743
Nanning,107.5,22.5,2017,6,2017-06,4.2939,8.8624,14.0282,17.4471,23.4077,0.002531,0.006678,0.009368,0.009048,0.006686,-48.8,-2.85,12.15,20.95,25.02,28.82,-7.72,6.73,16.49,21.24,27.29,21.56,237.63,239.0,214.84,191.85,170.46,2.5,5.78,7.39,6.55,5.09,2.8,34.88,-18.2,558.27,0.034312
Nanning,107.5,22.5,2017,7,2017-07,4.1136,8.9785,13.8443,16.8051,22.8257,0.001411,0.003255,0.00557,0.005231,0.003744,-49.49,-2.97,11.42,20.15,24.34,28.23,-8.27,6.92,16.29,20.65,26.87,45.7,129.23,147.94,159.22,152.26,141.49,6.37,3.36,3.56,3.95,3.05,1.61,34.9,-17.04,483.01,0.019211
Nanning,107.5,22.5,2017,8,2017-08,3.7387,8.9915,13.7247,16.5902,22.7321,0.001039,0.003743,0.006971,0.006936,0.005499,-48.49,-3.06,11.83,20.56,24.53,28.24,-9.48,6.94,16.15,20.45,26.81,63.98,152.66,205.93,206.12,191.82,173.01,8.77,2.73,4.08,4.98,4.1,2.37,34.88,-17.24,551.52,0.024189
Nanning,107.5,22.5,2017,9,2017-09,2.9782,8.6088,13.8888,16.1721,22.3233,0.00092,0.002021,0.004201,0.004315,0.003239,-49.68,-3.03,11.67,20.29,24.36,27.98,-12.33,6.31,16.33,20.04,26.51,82.06,127.41,181.72,162.78,146.59,131.44,9.04,3.03,2.3,2.97,2.62,1.42,34.29,-17.35,494.56,0.014696
Nanning,107.5,22.5,2017,10,2017-10,2.2158,7.1181,10.476,12.7842,16.7134,0.000667,0.001945,0.005141,0.006114,0.004671,-50.51,-3.45,9.66,15.69,19.45,23.37,-15.93,3.62,12.07,16.39,21.84,168.63,137.09,126.24,85.04,63.46,36.36,2.96,2.95,2.68,4.81,4.69,2.74,25.16,-4.69,452.78,0.018539
Nanning,107.5,22.5,2017,11,2017-11,1.968,6.5932,9.2683,10.2997,12.7185,0.002485,0.004112,0.001599,0.003497,0.003409,-51.9,-5.75,8.28,13.46,15.94,19.36,-17.34,2.55,10.25,13.1,17.54,251.87,250.43,250.12,127.76,71.0,39.92,22.12,12.38,6.12,1.69,3.33,2.63,23.72,-1.9,401.01,0.015102
Nanning,107.5,22.5,2017,12,2017-12,0.8054,3.7755,6.5694,6.7481,8.0348,0.001278,0.003547,0.0009,0.002791,0.002866,-52.33,-3.71,6.72,8.73,10.95,14.56,-27.47,-5.0,5.26,6.87,10.57,264.28,278.67,270.46,128.56,71.03,46.01,24.92,15.56,9.21,1.34,4.06,3.5,6.0,11.06,434.08,0.011383
Nanning,107.5,22.5,2018,1,2018-01,1.0056,4.2319,7.6668,8.5646,9.8533,0.002325,0.006219,0.003836,0.003282,0.002679,-52.53,-4.14,5.85,9.6,11.9,15.4,-25.04,-3.49,7.48,10.35,13.63,255.84,262.58,255.78,199.57,131.02,98.82,29.69,22.68,14.41,4.91,3.76,2.67,11.89,7.22,265.09,0.018341
Nanning,107.5,22.5,2018,2,2018-02,0.5838,3.0346,6.9887,7.9324,8.9353,0.001416,0.004524,0.002911,0.002458,0.002077,-53.74,-6.91,5.9,9.55,11.67,15.35,-30.9,-7.84,6.15,9.22,12.16,256.89,268.84,270.56,214.41,135.39,108.31,42.57,23.79,14.62,4.08,3.04,2.28,8.87,6.11,425.21,0.013386
Nanning,107.5,22.5,2018,3,2018-03,1.0292,4.474,8.1087,10.5512,12.796,0.001934,0.00452,0.00467,0.004998,0.00403,-51.6,-9.39,6.27,13.93,17.05,20.87,-24.78,-2.74,8.29,13.46,17.63,263.18,268.85,262.01,200.13,162.17,146.68,41.45,18.43,9.91,5.65,4.65,3.09,22.6,-3.19,705.07,0.020152
Nanning,107.5,22.5,2018,4,2018-04,1.8771,6.2527,10.4185,12.3148,14.6037,0.0027,0.005485,0.005757,0.005357,0.004369,-51.73,-6.4,8.67,15.9,19.28,23.3,-17.9,1.81,11.98,15.81,19.7,268.07,262.1,260.42,208.59,167.75,152.15,28.8,14.11,8.6,5.42,4.27,2.93,27.43,-7.72,489.6,0.02367
Nanning,107.5,22.5,2018,5,2018-05,2.8021,7.314,12.3545,15.4717,21.7277,0.002349,0.006942,0.010072,0.009735,0.008292,-51.24,-4.4,10.59,19.89,24.0,27.43,-13.08,4.0,14.55,19.35,26.07,272.28,233.44,239.56,215.27,189.62,171.85,6.5,8.22,9.31,7.99,6.17,3.74,32.25,-14.45,667.47,0.03739
Nanning,107.5,22.5,2018,6,2018-06,4.4012,9.6235,13.7893,16.9019,22.5401,0.001515,0.004651,0.005294,0.004649,0.003578,-48.96,-2.51,11.47,20.05,24.29,28.18,-7.4,7.92,16.22,20.74,26.67,51.17,264.35,256.86,226.06,196.09,180.77,6.2,3.38,4.74,3.76,2.7,1.56,35.23,-16.33,477.71,0.019687
Nanning,107.5,22.5,2018,7,2018-07,3.6287,9.4822,14.5078,17.7641,22.7733,0.001844,0.003609,0.006036,0.005637,0.00352,-48.74,-2.22,11.78,20.06,24.32,28.3,-9.86,7.7,17.01,21.53,26.84,66.42,107.4,128.16,150.42,151.84,140.48,9.82,4.98,3.73,4.08,3.11,1.52,35.21,-17.88,382.14,0.020646
Nanning,107.5,22.5,2018,8,2018-08,4.1733,9.3705,14.1181,16.6616,22.6346,0.001105,0.00297,0.002292,0.000678,0.001261,-48.81,-2.73,11.57,20.57,24.71,28.19,-8.08,7.53,16.59,20.51,26.74,62.27,58.77,59.0,59.6,338.31,283.4,5.53,2.6,3.11,1.59,0.4,0.55,35.85,-17.93,498.55,0.008307
Nanning,107.5,22.5,2018,9,2018-09,2.7912,7.9047,12.4833,14.957,20.3062,0.000505,0.00041,0.001876,0.001967,0.001096,-50.67,-3.39,10.89,18.63,22.79,26.55,-13.13,5.1,14.71,18.82,24.97,68.68,97.35,181.13,132.02,111.66,90.9,11.45,1.77,0.51,1.47,1.29,0.53,30.93,-12.51,490.9,0.005854
Nanning,107.5,22.5,2018,10,2018-10,2.5505,6.5464,9.8869,12.3562,16.281,0.002634,0.003681,0.001783,0.004006,0.003614,-52.27,-5.21,8.69,15.54,19.38,23.18,-14.23,2.45,11.2,15.87,21.42,283.38,271.29,271.5,137.66,94.66,70.61,14.86,10.13,5.51,1.77,3.18,2.18,25.72,-4.88,542.41,0.015717
Nanning,107.5,22.5,2018,11,2018-11,0.9439,4.6878,9.0324,11.3207,14.1416,0.001518,0.004088,0.003578,0.003867,0.002994,-51.89,-6.26,7.51,14.39,17.75,21.52,-25.74,-2.12,9.87,14.53,19.19,260.4,259.21,251.45,187.94,135.52,106.1,31.34,15.77,8.55,3.88,3.35,2.08,20.89,-2.74,565.57,0.016045
Nanning,107.5,22.5,2018,12,2018-12,1.5205,4.6737,8.6106,9.1329,10.6394,0.00268,0.005615,0.003889,0.003383,0.002926,-52.48,-6.21,7.81,11.77,13.33,16.56,-20.36,-2.16,9.17,11.3,14.79,251.53,252.1,251.31,190.87,115.87,83.16,29.36,17.28,11.78,4.43,3.63,2.7,17.18,0.84,325.89,0.018492
Nanning,107.5,22.5,2019,1,2019-01,0.912,3.5061,8.3243,8.8468,9.8773,0.001901,0.004046,0.004278,0.003376,0.002431,-52.76,-7.36,7.06,10.53,12.61,15.91,-26.11,-5.97,8.67,10.83,13.66,241.45,254.01,253.43,194.19,134.28,96.83,39.74,20.44,11.32,5.04,3.74,2.41,13.54,1.56,232.33,0.016032
Nanning,107.5,22.5,2019,2,2019-02,0.9187,2.8755,8.8128,11.4379,13.5953,0.002059,0.00446,0.007841,0.00714,0.005684,-51.76,-8.47,8.11,15.11,17.57,20.92,-26.03,-8.53,9.51,14.69,18.58,257.27,257.16,259.46,213.47,169.2,142.87,41.82,21.98,15.21,8.73,6.12,4.1,16.45,-5.11,700.99,0.027184
Nanning,107.5,22.5,2019,3,2019-03,0.7373,4.8906,10.1633,12.5899,15.0031,0.001715,0.007505,0.006766,0.005344,0.004305,-52.35,-6.69,7.28,15.55,17.86,21.21,-28.42,-1.55,11.61,16.15,20.13,257.13,266.59,258.66,213.07,149.34,115.88,37.22,22.81,15.05,6.53,4.16,2.81,25.03,-7.04,491.94,0.025634
Nanning,107.5,22.5,2019,4,2019-04,1.1083,6.108,11.0788,14.5963,18.4522,0.001806,0.007515,0.008446,0.008099,0.006111,-50.59,-6.25,10.18,19.61,22.58,25.68,-23.96,1.49,12.9,18.44,23.42,259.31,261.33,263.09,217.14,174.84,149.93,30.11,15.98,12.07,7.48,5.44,3.25,30.08,-12.84,839.01,0.031977
Nanning,107.5,22.5,2019,5,2019-05,2.6425,8.2886,13.0935,16.547,20.9423,0.002403,0.007549,0.008185,0.006799,0.005547,-49.65,-3.08,11.57,19.38,22.65,26.48,-13.8,5.77,15.43,20.41,25.47,282.39,264.37,259.6,209.01,160.64,132.41,8.55,8.92,8.93,6.13,4.03,2.6,32.09,-14.48,493.09,0.030483
Nanning,107.5,22.5,2019,6,2019-06,3.8976,9.0582,13.9662,17.5938,24.1404,0.002042,0.007159,0.010338,0.010128,0.008355,-48.08,-2.33,12.76,21.49,25.54,29.19,-8.96,7.04,16.42,21.38,27.79,46.26,245.82,251.71,224.38,196.65,175.97,4.91,5.14,7.75,7.26,5.65,3.39,34.53,-18.07,634.56,0.038022
Nanning,107.5,22.5,2019,7,2019-07,3.6584,9.2964,14.3406,17.4844,23.7467,0.000621,0.003181,0.005805,0.00585,0.004422,-48.21,-2.22,12.36,21.19,25.25,28.93,-9.76,7.42,16.83,21.28,27.52,64.98,184.64,236.29,212.85,191.48,173.94,11.8,1.67,3.36,3.97,3.28,1.83,35.29,-18.61,545.63,0.019879
Nanning,107.5,22.5,2019,8,2019-08,3.3046,8.689,13.6692,16.3458,23.1505,0.001161,0.00273,0.002117,0.000453,0.001449,-48.25,-2.5,11.75,20.93,25.07,28.77,-11.04,6.45,16.09,20.21,27.11,66.44,76.35,77.82,91.25,230.17,270.23,7.96,3.44,3.08,1.52,0.27,0.61,34.22,-16.92,605.4,0.00791
Nanning,107.5,22.5,2019,9,2019-09,2.3939,6.8856,10.7977,13.3339,19.0988,0.000266,0.001853,0.004368,0.003879,0.002449,-50.01,-3.84,9.67,18.5,22.95,26.63,-15.0,3.15,12.52,17.04,23.97,0.74,35.43,68.94,81.28,67.36,38.19,2.71,1.09,2.64,3.97,2.85,1.26,28.35,-8.64,748.04,0.012816
Nanning,107.5,22.5,2019,10,2019-10,2.0627,6.4018,10.7717,13.1044,17.4235,0.001212,0.001401,0.003639,0.004644,0.003655,-51.97,-5.08,9.1,16.47,20.26,24.23,-16.79,2.14,12.48,16.77,22.5,280.07,269.61,263.4,148.14,115.76,96.57,9.38,5.76,2.15,3.31,3.48,2.06,27.07,-7.82,498.7,0.01455
Nanning,107.5,22.5,2019,11,2019-11,0.8809,4.5186,8.7385,9.887,12.3245,0.001032,0.00261,0.00208,0.003133,0.002717,-52.23,-4.71,8.21,13.27,16.68,20.45,-26.5,-2.61,9.38,12.49,17.05,259.93,272.91,264.0,160.5,101.27,76.49,20.1,11.49,5.66,2.33,3.11,2.16,16.53,0.6,485.59,0.011573
Nanning,107.5,22.5,2019,12,2019-12,0.8625,2.9574,6.2552,7.564,9.1093,0.001854,0.002883,0.00125,0.00199,0.001897,-52.59,-7.6,6.17,10.33,13.48,17.26,-26.73,-8.17,4.56,8.52,12.44,258.75,261.41,257.31,176.89,102.57,73.18,38.61,21.08,9.56,1.96,2.58,2.04,8.15,6.43,720.56,0.009875
Nanning,107.5,22.5,2020,1,2020-01,0.7404,3.2256,8.4124,9.6273,11.4394,0.00187,0.004616,0.004528,0.004331,0.003464,-51.79,-8.41,5.83,11.51,14.08,17.99,-28.38,-7.05,8.83,12.09,15.9,257.56,262.59,259.44,202.49,142.92,120.81,43.6,24.78,14.03,5.28,4.41,2.97,15.86,-0.63,335.17,0.018809
Nanning,107.5,22.5,2020,2,2020-02,0.5726,4.2178,8.1688,9.5184,11.3746,0.001355,0.004871,0.00494,0.004575,0.003507,-52.23,-7.67,4.74,11.92,14.73,18.57,-31.1,-3.53,8.4,11.92,15.82,254.89,263.79,257.6,192.77,149.03,127.84,44.46,23.21,11.33,5.93,4.71,3.02,19.72,0.3,440.39,0.019248
Nanning,107.5,22.5,2020,3,2020-03,1.0668,5.4704,10.4352,12.334,14.6732,0.002198,0.00718,0.007235,0.005895,0.004719,-51.25,-6.77,7.91,15.93,18.58,22.18,-24.38,-0.03,12.01,15.84,19.77,259.11,265.4,261.25,205.13,152.74,130.25,39.23,20.21,12.87,6.8,4.69,3.15,26.77,-8.15,490.13,0.027228
Nanning,107.5,22.5,2020,4,2020-04,1.6861,6.0125,9.8298,11.5559,14.0233,0.002895,0.006268,0.003441,0.003965,0.003426,-52.47,-7.5,8.43,14.48,17.44,21.47,-19.16,1.27,11.12,14.84,19.06,259.15,263.17,265.8,193.56,123.9,101.74,43.6,16.84,10.22,3.43,3.36,2.4,25.93,-6.0,420.3,0.019995
Nanning,107.5,22.5,2020,5,2020-05,3.0252,7.6544,13.3258,16.5044,21.2432,0.004014,0.007863,0.008359,0.006697,0.005384,-49.28,-3.65,11.86,21.14,25.14,28.65,-12.14,4.64,15.7,20.36,25.7,274.63,261.32,263.08,231.15,190.56,168.03,17.67,13.01,10.07,6.15,3.98,2.49,33.27,-17.4,679.75,0.032316
Nanning,107.5,22.5,2020,6,2020-06,3.6459,9.2571,13.7244,17.8153,24.1153,0.001809,0.008388,0.013339,0.013664,0.011516,-48.12,-2.64,12.25,21.38,25.69,29.33,-9.8,7.36,16.15,21.57,27.78,71.14,231.03,239.0,216.48,191.53,172.23,7.18,4.87,8.89,9.53,7.52,4.68,35.28,-17.65,653.9,0.048717
Nanning,107.5,22.5,2020,7,2020-07,2.7719,8.4602,13.1257,16.9267,23.5669,0.000989,0.005653,0.009973,0.010387,0.009287,-47.91,-2.4,12.12,21.08,25.29,29.05,-13.21,6.06,15.47,20.76,27.4,70.97,199.81,233.45,214.44,193.42,176.9,15.33,3.5,6.55,7.45,6.02,3.86,32.89,-15.59,701.2,0.036289
Nanning,107.5,22.5,2020,8,2020-08,3.9641,8.7783,13.5135,16.6878,22.6407,0.000779,0.002534,0.005978,0.005991,0.004776,-48.26,-2.93,11.53,20.0,24.24,28.2,-8.74,6.59,15.91,20.54,26.74,62.84,122.15,190.85,184.62,170.75,158.39,7.23,1.93,2.83,4.34,3.52,2.07,33.91,-16.02,511.12,0.020059
Nanning,107.5,22.5,2020,9,2020-09,4.0642,8.8796,13.6644,16.5473,21.8043,0.000695,0.002784,0.004487,0.004609,0.003606,-49.56,-3.05,11.11,19.52,23.54,27.37,-8.42,6.76,16.08,20.41,26.13,46.43,182.65,222.07,180.44,145.58,121.23,8.71,1.68,3.07,3.22,2.73,1.62,34.3,-16.02,429.48,0.01618
Nanning,107.5,22.5,2020,10,2020-10,2.9979,7.6129,10.5244,12.206,15.1519,0.000919,0.003218,0.007293,0.008239,0.006367,-50.01,-3.55,10.56,15.15,18.34,22.35,-12.25,4.57,12.13,15.68,20.28,250.51,149.12,127.52,84.69,59.03,33.09,1.59,3.01,4.15,6.8,6.62,4.12,24.84,-4.39,376.28,0.026036
Nanning,107.5,22.5,2020,11,2020-11,1.4591,5.2297,8.3523,10.0562,12.4847,0.001213,0.002573,0.003003,0.004439,0.00335,-50.73,-4.86,8.72,13.67,16.67,20.36,-20.84,-0.64,8.72,12.74,17.25,251.15,254.6,237.15,122.99,89.03,64.81,14.28,8.15,4.82,3.53,4.33,2.63,17.89,1.0,618.93,0.014578
Nanning,107.5,22.5,2020,12,2020-12,0.5333,2.7382,6.9698,6.9177,7.6275,0.001041,0.003098,0.001643,0.003239,0.00309,-51.62,-5.39,7.78,8.73,10.0,13.53,-31.85,-9.15,6.11,7.23,9.8,253.15,268.15,263.89,161.17,79.55,57.1,28.07,19.14,11.09,2.31,4.59,3.97,3.3,8.44,327.6,0.012111
Nanning,107.5,22.5,2021,1,2021-01,0.6195,3.1065,6.005,6.2589,6.811,0.001418,0.003843,0.001701,0.002547,0.002236,-51.56,-4.28,5.87,7.53,9.76,13.86,-30.28,-7.53,3.99,5.79,8.14,256.13,270.23,269.36,160.14,99.42,79.53,29.24,22.45,12.13,2.78,3.99,3.22,2.38,12.95,442.13,0.011744
Nanning,107.5,22.5,2021,2,2021-02,0.8313,3.7745,8.3877,9.2101,10.5139,0.001751,0.003607,0.002619,0.003468,0.002775,-50.95,-7.48,5.24,12.03,15.44,19.23,-27.13,-5.0,8.78,11.43,14.61,252.19,263.8,268.63,181.29,135.58,125.83,36.26,20.65,9.37,3.06,3.69,2.59,18.05,-0.14,405.23,0.014219
Nanning,107.5,22.5,2021,3,2021-03,1.0043,5.2292,10.2045,12.5227,14.2006,0.001868,0.006692,0.006931,0.006565,0.00504,-52.04,-6.31,7.84,15.78,18.37,21.98,-25.05,-0.64,11.67,16.07,19.26,260.93,266.12,263.04,204.99,156.34,135.95,26.59,18.24,12.55,6.66,5.14,3.48,25.29,-6.98,513.46,0.027096
Nanning,107.5,22.5,2021,4,2021-04,1.9595,6.6641,11.965,14.9471,17.7307,0.002449,0.005447,0.00631,0.007193,0.005642,-51.51,-5.29,9.29,17.2,20.51,24.46,-17.4,2.7,14.06,18.81,22.78,260.74,258.77,259.08,190.6,143.27,122.45,22.85,12.25,8.02,5.17,4.72,3.12,29.95,-11.69,391.69,0.027041
Nanning,107.5,22.5,2021,5,2021-05,2.6705,8.033,12.7081,16.441,22.486,0.002839,0.007842,0.010024,0.01,0.008139,-49.85,-3.5,11.75,20.68,24.39,27.9,-13.67,5.33,14.98,20.3,26.63,274.39,247.26,248.51,215.59,187.15,162.82,12.54,10.43,9.57,7.74,5.96,3.55,32.72,-15.23,712.7,0.038844
Nanning,107.5,22.5,2021,6,2021-06,3.6792,8.92,13.5998,17.3068,23.4075,0.001082,0.004921,0.0074,0.006974,0.00556,-48.29,-2.1,12.28,20.9,25.17,28.97,-9.69,6.82,16.01,21.12,27.29,69.57,222.25,237.5,215.32,189.87,170.05,8.25,2.88,5.41,5.34,3.95,2.33,33.56,-16.31,611.22,0.025937
Nanning,107.5,22.5,2021,7,2021-07,3.4806,8.3653,13.2675,16.4498,23.2498,0.000393,0.001884,0.004564,0.004757,0.004277,-48.04,-2.59,11.95,20.82,25.01,28.86,-10.39,5.9,15.63,20.31,27.18,69.81,157.25,213.79,203.92,193.52,189.26,8.1,1.11,2.21,3.37,2.84,1.8,33.0,-15.88,648.08,0.015875
Nanning,107.5,22.5,2021,8,2021-08,3.4906,8.9052,13.566,16.4556,22.9377,0.000508,0.002182,0.00577,0.006197,0.00584,-48.33,-2.81,11.76,20.89,24.97,28.6,-10.35,6.8,15.97,20.32,26.95,71.34,114.59,234.13,215.68,198.79,185.0,13.95,1.43,2.4,4.17,3.69,2.5,34.7,-16.92,614.07,0.020496
Nanning,107.5,22.5,2021,9,2021-09,3.1105,7.9733,12.7689,15.0294,21.2742,0.001146,0.003072,0.004522,0.003376,0.001932,-50.4,-3.98,10.75,19.6,23.81,27.65,-11.79,5.22,15.05,18.9,25.72,80.3,132.53,130.55,132.96,126.22,127.32,2.36,3.61,3.78,3.47,2.2,0.89,33.1,-14.78,568.81,0.014048
Nanning,107.5,22.5,2021,10,2021-10,3.465,8.2723,11.0003,12.551,15.8002,0.000412,0.001946,0.006648,0.0076,0.00642,-50.1,-4.16,9.78,15.39,18.52,22.46,-10.44,5.75,12.8,16.11,20.94,275.35,217.97,137.27,84.28,56.37,29.98,4.65,1.17,2.31,5.93,5.94,3.98,28.32,-6.4,324.02,0.023026
Nanning,107.5,22.5,2021,11,2021-11,1.6449,6.2673,8.5375,9.0293,11.6073,0.002859,0.005693,0.001185,0.003267,0.003362,-52.07,-5.35,7.48,12.45,14.99,18.71,-19.45,1.85,9.04,11.13,16.13,271.69,267.48,261.09,137.26,78.65,52.82,25.17,17.05,8.91,1.36,3.55,2.84,21.21,1.23,426.03,0.016368
Nanning,107.5,22.5,2021,12,2021-12,0.8486,3.3781,6.4475,6.8969,8.0036,0.001353,0.002523,0.001411,0.002961,0.002777,-51.32,-5.63,6.02,9.64,12.12,15.65,-26.9,-6.45,4.99,7.18,10.51,245.07,260.95,260.58,121.71,76.25,51.95,30.67,15.64,7.32,2.15,4.21,3.4,7.79,8.59,580.88,0.011025
Nanning,107.5,22.5,2022,1,2022-01,1.0391,3.9263,8.1135,8.9427,9.9054,0.002545,0.004953,0.003929,0.003732,0.003136,-51.11,-9.57,4.21,10.25,12.21,15.42,-24.67,-4.48,8.3,10.99,13.71,248.79,260.51,261.01,198.69,121.9,86.62,42.91,24.02,12.37,4.75,4.09,3.1,19.43,0.11,243.65,0.018295
Nanning,107.5,22.5,2022,2,2022-02,1.3448,4.0079,7.4448,7.6896,8.5575,0.003749,0.006406,0.003162,0.003292,0.00308,-51.22,-8.16,5.38,8.9,9.26,12.11,-21.77,-4.21,7.06,8.77,11.51,251.34,255.67,254.62,192.15,94.0,60.44,38.42,27.34,15.67,4.16,4.2,3.53,14.54,4.38,230.92,0.019688
Nanning,107.5,22.5,2022,3,2022-03,1.7691,5.367,10.7283,13.2489,15.0234,0.002938,0.005871,0.006112,0.00632,0.00491,-50.99,-6.21,9.22,16.3,18.84,22.49,-18.6,-0.29,12.42,16.94,20.15,266.31,265.41,263.76,204.59,155.26,138.84,22.52,16.29,10.73,5.59,4.68,3.21,25.43,-8.67,485.07,0.026151
Nanning,107.5,22.5,2022,4,2022-04,1.5737,6.4022,9.868,11.3601,13.7422,0.002061,0.005004,0.003388,0.003642,0.002833,-51.56,-5.48,8.47,16.01,19.82,23.59,-19.97,2.14,11.17,14.58,18.74,263.93,266.3,261.91,196.77,146.76,124.96,25.39,12.85,7.67,3.37,3.14,2.02,26.33,-5.56,604.31,0.016928
Nanning,107.5,22.5,2022,5,2022-05,4.2131,8.9221,12.3097,14.7659,18.371,0.003652,0.005165,0.00355,0.004598,0.004057,-49.58,-4.14,10.07,17.14,20.95,24.91,-7.96,6.83,14.49,18.62,23.35,279.91,255.59,247.91,177.68,127.08,101.75,14.75,8.5,5.68,2.83,3.05,2.17,32.54,-11.34,331.22,0.021022
Nanning,107.5,22.5,2022,6,2022-06,4.2043,9.4077,13.7778,17.0793,23.3457,0.002141,0.007515,0.009994,0.008822,0.006939,-49.0,-3.12,11.47,20.53,24.89,28.57,-7.99,7.59,16.21,20.91,27.24,54.22,248.8,248.52,228.99,203.12,177.64,6.29,4.99,7.83,7.11,5.07,2.91,35.98,-17.4,540.11,0.035411
Nanning,107.5,22.5,2022,7,2022-07,3.2712,8.0763,13.0714,16.4481,22.9446,0.000704,0.00287,0.005967,0.006281,0.005371,-48.31,-2.86,12.35,20.83,24.82,28.69,-11.16,5.4,15.4,20.31,26.96,80.59,155.12,200.61,194.91,178.88,168.35,8.98,2.11,3.48,4.48,3.75,2.3,32.16,-15.67,678.04,0.021193
Nanning,107.5,22.5,2022,8,2022-08,3.8267,8.8148,13.3952,16.2368,22.4745,0.002074,0.00254,0.004637,0.004591,0.003675,-48.66,-2.95,11.61,20.17,24.42,28.36,-9.19,6.65,15.78,20.11,26.62,82.78,102.99,151.05,161.38,147.01,134.59,16.19,5.32,2.83,3.39,2.77,1.6,33.94,-15.9,548.73,0.017517
Nanning,107.5,22.5,2022,9,2022-09,3.3199,8.3203,11.9237,14.5639,20.5219,0.001095,0.002415,0.004933,0.004461,0.003305,-49.69,-3.49,10.09,19.17,23.58,27.42,-10.98,5.83,14.01,18.4,25.14,60.91,80.64,96.07,87.73,67.28,36.37,4.83,3.23,2.85,4.06,3.0,1.58,32.41,-11.75,645.63,0.016209
Nanning,107.5,22.5,2022,10,2022-10,2.246,6.7919,8.6628,10.8387,14.7585,0.000341,0.001605,0.005235,0.005627,0.004382,-50.41,-4.17,9.33,15.59,19.6,23.52,-15.77,2.96,9.25,13.87,19.86,178.98,133.38,103.61,82.08,65.71,41.15,1.64,1.49,2.32,5.93,5.09,2.91,22.64,-0.89,791.92,0.01719
Nanning,107.5,22.5,2022,11,2022-11,1.5919,5.2921,10.9122,13.0512,15.6323,0.001481,0.002819,0.004039,0.00519,0.003783,-51.36,-4.74,9.39,15.71,19.25,23.18,-19.83,-0.48,12.68,16.71,20.77,258.11,257.96,237.13,164.27,125.33,105.37,19.43,9.12,5.22,3.63,3.9,2.37,23.25,-7.08,379.3,0.017312
Nanning,107.5,22.5,2022,12,2022-12,1.0029,3.9415,5.9732,5.6856,6.7844,0.002012,0.003911,0.001247,0.002949,0.002965,-51.82,-5.76,5.04,8.3,9.88,13.68,-25.07,-4.43,3.91,4.42,8.09,258.84,270.25,268.88,123.16,70.33,51.95,28.56,19.67,9.73,2.05,5.09,4.29,8.51,10.83,547.82,0.013085
Nanning,107.5,22.5,2023,1,2023-01,0.5991,3.0726,6.3452,6.9181,7.5176,0.001224,0.003449,0.001437,0.002565,0.002311,-52.2,-4.83,7.77,8.43,10.83,14.58,-30.63,-7.68,4.77,7.23,9.59,247.64,264.79,263.6,168.76,93.15,64.37,26.28,20.03,11.01,2.22,3.64,3.02,2.58,10.76,457.35,0.010986
Nanning,107.5,22.5,2023,2,2023-02,0.9488,4.0671,8.6973,9.8596,11.0673,0.001973,0.004351,0.004127,0.004814,0.003993,-51.69,-7.08,6.5,12.44,15.26,19.12,-25.68,-4.01,9.31,12.44,15.39,242.21,259.7,259.18,185.42,129.54,107.28,35.11,20.4,10.49,4.65,4.79,3.54,18.32,-0.87,390.74,0.019257
Nanning,107.5,22.5,2023,3,2023-03,,5.1218,9.6081,10.9477,12.176,,0.006046,0.004552,0.004761,0.00382,-52.59,-8.79,7.09,14.74,17.98,21.97,,-0.92,10.78,14.02,16.86,262.73,269.63,268.42,196.0,144.79,128.22,40.6,20.26,11.58,4.65,4.26,3.08,26.29,-6.99,494.54,0.019179
Nanning,107.5,22.5,2023,4,2023-04,1.1687,6.3748,11.5725,14.2814,16.4063,0.001951,0.007844,0.006764,0.006961,0.005405,-51.5,-5.21,10.41,18.71,21.74,25.4,-23.36,2.08,13.56,18.1,21.54,260.55,271.46,265.37,208.56,153.55,131.22,26.44,16.37,12.07,5.73,4.78,3.23,29.15,-12.14,644.25,0.028924
Nanning,107.5,22.5,2023,5,2023-05,2.633,7.6573,12.6936,15.3833,19.9036,0.002753,0.006269,0.007919,0.007578,0.00592,-49.38,-3.25,11.67,20.28,23.97,27.49,-13.84,4.65,14.96,19.26,24.64,274.71,255.25,250.75,201.73,167.49,150.7,11.46,10.25,8.03,6.12,4.83,2.92,31.46,-14.54,665.13,0.030439
Nanning,107.5,22.5,2023,6,2023-06,4.1249,9.1244,13.7615,17.3653,23.1493,0.001467,0.004091,0.00641,0.006819,0.005297,-48.52,-2.55,11.91,20.55,24.78,28.67,-8.23,7.15,16.19,21.17,27.1,28.84,232.52,230.74,196.59,176.07,155.59,2.17,3.49,4.4,4.57,3.85,2.24,34.53,-16.81,544.77,0.024084
Nanning,107.5,22.5,2023,7,2023-07,3.4246,8.4445,13.3887,16.8854,23.2871,0.000803,0.003048,0.006269,0.006786,0.005706,-47.54,-2.23,12.54,21.09,25.22,28.98,-10.59,6.04,15.77,20.73,27.2,79.99,153.27,219.17,200.66,188.18,175.65,14.37,2.3,3.54,4.59,3.94,2.4,32.58,-16.09,664.38,0.022612
Nanning,107.5,22.5,2023,8,2023-08,4.1656,10.0527,14.6727,16.9235,22.6306,0.000399,0.00064,0.002637,0.00381,0.002722,-47.9,-1.98,12.08,20.09,24.13,28.06,-8.11,8.55,17.18,20.76,26.73,52.61,157.49,222.17,211.62,203.12,182.59,9.72,0.94,0.62,1.76,2.21,1.18,35.71,-18.08,363.47,0.010208
Nanning,107.5,22.5,2023,9,2023-09,3.5252,9.0371,13.8398,16.2486,21.273,0.001292,0.003051,0.005088,0.004133,0.00247,-49.35,-2.91,11.14,19.11,23.25,27.27,-10.23,7.01,16.28,20.12,25.72,70.94,111.25,101.25,102.29,86.3,51.15,1.94,3.59,3.31,3.61,2.49,1.14,34.17,-15.91,354.13,0.016033
Nanning,107.5,22.5,2023,10,2023-10,2.2072,7.2741,11.475,13.5328,17.1905,0.000824,0.000595,0.00438,0.006096,0.004976,-50.61,-3.78,10.03,16.3,20.08,24.12,-15.98,3.92,13.43,17.27,22.28,239.88,265.62,244.21,96.3,69.63,41.28,10.26,3.66,0.8,3.74,4.42,2.84,27.41,-8.08,358.28,0.016872
Nanning,107.5,22.5,2023,11,2023-11,1.8617,4.7594,8.7586,10.9186,13.6226,0.002546,0.002639,0.002197,0.003564,0.003204,-51.91,-5.3,8.79,14.06,17.37,21.27,-18.0,-1.92,9.42,13.98,18.61,259.59,262.66,259.58,147.76,103.04,75.42,26.34,13.41,5.44,2.46,3.2,2.31,18.07,-0.8,580.42,0.01415
Nanning,107.5,22.5,2023,12,2023-12,1.8207,5.0556,9.4039,10.1368,11.5911,0.003517,0.005346,0.00247,0.002881,0.00305,-51.88,-6.25,6.38,11.26,13.13,16.75,-18.26,-1.1,10.46,12.86,16.11,260.17,261.63,258.52,201.32,102.52,68.61,37.02,18.94,10.37,2.58,2.79,2.58,20.5,-0.6,99.34,0.017263
Nanning,107.5,22.5,2024,1,2024-01,0.956,4.7145,8.2985,9.0972,10.552,0.002673,0.005718,0.004483,0.00402,0.003243,-51.05,-8.78,3.72,10.1,11.99,15.56,-25.6,-2.04,8.63,11.25,14.67,251.99,264.77,259.03,186.44,127.77,93.13,47.55,27.42,11.89,5.3,4.33,3.01,21.75,0.61,183.21,0.020137
Nanning,107.5,22.5,2024,2,2024-02,0.7184,4.2589,9.0526,10.3059,11.6507,0.001984,0.007022,0.006573,0.005207,0.004003,-51.58,-6.82,6.48,13.65,14.96,17.98,-28.7,-3.4,9.9,13.11,16.18,256.59,258.5,255.98,206.25,147.53,117.26,45.78,27.08,16.17,7.12,4.95,3.37,20.49,-2.63,468.46,0.024789
Nanning,107.5,22.5,2024,3,2024-03,0.9059,5.5853,10.1951,12.0601,14.1473,0.001953,0.007886,0.00676,0.006011,0.004716,-51.38,-5.31,8.36,15.87,18.01,21.19,-26.19,0.26,11.66,15.5,19.2,254.22,263.34,259.94,204.72,149.28,122.47,36.11,21.14,13.85,6.5,4.89,3.27,24.74,-6.05,526.19,0.027326
Nanning,107.5,22.5,2024,4,2024-04,1.4885,7.256,11.6843,15.2782,18.2801,0.002836,0.010521,0.009912,0.009156,0.007071,-50.72,-5.46,11.49,21.86,24.78,27.54,-20.61,3.89,13.7,19.15,23.27,264.93,263.35,259.12,220.47,177.94,150.17,35.56,18.68,14.22,8.32,5.88,3.79,33.42,-15.79,1020.42,0.039496
Nanning,107.5,22.5,2024,5,2024-05,3.4013,8.678,13.1777,15.6267,20.2803,0.003956,0.006118,0.004764,0.005594,0.004679,-49.3,-4.03,10.65,18.52,22.19,25.96,-10.67,6.43,15.53,19.51,24.95,272.62,270.45,269.34,190.76,136.51,110.66,22.21,11.41,6.91,3.55,3.51,2.26,33.86,-14.78,373.89,0.025112
Nanning,107.5,22.5,2024,6,2024-06,4.6069,9.1229,14.3001,17.9067,23.5269,0.001759,0.005203,0.009846,0.010088,0.008134,-47.54,-1.94,12.28,20.73,24.82,28.56,-6.81,7.15,16.78,21.66,27.37,33.68,236.09,231.4,204.7,181.92,159.99,5.16,3.74,5.59,6.75,5.52,3.39,34.32,-17.76,493.5,0.035029
Nanning,107.5,22.5,2024,7,2024-07,3.6481,8.439,13.3268,17.1362,22.9818,0.001131,0.003769,0.008417,0.008649,0.007174,-47.09,-1.94,12.51,20.45,24.47,28.26,-9.79,6.03,15.7,20.96,26.99,66.29,125.92,185.11,181.1,168.92,157.97,14.94,3.04,4.38,6.19,4.95,3.06,31.61,-15.0,593.64,0.02914
Nanning,107.5,22.5,2024,8,2024-08,3.3481,8.3528,13.3014,16.2136,22.6737,0.000831,0.003425,0.006447,0.006057,0.004456,-48.46,-2.63,11.97,20.62,24.55,28.11,-10.87,5.88,15.67,20.09,26.76,71.21,217.33,223.92,217.27,205.36,186.22,4.35,2.44,4.02,4.75,3.66,1.93,32.84,-15.81,619.19,0.021217
Nanning,107.5,22.5,2024,9,2024-09,3.7482,8.2785,12.8522,15.8197,21.1473,0.001769,0.003823,0.005602,0.005137,0.003912,-48.58,-2.49,11.41,19.51,23.41,27.12,-9.45,5.76,15.15,19.7,25.63,60.68,79.48,86.05,82.37,62.07,29.2,2.88,4.63,4.53,4.27,3.18,1.81,31.51,-13.42,545.9,0.020243
Nanning,107.5,22.5,2024,10,2024-10,2.3182,6.8953,9.7531,11.7323,15.2949,0.000478,0.000669,0.005023,0.006546,0.00547,-50.49,-3.98,10.38,15.72,18.81,22.64,-15.39,3.17,11.0,15.07,20.43,281.78,263.26,29.11,77.22,56.71,32.99,4.77,2.02,0.95,5.05,5.47,3.51,23.5,-3.5,590.08,0.018187
Nanning,107.5,22.5,2024,11,2024-11,1.7874,4.8953,9.3163,10.5609,13.0261,0.001838,0.001673,0.003363,0.005187,0.004492,-50.42,-5.49,7.8,13.28,16.26,20.2,-18.48,-1.54,10.33,13.48,17.91,256.77,257.68,259.41,81.83,65.47,45.69,22.18,10.08,3.35,3.54,4.82,3.38,19.76,-1.59,369.05,0.016553
Nanning,107.5,22.5,2024,12,2024-12,0.5468,3.1587,7.0117,6.766,7.899,0.00097,0.003077,0.001608,0.003409,0.003087,-50.58,-4.22,7.43,9.23,11.53,15.03,-31.59,-7.32,6.19,6.91,10.32,254.37,268.33,269.0,150.19,91.98,69.88,27.82,17.4,9.55,2.25,4.94,3.83,4.89,9.04,379.42,0.012152
Wuzhou,112.5,22.5,2005,1,2005-01,0.571,3.105,5.855,5.959,6.855,0.001503,0.004073,0.002284,0.001659,0.002796,-53.03,-7.28,6.1,8.01,10.4,13.7,-31.13,-7.54,3.63,5.09,8.24,259.81,270.58,273.57,241.76,90.0,55.59,42.16,25.82,12.86,3.83,2.73,4.0,5.28,9.85,547.15,0.012315
Wuzhou,112.5,22.5,2005,2,2005-02,0.629,3.98,8.508,8.978,9.895,0.00163,0.006249,0.006409,0.002908,0.003615,-52.5,-9.0,6.15,11.98,13.1,16.08,-30.12,-4.3,8.99,11.05,13.69,264.54,264.24,263.25,230.99,145.26,78.41,46.32,25.41,15.4,7.39,3.18,3.58,19.52,-1.9,373.47,0.02081
Wuzhou,112.5,22.5,2005,3,2005-03,1.135,5.098,8.235,8.902,10.339,0.002463,0.006415,0.003794,0.003179,0.003801,-52.38,-8.79,5.4,11.74,13.92,17.18,-23.69,-0.98,8.52,10.92,14.36,265.24,266.58,265.35,225.09,127.46,79.94,44.38,21.28,12.34,4.52,3.5,3.61,22.66,-0.81,402.98,0.019653
Wuzhou,112.5,22.5,2005,4,2005-04,1.37,6.256,10.605,12.19,14.475,0.002282,0.00641,0.006119,0.004831,0.003776,-52.62,-6.18,8.31,15.79,19.19,22.63,-21.56,1.82,12.25,15.66,19.56,260.19,267.4,262.39,226.43,176.61,127.86,30.12,16.34,10.05,5.66,3.89,2.56,27.73,-7.84,442.69,0.023419
Wuzhou,112.5,22.5,2005,5,2005-05,2.658,7.604,12.47,15.55,19.973,0.003283,0.007476,0.009918,0.009843,0.006505,-50.89,-4.91,10.67,19.65,23.34,26.11,-13.73,4.55,14.69,19.43,24.7,271.48,253.75,248.33,225.68,195.89,161.0,13.93,12.11,9.64,7.8,6.21,3.19,33.13,-15.01,620.23,0.037025
Wuzhou,112.5,22.5,2005,6,2005-06,4.479,9.37,13.622,16.761,21.603,0.00193,0.006737,0.009916,0.010107,0.006877,-49.15,-3.0,11.4,20.0,23.85,27.21,-7.18,7.53,16.04,20.61,25.97,4.99,235.22,232.32,218.46,196.5,170.6,4.37,4.22,7.05,7.14,5.91,3.12,35.17,-16.35,495.39,0.035567
Wuzhou,112.5,22.5,2005,7,2005-07,2.407,6.909,11.957,15.557,21.185,0.000979,0.003134,0.005696,0.006854,0.004699,-49.27,-3.36,11.51,20.15,24.15,27.51,-14.93,3.2,14.05,19.44,25.66,86.06,145.83,176.39,186.64,179.2,168.33,7.57,3.99,4.45,4.67,4.32,2.17,29.25,-12.68,762.45,0.021361
Wuzhou,112.5,22.5,2005,8,2005-08,3.034,8.024,12.806,16.152,21.17,0.000751,0.002345,0.003956,0.004326,0.002622,-49.37,-3.43,11.46,19.64,23.47,26.98,-12.1,5.31,15.09,20.03,25.64,67.34,102.38,160.43,165.28,159.49,157.23,7.22,2.43,2.87,3.03,2.63,1.21,32.01,-14.37,568.39,0.013999
Wuzhou,112.5,22.5,2005,9,2005-09,2.785,7.307,12.01,15.093,20.011,0.001039,0.003323,0.006729,0.00795,0.00582,-49.88,-3.86,10.43,18.84,22.98,26.59,-13.16,3.99,14.12,18.96,24.73,95.71,98.48,102.17,92.29,80.19,52.41,3.32,3.66,4.46,5.49,5.17,2.85,30.38,-12.01,590.18,0.024862
Wuzhou,112.5,22.5,2005,10,2005-10,1.698,5.61,9.654,11.447,14.644,0.000433,0.000962,0.004861,0.008,0.006945,-51.75,-4.66,9.55,15.92,19.94,23.82,-19.08,0.32,10.85,14.7,19.74,273.28,268.17,30.38,57.4,56.12,35.64,7.0,2.5,1.68,4.94,6.85,4.65,22.2,-4.12,633.81,0.021201
Wuzhou,112.5,22.5,2005,11,2005-11,1.219,4.935,8.81,9.989,12.037,0.001763,0.003117,0.001114,0.004932,0.005096,-52.27,-5.23,8.13,13.86,17.08,21.08,-22.89,-1.43,9.5,12.64,16.68,260.17,258.82,255.99,90.92,72.58,46.46,21.03,14.18,6.19,1.24,4.84,4.15,19.04,-0.66,544.76,0.016022
Wuzhou,112.5,22.5,2005,12,2005-12,1.634,4.962,5.297,4.925,6.033,0.003045,0.004996,0.001292,0.004018,0.004274,-52.54,-6.16,6.36,9.53,10.8,14.18,-19.53,-1.35,2.23,2.4,6.39,252.52,268.71,265.24,63.43,60.01,35.86,28.54,18.27,9.87,2.39,8.0,6.95,10.21,10.9,912.55,0.017626
Wuzhou,112.5,22.5,2006,1,2006-01,0.435,2.965,6.731,6.903,7.99,0.000838,0.003729,0.002031,0.002503,0.003346,-51.8,-5.72,7.22,9.81,12.01,15.22,-33.95,-8.13,5.61,7.2,10.49,254.61,269.45,261.94,229.8,86.78,54.41,32.25,18.89,12.33,2.96,3.56,4.11,5.78,7.67,525.27,0.012446
Wuzhou,112.5,22.5,2006,2,2006-02,0.855,4.797,8.156,8.303,9.174,0.001586,0.004615,0.0026,0.004488,0.00462,-51.82,-8.82,4.62,11.41,13.6,16.96,-26.82,-1.81,8.38,9.89,12.55,260.71,257.36,255.64,190.88,91.19,57.82,41.33,18.19,9.43,3.13,5.3,4.94,22.18,-0.34,379.25,0.017909
Wuzhou,112.5,22.5,2006,3,2006-03,0.971,5.428,9.185,9.951,11.32,0.002084,0.00697,0.004546,0.003417,0.003711,-52.08,-7.55,6.88,13.17,15.46,18.8,-25.43,-0.13,10.12,12.58,15.74,260.18,271.61,268.77,226.84,133.32,82.85,35.36,21.05,12.59,4.85,3.37,3.21,23.82,-3.22,381.78,0.020728
Wuzhou,112.5,22.5,2006,4,2006-04,2.183,6.664,10.879,12.961,15.723,0.003676,0.007698,0.008464,0.005789,0.003096,-52.15,-5.69,9.34,16.97,20.05,23.15,-16.11,2.7,12.63,16.6,20.86,264.07,256.66,254.38,231.97,196.04,144.91,26.34,16.52,11.33,7.63,4.38,1.93,28.65,-9.18,542.56,0.028724
Wuzhou,112.5,22.5,2006,5,2006-05,3.235,7.207,11.345,13.592,17.388,0.002811,0.004535,0.004501,0.003077,0.00192,-51.25,-4.77,9.77,17.87,21.48,24.69,-11.3,3.79,13.26,17.33,22.47,275.13,253.99,245.59,215.69,174.57,118.7,11.75,8.52,6.17,3.89,2.22,1.08,29.92,-10.3,576.36,0.016844
Wuzhou,112.5,22.5,2006,6,2006-06,3.563,8.292,12.432,15.747,21.029,0.001963,0.006089,0.009064,0.0096,0.006319,-49.89,-3.57,11.24,20.05,23.94,26.95,-10.09,5.78,14.64,19.63,25.54,16.11,243.62,230.92,217.27,199.95,176.11,5.15,5.4,7.2,7.15,5.98,2.95,32.8,-13.98,676.08,0.033036
Wuzhou,112.5,22.5,2006,7,2006-07,3.342,8.354,13.066,17.045,22.316,0.001054,0.004791,0.007129,0.007741,0.005803,-48.41,-2.85,11.98,20.6,24.46,27.93,-10.9,5.88,15.4,20.87,26.5,73.24,170.51,193.89,194.95,188.91,179.33,11.37,3.09,5.62,5.35,4.45,2.55,32.75,-15.41,650.17,0.026519
Wuzhou,112.5,22.5,2006,8,2006-08,3.22,7.664,12.943,16.051,21.49,0.001395,0.003455,0.005257,0.005176,0.003012,-49.48,-3.48,11.48,19.79,23.76,27.29,-11.36,4.66,15.25,19.93,25.89,81.91,111.25,123.65,118.82,115.27,98.37,5.9,4.25,4.42,3.98,3.16,1.37,31.7,-14.91,566.88,0.018296
Wuzhou,112.5,22.5,2006,9,2006-09,3.202,7.153,11.686,14.393,18.628,0.000735,0.001747,0.005231,0.006866,0.005082,-50.77,-3.81,10.74,17.7,21.82,25.73,-11.43,3.69,13.71,18.22,23.57,124.45,68.1,86.17,70.99,58.99,30.3,1.04,2.25,2.4,4.39,4.68,2.68,28.16,-10.02,499.26,0.019662
Wuzhou,112.5,22.5,2006,10,2006-10,1.785,6.625,10.817,12.729,16.193,0.000474,0.001637,0.004519,0.005954,0.005053,-52.14,-4.39,9.04,16.58,20.94,24.79,-18.5,2.62,12.54,16.32,21.33,265.0,287.67,19.03,55.84,61.2,41.56,6.77,2.6,2.42,4.1,4.59,3.06,27.09,-7.35,504.48,0.017637
Wuzhou,112.5,22.5,2006,11,2006-11,1.296,4.349,8.57,9.781,12.473,0.002081,0.002951,0.001101,0.005208,0.005774,-53.17,-6.63,7.06,14.7,18.25,21.45,-22.19,-3.12,9.1,12.32,17.24,264.17,264.39,255.11,128.23,79.85,51.44,26.0,15.75,6.65,1.26,5.22,4.54,20.24,-2.28,700.46,0.017115
Wuzhou,112.5,22.5,2006,12,2006-12,0.312,3.578,5.448,5.79,7.328,0.000575,0.002125,0.001697,0.004628,0.004917,-51.73,-7.07,3.98,10.72,12.79,15.61,-37.28,-5.7,2.62,4.68,9.21,260.91,264.06,262.9,64.19,60.75,35.6,34.69,18.08,5.82,3.05,7.84,6.58,10.73,8.53,1012.42,0.013942
Wuzhou,112.5,22.5,2007,1,2007-01,0.356,3.173,5.904,5.621,6.522,0.000758,0.003064,0.000139,0.003489,0.004077,-52.47,-7.15,3.71,9.34,10.7,13.75,-35.97,-7.26,3.75,4.26,7.51,257.09,265.05,261.62,342.35,61.33,36.31,41.76,20.87,9.47,0.23,6.09,6.13,9.27,8.64,698.86,0.011526
Wuzhou,112.5,22.5,2007,2,2007-02,0.802,3.836,7.474,8.674,10.175,0.00193,0.00415,0.003483,0.003651,0.0034,-52.1,-9.86,4.25,12.53,15.52,19.02,-27.51,-4.79,7.11,10.54,14.11,256.27,262.18,261.38,223.23,148.77,109.43,46.0,23.6,10.61,4.57,4.13,3.28,20.46,-0.8,677.64,0.016614
Wuzhou,112.5,22.5,2007,3,2007-03,0.816,4.889,9.653,10.599,12.156,0.001698,0.005977,0.006437,0.004689,0.00392,-52.09,-6.62,6.92,14.07,16.26,19.92,-27.33,-1.55,10.85,13.53,16.84,253.0,265.22,258.79,221.34,157.22,107.86,33.59,20.41,11.99,6.54,4.34,3.16,23.07,-4.29,402.56,0.022722
Wuzhou,112.5,22.5,2007,4,2007-04,1.734,5.67,9.945,11.081,12.929,0.003075,0.006078,0.003784,0.00205,0.003149,-52.39,-7.94,8.13,14.82,17.61,21.28,-18.83,0.46,11.29,14.2,17.79,264.82,261.67,263.28,240.27,124.22,73.46,34.56,17.39,10.51,3.73,1.81,2.39,26.39,-7.05,441.1,0.018136
Wuzhou,112.5,22.5,2007,5,2007-05,2.357,6.035,10.978,13.443,17.106,0.001799,0.003461,0.00434,0.003559,0.002251,-50.96,-4.68,10.32,18.32,22.44,25.6,-15.19,1.32,12.76,17.16,22.2,278.44,259.53,245.08,219.77,188.19,144.46,12.4,7.48,5.62,3.88,2.6,1.29,26.77,-9.74,694.47,0.01541
Wuzhou,112.5,22.5,2007,6,2007-06,3.521,7.407,11.865,15.799,21.077,0.001693,0.004887,0.007674,0.008639,0.00592,-49.79,-3.47,11.35,20.09,24.01,27.34,-10.24,4.18,13.93,19.68,25.57,9.84,249.64,235.77,222.32,206.23,183.33,1.76,4.71,6.47,6.34,5.36,2.75,30.32,-12.5,769.56,0.028813
Wuzhou,112.5,22.5,2007,7,2007-07,2.12,6.331,11.389,15.495,21.063,0.000909,0.004362,0.008177,0.009817,0.006998,-49.38,-3.39,11.86,20.37,24.2,27.63,-16.46,1.98,13.32,19.37,25.56,74.79,169.31,191.09,194.39,187.49,175.95,10.97,4.2,6.76,7.04,6.21,3.26,27.2,-11.5,881.86,0.030262
Wuzhou,112.5,22.5,2007,8,2007-08,3.254,7.478,12.183,16.16,21.722,0.000342,0.001089,0.001617,0.001882,0.001987,-49.37,-3.43,11.29,20.09,24.02,27.68,-11.23,4.31,14.33,20.03,26.06,66.9,91.67,144.97,153.04,183.51,202.28,6.29,1.03,1.43,1.3,1.14,0.9,30.88,-13.25,719.48,0.006917
Wuzhou,112.5,22.5,2007,9,2007-09,2.9,6.966,11.361,14.345,19.197,0.000561,0.000886,0.004052,0.006636,0.005641,-50.4,-3.16,10.61,18.15,22.22,26.08,-12.66,3.32,13.28,18.17,24.06,44.32,32.52,62.82,64.24,52.52,24.61,3.56,1.9,1.25,3.5,4.54,2.88,27.3,-9.01,608.74,0.017776
Wuzhou,112.5,22.5,2007,10,2007-10,1.728,4.942,9.406,10.866,14.253,0.000251,0.001086,0.006243,0.009125,0.007838,-51.53,-4.33,9.26,15.76,20.06,23.74,-18.88,-1.41,10.46,13.91,19.31,265.24,278.47,78.22,68.36,58.61,38.0,5.42,1.43,2.16,6.51,8.24,5.39,19.89,-3.03,661.94,0.024544
Wuzhou,112.5,22.5,2007,11,2007-11,1.291,3.59,5.425,6.38,8.317,0.001124,0.000593,0.003461,0.005729,0.005352,-51.55,-6.65,7.25,12.59,15.44,18.77,-22.24,-5.66,2.56,6.06,11.08,244.34,263.34,322.78,58.6,51.27,27.46,20.78,8.54,1.62,6.26,8.81,6.31,8.89,7.29,1253.73,0.01626
Wuzhou,112.5,22.5,2007,12,2007-12,0.538,3.056,6.236,6.728,8.126,0.001037,0.00307,0.000312,0.003144,0.004005,-52.61,-5.96,5.93,10.97,13.72,16.94,-31.76,-7.75,4.52,6.82,10.74,268.29,265.09,261.01,219.21,70.5,42.9,29.41,18.91,9.85,0.49,4.58,4.83,7.77,7.52,806.18,0.011568
Wuzhou,112.5,22.5,2008,1,2008-01,0.939,3.078,6.54,5.896,6.292,0.001699,0.00348,0.002239,0.003003,0.003489,-52.81,-7.03,7.95,9.79,10.51,12.88,-25.79,-7.65,5.2,4.94,7.0,245.99,252.89,247.74,193.08,73.12,36.17,33.87,17.75,11.09,3.36,5.0,5.44,6.41,6.83,574.07,0.01391
Wuzhou,112.5,22.5,2008,2,2008-02,0.673,4.351,5.151,4.825,5.86,0.001807,0.005641,0.00042,0.002803,0.003566,-51.26,-5.47,2.97,7.03,8.23,11.69,-29.4,-3.11,1.84,2.12,5.97,250.65,263.52,264.72,268.57,54.72,30.73,29.4,26.33,12.71,0.8,5.7,5.97,8.26,14.23,648.4,0.014237
Wuzhou,112.5,22.5,2008,3,2008-03,1.137,4.478,7.537,8.422,10.098,0.002358,0.004045,0.001705,0.002633,0.002712,-52.9,-8.85,5.37,12.75,16.2,19.67,-23.67,-2.73,7.23,10.1,14.0,268.75,267.63,266.38,213.05,120.58,86.95,37.62,20.34,8.86,2.22,3.07,2.63,20.73,-0.15,690.01,0.013453
Wuzhou,112.5,22.5,2008,4,2008-04,1.635,6.374,10.623,11.951,13.876,0.002111,0.005638,0.005601,0.004128,0.003432,-52.47,-5.89,8.95,16.36,19.5,23.11,-19.52,2.08,12.27,15.35,18.89,271.75,262.74,244.82,214.92,157.98,107.76,22.25,12.66,8.67,5.17,3.39,2.43,27.65,-8.16,510.83,0.02091
Wuzhou,112.5,22.5,2008,5,2008-05,3.184,7.35,11.401,13.228,16.655,0.002936,0.004515,0.004157,0.003315,0.002229,-50.89,-4.64,9.97,17.65,21.71,25.31,-11.5,4.07,13.33,16.91,21.78,290.0,260.96,243.05,214.4,169.92,130.36,11.34,9.04,6.02,3.58,2.46,1.31,29.72,-10.09,539.57,0.017152
Wuzhou,112.5,22.5,2008,6,2008-06,3.64,7.69,11.99,15.527,20.486,0.002455,0.006564,0.008878,0.009179,0.006045,-50.36,-3.89,10.58,19.17,23.09,26.62,-9.82,4.71,14.09,19.41,25.11,299.49,234.29,228.1,221.48,210.01,189.95,1.93,6.61,8.37,7.26,5.8,2.89,31.28,-12.31,634.63,0.03312
Wuzhou,112.5,22.5,2008,7,2008-07,2.615,7.093,11.374,15.374,21.105,0.00092,0.004219,0.006586,0.007853,0.006086,-49.62,-4.0,11.21,20.14,24.12,27.55,-13.93,3.57,13.3,19.25,25.59,66.56,212.45,208.01,210.36,203.03,191.63,7.29,3.45,5.83,5.68,5.01,2.83,29.79,-11.84,855.56,0.025665
Wuzhou,112.5,22.5,2008,8,2008-08,2.579,6.86,11.822,15.552,20.86,0.000762,0.002189,0.003735,0.004376,0.002989,-50.06,-3.76,11.37,19.89,23.91,27.54,-14.1,3.1,13.88,19.43,25.4,57.11,119.57,166.32,172.21,168.08,155.62,10.79,2.9,3.13,3.1,2.76,1.41,29.26,-12.48,751.4,0.014051
Wuzhou,112.5,22.5,2008,9,2008-09,2.302,6.654,11.513,14.484,20.521,0.000811,0.002312,0.004442,0.005181,0.003907,-50.45,-3.86,10.77,19.36,23.44,27.14,-15.47,2.68,13.48,18.32,25.14,64.1,102.87,106.36,87.58,68.77,43.7,2.31,3.46,3.41,3.78,3.51,1.87,28.6,-11.28,735.09,0.016654
Wuzhou,112.5,22.5,2008,10,2008-10,2.056,5.39,10.998,13.22,16.447,0.000645,0.001116,0.005476,0.009496,0.007826,-51.63,-4.78,10.42,16.81,20.92,24.82,-16.83,-0.23,12.79,16.9,21.58,271.77,195.84,143.41,88.12,75.19,53.89,7.45,3.08,2.03,4.88,7.04,4.67,23.73,-8.41,502.14,0.024558
Wuzhou,112.5,22.5,2008,11,2008-11,0.962,3.253,6.415,7.408,10.013,0.001187,0.001309,0.002814,0.005959,0.006461,-51.76,-6.65,7.16,13.31,15.91,19.38,-25.53,-6.94,4.92,8.22,13.87,259.14,258.76,262.14,69.16,55.48,32.28,25.64,12.1,3.95,4.3,7.89,6.33,10.78,4.23,1048.73,0.017731
Wuzhou,112.5,22.5,2008,12,2008-12,0.824,2.736,4.72,5.059,6.776,0.001484,0.001461,0.001392,0.003604,0.004263,-51.87,-7.61,4.92,10.56,13.16,16.14,-27.22,-9.16,0.63,2.78,8.07,258.24,268.8,246.72,87.82,65.75,41.52,34.04,17.66,5.24,2.89,6.99,6.17,4.72,9.88,1240.94,0.012205
Wuzhou,112.5,22.5,2009,1,2009-01,0.259,2.387,4.22,4.413,5.613,0.000595,0.001587,0.000485,0.002698,0.00326,-52.43,-7.57,3.2,8.2,10.06,13.18,-39.1,-10.88,-0.9,0.88,5.36,256.2,271.83,261.71,83.38,66.09,41.44,39.33,22.51,6.52,1.13,5.99,5.7,0.79,13.26,1137.14,0.008624
Wuzhou,112.5,22.5,2009,2,2009-02,0.482,3.109,8.113,9.591,11.253,0.000823,0.002954,0.004109,0.004489,0.004029,-52.21,-4.51,7.06,14.18,17.76,21.0,-32.9,-7.53,8.3,12.03,15.65,246.4,254.51,244.92,201.87,149.64,109.98,24.8,16.74,9.32,4.97,4.59,3.51,12.4,1.44,735.41,0.016404
Wuzhou,112.5,22.5,2009,3,2009-03,1.014,4.739,9.346,10.138,11.407,0.001879,0.005518,0.005339,0.003632,0.004139,-52.97,-7.01,8.1,13.94,15.57,19.15,-24.95,-1.97,10.37,12.86,15.86,253.42,257.09,256.43,218.4,130.04,79.64,32.07,18.17,11.42,5.6,3.51,3.56,21.25,-3.81,446.06,0.020506
Wuzhou,112.5,22.5,2009,4,2009-04,1.468,6.529,9.993,11.381,13.898,0.002091,0.005417,0.003468,0.005755,0.005732,-50.98,-6.71,7.79,15.0,18.53,22.05,-20.77,2.41,11.36,14.61,18.92,271.05,265.61,257.36,190.15,114.29,81.47,30.45,13.97,8.14,3.4,4.96,4.04,27.7,-6.11,454.68,0.022464
Wuzhou,112.5,22.5,2009,5,2009-05,2.462,6.754,10.709,12.77,16.368,0.001064,0.002243,0.003627,0.005716,0.004841,-50.51,-4.94,9.7,16.87,20.97,24.73,-14.66,2.88,12.39,16.37,21.5,293.44,266.21,213.98,155.83,122.06,90.79,8.12,4.24,3.26,3.32,4.39,2.9,27.39,-7.92,559.55,0.01749
Wuzhou,112.5,22.5,2009,6,2009-06,3.311,7.637,12.11,15.508,20.885,0.001132,0.003959,0.006785,0.007184,0.005172,-49.52,-3.5,11.35,19.85,23.91,27.21,-11.01,4.61,14.24,19.39,25.42,30.88,257.95,234.53,213.72,193.36,169.8,6.78,3.35,5.08,5.49,4.54,2.43,30.85,-12.9,700.84,0.024232
Wuzhou,112.5,22.5,2009,7,2009-07,2.234,7.281,12.134,16.021,21.481,0.000939,0.004036,0.006694,0.007486,0.005101,-48.64,-2.63,11.79,20.1,24.09,27.68,-15.83,3.94,14.27,19.9,25.88,71.68,141.8,174.4,180.53,172.22,158.06,12.5,4.12,5.44,5.41,4.58,2.33,29.15,-12.34,728.37,0.024256
Wuzhou,112.5,22.5,2009,8,2009-08,2.511,7.706,12.87,16.088,21.833,0.000841,0.001977,0.001845,0.000542,0.000824,-48.84,-3.22,11.9,20.71,24.88,28.13,-14.42,4.74,15.17,19.96,26.15,67.81,114.85,110.96,98.59,88.27,288.92,7.62,3.28,2.52,1.41,0.33,0.37,31.93,-15.39,692.77,0.006029
Wuzhou,112.5,22.5,2009,9,2009-09,2.356,6.875,12.316,15.683,20.739,0.001688,0.004088,0.008477,0.010095,0.007842,-49.13,-3.45,11.26,19.59,23.62,27.25,-15.19,3.13,14.5,19.56,25.31,118.19,109.11,93.44,84.64,72.48,50.47,2.84,7.03,5.83,6.75,6.31,3.71,29.41,-13.11,636.33,0.032189
Wuzhou,112.5,22.5,2009,10,2009-10,1.714,5.831,9.407,11.123,14.694,0.000627,0.001012,0.004707,0.007172,0.006008,-50.78,-3.93,9.83,16.5,20.65,24.35,-18.97,0.85,10.47,14.26,19.79,263.88,302.01,31.54,64.27,65.42,45.51,6.76,3.58,1.7,4.91,6.32,4.01,21.91,-3.35,754.32,0.019524
Wuzhou,112.5,22.5,2009,11,2009-11,0.862,4.325,7.194,7.69,9.799,0.001136,0.002663,0.000717,0.003986,0.004764,-52.14,-4.91,7.56,12.62,14.31,17.73,-26.73,-3.2,6.56,8.76,13.54,267.6,266.14,253.85,109.73,60.41,34.06,21.51,12.93,6.04,0.98,5.08,4.77,13.33,4.74,757.66,0.013266
Wuzhou,112.5,22.5,2009,12,2009-12,0.57,3.187,6.792,7.166,8.663,0.001381,0.003454,0.001409,0.003254,0.004152,-53.41,-7.68,4.49,9.72,12.11,15.62,-31.15,-7.2,5.74,7.74,11.69,267.19,268.77,262.59,217.21,85.62,53.13,43.4,23.76,10.63,2.03,4.45,4.7,11.44,5.65,497.9,0.013649
Wuzhou,112.5,22.5,2010,1,2010-01,0.832,4.145,7.838,8.287,9.527,0.001689,0.00398,0.002906,0.003827,0.004493,-52.84,-6.4,5.3,10.76,12.33,15.39,-27.12,-3.76,7.8,9.86,13.12,254.74,266.26,256.86,206.64,108.27,64.38,35.53,19.91,9.42,3.64,4.53,4.62,15.9,3.46,370.2,0.016895
Wuzhou,112.5,22.5,2010,2,2010-02,0.599,3.795,8.483,9.558,10.961,0.001563,0.006216,0.00785,0.004556,0.003245,-53.57,-8.03,6.24,12.94,14.69,17.6,-30.63,-4.93,8.95,11.98,15.25,264.68,262.09,253.1,227.68,177.55,113.12,50.76,25.59,16.06,9.08,4.67,2.9,18.75,-1.79,498.94,0.02343
Wuzhou,112.5,22.5,2010,3,2010-03,0.709,4.524,8.274,9.559,10.867,0.001608,0.005332,0.004907,0.003569,0.003177,-52.42,-6.84,8.01,13.92,15.87,19.33,-28.84,-2.6,8.58,11.98,15.11,261.22,259.9,254.34,214.21,150.91,97.82,41.98,22.24,11.56,5.82,3.66,2.87,18.74,-1.03,667.09,0.018594
Wuzhou,112.5,22.5,2010,4,2010-04,1.158,6.603,11.161,12.419,14.327,0.002049,0.007692,0.006755,0.005525,0.004932,-51.99,-6.05,8.74,15.68,17.67,21.16,-23.46,2.57,13.01,15.94,19.4,267.5,261.45,255.5,215.54,145.84,95.61,34.9,17.35,11.42,5.94,4.36,3.38,28.57,-8.97,333.13,0.026954
Wuzhou,112.5,22.5,2010,5,2010-05,2.576,7.571,12.026,14.686,18.6,0.002582,0.006116,0.007948,0.007341,0.005163,-49.97,-3.72,10.82,18.63,22.44,25.5,-14.11,4.49,14.14,18.54,23.55,296.57,269.42,254.4,218.11,181.64,140.81,15.52,9.83,7.92,6.48,4.9,2.72,30.16,-11.7,561.39,0.029151
Wuzhou,112.5,22.5,2010,6,2010-06,3.825,8.397,12.63,15.761,20.272,0.002749,0.007448,0.009369,0.00889,0.005625,-49.3,-3.36,11.33,19.48,23.23,26.39,-9.19,5.96,14.88,19.64,24.94,316.57,259.46,245.26,221.6,196.27,165.96,7.49,7.05,8.7,7.27,5.53,2.72,32.35,-13.7,574.72,0.034082
Wuzhou,112.5,22.5,2010,7,2010-07,2.863,7.249,12.161,15.816,21.549,0.000838,0.004093,0.008309,0.01062,0.007616,-49.24,-3.62,11.9,20.45,24.39,27.88,-12.82,3.87,14.31,19.69,25.93,68.6,154.86,188.93,190.4,177.74,162.19,11.48,2.87,5.54,6.7,6.59,3.47,30.35,-13.75,767.95,0.031477
Wuzhou,112.5,22.5,2010,8,2010-08,2.984,7.829,12.425,15.403,21.612,0.001505,0.0033,0.004313,0.004877,0.003001,-49.73,-3.43,11.27,19.9,23.76,27.32,-12.31,4.96,14.63,19.28,25.98,74.96,103.92,128.62,137.5,133.83,119.95,7.05,4.95,4.13,3.4,3.1,1.36,31.65,-13.67,658.38,0.016997
Wuzhou,112.5,22.5,2010,9,2010-09,2.859,7.722,12.005,15.044,20.782,0.000679,0.000776,0.0013,0.001631,0.000582,-50.56,-3.67,10.48,19.47,23.4,26.83,-12.83,4.77,14.11,18.91,25.34,60.78,70.94,174.17,171.34,148.85,123.11,5.02,2.33,0.99,1.06,1.06,0.27,31.54,-12.43,669.79,0.004968
Wuzhou,112.5,22.5,2010,10,2010-10,2.341,6.776,10.129,11.384,14.756,0.000673,0.001417,0.006719,0.010374,0.008977,-51.09,-4.46,9.72,15.67,18.69,22.78,-15.27,2.93,11.56,14.61,19.86,288.1,298.38,58.56,73.57,56.83,33.58,9.11,2.82,2.05,6.51,8.94,5.97,24.9,-4.84,513.35,0.02816
Wuzhou,112.5,22.5,2010,11,2010-11,0.941,3.706,6.234,7.335,9.456,0.001509,0.001552,0.002194,0.005546,0.00558,-52.58,-6.17,7.0,12.65,15.85,19.18,-25.77,-5.24,4.51,8.07,13.0,261.48,261.29,266.79,69.83,63.05,39.74,27.88,15.72,4.11,3.45,7.41,5.79,11.09,5.76,1016.91,0.016381
Wuzhou,112.5,22.5,2010,12,2010-12,1.047,3.528,5.14,5.849,7.561,0.002365,0.003756,0.000169,0.00275,0.003444,-52.46,-5.92,5.94,11.07,13.13,16.42,-24.59,-5.88,1.81,4.82,9.67,260.09,270.72,274.45,343.81,63.6,38.0,31.31,22.15,10.44,0.32,4.61,4.47,6.98,10.1,1157.49,0.012485
Wuzhou,112.5,22.5,2011,1,2011-01,0.791,3.429,5.596,4.324,4.717,0.002014,0.004197,0.000464,0.003167,0.003503,-52.62,-7.64,3.85,6.79,6.81,10.0,-27.67,-6.25,3.0,0.6,2.9,247.01,262.45,262.87,223.51,55.09,29.8,36.75,24.97,12.0,0.81,7.18,7.28,7.32,11.23,473.94,0.013345
Wuzhou,112.5,22.5,2011,2,2011-02,0.473,3.146,6.984,7.168,8.33,0.001072,0.003419,0.002674,0.002478,0.002873,-51.77,-8.18,5.26,10.32,12.32,15.78,-33.09,-7.37,6.14,7.74,11.11,258.3,270.67,268.01,225.54,117.02,73.33,34.57,22.23,10.66,3.75,3.39,3.38,12.0,4.13,523.09,0.012516
Wuzhou,112.5,22.5,2011,3,2011-03,1.266,4.716,6.932,7.288,8.288,0.002551,0.0046,0.001016,0.004197,0.004288,-52.29,-7.65,6.21,10.54,12.19,16.03,-22.46,-2.04,6.03,7.98,11.03,252.88,260.15,259.64,156.64,74.07,47.32,34.76,19.76,9.57,1.44,5.65,5.07,15.97,4.58,564.0,0.016653
Wuzhou,112.5,22.5,2011,4,2011-04,1.408,5.073,8.941,10.005,11.85,0.002006,0.003192,0.001418,0.002777,0.002363,-52.73,-5.93,7.88,14.79,18.37,22.17,-21.25,-1.05,9.72,12.66,16.44,266.04,273.04,270.84,188.13,126.79,100.91,28.52,13.97,6.17,1.56,2.72,1.96,21.5,-2.57,634.0,0.011756
Wuzhou,112.5,22.5,2011,5,2011-05,2.589,6.576,11.711,13.455,16.476,0.00209,0.004548,0.00512,0.002635,0.001895,-50.82,-4.58,10.42,17.31,21.16,24.7,-14.05,2.51,13.74,17.18,21.61,282.72,261.57,247.82,230.96,178.51,118.61,13.9,7.92,6.78,4.29,1.92,1.13,27.72,-10.46,446.43,0.016287
Wuzhou,112.5,22.5,2011,6,2011-06,2.934,8.521,12.999,16.295,21.37,0.001045,0.005371,0.008841,0.009726,0.006932,-49.45,-3.08,11.49,19.94,24.16,27.56,-12.51,6.17,15.32,20.16,25.8,33.0,187.74,199.96,192.56,178.04,159.0,5.07,3.49,6.18,6.67,5.85,3.18,33.02,-14.8,577.41,0.031915
Wuzhou,112.5,22.5,2011,7,2011-07,3.183,7.771,12.456,15.932,21.642,0.000942,0.002092,0.00338,0.004445,0.003422,-49.22,-3.24,11.75,20.21,24.39,27.91,-11.5,4.86,14.67,19.81,26.0,82.7,119.74,179.78,196.6,190.53,186.67,9.84,2.9,2.64,2.66,2.74,1.55,31.23,-13.87,692.43,0.014281
Wuzhou,112.5,22.5,2011,8,2011-08,2.425,6.949,11.885,15.104,21.115,0.000281,0.002102,0.00236,0.001956,0.001188,-49.75,-3.88,11.32,20.04,24.17,27.51,-14.84,3.28,13.96,18.97,25.6,91.29,156.14,161.93,166.04,180.0,202.38,6.22,1.14,2.97,1.95,1.27,0.55,29.84,-12.91,760.12,0.007887
Wuzhou,112.5,22.5,2011,9,2011-09,2.668,8.157,12.645,14.916,19.539,0.00122,0.004684,0.007976,0.009659,0.00757,-50.02,-3.59,10.69,18.84,22.44,26.09,-13.68,5.55,14.9,18.78,24.34,73.79,92.17,102.41,92.41,73.53,47.03,4.98,4.48,5.63,6.19,6.35,3.8,32.19,-13.32,492.39,0.031109
Wuzhou,112.5,22.5,2011,10,2011-10,2.337,6.656,10.183,11.915,14.814,0.000672,0.001069,0.005512,0.009738,0.008268,-52.04,-5.32,9.46,15.54,18.88,22.58,-15.29,2.68,11.64,15.31,19.92,264.92,244.8,124.4,86.87,69.55,45.0,10.73,2.82,1.58,5.31,8.01,5.47,25.72,-5.71,487.19,0.025258
Wuzhou,112.5,22.5,2011,11,2011-11,1.535,5.394,8.422,9.909,12.342,0.001669,0.001257,0.00494,0.008264,0.007204,-52.0,-7.59,7.47,14.45,17.73,21.19,-20.25,-0.22,8.84,12.52,17.07,243.08,234.66,195.74,80.29,65.97,42.95,25.56,10.67,2.29,5.75,8.18,5.72,23.19,-2.64,701.04,0.023335
Wuzhou,112.5,22.5,2011,12,2011-12,0.598,3.99,4.943,4.512,5.666,0.001063,0.003355,0.001577,0.003985,0.004129,-51.6,-5.3,5.71,9.59,10.19,12.84,-30.65,-4.27,1.27,1.19,5.49,256.65,261.95,259.94,56.21,55.63,31.09,27.59,17.43,8.25,3.13,8.66,7.15,6.18,12.54,1040.02,0.01411
Wuzhou,112.5,22.5,2012,1,2012-01,1.199,3.803,6.887,6.399,6.992,0.002927,0.005648,0.002564,0.003028,0.004109,-51.98,-6.5,5.23,9.3,9.45,12.25,-23.07,-4.9,5.94,6.11,8.53,252.7,261.76,260.4,241.54,72.7,45.21,32.38,23.94,14.56,3.65,4.64,5.76,11.61,6.99,420.53,0.018275
Wuzhou,112.5,22.5,2012,2,2012-02,0.353,3.561,7.97,8.295,8.88,0.000815,0.004994,0.004583,0.003511,0.004113,-52.68,-6.77,6.24,11.15,11.74,14.74,-36.06,-5.76,8.04,9.88,12.06,251.18,262.54,255.26,214.82,106.95,61.46,31.16,22.65,13.75,5.64,4.15,4.54,13.96,2.4,388.68,0.018016
Wuzhou,112.5,22.5,2012,3,2012-03,0.836,5.379,8.996,9.657,11.02,0.001541,0.006069,0.004387,0.004193,0.004271,-52.01,-6.96,7.48,13.86,15.71,18.88,-27.07,-0.26,9.81,12.13,15.33,251.15,260.29,251.61,208.07,122.53,76.77,29.81,18.08,11.06,4.78,4.26,3.8,22.89,-2.84,506.38,0.020462
Wuzhou,112.5,22.5,2012,4,2012-04,1.543,5.995,11.524,13.893,16.639,0.002677,0.006807,0.00879,0.007013,0.004508,-53.19,-6.47,9.09,17.2,20.27,23.38,-20.19,1.23,13.5,17.67,21.76,263.15,259.95,251.03,222.78,180.69,131.49,30.6,17.01,11.13,7.48,4.95,2.66,29.31,-11.78,463.05,0.029794
Wuzhou,112.5,22.5,2012,5,2012-05,3.059,8.589,12.667,15.828,20.605,0.001598,0.003928,0.005347,0.005935,0.004351,-50.27,-3.85,10.83,19.42,23.2,26.57,-12.0,6.28,14.93,19.71,25.2,303.99,253.44,236.74,198.74,154.9,117.31,4.74,5.12,4.48,4.14,3.68,2.07,33.65,-14.22,561.65,0.021159
Wuzhou,112.5,22.5,2012,6,2012-06,4.166,9.849,14.127,17.174,21.866,0.001293,0.004426,0.005561,0.004975,0.003232,-49.08,-2.49,11.71,19.72,23.66,27.37,-8.11,8.25,16.6,20.99,26.17,15.74,222.07,223.44,205.3,181.41,154.67,6.12,3.04,4.41,3.86,2.84,1.45,35.35,-16.83,390.47,0.019487
Wuzhou,112.5,22.5,2012,7,2012-07,3.066,8.212,12.862,16.049,21.451,0.00114,0.00415,0.006781,0.007558,0.005396,-49.35,-3.42,11.64,19.84,23.84,27.47,-11.97,5.64,15.16,19.93,25.86,70.31,147.31,175.37,180.22,173.66,162.3,8.82,3.65,4.96,5.17,4.62,2.47,32.42,-14.7,585.1,0.025025
Wuzhou,112.5,22.5,2012,8,2012-08,3.112,8.009,12.553,15.896,21.555,0.000654,0.000695,0.001335,0.00061,0.001196,-48.99,-3.09,11.31,20.13,24.37,27.77,-11.78,5.28,14.79,19.77,25.94,74.61,58.08,107.8,104.44,79.29,233.97,8.44,2.06,0.85,1.04,0.38,0.54,31.98,-13.88,667.68,0.00449
Wuzhou,112.5,22.5,2012,9,2012-09,2.736,7.418,11.115,13.62,18.607,0.000256,0.001075,0.003831,0.006036,0.005094,-51.21,-3.97,10.46,17.81,21.78,25.5,-13.37,4.2,12.95,17.36,23.55,23.66,351.87,103.84,89.32,78.59,51.81,7.42,0.92,1.42,3.38,4.35,2.68,28.47,-8.87,607.38,0.016293
Wuzhou,112.5,22.5,2012,10,2012-10,1.244,5.324,9.431,11.021,14.277,0.00039,0.000695,0.004605,0.006945,0.006128,-51.26,-4.26,9.32,15.82,19.95,24.05,-22.66,-0.4,10.5,14.12,19.34,266.52,275.97,79.66,83.77,78.71,62.4,6.59,3.08,1.28,4.79,6.18,4.21,20.87,-3.08,664.54,0.018763
Wuzhou,112.5,22.5,2012,11,2012-11,1.59,5.941,10.091,10.716,12.635,0.002782,0.005773,0.003733,0.005201,0.005273,-52.5,-6.79,7.79,14.73,16.88,20.35,-19.85,1.11,11.51,13.7,17.44,269.57,262.63,256.1,203.39,107.48,66.38,32.01,17.16,9.53,3.63,4.76,4.09,26.34,-6.17,402.75,0.022763
Wuzhou,112.5,22.5,2012,12,2012-12,0.793,4.284,7.458,7.75,9.081,0.001865,0.005213,0.00138,0.004342,0.005051,-52.68,-6.65,5.48,11.45,12.62,15.82,-27.64,-3.32,7.08,8.88,12.4,264.23,267.09,259.42,220.98,77.28,46.86,37.18,23.07,11.93,1.81,5.49,5.45,16.38,3.46,546.4,0.017852
Wuzhou,112.5,22.5,2013,1,2013-01,0.525,3.191,6.286,6.108,7.164,0.001332,0.003402,0.001308,0.002543,0.00335,-52.41,-6.25,4.85,9.15,10.63,13.83,-32.01,-7.19,4.64,5.44,8.88,254.32,265.18,266.87,231.16,79.98,47.47,37.23,24.88,10.46,2.04,4.08,4.59,8.0,8.81,564.36,0.011935
Wuzhou,112.5,22.5,2013,2,2013-02,1.016,3.989,8.756,9.123,9.931,0.001796,0.004382,0.003923,0.003859,0.00371,-52.16,-6.22,8.22,12.76,14.1,17.51,-24.92,-4.27,9.41,11.29,13.75,252.72,260.8,255.71,211.41,120.89,78.51,27.77,17.33,10.77,4.39,4.15,3.66,15.9,-0.46,418.43,0.01767
Wuzhou,112.5,22.5,2013,3,2013-03,0.738,4.804,8.755,9.947,11.779,0.001453,0.004969,0.003784,0.003577,0.003328,-51.61,-7.96,6.71,14.92,16.88,20.27,-28.41,-1.79,9.41,12.58,16.35,255.86,262.2,262.24,220.98,143.65,105.49,43.06,19.31,10.14,4.24,3.53,2.77,23.79,-4.27,688.86,0.017111
Wuzhou,112.5,22.5,2013,4,2013-04,1.52,6.566,11.109,12.555,14.892,0.002783,0.007463,0.006161,0.004214,0.00393,-51.58,-6.37,8.71,15.7,18.63,22.1,-20.37,2.49,12.94,16.11,20.01,263.79,263.7,260.39,226.27,154.06,99.79,33.73,17.96,11.15,5.44,3.29,2.59,28.8,-9.18,344.41,0.024551
Wuzhou,112.5,22.5,2013,5,2013-05,3.019,7.968,12.347,14.849,19.535,0.00319,0.006938,0.008317,0.0071,0.004668,-50.37,-4.63,10.28,18.83,22.59,25.67,-12.16,5.21,14.54,18.71,24.34,273.07,255.7,244.7,222.12,191.81,153.65,11.58,10.36,8.54,6.61,4.69,2.34,32.93,-13.61,536.47,0.030213
Wuzhou,112.5,22.5,2013,6,2013-06,3.443,7.987,12.889,16.195,21.026,0.001287,0.004669,0.007151,0.007078,0.004631,-49.17,-3.21,11.7,19.54,23.67,27.26,-10.52,5.25,15.19,20.07,25.53,67.27,201.95,204.42,194.8,175.05,153.32,5.15,3.67,5.73,5.44,4.29,2.16,31.49,-14.26,543.57,0.024816
Wuzhou,112.5,22.5,2013,7,2013-07,3.424,8.134,12.357,15.68,21.139,0.00139,0.005168,0.008394,0.009736,0.006733,-49.68,-3.84,11.16,19.36,23.17,27.0,-10.59,5.5,14.55,19.56,25.62,71.38,148.67,172.72,173.62,164.57,151.3,10.62,3.98,6.23,6.66,6.09,3.12,32.1,-13.37,601.24,0.031421
Wuzhou,112.5,22.5,2013,8,2013-08,3.398,8.162,13.003,16.427,21.776,0.001443,0.003927,0.005672,0.005457,0.004189,-49.43,-3.48,11.52,20.14,24.15,27.68,-10.69,5.55,15.33,20.29,26.1,90.62,134.32,152.89,155.41,155.32,149.77,5.53,4.17,4.72,4.28,3.26,1.89,32.98,-15.42,601.84,0.020688
Wuzhou,112.5,22.5,2013,9,2013-09,2.681,7.442,12.315,15.137,20.0,0.001063,0.003365,0.007208,0.009382,0.007205,-50.36,-3.92,10.67,18.9,22.61,26.32,-13.62,4.25,14.5,19.01,24.72,35.16,109.69,106.11,90.2,75.32,51.9,1.94,3.89,4.43,5.74,6.08,3.53,30.89,-12.89,550.15,0.028223
Wuzhou,112.5,22.5,2013,10,2013-10,2.124,5.672,8.246,10.38,13.965,0.001049,0.001178,0.004848,0.007838,0.006699,-51.1,-5.05,8.74,15.21,19.4,23.14,-16.44,0.47,8.53,13.21,19.0,254.36,283.86,12.19,58.76,54.79,33.12,9.01,4.84,2.04,5.77,7.41,4.7,20.52,-0.4,834.65,0.021611
Wuzhou,112.5,22.5,2013,11,2013-11,1.207,6.137,7.651,8.842,10.974,0.001608,0.002401,0.003731,0.007425,0.006552,-52.17,-6.05,6.61,13.45,16.01,19.55,-23.0,1.56,7.45,10.82,15.26,264.95,266.58,248.92,91.92,71.3,45.83,26.12,13.06,3.84,4.78,8.23,5.86,21.89,1.71,750.45,0.021717
Wuzhou,112.5,22.5,2013,12,2013-12,1.141,2.656,4.301,4.338,6.108,0.002914,0.00262,0.000986,0.003099,0.003687,-51.8,-6.54,5.14,7.58,9.68,13.0,-23.63,-9.54,-0.64,0.64,6.57,257.85,263.03,265.14,54.97,51.72,28.12,38.56,25.05,9.67,2.25,7.01,5.92,-1.19,14.66,1027.24,0.013306
Wuzhou,112.5,22.5,2014,1,2014-01,0.452,1.835,4.528,5.192,6.813,0.001033,0.001525,0.000418,0.002216,0.002737,-52.13,-7.51,5.24,8.12,11.35,14.95,-33.55,-14.13,0.06,3.14,8.15,251.85,276.41,279.53,112.04,79.12,51.18,34.02,22.41,8.15,0.91,4.19,3.94,-3.68,12.66,1006.97,0.00793
Wuzhou,112.5,22.5,2014,2,2014-02,0.515,3.427,6.572,7.051,8.184,0.001359,0.0046,0.002843,0.002299,0.002684,-52.01,-6.27,4.52,9.67,10.76,14.16,-32.21,-6.26,5.27,7.5,10.85,267.57,271.51,262.49,225.38,109.17,62.0,34.45,25.87,13.16,4.24,3.2,3.22,10.42,7.62,550.37,0.013785
Wuzhou,112.5,22.5,2014,3,2014-03,0.798,5.213,9.4,9.737,10.971,0.001815,0.006649,0.005646,0.004037,0.003695,-52.19,-8.58,6.78,13.65,14.84,18.4,-27.57,-0.68,10.46,12.26,15.26,258.93,266.04,262.1,224.38,142.59,96.78,38.58,22.3,12.51,5.89,4.07,3.3,25.22,-5.23,399.14,0.021843
Wuzhou,112.5,22.5,2014,4,2014-04,1.194,6.907,11.505,12.596,15.412,0.001437,0.00558,0.004559,0.004991,0.00462,-51.82,-5.91,8.76,16.15,19.36,23.09,-23.12,3.2,13.47,16.16,20.55,262.16,264.07,261.73,209.27,145.7,103.37,25.72,11.8,7.92,3.89,3.89,2.94,29.97,-10.14,334.79,0.021187
Wuzhou,112.5,22.5,2014,5,2014-05,2.982,8.507,12.762,15.273,19.884,0.002886,0.007708,0.009341,0.008361,0.005178,-50.9,-4.54,10.27,19.11,22.89,25.88,-12.31,6.15,15.04,19.15,24.63,276.67,259.13,247.85,219.86,190.41,154.24,10.76,9.49,8.89,7.18,5.37,2.55,34.57,-14.84,508.64,0.033474
Wuzhou,112.5,22.5,2014,6,2014-06,3.81,9.216,13.862,16.93,22.37,0.000564,0.002745,0.004213,0.004406,0.003097,-48.3,-2.48,12.21,20.57,24.43,28.0,-9.24,7.29,16.3,20.77,26.54,24.32,240.25,219.3,201.66,182.47,159.3,4.91,1.45,2.92,2.98,2.55,1.36,34.44,-17.02,533.2,0.015025
Wuzhou,112.5,22.5,2014,7,2014-07,2.805,8.045,12.915,16.361,22.559,0.001153,0.003619,0.005152,0.005402,0.003842,-48.86,-3.14,12.12,20.83,25.0,28.42,-13.07,5.35,15.22,20.23,26.68,58.69,147.26,156.63,161.98,165.15,156.35,5.08,4.03,4.41,3.91,3.24,1.67,32.42,-15.55,701.13,0.019169
Wuzhou,112.5,22.5,2014,8,2014-08,3.164,8.281,12.725,15.792,21.864,0.000715,0.003046,0.004498,0.004737,0.003566,-49.53,-3.39,11.27,20.26,24.28,27.76,-11.58,5.76,15.0,19.67,26.17,68.45,140.13,195.27,197.81,202.38,188.99,10.75,2.22,3.61,3.47,2.94,1.6,33.14,-14.75,658.05,0.016562
Wuzhou,112.5,22.5,2014,9,2014-09,2.4707,7.4703,12.2468,15.0429,20.3044,0.000687,0.002161,0.003668,0.003586,0.002255,-50.19,-3.44,11.04,19.15,23.46,26.97,-14.62,4.3,14.41,18.91,24.96,96.17,111.7,138.82,113.73,103.43,71.17,5.92,2.73,2.84,2.94,2.34,1.09,30.26,-12.48,591.56,0.012358
Wuzhou,112.5,22.5,2014,10,2014-10,1.5086,4.5402,9.7371,11.7155,15.6568,0.000354,0.000647,0.004146,0.006655,0.005902,-51.4,-4.7,9.64,15.77,20.57,24.38,-20.45,-2.55,10.98,15.05,20.8,256.3,253.02,64.85,74.12,71.66,48.02,9.87,2.3,1.4,4.18,5.57,3.7,19.25,-4.22,599.67,0.017705
Wuzhou,112.5,22.5,2014,11,2014-11,1.0319,5.7733,9.5584,10.2332,12.3365,0.001741,0.003854,0.001412,0.005566,0.005872,-52.24,-5.31,6.69,13.62,16.86,20.67,-24.75,0.71,10.7,13.0,17.07,269.62,263.16,252.23,146.68,81.21,50.77,24.77,16.54,6.55,1.45,5.33,4.67,23.65,-2.31,364.49,0.018445
Wuzhou,112.5,22.5,2014,12,2014-12,0.6791,4.3544,5.9719,5.521,6.7302,0.001443,0.004261,0.001302,0.004402,0.004503,-52.2,-5.42,6.01,9.55,10.3,13.46,-29.3,-3.11,3.91,4.01,7.97,261.06,270.34,260.99,84.91,61.98,32.77,32.44,20.84,9.6,2.14,7.82,6.56,9.77,10.01,705.0,0.015911
Wuzhou,112.5,22.5,2015,1,2015-01,0.9208,2.3938,4.9488,5.6515,7.1266,0.001848,0.001967,0.000713,0.002823,0.003206,-52.75,-7.52,6.3,8.7,11.18,14.69,-26.01,-10.85,1.29,4.34,8.81,247.5,264.81,266.47,127.37,77.43,48.76,36.04,19.69,8.06,1.41,4.9,4.41,0.36,11.12,926.96,0.010558
Wuzhou,112.5,22.5,2015,2,2015-02,0.7322,3.5118,7.4838,8.2289,9.6298,0.001902,0.003981,0.003311,0.002761,0.003039,-53.45,-8.97,3.46,10.67,13.27,16.75,-28.5,-5.94,7.13,9.76,13.28,257.82,263.87,261.94,228.03,139.01,85.33,44.9,25.47,11.12,4.34,3.29,3.1,17.36,1.82,442.53,0.014994
Wuzhou,112.5,22.5,2015,3,2015-03,0.7875,5.336,9.9829,10.5416,11.8169,0.001437,0.005878,0.006501,0.004864,0.004164,-53.43,-6.76,7.42,14.2,15.86,19.36,-27.71,-0.37,11.35,13.45,16.4,259.09,263.49,258.13,217.7,149.12,100.28,32.93,17.9,10.8,6.39,4.52,3.46,24.52,-5.36,356.06,0.022844
Wuzhou,112.5,22.5,2015,4,2015-04,1.4511,5.6601,10.1825,11.2817,13.0462,0.00216,0.005019,0.004311,0.002657,0.002419,-52.54,-6.56,8.58,16.28,18.71,22.22,-20.9,0.44,11.64,14.48,17.93,278.19,265.27,259.86,237.05,159.54,114.53,30.46,14.6,8.7,4.15,2.31,1.82,26.34,-7.67,579.34,0.016566
Wuzhou,112.5,22.5,2015,5,2015-05,2.9036,8.7116,13.653,15.9023,20.346,0.002963,0.008858,0.012023,0.010539,0.0067,-50.26,-3.81,10.77,19.66,23.3,26.3,-12.64,6.49,16.07,19.78,25.0,276.97,261.23,247.55,226.79,200.87,168.13,9.23,10.01,9.97,8.64,6.5,3.23,35.25,-16.89,448.05,0.041084
Wuzhou,112.5,22.5,2015,6,2015-06,2.746,8.0246,12.8564,16.1607,21.7345,0.00131,0.006296,0.011408,0.012188,0.008409,-49.01,-2.93,12.01,20.5,24.49,27.82,-13.33,5.31,15.15,20.03,26.07,65.1,199.9,215.82,206.91,192.61,174.92,7.86,4.68,7.69,8.7,7.4,3.79,31.88,-14.85,668.09,0.039611
Wuzhou,112.5,22.5,2015,7,2015-07,3.2791,8.9178,13.4916,16.5924,21.5572,0.000539,0.00386,0.005103,0.00475,0.003761,-48.43,-2.92,11.63,19.71,23.67,27.43,-11.13,6.82,15.89,20.45,25.94,47.68,189.59,208.71,208.59,209.06,202.27,5.65,1.61,4.24,3.71,2.81,1.71,33.71,-15.65,477.59,0.018013
Wuzhou,112.5,22.5,2015,8,2015-08,3.239,7.3597,12.2948,15.4928,21.3936,0.00061,0.001985,0.002301,0.002765,0.003177,-49.62,-3.37,11.5,20.22,24.45,27.84,-11.29,4.09,14.47,19.37,25.81,45.0,268.32,241.68,240.57,236.96,232.67,2.92,1.85,2.64,1.84,1.75,1.46,30.64,-13.6,717.84,0.010837
Wuzhou,112.5,22.5,2015,9,2015-09,2.7579,8.3078,12.3252,15.0172,20.4438,6e-05,0.001017,0.001463,0.00288,0.002403,-50.37,-3.54,11.09,19.05,23.06,26.72,-13.28,5.81,14.51,18.88,25.08,44.12,15.06,245.37,146.26,105.74,60.41,7.2,0.21,1.2,1.16,1.88,1.15,31.82,-12.68,567.46,0.007823
Wuzhou,112.5,22.5,2015,10,2015-10,2.2248,6.6314,10.0169,12.0785,16.0281,0.000924,0.000821,0.003767,0.006362,0.005467,-50.6,-4.23,9.6,16.19,20.27,24.04,-15.88,2.63,11.4,15.52,21.17,250.83,243.54,203.53,84.14,72.34,47.6,8.99,4.07,1.21,3.69,5.17,3.35,24.84,-4.84,599.16,0.01734
Wuzhou,112.5,22.5,2015,11,2015-11,1.3289,5.3596,9.4424,10.9539,13.5123,0.001642,0.003078,0.00272,0.006502,0.006474,-52.46,-6.19,8.11,14.92,17.97,21.68,-21.91,-0.31,10.52,14.03,18.48,276.94,254.99,240.4,147.86,94.71,61.68,25.97,12.12,5.63,2.82,5.82,4.7,23.22,-4.18,550.33,0.020416
Wuzhou,112.5,22.5,2015,12,2015-12,1.0355,5.2686,8.2463,7.9745,9.2319,0.00231,0.005854,0.001731,0.004302,0.005056,-52.59,-6.92,5.62,10.95,11.92,15.26,-24.71,-0.54,8.54,9.3,12.65,255.07,255.65,253.33,203.18,75.94,42.6,37.49,21.88,10.9,2.06,5.29,5.37,20.25,1.79,301.95,0.019252
Wuzhou,112.5,22.5,2016,1,2016-01,1.0709,5.0035,7.7111,8.0118,9.2221,0.002962,0.007807,0.003639,0.002967,0.004389,-52.13,-9.22,4.13,10.2,11.03,14.1,-24.34,-1.24,7.56,9.37,12.63,260.14,254.54,250.05,222.61,95.22,52.6,50.63,27.12,15.3,4.63,3.63,4.67,21.61,1.47,329.5,0.021764
Wuzhou,112.5,22.5,2016,2,2016-02,0.6145,3.4809,5.5817,6.1034,7.3935,0.001696,0.003811,0.000977,0.002084,0.002876,-52.27,-5.43,4.12,9.06,10.61,14.18,-30.36,-6.06,2.96,5.43,9.35,265.47,268.59,263.61,245.92,64.11,39.03,41.44,27.07,10.74,1.72,3.35,3.82,7.27,11.38,762.52,0.011444
Wuzhou,112.5,22.5,2016,3,2016-03,0.8468,5.0106,8.3278,9.1045,10.3617,0.002115,0.006626,0.004803,0.003048,0.002911,-51.98,-7.82,6.1,12.55,14.27,17.6,-26.93,-1.22,8.68,11.26,14.39,268.07,268.89,264.63,229.47,151.38,95.96,50.2,24.5,12.97,5.66,3.28,2.76,21.73,-0.83,483.87,0.019504
Wuzhou,112.5,22.5,2016,4,2016-04,1.3344,7.0002,11.5324,13.7427,16.1286,0.00229,0.009162,0.011136,0.009247,0.005751,-51.92,-6.25,9.66,17.96,20.99,23.86,-21.86,3.39,13.51,17.5,21.27,261.66,258.28,252.25,222.86,192.34,155.2,31.55,16.83,12.83,9.47,6.6,3.5,31.45,-12.34,557.27,0.037585
Wuzhou,112.5,22.5,2016,5,2016-05,2.8464,7.5309,12.5573,15.3067,19.4071,0.002748,0.005763,0.007999,0.007297,0.004718,-50.03,-3.88,11.1,18.56,22.25,25.63,-12.89,4.41,14.8,19.18,24.23,288.39,258.24,245.07,213.28,178.96,140.38,18.01,9.47,7.5,6.25,4.67,2.38,30.54,-13.11,470.35,0.028525
Wuzhou,112.5,22.5,2016,6,2016-06,3.2099,8.1917,12.965,16.0482,21.6617,0.001549,0.005756,0.008773,0.009698,0.007302,-49.11,-3.49,11.92,20.41,24.19,27.57,-11.4,5.6,15.28,19.92,26.02,70.24,226.51,216.97,210.08,195.47,173.46,2.96,4.73,6.89,6.64,5.93,3.31,32.87,-15.61,641.42,0.033079
Wuzhou,112.5,22.5,2016,7,2016-07,2.9755,7.3919,12.3486,16.2064,22.009,0.000662,0.003136,0.006911,0.008936,0.00708,-49.24,-3.67,11.98,20.58,24.53,28.13,-12.34,4.15,14.54,20.08,26.28,68.29,139.92,196.29,201.06,194.7,184.65,6.14,2.18,4.16,5.49,5.41,3.15,30.95,-14.4,754.84,0.026726
Wuzhou,112.5,22.5,2016,8,2016-08,3.85,9.4371,13.975,16.9643,22.4894,0.001336,0.001536,0.002299,0.001527,0.000607,-48.12,-2.28,12.07,20.03,24.29,27.99,-9.11,7.64,16.43,20.8,26.63,71.79,88.3,125.0,122.57,116.47,170.54,7.2,3.4,1.6,1.61,0.88,0.26,34.3,-16.55,449.52,0.007306
Wuzhou,112.5,22.5,2016,9,2016-09,2.9218,9.0264,12.8535,15.5606,20.3534,0.00042,0.000736,0.00324,0.004424,0.00329,-49.4,-2.65,11.31,18.64,22.69,26.6,-12.57,6.99,15.15,19.44,25.0,22.17,9.49,311.53,32.16,30.48,0.75,1.13,1.41,0.8,2.47,2.79,1.59,32.12,-12.7,436.22,0.012109
Wuzhou,112.5,22.5,2016,10,2016-10,2.3711,7.5179,12.2566,14.2994,18.1327,0.000679,0.003152,0.007788,0.010598,0.008457,-50.13,-3.76,10.51,17.46,20.8,24.83,-15.12,4.39,14.43,18.12,23.14,205.4,145.19,114.19,86.1,65.99,42.64,3.41,2.81,4.11,6.23,7.27,4.57,29.53,-11.15,379.37,0.030674
Wuzhou,112.5,22.5,2016,11,2016-11,1.4005,6.1709,9.5413,10.4385,12.6322,0.001471,0.003207,0.002968,0.006412,0.006224,-51.62,-5.33,8.69,14.77,16.32,19.98,-21.31,1.63,10.68,13.3,17.43,262.15,257.05,240.24,127.12,80.72,48.76,20.74,10.3,5.1,3.05,6.02,4.83,23.73,-3.41,511.88,0.020281
Wuzhou,112.5,22.5,2016,12,2016-12,0.6019,4.5165,6.7508,7.3094,8.7975,0.000978,0.00302,0.001665,0.00512,0.005062,-51.68,-5.9,5.9,12.58,13.93,17.16,-30.58,-2.62,5.65,8.02,11.92,258.62,259.76,252.67,103.7,74.29,45.34,31.08,15.94,6.56,2.42,6.87,5.64,15.61,4.85,866.13,0.015845
Wuzhou,112.5,22.5,2017,1,2017-01,1.0027,4.1337,7.7231,8.0998,9.2057,0.001705,0.003433,0.001716,0.004817,0.004765,-52.34,-6.78,6.94,11.28,13.28,16.5,-25.07,-3.8,7.58,9.53,12.6,248.6,261.02,254.95,146.69,87.51,54.73,31.07,16.67,8.14,2.18,5.83,5.08,14.9,2.86,461.67,0.016436
Wuzhou,112.5,22.5,2017,2,2017-02,0.4437,3.3417,6.6427,7.0697,8.4312,0.000989,0.003084,0.001198,0.003111,0.003635,-51.61,-8.55,5.24,9.88,12.29,15.9,-33.74,-6.59,5.42,7.54,11.29,247.25,268.21,261.49,196.12,93.87,60.65,38.61,21.85,9.05,1.77,4.32,4.23,12.02,4.98,557.52,0.012017
Wuzhou,112.5,22.5,2017,3,2017-03,0.9561,5.5898,9.3711,10.2053,11.985,0.002067,0.006822,0.004984,0.004402,0.0041,-52.35,-7.68,6.42,13.34,15.35,19.07,-25.6,0.27,10.41,12.96,16.62,253.78,264.71,260.25,213.66,134.71,87.46,38.42,21.2,11.97,5.22,4.23,3.35,25.27,-3.96,365.47,0.022375
Wuzhou,112.5,22.5,2017,4,2017-04,1.6537,6.395,10.2148,11.9524,14.1824,0.002801,0.006777,0.00533,0.004216,0.003055,-51.82,-5.58,8.89,15.67,18.78,22.54,-19.39,2.12,11.69,15.36,19.24,268.1,261.5,256.66,225.41,174.18,126.93,27.8,16.61,10.39,5.12,3.46,2.11,26.17,-6.17,497.34,0.022179
Wuzhou,112.5,22.5,2017,5,2017-05,2.5621,7.9495,12.1792,14.1854,18.3648,0.002554,0.004843,0.003301,0.003767,0.003717,-50.48,-3.99,10.14,17.65,21.5,25.04,-14.18,5.18,14.33,18.0,23.34,280.25,266.04,252.95,208.14,144.63,97.4,19.06,9.78,5.97,2.66,2.6,1.99,31.01,-11.37,414.9,0.018182
Wuzhou,112.5,22.5,2017,6,2017-06,3.6169,8.394,13.114,16.3978,21.9048,0.002476,0.007759,0.011501,0.011698,0.007735,-49.24,-3.31,11.91,20.2,23.98,27.47,-9.9,5.95,15.45,20.26,26.2,356.58,235.79,222.56,212.67,197.53,176.76,3.51,6.71,9.07,8.6,7.0,3.46,33.0,-15.58,593.12,0.04117
Wuzhou,112.5,22.5,2017,7,2017-07,3.6675,8.5838,12.9244,16.4973,21.6388,0.001644,0.005054,0.007775,0.008652,0.005825,-49.56,-3.3,11.51,19.77,23.6,27.37,-9.73,6.27,15.23,20.36,26.0,59.79,125.89,145.98,148.42,142.56,129.66,5.02,4.4,5.77,5.9,5.14,2.64,33.07,-14.67,566.83,0.02895
Wuzhou,112.5,22.5,2017,8,2017-08,2.9708,8.2828,12.786,16.1907,21.8767,0.000941,0.003339,0.005757,0.007128,0.005264,-48.83,-3.36,11.86,20.34,24.33,27.75,-12.36,5.76,15.07,20.06,26.18,65.67,152.25,188.42,196.92,190.72,177.39,7.35,3.11,3.95,4.42,4.32,2.36,32.67,-14.95,658.98,0.022429
Wuzhou,112.5,22.5,2017,9,2017-09,3.0069,8.3003,12.8126,15.4725,21.3681,0.000996,0.00233,0.0036,0.004482,0.003162,-49.75,-3.12,11.61,19.94,24.0,27.41,-12.21,5.79,15.1,19.35,25.8,76.86,98.26,125.74,124.86,122.69,102.4,7.3,3.25,2.75,2.76,2.84,1.45,32.34,-14.37,604.74,0.01457
Wuzhou,112.5,22.5,2017,10,2017-10,2.0175,6.2004,9.9669,11.913,16.051,0.000866,0.003215,0.008019,0.010609,0.008711,-50.3,-3.45,10.39,16.27,19.48,23.55,-17.05,1.69,11.32,15.31,21.19,135.44,93.13,80.69,72.67,60.0,38.32,2.51,4.21,5.09,7.89,8.73,5.32,22.34,-4.01,617.94,0.031421
Wuzhou,112.5,22.5,2017,11,2017-11,1.8859,7.0056,9.8405,9.9698,11.7081,0.002068,0.002786,0.004306,0.008019,0.007064,-51.57,-5.68,8.42,14.47,16.11,19.35,-17.85,3.4,11.13,12.61,16.26,256.28,252.1,232.28,104.98,70.79,42.04,21.0,10.75,3.9,4.29,7.89,5.92,26.27,-4.2,417.55,0.024242
Wuzhou,112.5,22.5,2017,12,2017-12,0.6678,4.189,6.0001,5.4353,6.6219,0.001104,0.002727,0.002165,0.004463,0.004284,-52.1,-3.94,5.87,9.93,11.17,14.72,-29.48,-3.62,3.98,3.78,7.73,264.66,277.44,270.74,70.3,59.69,34.82,26.28,16.21,6.38,3.54,8.05,6.34,8.35,11.08,744.1,0.014742
Wuzhou,112.5,22.5,2018,1,2018-01,1.0327,4.5486,6.9852,6.8985,7.9611,0.002348,0.00574,0.002016,0.003939,0.004234,-52.31,-4.69,5.6,10.01,11.41,14.57,-24.74,-2.52,6.14,7.19,10.44,256.6,261.65,252.51,184.38,88.75,54.37,30.75,22.3,12.37,2.83,5.6,5.21,12.72,7.91,483.85,0.018277
Wuzhou,112.5,22.5,2018,2,2018-02,0.6479,3.5107,6.5323,7.063,8.0727,0.001565,0.00424,0.001939,0.002301,0.002574,-53.55,-7.09,5.26,9.28,11.34,14.86,-29.8,-5.95,5.18,7.53,10.64,256.91,267.12,263.8,226.39,102.94,58.19,41.65,23.69,11.84,2.91,3.19,3.13,10.34,7.26,512.74,0.012619
Wuzhou,112.5,22.5,2018,3,2018-03,1.0718,4.4306,7.6673,9.5279,11.6642,0.002014,0.003741,0.002303,0.003644,0.003391,-51.52,-9.38,5.54,13.16,16.11,20.06,-24.33,-2.87,7.48,11.93,16.2,261.33,267.09,264.1,194.38,135.86,103.36,41.33,18.43,8.28,2.95,3.75,2.85,21.6,-1.38,710.69,0.015094
Wuzhou,112.5,22.5,2018,4,2018-04,2.0244,6.3736,10.1848,11.3481,13.4469,0.002913,0.004602,0.003876,0.004027,0.003074,-51.9,-6.53,8.43,15.25,18.25,22.24,-17.01,2.08,11.65,14.57,18.4,274.59,262.16,251.58,206.03,153.09,113.51,28.71,14.11,7.08,3.73,3.48,2.24,27.07,-6.64,450.47,0.018492
Wuzhou,112.5,22.5,2018,5,2018-05,2.4265,7.0328,11.8813,14.6567,19.121,0.001685,0.004612,0.007123,0.007275,0.004602,-51.44,-4.71,10.75,19.27,23.18,26.25,-14.84,3.45,13.96,18.5,23.99,297.53,231.8,231.4,214.88,190.87,163.71,3.29,6.81,6.43,5.88,4.87,2.36,30.64,-12.96,663.99,0.025297
Wuzhou,112.5,22.5,2018,6,2018-06,4.0732,9.2176,13.269,16.4147,21.1302,0.000738,0.003006,0.003957,0.003852,0.002256,-49.28,-2.9,11.41,19.41,23.2,27.0,-8.39,7.3,15.64,20.28,25.61,34.83,258.06,226.05,201.06,175.03,148.64,4.21,1.78,3.2,2.92,2.3,1.05,33.82,-14.76,471.31,0.013809
Wuzhou,112.5,22.5,2018,7,2018-07,3.4875,8.7637,13.6719,16.9171,21.7316,0.001574,0.004616,0.007366,0.008388,0.005945,-49.24,-2.5,11.7,19.71,23.59,27.43,-10.36,6.57,16.09,20.76,26.07,61.78,118.91,142.49,149.24,145.7,125.72,6.99,4.43,5.16,5.28,4.86,2.68,33.17,-15.68,452.47,0.027889
Wuzhou,112.5,22.5,2018,8,2018-08,4.2411,9.7872,14.2801,17.0776,22.1593,0.000682,0.001684,0.001777,0.000768,0.001477,-48.81,-2.72,11.64,19.98,23.88,27.52,-7.88,8.16,16.76,20.91,26.39,67.38,85.16,118.45,124.31,153.39,213.73,5.4,1.58,1.69,1.22,0.44,0.65,35.98,-17.71,401.83,0.006388
Wuzhou,112.5,22.5,2018,9,2018-09,2.9173,7.948,12.6445,14.8987,19.5342,0.000941,0.001908,0.003589,0.004068,0.003003,-50.74,-3.55,11.04,18.3,22.31,26.07,-12.58,5.18,14.9,18.76,24.34,63.07,74.98,91.91,75.68,70.44,41.64,11.05,3.16,2.35,2.78,2.68,1.51,30.88,-12.74,425.32,0.01351
Wuzhou,112.5,22.5,2018,10,2018-10,2.0163,6.0665,8.9151,10.2526,13.5474,0.00204,0.002442,0.002616,0.005923,0.005639,-52.05,-5.06,8.66,15.33,18.86,22.42,-17.06,1.39,9.67,13.03,18.52,284.45,279.94,299.64,52.65,63.79,43.62,14.14,9.92,3.95,2.88,5.67,4.08,22.8,-2.15,706.57,0.018661
Wuzhou,112.5,22.5,2018,11,2018-11,1.1886,5.0378,9.1405,10.3377,12.2468,0.001804,0.00305,0.002024,0.005899,0.005715,-51.81,-6.53,7.86,14.26,17.21,20.77,-23.17,-1.15,10.04,13.15,16.95,258.42,257.95,252.82,123.54,85.96,55.01,29.74,14.89,5.94,2.17,5.6,4.58,21.82,-3.13,526.68,0.018492
Wuzhou,112.5,22.5,2018,12,2018-12,1.503,4.857,8.468,8.3665,9.2901,0.002335,0.004306,0.002165,0.005327,0.005113,-52.4,-6.13,8.01,12.36,12.98,16.02,-20.5,-1.64,8.92,10.0,12.74,254.14,252.63,247.3,152.25,79.09,45.51,26.96,15.23,8.69,2.51,6.24,5.4,17.76,0.7,429.68,0.019246
Wuzhou,112.5,22.5,2019,1,2019-01,0.8043,3.0753,7.7374,7.7206,8.4034,0.001541,0.002678,0.001856,0.004074,0.004258,-52.68,-6.92,7.23,10.9,12.8,15.61,-27.49,-7.67,7.61,8.82,11.24,245.84,257.96,251.35,176.46,88.96,49.66,35.33,18.79,8.54,2.35,5.18,4.97,10.54,3.05,410.61,0.014407
Wuzhou,112.5,22.5,2019,2,2019-02,0.8474,3.1164,9.175,10.286,11.6241,0.001825,0.003948,0.007191,0.005481,0.004081,-52.09,-7.87,7.66,13.52,15.78,18.97,-26.92,-7.49,10.1,13.08,16.15,257.91,254.19,254.52,211.2,156.28,102.93,39.03,21.12,12.42,7.69,5.23,3.44,16.33,-3.85,427.87,0.022525
Wuzhou,112.5,22.5,2019,3,2019-03,0.8553,5.6652,10.0349,11.029,12.7364,0.001947,0.00724,0.006318,0.004673,0.0038,-52.41,-6.73,6.77,14.46,16.49,20.06,-26.82,0.45,11.43,14.13,17.56,258.73,264.23,258.5,217.18,150.59,96.03,36.83,22.32,12.53,6.17,4.15,2.93,26.3,-5.71,379.7,0.023977
Wuzhou,112.5,22.5,2019,4,2019-04,1.3279,6.5421,11.3331,13.8599,17.2137,0.002225,0.006609,0.008445,0.008008,0.005696,-51.21,-6.22,9.6,18.06,21.02,24.07,-21.92,2.44,13.24,17.64,22.31,264.44,261.36,257.02,221.13,176.54,129.08,29.02,16.43,9.91,7.31,5.67,3.25,30.37,-11.91,602.22,0.030983
Wuzhou,112.5,22.5,2019,5,2019-05,2.7877,8.6315,12.9316,15.2905,19.2728,0.00263,0.006376,0.006766,0.005924,0.004555,-49.89,-3.65,10.82,18.23,21.3,25.01,-13.14,6.35,15.24,19.17,24.12,293.92,268.59,253.4,213.6,156.76,107.08,10.88,9.25,7.24,5.13,3.8,2.32,32.66,-13.48,373.05,0.026251
Wuzhou,112.5,22.5,2019,6,2019-06,3.4571,8.7755,13.1113,16.6598,22.064,0.001748,0.006268,0.010203,0.01063,0.006996,-48.63,-2.51,12.4,20.36,24.24,27.75,-10.47,6.59,15.45,20.51,26.32,19.58,251.59,243.9,226.81,205.27,180.46,5.01,4.96,7.0,7.63,6.26,3.11,32.5,-14.93,613.11,0.035844
Wuzhou,112.5,22.5,2019,7,2019-07,3.349,8.6694,13.4989,17.0153,22.5215,0.000902,0.003737,0.00721,0.008228,0.006063,-48.66,-2.6,12.37,20.6,24.45,28.1,-10.87,6.41,15.9,20.85,26.65,65.42,164.92,200.53,198.56,185.69,170.54,10.17,2.64,4.23,5.24,4.74,2.64,33.14,-16.25,588.36,0.026139
Wuzhou,112.5,22.5,2019,8,2019-08,3.2999,8.6667,13.6352,16.9325,22.4338,0.000443,0.001577,0.002162,0.001386,0.00132,-48.39,-2.51,11.83,20.52,24.66,28.1,-11.05,6.41,16.05,20.77,26.59,71.15,108.97,111.8,114.61,146.05,189.41,4.62,1.32,1.78,1.55,0.8,0.58,33.66,-16.43,558.91,0.006889
Wuzhou,112.5,22.5,2019,9,2019-09,1.8403,6.0821,10.7118,13.3938,18.2165,0.000305,0.002839,0.007039,0.007831,0.005963,-50.12,-3.61,10.58,18.28,22.84,26.25,-18.14,1.43,12.4,17.1,23.21,241.12,61.17,71.58,62.99,56.61,37.31,3.62,1.62,4.58,6.44,5.73,3.21,25.14,-7.98,735.68,0.023977
Wuzhou,112.5,22.5,2019,10,2019-10,1.7422,5.4247,9.4919,11.3535,14.7683,0.000839,0.000604,0.003633,0.006159,0.005526,-51.93,-5.13,9.2,15.97,19.86,23.77,-18.78,-0.14,10.6,14.57,19.87,277.75,284.74,37.05,78.7,74.48,52.13,10.41,4.72,1.09,3.75,5.32,3.67,22.36,-4.24,671.32,0.016761
Wuzhou,112.5,22.5,2019,11,2019-11,0.7356,3.7262,6.942,8.0486,10.2846,0.000803,0.001188,0.00247,0.00507,0.004814,-52.07,-4.88,8.36,13.4,16.48,20.31,-28.45,-5.17,6.05,9.43,14.27,256.67,272.86,270.24,68.57,66.14,44.11,19.97,10.7,3.13,3.49,6.18,4.59,10.79,4.64,918.89,0.014345
Wuzhou,112.5,22.5,2019,12,2019-12,0.6851,2.5681,6.3923,6.8193,8.1814,0.001321,0.001974,0.001334,0.004117,0.004335,-52.48,-7.57,7.19,10.87,13.58,17.1,-29.21,-9.96,4.87,7.02,10.84,256.08,256.84,252.98,97.77,71.72,47.52,36.66,18.9,7.54,2.05,5.92,5.2,6.16,5.63,750.09,0.013081
Wuzhou,112.5,22.5,2020,1,2020-01,0.6964,2.9545,6.8618,7.5634,8.9695,0.001668,0.003315,0.001622,0.003447,0.003635,-51.87,-8.43,6.11,10.84,13.02,16.74,-29.03,-8.18,5.88,8.52,12.21,256.66,261.0,261.47,195.62,105.92,70.66,43.28,23.49,11.0,2.32,4.47,3.97,10.87,3.68,619.38,0.013687
Wuzhou,112.5,22.5,2020,2,2020-02,0.5353,4.1696,7.6133,8.6647,10.1902,0.001207,0.003651,0.002864,0.004333,0.004123,-52.15,-7.27,4.79,11.57,14.15,17.81,-31.81,-3.68,7.38,10.52,14.14,253.57,261.56,257.12,190.31,122.63,82.46,42.05,22.11,8.59,3.69,4.9,3.97,17.75,2.36,524.61,0.016178
Wuzhou,112.5,22.5,2020,3,2020-03,1.1819,6.1542,10.4706,11.3908,12.8514,0.002499,0.006941,0.006652,0.005323,0.00449,-51.25,-6.72,7.21,14.73,16.99,20.45,-23.24,1.59,12.06,14.62,17.7,261.6,264.5,259.7,218.38,151.84,107.46,38.76,20.74,11.06,6.23,4.58,3.43,27.89,-7.01,333.8,0.025905
Wuzhou,112.5,22.5,2020,4,2020-04,1.7371,5.9785,9.2718,10.1823,12.295,0.00324,0.005964,0.00193,0.003343,0.003959,-52.69,-7.36,8.08,14.1,16.55,20.59,-18.81,1.19,10.25,12.93,17.01,263.95,265.65,267.82,220.55,110.89,77.67,43.34,18.29,9.78,2.04,3.22,3.16,24.82,-4.13,480.38,0.018436
Wuzhou,112.5,22.5,2020,5,2020-05,3.0941,8.0718,13.2602,15.8613,19.5155,0.003968,0.007764,0.009196,0.008415,0.005782,-49.52,-3.84,11.52,19.71,23.45,26.86,-11.86,5.4,15.62,19.74,24.32,280.1,264.22,257.98,231.55,199.95,168.62,15.55,12.58,9.43,6.8,5.2,2.91,33.06,-15.99,511.21,0.035124
Wuzhou,112.5,22.5,2020,6,2020-06,3.4755,7.9682,12.5683,16.4753,21.7757,0.001658,0.006725,0.012906,0.015188,0.010433,-48.53,-3.39,12.0,20.24,24.09,27.68,-10.4,5.21,14.81,20.34,26.1,67.61,227.11,223.91,215.35,197.55,177.76,7.71,4.68,8.28,10.07,9.04,4.7,31.64,-14.33,679.01,0.046912
Wuzhou,112.5,22.5,2020,7,2020-07,2.6397,7.4637,12.6605,16.4106,22.3767,0.000699,0.004008,0.0086,0.011243,0.008552,-48.44,-2.91,12.43,20.54,24.5,28.29,-13.81,4.29,14.92,20.28,26.55,66.57,178.27,204.19,207.14,196.06,179.4,14.58,2.6,5.27,6.66,6.72,3.75,30.22,-14.38,702.8,0.033102
Wuzhou,112.5,22.5,2020,8,2020-08,3.745,8.3331,12.9853,16.2218,21.8366,0.000939,0.00273,0.004675,0.005768,0.003668,-48.98,-3.15,11.51,19.56,23.56,27.61,-9.46,5.85,15.31,20.09,26.15,83.16,143.12,158.15,166.7,158.24,142.84,4.64,2.46,3.21,3.53,3.49,1.65,32.36,-14.46,532.34,0.017781
Wuzhou,112.5,22.5,2020,9,2020-09,3.772,8.6865,13.1213,15.4826,20.7692,0.000346,0.002071,0.002788,0.004996,0.004655,-49.96,-3.38,11.33,19.14,22.58,26.42,-9.37,6.44,15.46,19.36,25.33,24.0,168.12,203.02,162.47,114.85,82.35,9.26,0.9,2.34,2.08,3.16,2.2,33.1,-14.61,459.54,0.014855
Wuzhou,112.5,22.5,2020,10,2020-10,2.337,7.0386,10.6971,11.438,14.0549,0.000661,0.003842,0.009801,0.012846,0.009758,-49.99,-3.66,10.94,15.76,18.26,22.55,-15.29,3.46,12.38,14.69,19.1,291.11,106.22,101.4,83.25,64.34,42.84,1.86,2.77,5.35,8.98,11.01,6.81,24.32,-5.52,423.02,0.036908
Wuzhou,112.5,22.5,2020,11,2020-11,1.5105,5.3982,8.4833,9.3273,10.8081,0.000981,0.001016,0.00501,0.008379,0.006735,-50.77,-5.03,9.11,14.14,16.56,20.44,-20.44,-0.21,8.95,11.61,15.03,250.06,256.49,215.74,85.08,67.52,43.55,12.55,6.37,1.84,5.79,8.81,6.11,18.81,0.06,649.64,0.022121
Wuzhou,112.5,22.5,2020,12,2020-12,0.4659,3.8382,6.7966,6.2418,6.9833,0.000866,0.003813,0.000936,0.004833,0.004589,-51.44,-5.43,7.87,9.83,10.37,13.65,-33.25,-4.78,5.75,5.75,8.51,251.67,262.65,257.25,74.63,59.04,32.33,26.61,18.24,9.74,1.35,7.59,6.44,8.35,7.79,510.13,0.015038
Wuzhou,112.5,22.5,2021,1,2021-01,0.5506,3.1367,4.9597,5.0879,6.1427,0.00125,0.003555,0.000654,0.002977,0.003083,-51.55,-4.27,5.53,8.1,10.41,14.22,-31.52,-7.41,1.32,2.86,6.65,256.25,266.86,269.66,78.61,69.97,47.6,28.48,22.26,11.12,1.29,5.74,4.92,0.75,14.9,848.41,0.01152
Wuzhou,112.5,22.5,2021,2,2021-02,0.8582,3.7234,6.8803,7.8635,9.3612,0.001861,0.002819,0.000859,0.003152,0.003069,-51.17,-7.24,5.62,11.37,14.9,18.82,-26.78,-5.18,5.92,9.09,12.85,251.56,263.4,264.46,134.05,99.28,74.49,34.84,21.27,7.43,1.22,3.93,3.22,13.74,4.33,681.52,0.01176
Wuzhou,112.5,22.5,2021,3,2021-03,0.9777,5.5357,9.8558,10.761,12.2556,0.00177,0.005672,0.004486,0.004597,0.00374,-51.94,-6.35,7.21,14.21,16.58,20.26,-25.35,0.14,11.16,13.76,16.96,264.85,264.33,260.52,210.76,143.25,102.7,25.73,17.75,10.05,4.46,4.19,2.99,24.65,-4.65,381.78,0.020265
Wuzhou,112.5,22.5,2021,4,2021-04,2.055,6.9819,11.12,12.3289,14.2847,0.002597,0.003935,0.002851,0.005046,0.004453,-51.53,-5.5,8.9,15.8,18.43,22.61,-16.83,3.35,12.96,15.83,19.35,271.32,268.05,265.56,189.77,124.38,94.13,21.29,12.39,5.53,2.51,4.01,3.06,28.71,-8.44,355.48,0.018882
Wuzhou,112.5,22.5,2021,5,2021-05,2.6262,7.5381,12.2101,15.3332,19.7979,0.002662,0.00671,0.010145,0.009741,0.006038,-50.32,-3.89,11.58,19.64,23.13,26.65,-13.87,4.43,14.37,19.21,24.56,287.92,251.6,240.05,221.66,199.03,172.39,12.94,9.94,8.73,8.15,6.23,2.99,30.74,-13.33,658.5,0.035297
Wuzhou,112.5,22.5,2021,6,2021-06,3.9651,8.6922,13.2377,16.7929,21.5916,0.000613,0.004893,0.008082,0.008715,0.005902,-48.73,-2.6,12.14,19.86,23.68,27.37,-8.74,6.45,15.6,20.64,25.97,58.47,234.33,231.89,220.28,194.37,170.34,7.49,1.52,5.52,5.99,5.09,2.68,32.38,-14.84,532.33,0.028204
Wuzhou,112.5,22.5,2021,7,2021-07,3.2452,8.4364,13.2807,16.6364,22.4686,0.000792,0.00197,0.004078,0.005339,0.004054,-48.25,-2.56,12.21,20.43,24.35,28.15,-11.26,6.02,15.65,20.49,26.62,76.79,141.52,173.04,188.94,178.8,164.59,7.92,2.39,2.29,3.01,3.15,1.77,32.45,-15.48,597.34,0.016233
Wuzhou,112.5,22.5,2021,8,2021-08,4.0383,9.1337,13.3636,16.3136,22.0909,0.000878,0.001353,0.003603,0.005455,0.004483,-48.82,-3.04,11.7,20.09,24.02,27.65,-8.5,7.16,15.74,20.18,26.34,69.68,108.35,190.23,215.78,209.32,194.12,13.25,2.13,1.45,2.64,3.28,1.99,34.34,-15.84,543.57,0.015771
Wuzhou,112.5,22.5,2021,9,2021-09,2.5425,7.162,12.2953,14.9628,21.281,0.000892,0.002797,0.004185,0.003788,0.002651,-50.57,-3.91,11.28,19.78,23.83,27.48,-14.27,3.7,14.47,18.83,25.73,50.89,115.58,104.94,92.39,101.44,80.02,2.37,3.44,3.83,3.34,2.48,1.22,30.59,-13.7,663.51,0.014313
Wuzhou,112.5,22.5,2021,10,2021-10,3.1213,7.8249,11.3,12.8431,15.9795,0.000379,0.002494,0.00894,0.012116,0.009807,-50.37,-4.25,10.12,16.15,18.8,22.93,-11.75,4.96,13.2,16.46,21.12,287.91,180.62,111.22,88.14,68.6,45.6,5.71,1.19,3.13,7.76,9.25,6.02,28.43,-7.97,368.45,0.033735
Wuzhou,112.5,22.5,2021,11,2021-11,1.4616,5.9288,7.6971,7.9598,10.1939,0.00265,0.004435,0.001521,0.005194,0.005393,-52.19,-5.75,7.65,13.3,15.31,19.29,-20.82,1.08,7.53,9.27,14.14,270.5,262.25,268.18,70.19,66.8,40.96,27.16,17.78,7.34,1.94,6.4,5.19,20.02,2.04,721.44,0.019193
Wuzhou,112.5,22.5,2021,12,2021-12,1.0339,3.4124,6.2564,6.6877,7.9765,0.001582,0.001985,0.002302,0.005453,0.005241,-51.52,-5.45,6.46,10.24,12.08,15.55,-24.73,-6.32,4.57,6.74,10.46,249.58,262.17,257.21,82.18,65.71,39.59,29.14,15.01,5.7,3.61,8.0,6.44,7.47,8.67,708.72,0.016562
Wuzhou,112.5,22.5,2022,1,2022-01,0.9171,3.8811,7.6148,7.591,8.383,0.002153,0.004168,0.001576,0.003953,0.004621,-51.37,-9.09,4.4,9.79,11.46,14.55,-26.05,-4.63,7.38,8.58,11.2,247.72,257.01,260.37,215.86,82.71,47.68,41.46,23.02,10.53,2.03,5.11,5.41,17.23,2.22,301.09,0.016471
Wuzhou,112.5,22.5,2022,2,2022-02,1.5159,4.5429,7.5335,6.9896,7.5846,0.003998,0.006878,0.00265,0.004247,0.004733,-51.19,-8.03,5.8,9.69,9.28,11.44,-20.4,-2.54,7.23,7.38,9.72,252.88,255.18,255.1,205.23,80.16,40.41,36.0,25.87,14.85,3.45,5.96,6.12,16.61,3.56,308.29,0.022506
Wuzhou,112.5,22.5,2022,3,2022-03,1.9972,5.5523,10.0815,11.2702,12.8021,0.00347,0.005058,0.003969,0.004403,0.003777,-51.21,-6.54,8.54,14.65,17.31,20.71,-17.17,0.18,11.49,14.46,17.64,267.1,266.14,261.13,209.34,137.62,89.44,24.91,17.04,8.93,3.86,3.83,2.89,24.32,-5.81,395.0,0.020676
Wuzhou,112.5,22.5,2022,4,2022-04,1.6623,6.2452,9.624,10.9223,13.2199,0.00218,0.003986,0.002305,0.003598,0.003789,-51.48,-5.61,8.48,14.88,18.55,22.13,-19.33,1.8,10.8,13.99,18.14,261.51,264.38,254.29,192.02,117.8,78.56,26.7,12.86,6.26,2.35,3.23,2.81,24.61,-3.99,509.15,0.015858
Wuzhou,112.5,22.5,2022,5,2022-05,4.1984,8.9273,12.1872,13.8197,16.9793,0.003857,0.005292,0.003646,0.0053,0.005159,-50.37,-4.33,10.21,16.52,19.72,23.49,-8.01,6.84,14.34,17.59,22.09,279.32,257.5,239.53,185.98,119.89,80.89,16.62,9.01,5.81,2.93,3.76,2.98,31.81,-10.6,272.6,0.023253
Wuzhou,112.5,22.5,2022,6,2022-06,3.9222,8.9027,13.4963,16.6356,21.3147,0.002313,0.007724,0.012157,0.012532,0.008615,-49.72,-3.64,11.39,19.56,23.34,27.01,-8.88,6.8,15.9,20.49,25.76,31.18,242.12,232.92,219.64,200.62,177.07,5.29,5.78,8.51,8.83,7.39,3.96,34.5,-16.23,458.63,0.043341
Wuzhou,112.5,22.5,2022,7,2022-07,3.1605,7.7586,12.7911,16.5865,21.9571,0.000878,0.00334,0.005738,0.007566,0.005318,-48.68,-3.08,12.52,20.67,24.35,28.17,-11.59,4.83,15.07,20.44,26.24,90.66,154.42,176.59,190.55,184.25,171.68,9.58,2.72,4.22,4.4,4.47,2.37,31.14,-15.01,700.0,0.02284
Wuzhou,112.5,22.5,2022,8,2022-08,3.675,8.7213,13.2931,16.5145,21.8202,0.002442,0.004272,0.005781,0.006755,0.004792,-49.12,-3.08,11.6,19.58,23.48,27.6,-9.7,6.5,15.66,20.38,26.14,82.44,103.61,132.9,139.03,136.87,121.71,15.49,6.52,4.8,4.27,4.01,2.15,33.22,-15.18,489.62,0.024042
Wuzhou,112.5,22.5,2022,9,2022-09,3.0511,7.6546,11.3307,14.7163,20.1024,0.000914,0.002794,0.005608,0.006634,0.004254,-49.61,-3.6,10.53,19.11,23.65,27.48,-12.03,4.64,13.24,18.57,24.8,47.82,71.19,55.93,64.2,64.63,44.51,2.56,2.94,3.58,4.85,4.42,2.08,30.06,-10.32,733.36,0.020204
Wuzhou,112.5,22.5,2022,10,2022-10,1.8786,6.5312,8.7416,10.0637,13.4919,0.000567,0.00304,0.007903,0.009952,0.008351,-50.54,-4.21,10.28,15.82,19.41,23.56,-17.9,2.42,9.39,12.75,18.46,70.21,83.59,70.68,67.37,60.76,41.77,0.29,2.96,4.56,8.87,9.7,6.07,21.56,-1.35,804.69,0.029814
Wuzhou,112.5,22.5,2022,11,2022-11,1.9739,7.3641,11.093,12.2274,14.4245,0.001675,0.003705,0.004523,0.007703,0.006791,-51.35,-5.12,9.17,15.44,18.39,22.11,-17.31,4.1,12.92,15.71,19.5,263.09,252.88,211.74,127.94,91.57,59.21,18.62,8.32,4.93,4.0,6.18,4.62,28.41,-7.63,314.9,0.024397
Wuzhou,112.5,22.5,2022,12,2022-12,0.8415,4.3655,5.6411,5.2517,6.3319,0.001713,0.003189,0.001817,0.004579,0.004603,-51.84,-5.6,5.15,9.28,9.9,13.44,-26.99,-3.07,3.11,3.3,7.09,259.56,265.18,260.55,63.95,54.97,30.5,28.82,19.96,7.16,3.16,8.55,7.13,9.77,10.86,771.84,0.015901
Wuzhou,112.5,22.5,2023,1,2023-01,0.9261,3.7756,6.9704,6.8145,7.7511,0.001882,0.003818,0.001363,0.004428,0.004448,-52.13,-4.94,7.51,9.04,10.74,14.2,-25.95,-5.0,6.11,7.01,10.04,250.65,265.63,258.98,128.84,73.8,43.27,25.64,19.93,9.92,1.92,6.37,5.63,7.58,8.6,366.8,0.015939
Wuzhou,112.5,22.5,2023,2,2023-02,1.0401,4.0796,7.8516,8.2879,9.2435,0.00205,0.003424,0.00158,0.004106,0.004351,-51.73,-6.8,6.29,11.57,13.46,17.18,-24.66,-3.97,7.82,9.86,12.66,242.53,258.79,262.33,188.69,96.09,60.89,31.35,19.33,8.23,1.97,4.86,4.62,15.93,2.26,468.45,0.015512
Wuzhou,112.5,22.5,2023,3,2023-03,,5.0799,8.891,9.6412,11.0695,,0.004727,0.002383,0.003744,0.003795,-52.63,-8.68,6.46,13.41,16.55,20.44,,-1.03,9.64,12.11,15.4,264.59,269.59,267.9,205.39,124.17,89.19,41.07,20.74,9.13,2.63,3.81,3.36,24.23,-3.87,472.23,0.014648
Wuzhou,112.5,22.5,2023,4,2023-04,1.236,6.7148,11.2706,12.92,15.1223,0.002039,0.006705,0.005547,0.006051,0.005187,-51.72,-5.35,9.72,16.34,19.12,22.6,-22.73,2.8,13.16,16.55,20.25,265.43,272.88,265.19,213.55,149.1,107.43,25.33,16.18,9.79,4.83,4.59,3.36,27.93,-9.18,397.12,0.025528
Wuzhou,112.5,22.5,2023,5,2023-05,2.7976,7.9967,12.6681,15.048,18.6788,0.00287,0.005189,0.006582,0.006868,0.004747,-49.54,-3.75,11.25,18.78,22.24,25.55,-13.1,5.26,14.93,18.92,23.62,289.51,266.52,248.04,209.34,164.93,129.02,12.58,10.06,6.36,5.1,4.48,2.49,31.47,-13.48,481.79,0.026257
Wuzhou,112.5,22.5,2023,6,2023-06,3.9944,9.1699,13.5319,16.6617,22.0629,0.001378,0.004098,0.006664,0.007855,0.005378,-48.96,-2.84,11.94,20.05,24.02,27.79,-8.64,7.22,15.94,20.52,26.32,20.43,230.24,209.82,201.34,178.94,157.91,2.92,3.38,4.38,4.83,4.62,2.39,34.1,-16.01,513.94,0.025374
Wuzhou,112.5,22.5,2023,7,2023-07,3.4861,8.3956,13.3791,16.5856,22.3468,0.000882,0.002319,0.005298,0.006687,0.004673,-48.09,-2.62,12.78,20.45,24.51,28.37,-10.37,5.95,15.76,20.44,26.53,79.14,108.91,180.17,194.1,181.01,165.77,13.9,2.48,2.71,3.88,3.95,2.05,32.01,-15.82,586.45,0.019859
Wuzhou,112.5,22.5,2023,8,2023-08,3.994,10.3535,14.3422,16.7612,22.156,0.001027,0.00366,0.004596,0.005158,0.003634,-48.36,-2.3,12.36,19.77,23.74,27.86,-8.65,8.98,16.83,20.61,26.39,47.31,235.8,214.81,218.6,215.41,202.33,6.15,2.52,3.47,3.14,3.02,1.61,35.52,-17.24,368.05,0.018075
Wuzhou,112.5,22.5,2023,9,2023-09,3.4919,9.2474,13.4694,16.0688,21.1873,0.001029,0.003393,0.005877,0.00717,0.00568,-49.63,-2.85,11.49,19.15,23.03,27.12,-10.35,7.34,15.87,19.95,25.66,52.67,95.06,107.58,95.69,83.76,56.9,2.57,2.89,3.6,4.28,4.38,2.63,33.72,-14.96,410.83,0.023149
Wuzhou,112.5,22.5,2023,10,2023-10,2.7381,8.0162,11.7134,13.2382,16.6986,0.000994,0.000496,0.006338,0.010873,0.009433,-50.68,-3.89,10.1,16.5,19.65,23.86,-13.36,5.3,13.74,16.93,21.82,253.73,271.32,92.82,83.61,68.29,43.34,10.14,3.56,0.61,5.31,8.05,5.54,29.33,-8.97,344.81,0.028135
Wuzhou,112.5,22.5,2023,11,2023-11,1.733,4.6744,8.2037,9.5903,11.8117,0.002376,0.001815,0.003122,0.006452,0.006247,-51.88,-5.25,8.87,13.99,16.88,20.95,-18.84,-2.16,8.46,12.03,16.39,262.46,265.98,264.07,86.88,75.15,53.56,24.88,13.45,3.81,3.73,6.6,5.19,16.68,0.66,691.82,0.020012
Wuzhou,112.5,22.5,2023,12,2023-12,1.5528,5.2491,9.013,8.9049,9.813,0.002983,0.004866,0.000794,0.005024,0.005315,-51.85,-6.3,6.76,11.67,12.66,16.04,-20.12,-0.59,9.84,10.93,13.57,259.92,257.43,252.16,136.17,70.96,40.86,37.05,18.84,9.09,0.86,5.53,5.31,20.46,-0.12,228.65,0.018983
Wuzhou,112.5,22.5,2024,1,2024-01,0.888,4.6569,7.356,7.611,8.7048,0.002467,0.004478,0.001108,0.004267,0.004499,-50.96,-8.38,3.6,10.3,11.63,15.27,-26.41,-2.21,6.88,8.62,11.76,250.66,263.31,267.9,154.79,90.96,56.42,45.4,27.25,9.43,1.48,5.5,5.07,19.75,3.07,426.96,0.016819
Wuzhou,112.5,22.5,2024,2,2024-02,0.7321,4.4835,8.4885,8.8956,9.6254,0.001953,0.006359,0.004874,0.003774,0.00359,-51.64,-6.59,6.52,12.68,13.2,15.99,-28.5,-2.72,8.96,10.91,13.27,255.75,255.95,253.18,208.64,126.32,68.06,44.22,26.16,13.91,5.63,4.16,3.66,18.99,-0.12,465.46,0.02055
Wuzhou,112.5,22.5,2024,3,2024-03,0.9426,6.1389,9.5647,10.4115,11.9394,0.002083,0.007654,0.005597,0.004664,0.003875,-51.43,-5.37,7.56,14.17,15.88,19.3,-25.75,1.56,10.71,13.26,16.56,257.01,264.29,263.36,218.05,147.3,96.77,36.3,21.67,12.23,5.74,4.39,3.18,24.26,-2.93,432.71,0.023873
Wuzhou,112.5,22.5,2024,4,2024-04,1.5556,7.6463,12.1508,14.8549,17.3178,0.003061,0.009937,0.012091,0.011309,0.006966,-50.8,-5.48,10.68,19.08,21.77,24.54,-20.1,4.63,14.29,18.71,22.4,263.34,261.19,253.74,219.54,188.0,152.66,34.03,19.3,12.74,9.76,7.47,3.94,32.81,-14.22,598.56,0.043365
Wuzhou,112.5,22.5,2024,5,2024-05,3.7445,9.0015,12.7793,15.0344,18.7323,0.004028,0.005334,0.004743,0.006789,0.00656,-49.92,-4.14,10.38,17.59,21.26,24.8,-9.46,6.96,15.06,18.9,23.66,273.45,266.42,250.77,190.06,129.9,88.44,23.2,10.55,5.81,3.64,4.43,3.43,33.37,-12.96,316.23,0.027455
Wuzhou,112.5,22.5,2024,6,2024-06,4.3391,9.4156,13.6369,16.9572,21.7718,0.002366,0.007305,0.011054,0.011658,0.007577,-48.21,-2.49,12.16,19.79,23.67,27.26,-7.58,7.6,16.05,20.79,26.1,18.54,227.2,221.26,212.36,187.74,160.74,6.37,5.35,7.61,7.95,6.74,3.41,33.78,-15.67,466.91,0.03996
Wuzhou,112.5,22.5,2024,7,2024-07,3.3403,8.1899,12.8689,16.7165,22.2494,0.001446,0.005342,0.008806,0.00959,0.006445,-47.71,-2.54,12.35,20.37,24.07,27.8,-10.9,5.6,15.17,20.57,26.46,68.46,143.48,168.86,175.5,168.04,155.26,10.95,4.25,6.4,6.71,5.63,2.84,31.32,-14.37,650.01,0.031629
Wuzhou,112.5,22.5,2024,8,2024-08,3.4359,8.3851,12.6563,16.0336,22.019,0.000506,0.002699,0.005588,0.007032,0.00533,-48.69,-2.91,12.14,20.57,24.53,27.99,-10.55,5.94,14.91,19.91,26.28,71.18,222.29,227.21,231.45,223.09,205.36,5.06,1.45,3.16,4.33,4.3,2.37,32.19,-14.41,706.96,0.021156
Wuzhou,112.5,22.5,2024,9,2024-09,3.5612,8.0696,12.9701,16.2842,21.2466,0.001863,0.003669,0.006656,0.007812,0.005451,-48.73,-2.61,11.74,19.74,23.79,27.33,-10.1,5.39,15.29,20.15,25.7,56.99,91.75,93.09,87.47,75.35,54.67,2.7,5.13,4.46,5.03,4.7,2.52,31.29,-14.06,556.42,0.025451
Wuzhou,112.5,22.5,2024,10,2024-10,2.498,6.6327,11.0469,11.8819,14.8582,0.000266,0.001894,0.008265,0.010987,0.009038,-50.68,-3.92,11.11,16.54,19.72,23.64,-14.48,2.63,12.86,15.27,19.97,253.63,354.55,65.19,73.14,58.92,37.07,4.98,1.04,2.8,7.34,9.07,5.97,24.84,-7.41,460.58,0.03045
Wuzhou,112.5,22.5,2024,11,2024-11,2.0226,6.7296,10.6963,11.4317,13.5228,0.00169,0.000453,0.007235,0.01127,0.0093,-50.46,-5.41,8.14,14.24,16.41,20.45,-17.02,2.84,12.38,14.68,18.49,260.5,263.41,248.91,78.12,64.26,42.32,20.03,8.19,0.66,6.63,9.67,6.74,26.72,-5.78,233.36,0.029948
Wuzhou,112.5,22.5,2024,12,2024-12,0.6179,3.9114,5.278,4.7631,5.9271,0.001129,0.003578,0.001367,0.004066,0.004357,-50.53,-4.31,7.29,9.63,11.55,14.71,-30.31,-4.53,2.18,1.94,6.13,258.06,263.61,257.88,73.4,64.68,40.13,28.37,17.92,8.97,2.54,8.37,7.21,4.31,12.69,931.9,0.014498

# 数据来源: 基于NCEP/NCAR R1再分析数据计算得到
# 变量说明: 各气压层(200/500/700/850/925/1000hPa)的温度/露点/风速/风向/比湿/水汽通量 + K指数/Showalter指数/LCL凝结高度/整层水汽通量
# 时间范围: 2005-2024 | 空间范围: 广西8个代表性城市, 取NCEP最近格点(2.5°×2.5°分辨率)
# 计算方法: K指数=(T850-T500)+Td850-(T700-Td700); Showalter指数采用Bolton(1980)等效位温迭代法; 水汽通量=比湿×风速/重力加速度; LCL=125×(T-Td)
# 指数判读: K>30强对流可能; Showalter<0大气不稳定<-3强不稳定; LCL越低越易成云致雨
