station,longitude,latitude,year,month,date,气温_2m_℃,最高气温_℃,最低气温_℃,气温日较差_℃,露点温度_℃,地表温度_℃,气压_kPa,风速_10m_ms,最大风速_10m_ms,风向_10m_度,风速_50m_ms,相对湿度_%,比湿_gkg,降水量_mm_day,短波辐射_全天空_kWhm2day,长波辐射_全天空_kWhm2day,光合有效辐射_kWhm2day,UVA辐射_kWhm2day,UVB辐射_kWhm2day,紫外线指数,短波辐射_晴空_kWhm2day,长波辐射_晴空_kWhm2day,总云量_%,蒸散发_mm_day,陆地蒸发_mm_day,根区土壤湿度_01,剖面土壤湿度_01,表层土壤湿度_01,高温指数_℃,风寒指数_℃
Baise,106.62,23.9,2005,1,2005-01,9.2,28.51,-2.77,11.21,4.45,9.56,96.43,2.66,6.97,74.3,4.27,75.14,5.73,1.02,6.73,28.67,3.1,0.42,0.01,0.58,15.02,25.3,66.45,0.11,0.81,0.53,0.53,0.53,,7.75
Baise,106.62,23.9,2005,2,2005-02,13.86,34.23,0.52,14.5,7.36,14.61,96.16,3.42,7.46,92.2,5.13,68.26,7.25,0.62,10.04,30.58,4.64,0.62,0.02,0.96,18.26,27.57,61.3,0.14,1.08,0.52,0.52,0.5,,
Baise,106.62,23.9,2005,3,2005-03,16.78,33.88,3.54,13.89,9.53,17.46,96.22,3.33,8.11,106.6,5.12,66.15,8.29,1.7,11.19,31.08,5.15,0.68,0.02,1.04,20.58,28.06,74.28,0.17,1.31,0.51,0.52,0.5,,
Baise,106.62,23.9,2005,4,2005-04,22.73,38.85,11.41,13.43,14.99,23.39,95.78,2.98,7.07,135.5,4.76,65.96,11.42,3.05,14.76,33.0,6.78,0.88,0.02,1.4,22.96,31.02,63.68,0.54,2.06,0.53,0.53,0.52,22.78,
Baise,106.62,23.9,2005,5,2005-05,26.95,39.99,18.4,11.79,20.83,27.34,95.11,2.75,6.87,159.2,4.69,73.49,16.43,8.19,19.11,34.76,8.99,1.21,0.03,2.01,26.06,33.24,65.91,2.71,4.16,0.62,0.61,0.65,29.06,
Baise,106.62,23.9,2005,6,2005-06,26.34,33.72,21.35,7.33,23.86,26.38,94.86,2.15,4.97,129.8,3.72,87.24,19.68,17.14,13.81,35.97,6.74,0.94,0.03,1.64,25.55,34.48,91.3,3.49,4.79,0.88,0.87,0.89,28.76,
Baise,106.62,23.9,2005,7,2005-07,26.58,33.6,21.11,8.14,23.46,26.56,95.17,2.35,6.34,151.5,4.01,84.35,19.12,4.05,18.13,35.18,8.61,1.18,0.03,2.08,26.54,33.68,65.77,5.36,5.54,0.86,0.86,0.86,29.14,
Baise,106.62,23.9,2005,8,2005-08,25.95,35.58,19.51,8.35,22.95,26.01,95.13,1.94,4.53,103.5,3.46,84.91,18.56,6.31,14.47,35.76,6.96,0.96,0.03,1.65,24.31,33.86,85.24,5.36,4.98,0.81,0.8,0.83,26.82,
Baise,106.62,23.9,2005,9,2005-09,24.81,33.01,16.83,9.99,20.92,24.82,95.69,2.39,6.7,71.3,4.23,80.91,16.32,2.75,16.09,34.21,7.51,1.02,0.03,1.69,22.85,32.55,59.8,5.89,4.9,0.72,0.73,0.75,25.46,
Baise,106.62,23.9,2005,10,2005-10,20.98,32.73,10.21,10.94,16.03,21.15,96.25,2.28,4.98,63.5,4.04,75.68,12.16,1.2,12.14,32.79,5.54,0.72,0.02,1.15,18.03,30.43,60.91,3.38,3.05,0.62,0.63,0.64,21.11,
Baise,106.62,23.9,2005,11,2005-11,17.56,31.32,4.79,11.2,12.86,17.77,96.28,2.34,4.66,74.4,4.12,76.25,10.33,0.85,10.31,30.88,4.71,0.62,0.02,0.97,16.15,28.53,60.54,1.43,1.91,0.59,0.59,0.59,,
Baise,106.62,23.9,2005,12,2005-12,10.46,24.71,-0.3,11.03,3.84,10.66,96.74,2.66,6.95,54.6,4.5,66.89,5.57,0.9,8.44,27.65,3.76,0.48,0.01,0.67,14.13,24.97,59.79,0.36,1.04,0.55,0.56,0.55,,
Baise,106.62,23.9,2006,1,2006-01,11.75,27.19,-1.26,13.07,6.07,12.11,96.33,2.81,6.25,77.7,4.67,71.0,6.61,0.11,9.17,28.73,4.1,0.54,0.01,0.83,15.42,25.52,60.16,0.25,0.9,0.54,0.55,0.53,,
Baise,106.62,23.9,2006,2,2006-02,13.54,30.04,4.13,11.31,8.31,14.17,96.45,3.17,7.02,82.8,4.79,73.19,7.34,1.19,7.53,31.19,3.57,0.5,0.01,0.83,18.03,27.17,86.85,0.15,1.03,0.52,0.53,0.52,,
Baise,106.62,23.9,2006,3,2006-03,18.38,35.41,2.51,14.68,10.99,19.22,95.91,3.2,9.34,104.2,4.97,66.09,9.05,0.57,11.77,32.6,5.36,0.7,0.02,1.18,20.05,28.86,80.91,0.26,1.31,0.52,0.52,0.49,,
Baise,106.62,23.9,2006,4,2006-04,24.67,40.18,9.63,14.64,15.33,25.47,95.51,3.4,7.38,151.6,5.34,60.81,11.81,2.88,16.94,33.26,7.76,1.01,0.03,1.75,23.71,31.19,64.93,0.44,2.08,0.51,0.52,0.49,24.78,
Baise,106.62,23.9,2006,5,2006-05,24.78,39.75,14.2,11.82,18.11,25.2,95.52,2.75,8.49,128.3,4.58,70.82,14.06,6.33,17.25,33.6,8.1,1.11,0.03,1.8,26.38,31.85,67.93,1.95,3.37,0.58,0.58,0.61,25.16,
Baise,106.62,23.9,2006,6,2006-06,25.93,34.88,20.07,7.91,23.12,26.02,95.11,2.22,4.4,154.8,3.89,85.78,18.75,10.2,15.28,35.54,7.36,1.02,0.03,1.72,25.75,33.99,87.26,4.22,4.56,0.76,0.75,0.81,26.82,
Baise,106.62,23.9,2006,7,2006-07,26.64,33.8,21.3,7.88,23.75,26.64,94.87,2.14,7.66,127.9,3.75,85.41,19.53,9.34,16.37,35.76,7.87,1.1,0.03,1.91,26.31,34.29,81.3,4.8,5.04,0.86,0.85,0.87,29.37,
Baise,106.62,23.9,2006,8,2006-08,25.63,32.8,19.6,7.62,22.78,25.5,95.18,2.12,11.34,72.8,3.63,85.42,18.35,8.12,15.55,34.96,7.34,0.99,0.03,1.69,24.2,33.49,75.24,4.32,4.5,0.91,0.9,0.89,26.48,
Baise,106.62,23.9,2006,9,2006-09,23.21,32.78,13.74,9.77,19.32,23.09,95.72,2.25,5.69,64.2,3.97,80.43,14.99,2.54,16.9,33.25,7.76,1.02,0.03,1.65,22.01,31.75,57.03,5.51,4.75,0.8,0.8,0.81,23.69,
Baise,106.62,23.9,2006,10,2006-10,22.5,30.08,13.74,9.65,19.02,22.56,96.12,1.96,4.33,103.2,3.62,82.33,14.46,2.78,11.08,33.83,5.07,0.65,0.02,1.0,17.45,31.62,63.98,4.12,3.57,0.68,0.69,0.72,22.96,
Baise,106.62,23.9,2006,11,2006-11,17.44,29.2,7.2,11.14,12.91,17.37,96.18,2.31,5.04,68.5,4.06,77.09,9.89,1.37,10.62,31.09,4.78,0.61,0.01,0.85,15.65,28.57,58.51,2.3,2.29,0.63,0.63,0.65,,
Baise,106.62,23.9,2006,12,2006-12,11.62,26.69,2.07,12.32,5.99,11.59,96.7,2.5,6.01,56.0,4.3,71.33,6.23,0.23,9.51,27.6,4.13,0.51,0.01,0.68,13.71,25.15,51.87,0.85,1.37,0.59,0.6,0.6,,
Baise,106.62,23.9,2007,1,2007-01,9.54,22.34,-0.1,11.95,3.48,9.72,96.82,2.77,6.47,51.1,4.5,69.28,5.21,0.7,7.62,28.7,3.41,0.45,0.01,0.64,14.93,24.7,77.63,0.31,1.05,0.57,0.57,0.56,,8.09
Baise,106.62,23.9,2007,2,2007-02,17.39,30.73,5.66,13.43,11.44,17.63,96.03,2.98,7.62,152.2,4.93,71.85,9.17,1.06,11.71,31.06,5.23,0.67,0.02,0.98,17.57,27.98,63.58,0.39,1.37,0.55,0.55,0.54,,
Baise,106.62,23.9,2007,3,2007-03,19.09,37.65,5.45,13.8,12.18,19.74,95.83,3.45,7.39,135.7,5.41,68.76,9.73,0.75,12.46,32.55,5.55,0.69,0.02,1.12,19.42,29.19,73.86,0.4,1.54,0.53,0.54,0.51,,
Baise,106.62,23.9,2007,4,2007-04,20.65,38.86,6.85,13.37,12.75,21.28,95.91,2.8,9.24,86.8,4.43,64.77,9.97,2.37,14.18,32.58,6.5,0.84,0.02,1.31,22.65,29.9,80.55,0.45,1.75,0.52,0.53,0.51,20.46,
Baise,106.62,23.9,2007,5,2007-05,24.87,40.34,14.21,13.39,17.0,25.31,95.46,2.45,6.41,146.6,4.14,66.3,13.13,4.16,18.28,33.38,8.54,1.16,0.03,1.87,26.39,31.77,66.14,1.49,3.0,0.56,0.56,0.56,25.14,
Baise,106.62,23.9,2007,6,2007-06,26.39,35.23,18.92,9.22,22.57,26.55,95.07,2.24,5.06,154.9,3.91,81.34,18.17,8.37,17.83,35.39,8.49,1.17,0.03,2.0,26.22,33.76,81.6,4.89,4.62,0.66,0.65,0.71,28.52,
Baise,106.62,23.9,2007,7,2007-07,26.51,33.7,21.56,7.66,23.51,26.6,95.04,2.64,6.04,163.4,4.55,84.9,19.2,6.84,16.6,35.55,8.0,1.13,0.03,2.03,26.65,33.94,89.71,5.53,4.89,0.72,0.71,0.77,29.02,
Baise,106.62,23.9,2007,8,2007-08,26.4,34.72,19.94,8.97,22.53,26.38,95.1,1.95,5.26,98.5,3.44,81.03,18.1,7.83,17.42,35.07,8.2,1.1,0.03,1.9,24.44,33.66,70.96,5.87,4.9,0.71,0.71,0.75,28.52,
Baise,106.62,23.9,2007,9,2007-09,22.82,31.71,13.66,9.35,19.55,22.8,95.57,2.44,5.5,45.0,4.25,83.28,15.12,6.48,13.89,33.63,6.53,0.89,0.03,1.47,22.58,32.01,69.18,5.11,4.6,0.79,0.78,0.81,23.33,
Baise,106.62,23.9,2007,10,2007-10,20.22,31.25,11.07,10.45,15.86,20.23,96.15,2.36,5.62,57.5,4.16,77.98,12.03,0.78,12.15,32.3,5.45,0.69,0.02,1.07,17.7,30.12,56.02,4.16,3.44,0.68,0.68,0.7,20.33,
Baise,106.62,23.9,2007,11,2007-11,14.94,27.28,2.86,13.07,8.33,14.75,96.49,2.55,7.05,39.2,4.47,68.48,7.36,0.95,13.72,27.3,6.03,0.76,0.02,1.03,16.63,25.88,36.33,1.99,2.17,0.6,0.61,0.61,,
Baise,106.62,23.9,2007,12,2007-12,13.27,27.25,1.76,11.76,8.24,13.48,96.35,2.54,5.38,79.1,4.4,74.25,7.37,0.53,6.73,30.38,3.04,0.4,0.01,0.58,13.69,26.56,78.14,0.39,1.02,0.55,0.56,0.54,,
Baise,106.62,23.9,2008,1,2008-01,7.93,29.24,-1.43,11.71,2.07,8.29,96.52,2.97,6.61,57.4,4.43,69.44,4.9,1.09,7.35,28.21,3.32,0.44,0.01,0.64,15.82,24.73,67.17,0.17,0.87,0.54,0.54,0.53,,6.03
Baise,106.62,23.9,2008,2,2008-02,8.32,25.68,-1.61,11.13,2.32,8.74,96.69,2.7,6.59,57.3,4.36,68.93,4.97,1.39,7.34,28.84,3.4,0.46,0.01,0.8,17.58,24.21,88.19,0.3,1.16,0.58,0.57,0.58,,6.68
Baise,106.62,23.9,2008,3,2008-03,18.47,36.99,5.16,13.53,11.99,18.88,95.95,2.75,6.66,124.7,4.51,70.39,9.54,1.87,12.49,31.65,5.64,0.73,0.02,1.23,20.32,28.69,75.39,0.69,1.93,0.57,0.57,0.57,,
Baise,106.62,23.9,2008,4,2008-04,22.88,39.52,10.81,13.06,16.39,23.52,95.61,3.04,7.71,129.1,4.81,70.77,12.5,2.33,14.52,33.82,6.68,0.87,0.03,1.48,23.22,31.22,77.9,0.9,2.38,0.56,0.56,0.55,23.07,
Baise,106.62,23.9,2008,5,2008-05,24.14,35.27,14.54,11.21,18.55,24.51,95.3,2.58,7.38,111.1,4.39,74.06,14.35,6.23,15.71,34.21,7.37,0.99,0.03,1.69,25.19,32.1,78.07,2.6,3.55,0.6,0.6,0.63,24.54,
Baise,106.62,23.9,2008,6,2008-06,25.45,33.11,18.06,9.59,21.57,25.52,95.07,2.16,5.19,114.3,3.63,81.05,17.11,8.74,14.78,35.41,7.04,0.96,0.03,1.6,25.43,33.59,85.09,5.07,4.82,0.73,0.72,0.77,26.17,
Baise,106.62,23.9,2008,7,2008-07,26.13,35.86,20.72,7.89,22.99,26.16,95.02,2.13,5.96,154.2,3.68,84.37,18.6,8.17,15.94,35.27,7.67,1.06,0.03,1.85,26.1,33.63,87.79,5.38,4.99,0.8,0.79,0.83,27.0,
Baise,106.62,23.9,2008,8,2008-08,25.75,35.52,19.79,7.62,23.08,25.78,95.17,2.2,7.42,127.3,3.89,86.34,18.67,9.02,14.7,35.18,7.07,0.98,0.03,1.7,24.96,33.53,89.45,4.73,4.75,0.84,0.84,0.86,26.63,
Baise,106.62,23.9,2008,9,2008-09,24.75,33.99,16.8,8.95,21.48,24.7,95.5,2.19,10.02,82.2,3.81,83.5,16.9,6.55,15.73,34.31,7.31,0.98,0.03,1.61,22.38,32.72,61.49,5.19,4.63,0.83,0.83,0.84,25.46,
Baise,106.62,23.9,2008,10,2008-10,21.45,29.62,13.76,9.79,18.23,21.43,96.1,2.09,5.29,76.4,3.73,83.4,13.78,4.93,11.65,33.45,5.39,0.72,0.02,1.15,18.55,31.04,71.5,4.29,3.75,0.78,0.78,0.81,21.83,
Baise,106.62,23.9,2008,11,2008-11,14.4,26.91,4.09,10.32,11.22,14.24,96.51,2.32,4.99,50.2,4.1,82.84,8.99,4.54,11.42,28.82,5.1,0.66,0.02,0.95,16.53,26.74,51.74,2.22,2.78,0.89,0.88,0.88,,
Baise,106.62,23.9,2008,12,2008-12,11.0,21.13,0.8,10.74,7.21,10.59,96.58,2.3,7.31,50.0,3.85,79.1,6.77,0.34,9.11,27.96,3.99,0.5,0.01,0.7,14.15,25.02,57.12,1.48,1.97,0.78,0.78,0.8,,
Baise,106.62,23.9,2009,1,2009-01,8.83,21.66,-0.31,11.48,4.31,8.75,96.71,2.62,7.09,65.8,4.38,75.56,5.65,0.43,9.5,27.71,4.17,0.53,0.01,0.77,15.39,24.06,66.56,1.04,1.78,0.72,0.72,0.75,,7.34
Baise,106.62,23.9,2009,2,2009-02,18.52,32.97,7.01,12.05,14.4,18.67,95.79,3.13,7.87,165.2,5.24,79.45,10.93,0.13,13.87,31.09,6.17,0.79,0.02,1.26,18.38,28.71,48.96,1.38,2.24,0.64,0.65,0.66,,
Baise,106.62,23.9,2009,3,2009-03,17.07,34.99,3.04,13.18,11.36,17.64,95.91,3.1,10.48,96.6,4.85,72.61,9.25,1.07,12.59,31.79,5.65,0.72,0.02,1.17,20.24,28.8,77.46,0.8,1.94,0.59,0.59,0.58,,
Baise,106.62,23.9,2009,4,2009-04,22.02,34.16,9.51,12.21,15.95,22.54,95.64,3.16,6.66,129.1,5.01,71.94,12.23,2.95,13.35,33.83,6.21,0.82,0.02,1.35,23.27,30.86,81.51,1.36,2.7,0.58,0.58,0.58,22.16,
Baise,106.62,23.9,2009,5,2009-05,23.87,33.71,14.2,10.02,19.5,24.26,95.52,2.84,6.74,130.4,4.6,78.93,15.03,6.6,14.16,34.71,6.77,0.94,0.03,1.57,25.71,32.28,80.83,3.08,3.75,0.63,0.63,0.66,24.37,
Baise,106.62,23.9,2009,6,2009-06,26.14,34.24,17.47,8.96,22.4,26.2,94.93,2.06,4.64,144.0,3.56,81.91,18.1,7.35,16.72,35.28,7.98,1.1,0.03,1.82,26.1,33.87,81.4,4.57,4.39,0.68,0.68,0.73,26.95,
Baise,106.62,23.9,2009,7,2009-07,26.52,34.87,20.67,8.41,23.45,26.63,94.96,2.24,5.66,154.3,3.9,84.62,19.15,8.82,16.49,35.81,7.96,1.11,0.03,1.96,26.63,34.17,80.61,5.83,5.29,0.78,0.78,0.82,29.02,
Baise,106.62,23.9,2009,8,2009-08,26.79,34.9,18.79,9.43,22.82,26.84,95.21,2.14,4.93,114.6,3.8,80.69,18.4,1.9,18.75,35.03,8.81,1.18,0.03,2.05,24.83,33.82,61.15,6.16,5.08,0.72,0.72,0.74,29.34,
Baise,106.62,23.9,2009,9,2009-09,25.89,36.6,16.76,10.28,20.78,26.12,95.5,2.26,5.89,70.9,3.99,75.7,16.24,3.58,15.08,34.65,7.06,0.95,0.03,1.57,22.39,33.02,57.84,4.23,4.01,0.63,0.63,0.65,26.51,
Baise,106.62,23.9,2009,10,2009-10,22.22,32.35,14.82,11.15,16.58,22.53,95.95,2.32,5.02,66.3,4.11,73.37,12.42,0.8,10.92,33.59,5.02,0.66,0.02,1.05,17.82,31.05,68.92,1.83,2.39,0.57,0.58,0.57,22.41,
Baise,106.62,23.9,2009,11,2009-11,15.54,32.76,2.2,12.59,7.32,15.81,96.39,2.82,7.5,60.3,4.62,61.89,7.28,0.2,11.79,29.11,5.3,0.68,0.02,1.01,16.31,26.75,51.4,0.45,1.16,0.52,0.53,0.49,,
Baise,106.62,23.9,2009,12,2009-12,12.95,27.99,1.7,11.52,6.45,13.37,96.38,2.67,8.0,81.5,4.39,67.46,6.6,0.13,7.74,29.85,3.47,0.46,0.01,0.59,13.72,26.13,79.37,0.1,0.45,0.5,0.51,0.42,,
Baise,106.62,23.9,2010,1,2010-01,12.34,28.88,1.87,12.84,6.76,12.77,96.43,2.71,6.49,87.3,4.39,71.83,6.8,1.83,8.79,29.71,3.98,0.53,0.01,0.76,15.66,26.16,73.29,0.18,0.73,0.52,0.52,0.47,,
Baise,106.62,23.9,2010,2,2010-02,15.74,34.33,2.11,14.55,7.94,16.29,95.92,3.4,8.38,127.3,5.33,65.06,7.57,0.11,13.75,29.42,6.1,0.78,0.02,1.15,18.68,27.07,58.09,0.19,1.21,0.53,0.53,0.5,,
Baise,106.62,23.9,2010,3,2010-03,18.97,35.69,5.0,14.2,9.27,19.73,95.98,3.69,8.18,128.9,5.57,58.18,8.32,0.07,13.65,31.81,6.01,0.73,0.02,1.14,19.43,29.01,68.43,0.03,0.5,0.49,0.5,0.36,,
Baise,106.62,23.9,2010,4,2010-04,21.3,39.62,8.68,13.39,14.14,22.11,95.8,3.28,6.8,105.0,4.95,67.66,10.91,3.29,14.37,33.71,6.69,0.89,0.03,1.48,23.67,30.79,81.26,0.32,1.91,0.52,0.52,0.52,21.25,
Baise,106.62,23.9,2010,5,2010-05,25.36,36.95,16.27,11.18,20.58,25.81,95.23,2.99,6.95,140.2,4.77,77.42,16.14,7.44,14.39,35.42,6.89,0.94,0.03,1.53,25.11,33.3,85.32,2.72,3.79,0.61,0.6,0.64,25.97,
Baise,106.62,23.9,2010,6,2010-06,24.85,35.15,16.99,7.96,22.01,24.99,95.2,2.44,5.29,119.5,4.16,85.54,17.64,9.65,12.31,35.8,6.05,0.85,0.02,1.43,25.73,33.99,93.09,3.77,4.0,0.71,0.7,0.76,25.62,
Baise,106.62,23.9,2010,7,2010-07,26.65,33.75,22.41,7.4,23.97,26.7,95.15,2.64,6.78,154.0,4.58,86.41,19.72,5.88,17.09,35.45,8.2,1.14,0.03,1.97,26.51,34.17,89.51,4.99,4.81,0.79,0.78,0.81,29.47,
Baise,106.62,23.9,2010,8,2010-08,25.75,32.62,18.73,7.88,22.79,25.79,95.41,2.1,4.62,130.2,3.65,84.95,18.32,4.56,17.04,35.15,8.15,1.13,0.03,1.96,25.43,33.63,76.52,5.56,4.79,0.78,0.77,0.81,26.6,
Baise,106.62,23.9,2010,9,2010-09,24.68,34.72,15.39,8.93,21.55,24.75,95.53,2.06,6.37,92.5,3.71,84.35,17.03,5.94,14.74,34.71,6.94,0.94,0.03,1.54,22.26,33.07,72.09,4.79,4.28,0.74,0.74,0.78,25.41,
Baise,106.62,23.9,2010,10,2010-10,19.3,30.59,6.61,10.19,15.09,19.36,96.09,2.68,5.69,42.9,4.72,78.5,11.67,0.85,13.31,31.56,6.14,0.82,0.02,1.28,19.39,29.65,64.15,4.26,3.74,0.71,0.71,0.73,,
Baise,106.62,23.9,2010,11,2010-11,15.63,26.52,6.9,11.7,10.52,15.58,96.37,2.21,5.64,45.9,3.94,74.32,8.31,0.67,10.86,29.16,4.79,0.6,0.01,0.84,15.36,26.79,54.02,1.78,1.99,0.6,0.61,0.61,,
Baise,106.62,23.9,2010,12,2010-12,12.26,26.9,0.09,11.51,7.27,12.19,96.19,2.62,7.38,62.7,4.4,74.26,6.98,1.88,8.41,29.19,3.82,0.5,0.01,0.69,14.45,26.16,66.26,0.85,1.45,0.6,0.6,0.62,,
Baise,106.62,23.9,2011,1,2011-01,5.18,15.23,-2.21,9.3,-0.05,5.62,96.76,2.96,7.13,48.2,4.56,70.99,3.98,0.64,4.49,28.42,2.13,0.3,0.01,0.44,14.77,23.4,96.76,0.28,1.06,0.6,0.6,0.6,,2.74
Baise,106.62,23.9,2011,2,2011-02,13.52,32.12,1.49,12.29,8.43,14.01,96.06,2.98,6.69,117.5,4.73,74.12,7.57,0.34,9.93,30.74,4.54,0.61,0.02,0.94,18.37,26.66,78.35,0.38,1.24,0.57,0.57,0.56,,
Baise,106.62,23.9,2011,3,2011-03,13.66,30.12,3.94,11.93,7.96,14.26,96.39,3.14,8.83,66.0,4.8,71.56,7.19,2.78,8.96,30.88,4.23,0.58,0.02,0.93,21.16,26.7,91.08,0.69,1.73,0.58,0.58,0.59,,
Baise,106.62,23.9,2011,4,2011-04,21.71,34.42,9.42,12.42,15.59,22.21,95.8,2.99,7.1,142.7,4.84,71.59,11.78,1.52,12.58,33.49,5.9,0.79,0.02,1.28,23.45,30.42,88.94,0.88,2.19,0.57,0.57,0.56,21.81,
Baise,106.62,23.9,2011,5,2011-05,23.82,38.03,13.98,12.28,17.44,24.19,95.43,2.71,6.47,118.7,4.43,71.01,13.28,4.11,18.11,33.32,8.44,1.14,0.03,1.91,26.14,31.64,68.9,2.41,3.39,0.59,0.59,0.61,24.11,
Baise,106.62,23.9,2011,6,2011-06,26.69,36.39,19.71,8.33,23.04,26.92,94.94,2.45,6.33,150.1,4.22,82.18,18.7,8.83,15.41,35.83,7.45,1.04,0.03,1.77,25.95,34.23,91.9,3.32,3.92,0.64,0.63,0.68,29.23,
Baise,106.62,23.9,2011,7,2011-07,26.85,35.71,21.81,8.91,22.88,26.96,95.01,2.34,5.92,135.3,3.99,80.57,18.48,2.25,17.62,35.31,8.24,1.09,0.03,1.88,24.73,34.03,70.47,5.77,4.73,0.68,0.68,0.71,29.46,
Baise,106.62,23.9,2011,8,2011-08,26.65,37.18,18.99,10.67,21.06,26.94,95.25,2.17,5.13,131.9,3.73,74.56,16.59,2.3,18.35,34.53,8.63,1.17,0.03,2.03,25.11,33.25,64.31,3.03,3.52,0.59,0.59,0.59,28.59,
Baise,106.62,23.9,2011,9,2011-09,25.22,35.36,14.55,11.08,19.29,25.67,95.48,2.7,9.24,71.6,4.56,72.6,14.98,4.63,14.56,34.58,6.81,0.91,0.03,1.49,22.12,32.72,70.1,1.94,3.12,0.57,0.57,0.57,25.69,
Baise,106.62,23.9,2011,10,2011-10,19.62,30.94,12.51,9.11,16.37,19.65,96.11,2.39,6.46,55.8,4.1,83.05,12.32,5.31,10.77,32.71,5.05,0.69,0.02,1.07,19.03,30.29,72.12,3.7,3.3,0.68,0.68,0.73,,
Baise,106.62,23.9,2011,11,2011-11,17.94,27.7,7.27,10.89,14.33,17.75,96.22,2.05,5.64,96.2,3.6,81.33,10.79,1.61,11.71,30.18,5.21,0.66,0.02,0.94,15.98,28.32,44.17,2.57,2.3,0.64,0.64,0.67,,
Baise,106.62,23.9,2011,12,2011-12,9.74,23.11,0.64,11.42,3.89,9.94,96.77,2.66,6.05,48.3,4.59,69.68,5.39,0.32,7.96,28.05,3.5,0.44,0.01,0.59,13.38,24.58,69.94,0.86,1.4,0.59,0.6,0.6,,8.4
Baise,106.62,23.9,2012,1,2012-01,7.76,17.89,-1.73,8.42,4.37,8.17,96.49,2.64,5.68,63.8,4.09,80.5,5.55,2.47,4.6,30.06,2.22,0.32,0.01,0.53,15.21,25.01,96.48,0.41,1.07,0.62,0.61,0.64,,6.05
Baise,106.62,23.9,2012,2,2012-02,11.32,27.77,0.95,11.75,6.78,11.92,96.13,3.23,6.0,81.1,4.9,75.54,6.76,0.32,7.82,30.96,3.65,0.51,0.01,0.79,18.31,26.23,92.27,0.57,1.41,0.6,0.6,0.6,,
Baise,106.62,23.9,2012,3,2012-03,17.96,33.36,5.86,12.97,11.81,18.55,95.93,3.4,8.85,121.1,5.26,71.12,9.54,0.82,10.94,32.56,4.94,0.62,0.02,0.99,19.45,28.9,82.49,0.49,1.66,0.56,0.56,0.55,,
Baise,106.62,23.9,2012,4,2012-04,24.44,41.05,11.01,14.3,16.04,25.19,95.43,3.35,8.34,142.1,5.21,64.38,12.21,1.12,18.04,33.49,8.25,1.08,0.03,1.75,23.99,31.25,66.94,0.43,1.92,0.52,0.53,0.49,24.62,
Baise,106.62,23.9,2012,5,2012-05,25.76,41.7,17.14,9.89,20.64,26.21,95.23,2.5,6.53,119.8,4.19,77.14,16.24,7.74,15.39,35.05,7.33,1.0,0.03,1.62,25.45,33.33,79.05,1.99,3.16,0.6,0.59,0.63,26.41,
Baise,106.62,23.9,2012,6,2012-06,25.85,32.69,19.23,8.27,22.78,25.96,94.8,2.23,4.8,114.0,3.88,84.47,18.47,11.33,13.49,35.87,6.48,0.88,0.03,1.46,24.5,34.33,87.69,4.52,4.72,0.75,0.74,0.8,26.7,
Baise,106.62,23.9,2012,7,2012-07,26.37,32.58,21.69,7.43,23.67,26.45,94.93,2.58,8.66,154.4,4.45,86.25,19.4,7.27,15.46,35.49,7.51,1.06,0.03,1.83,26.76,33.96,87.17,5.13,5.1,0.81,0.81,0.83,28.77,
Baise,106.62,23.9,2012,8,2012-08,26.33,34.53,19.34,8.83,22.83,26.29,95.08,2.05,10.75,68.5,3.58,82.54,18.44,3.44,16.9,35.11,7.9,1.05,0.03,1.78,24.23,33.76,72.34,5.81,4.94,0.82,0.82,0.83,28.46,
Baise,106.62,23.9,2012,9,2012-09,23.08,31.91,12.85,8.75,19.61,23.17,95.75,2.21,5.41,83.2,3.95,82.49,15.26,3.39,13.45,33.96,6.36,0.87,0.02,1.43,22.05,32.16,81.33,4.85,4.18,0.72,0.72,0.75,23.6,
Baise,106.62,23.9,2012,10,2012-10,21.63,30.6,11.23,10.28,17.5,21.77,96.03,2.38,6.03,104.6,4.18,79.48,13.25,1.77,11.71,33.25,5.36,0.71,0.02,1.12,18.21,30.86,68.56,3.43,3.07,0.64,0.64,0.66,21.92,
Baise,106.62,23.9,2012,11,2012-11,16.92,30.5,7.47,10.3,13.26,17.11,96.07,2.46,8.03,97.3,4.24,80.84,10.27,1.79,8.67,31.81,4.04,0.55,0.01,0.82,16.11,29.04,76.82,1.98,2.17,0.62,0.62,0.65,,
Baise,106.62,23.9,2012,12,2012-12,11.92,28.54,0.2,11.28,6.99,12.13,96.37,2.9,6.47,67.7,4.71,74.31,6.88,1.13,7.54,29.73,3.44,0.46,0.01,0.67,14.51,26.06,76.93,0.76,1.4,0.59,0.59,0.59,,
Baise,106.62,23.9,2013,1,2013-01,9.83,25.2,0.27,10.26,5.68,10.06,96.54,2.65,6.87,77.1,4.36,77.39,6.25,0.64,5.68,29.86,2.66,0.37,0.01,0.58,14.78,25.24,89.49,0.37,1.04,0.59,0.59,0.59,,8.51
Baise,106.62,23.9,2013,2,2013-02,16.28,31.66,3.84,13.16,11.0,16.84,96.15,3.45,8.13,134.4,5.39,73.95,9.01,0.35,9.96,31.52,4.63,0.63,0.02,1.05,18.82,27.83,81.53,0.4,1.38,0.55,0.56,0.54,,
Baise,106.62,23.9,2013,3,2013-03,20.57,34.58,5.84,14.09,13.14,21.16,95.87,3.15,7.08,130.3,5.0,66.65,10.28,1.87,14.17,32.27,6.28,0.78,0.02,1.24,19.83,29.66,67.3,0.4,1.73,0.53,0.53,0.52,20.42,
Baise,106.62,23.9,2013,4,2013-04,22.4,37.83,10.03,13.14,15.69,23.09,95.59,3.12,8.07,130.7,4.85,69.71,12.08,1.95,14.83,33.71,6.81,0.89,0.03,1.47,22.79,30.99,76.63,0.5,1.95,0.53,0.54,0.52,22.52,
Baise,106.62,23.9,2013,5,2013-05,25.04,37.71,15.38,10.67,20.23,25.44,95.29,2.5,5.59,139.2,4.08,77.43,15.83,5.14,16.43,34.86,7.81,1.07,0.03,1.75,25.65,32.96,77.01,2.37,3.36,0.6,0.59,0.62,25.62,
Baise,106.62,23.9,2013,6,2013-06,26.05,34.9,15.44,9.1,22.0,26.18,95.04,2.36,5.66,141.6,4.03,80.44,17.7,6.69,18.02,34.85,8.59,1.19,0.03,2.0,26.98,33.4,80.49,4.26,4.21,0.64,0.64,0.68,26.81,
Baise,106.62,23.9,2013,7,2013-07,26.47,35.11,21.39,8.2,23.05,26.67,95.07,2.71,6.22,157.6,4.56,83.1,18.64,5.02,16.35,35.5,7.96,1.13,0.03,1.96,26.99,33.86,82.99,5.14,4.74,0.65,0.65,0.69,28.8,
Baise,106.62,23.9,2013,8,2013-08,26.43,35.26,21.27,8.41,23.0,26.47,95.07,2.23,7.55,105.8,3.9,83.06,18.6,8.28,17.11,35.15,8.19,1.14,0.03,1.93,25.65,33.73,76.09,4.97,4.49,0.69,0.68,0.74,28.71,
Baise,106.62,23.9,2013,9,2013-09,23.58,32.94,13.44,9.22,20.12,23.59,95.6,2.22,5.08,52.9,3.84,82.51,15.68,3.59,14.24,33.96,6.74,0.92,0.03,1.5,22.97,32.19,69.33,5.33,4.44,0.74,0.74,0.78,24.15,
Baise,106.62,23.9,2013,10,2013-10,19.52,31.21,10.96,10.66,14.91,19.45,96.2,2.32,5.52,46.0,4.15,77.09,11.18,2.19,12.71,31.54,5.8,0.76,0.02,1.14,18.66,29.53,60.66,3.86,3.29,0.65,0.65,0.68,,
Baise,106.62,23.9,2013,11,2013-11,16.25,29.24,4.62,10.65,12.08,16.34,96.38,2.46,7.28,62.6,4.35,78.54,9.48,2.78,9.37,30.97,4.31,0.58,0.01,0.85,16.44,27.89,71.14,2.47,2.41,0.64,0.64,0.67,,
Baise,106.62,23.9,2013,12,2013-12,9.23,23.7,-2.17,11.55,4.41,9.14,96.61,2.43,6.02,46.0,4.32,74.49,5.63,2.57,9.65,26.35,4.09,0.49,0.01,0.63,13.38,23.95,50.24,1.27,1.59,0.65,0.65,0.69,,7.95
Baise,106.62,23.9,2014,1,2014-01,11.22,26.69,-2.07,12.23,6.51,11.01,96.55,2.65,6.59,99.9,4.46,75.49,6.6,0.22,10.68,27.28,4.6,0.57,0.01,0.79,14.94,24.6,48.88,1.01,1.49,0.63,0.63,0.65,,
Baise,106.62,23.9,2014,2,2014-02,12.05,30.04,-0.65,11.72,7.05,12.57,96.15,3.34,7.39,100.7,5.12,74.11,7.18,0.78,9.38,30.27,4.27,0.57,0.01,0.9,18.59,26.14,79.72,0.47,1.34,0.58,0.58,0.58,,
Baise,106.62,23.9,2014,3,2014-03,17.56,34.6,8.05,12.17,12.54,18.2,96.03,3.17,9.29,112.0,4.86,75.29,9.81,1.72,11.05,32.9,5.04,0.65,0.02,1.06,19.82,29.21,87.8,0.52,1.68,0.56,0.56,0.56,,
Baise,106.62,23.9,2014,4,2014-04,23.48,35.94,14.08,11.1,18.27,24.03,95.67,3.41,6.57,142.7,5.24,75.28,13.98,1.91,12.56,34.71,5.77,0.74,0.02,1.21,21.84,31.77,88.79,0.94,2.31,0.57,0.57,0.57,23.85,
Baise,106.62,23.9,2014,5,2014-05,26.14,40.37,14.74,11.6,20.18,26.68,95.3,2.75,5.92,137.0,4.45,73.24,15.89,3.84,17.29,34.88,8.12,1.09,0.03,1.77,25.35,33.07,81.39,1.4,2.88,0.57,0.57,0.57,26.72,
Baise,106.62,23.9,2014,6,2014-06,26.43,33.5,20.37,7.39,23.5,26.54,94.94,2.11,4.8,127.5,3.69,85.17,19.24,11.01,14.85,35.86,7.15,0.98,0.03,1.64,25.28,34.43,88.18,4.03,4.17,0.72,0.71,0.77,28.85,
Baise,106.62,23.9,2014,7,2014-07,26.51,36.28,22.11,7.16,23.83,26.54,95.08,2.08,11.13,142.1,3.65,86.46,19.57,9.86,17.67,35.4,8.51,1.19,0.04,2.1,26.7,34.1,79.55,4.52,4.65,0.86,0.85,0.87,29.12,
Baise,106.62,23.9,2014,8,2014-08,25.97,33.69,19.43,7.88,23.12,26.0,95.24,1.89,4.8,138.9,3.35,85.55,18.76,4.96,16.42,35.19,7.87,1.09,0.03,1.89,25.26,33.85,83.98,5.03,4.66,0.84,0.83,0.85,26.86,
Baise,106.62,23.9,2014,9,2014-09,25.18,33.24,15.63,8.51,22.14,25.13,95.46,2.32,13.63,120.7,4.05,84.59,17.7,7.37,16.75,34.4,7.87,1.07,0.03,1.79,23.29,33.02,64.62,4.85,4.76,0.84,0.84,0.86,25.96,
Baise,106.62,23.9,2014,10,2014-10,21.51,30.44,13.84,9.53,18.06,21.43,96.1,2.11,5.2,106.0,3.78,82.24,13.69,2.35,13.68,32.55,6.2,0.8,0.02,1.24,18.67,30.72,57.58,4.35,3.87,0.78,0.78,0.8,21.86,
Baise,106.62,23.9,2014,11,2014-11,16.29,28.89,8.82,8.81,13.58,16.39,96.28,2.41,5.85,78.4,4.27,85.09,10.33,3.15,7.68,31.68,3.57,0.48,0.01,0.69,15.65,28.44,78.86,2.35,2.62,0.77,0.77,0.8,,
Baise,106.62,23.9,2014,12,2014-12,9.77,20.61,1.22,10.94,5.01,9.77,96.78,2.59,6.64,50.0,4.49,74.71,5.76,0.36,9.1,27.8,4.02,0.51,0.01,0.68,14.41,24.51,66.43,1.59,2.0,0.7,0.7,0.73,,8.48
Baise,106.62,23.9,2015,1,2015-01,11.58,25.4,1.38,10.55,7.99,11.5,96.55,2.73,6.73,89.2,4.56,80.23,7.2,1.88,9.23,28.65,4.1,0.53,0.01,0.72,15.29,25.3,67.24,1.13,1.68,0.67,0.67,0.71,,
Baise,106.62,23.9,2015,2,2015-02,14.82,31.13,1.37,11.41,10.69,15.03,96.22,2.77,8.6,141.5,4.65,78.84,8.86,1.44,11.86,29.79,5.29,0.68,0.02,1.02,17.6,26.95,64.55,1.22,2.12,0.65,0.65,0.68,,
Baise,106.62,23.9,2015,3,2015-03,18.63,35.41,6.3,12.65,13.54,19.24,96.04,3.17,7.04,120.3,4.94,75.57,10.45,0.66,11.25,33.05,5.15,0.68,0.02,1.05,20.34,29.57,82.67,0.86,2.01,0.59,0.6,0.59,,
Baise,106.62,23.9,2015,4,2015-04,23.25,41.16,10.53,13.91,14.45,23.88,95.77,3.24,7.6,162.4,5.17,62.46,11.11,0.94,17.38,32.44,7.95,1.04,0.03,1.65,23.93,30.42,65.3,0.75,2.07,0.53,0.54,0.5,23.26,
Baise,106.62,23.9,2015,5,2015-05,27.07,38.06,17.2,11.41,21.01,27.64,95.2,2.79,6.37,133.7,4.45,73.08,16.64,7.12,17.6,35.48,8.28,1.11,0.03,1.82,25.35,33.8,75.61,2.09,3.17,0.58,0.57,0.6,29.25,
Baise,106.62,23.9,2015,6,2015-06,26.3,34.44,19.61,7.13,23.84,26.36,95.05,2.6,5.62,163.0,4.53,87.32,19.61,10.31,17.27,35.73,8.29,1.15,0.03,1.91,26.35,34.33,81.49,3.87,4.34,0.78,0.77,0.82,28.66,
Baise,106.62,23.9,2015,7,2015-07,25.92,34.24,18.51,8.16,22.51,25.86,95.04,2.06,5.57,65.7,3.55,82.95,18.14,7.9,16.77,35.1,7.98,1.1,0.03,1.89,25.73,33.72,85.76,5.38,4.95,0.79,0.79,0.82,26.73,
Baise,106.62,23.9,2015,8,2015-08,25.66,33.48,19.83,7.93,22.65,25.6,95.27,2.03,4.71,125.0,3.55,84.8,18.22,7.44,15.87,35.08,7.55,1.03,0.03,1.76,24.41,33.69,81.36,4.89,4.7,0.83,0.83,0.85,26.5,
Baise,106.62,23.9,2015,9,2015-09,24.43,31.71,16.79,7.93,22.08,24.51,95.61,2.19,5.72,104.7,3.94,87.73,17.58,8.13,12.22,35.39,5.89,0.83,0.02,1.38,22.46,33.35,88.68,4.0,4.6,0.9,0.89,0.89,25.22,
Baise,106.62,23.9,2015,10,2015-10,20.87,30.7,12.7,9.51,17.24,20.6,96.13,2.19,7.83,53.4,3.77,81.37,12.99,3.87,13.19,32.48,6.12,0.82,0.02,1.28,19.63,30.56,61.54,4.2,3.94,0.83,0.83,0.84,21.14,
Baise,106.62,23.9,2015,11,2015-11,17.93,28.75,5.78,8.74,15.71,18.02,96.25,2.33,7.18,122.4,4.14,87.84,12.06,5.26,9.24,32.49,4.34,0.59,0.01,0.89,16.32,29.7,75.96,2.27,2.85,0.85,0.84,0.85,,
Baise,106.62,23.9,2015,12,2015-12,11.36,24.34,2.2,9.03,8.89,11.46,96.67,2.32,5.34,60.2,4.0,85.81,7.59,3.17,6.5,30.03,3.02,0.41,0.01,0.58,14.18,25.91,86.84,1.13,2.05,0.86,0.86,0.86,,
Baise,106.62,23.9,2016,1,2016-01,9.94,23.86,-1.99,8.78,7.56,10.13,96.52,2.57,7.18,71.6,4.11,85.95,7.05,1.41,7.22,29.85,3.36,0.46,0.01,0.64,15.82,25.68,85.05,0.73,1.74,0.83,0.83,0.84,,8.69
Baise,106.62,23.9,2016,2,2016-02,10.57,26.76,-0.75,11.94,5.58,10.49,96.72,2.89,6.92,51.3,4.74,73.93,6.08,0.37,11.8,27.83,5.27,0.68,0.02,1.05,18.25,24.7,65.38,1.22,2.48,0.76,0.76,0.78,,
Baise,106.62,23.9,2016,3,2016-03,16.94,32.39,2.88,11.87,12.74,17.31,96.07,3.09,6.99,120.0,4.96,78.52,10.03,0.71,12.53,31.84,5.64,0.72,0.02,1.14,20.08,28.6,77.18,1.6,2.6,0.67,0.67,0.69,,
Baise,106.62,23.9,2016,4,2016-04,23.2,37.52,11.81,11.5,18.8,23.51,95.46,2.75,9.09,142.5,4.6,79.12,14.38,4.31,15.68,34.28,7.1,0.9,0.03,1.5,22.31,31.91,74.37,2.39,3.37,0.65,0.65,0.68,23.64,
Baise,106.62,23.9,2016,5,2016-05,25.04,37.8,13.73,9.78,20.75,25.24,95.36,2.75,6.4,148.2,4.69,79.76,16.36,6.52,17.41,34.61,8.16,1.1,0.03,1.9,25.56,32.87,73.22,3.49,4.13,0.67,0.67,0.71,25.68,
Baise,106.62,23.9,2016,6,2016-06,26.64,35.36,18.8,8.95,23.35,26.74,95.17,2.43,4.91,165.4,4.19,83.73,19.03,7.58,19.54,35.43,9.31,1.29,0.04,2.3,27.1,34.0,85.09,5.11,5.25,0.78,0.77,0.81,29.24,
Baise,106.62,23.9,2016,7,2016-07,26.89,35.57,21.88,7.61,23.77,26.94,95.12,2.43,5.22,159.5,4.23,84.47,19.5,3.14,18.47,35.29,8.84,1.23,0.04,2.19,26.71,34.02,81.47,4.38,4.2,0.72,0.72,0.75,29.9,
Baise,106.62,23.9,2016,8,2016-08,26.68,35.1,19.04,8.05,23.35,26.6,94.98,2.0,6.83,65.4,3.49,83.4,19.09,11.17,16.84,35.41,8.04,1.11,0.03,1.94,25.2,34.08,84.45,4.83,4.87,0.8,0.79,0.83,29.31,
Baise,106.62,23.9,2016,9,2016-09,24.53,33.18,16.97,9.51,20.79,24.48,95.51,2.08,5.18,53.0,3.74,81.34,16.24,3.75,16.26,34.62,7.62,1.03,0.03,1.74,22.59,32.85,72.95,5.76,4.91,0.79,0.79,0.81,25.16,
Baise,106.62,23.9,2016,10,2016-10,22.23,31.79,11.36,10.15,18.42,22.39,95.84,2.42,6.17,58.5,4.26,80.78,14.05,3.28,12.47,33.73,5.87,0.81,0.02,1.34,19.65,31.4,72.66,4.2,3.6,0.68,0.68,0.71,22.62,
Baise,106.62,23.9,2016,11,2016-11,16.77,29.54,4.9,11.06,12.86,16.97,96.3,2.62,5.85,76.4,4.48,79.72,10.24,1.12,10.82,31.1,5.03,0.68,0.02,1.06,16.75,28.44,62.98,2.49,2.55,0.65,0.65,0.67,,
Baise,106.62,23.9,2016,12,2016-12,13.92,26.99,2.76,12.83,8.46,14.01,96.5,2.54,6.5,69.5,4.44,72.52,7.51,0.3,10.99,28.77,4.92,0.64,0.02,0.92,15.08,26.06,58.16,0.89,1.45,0.59,0.59,0.58,,
Baise,106.62,23.9,2017,1,2017-01,13.49,26.33,3.59,10.36,9.53,13.79,96.45,2.63,6.44,87.4,4.3,78.94,7.91,2.35,7.6,30.7,3.54,0.49,0.01,0.79,15.58,26.75,83.51,0.65,1.38,0.6,0.6,0.62,,
Baise,106.62,23.9,2017,2,2017-02,14.1,29.65,2.46,11.94,8.47,14.59,96.44,3.12,7.66,103.3,4.96,71.63,7.57,0.42,10.04,30.61,4.61,0.62,0.02,0.98,18.33,26.41,79.79,0.52,1.46,0.58,0.59,0.57,,
Baise,106.62,23.9,2017,3,2017-03,18.28,34.41,8.59,12.45,13.1,18.88,95.96,3.32,8.11,116.7,5.1,74.85,10.19,3.31,11.46,32.71,5.31,0.71,0.02,1.17,20.93,29.11,81.99,0.66,1.9,0.57,0.57,0.58,,
Baise,106.62,23.9,2017,4,2017-04,22.4,39.45,7.71,13.1,15.76,22.95,95.68,3.16,7.09,154.2,5.07,69.93,12.04,2.29,15.1,33.31,7.03,0.94,0.03,1.55,24.15,30.59,77.05,1.56,2.81,0.58,0.59,0.59,22.52,
Baise,106.62,23.9,2017,5,2017-05,24.24,38.63,15.09,11.09,18.9,24.42,95.57,2.49,5.1,118.1,4.19,75.09,14.54,6.1,17.9,33.91,8.37,1.13,0.03,1.9,26.05,31.97,74.23,3.81,4.19,0.64,0.64,0.68,24.68,
Baise,106.62,23.9,2017,6,2017-06,25.86,37.66,19.64,7.15,23.26,25.96,95.09,2.24,5.92,143.1,3.91,86.93,18.96,13.21,14.03,35.79,6.84,0.96,0.03,1.67,26.04,34.2,94.91,3.36,4.03,0.77,0.76,0.82,26.77,
Baise,106.62,23.9,2017,7,2017-07,26.31,34.95,22.24,6.91,23.77,26.25,95.19,2.01,4.75,142.5,3.48,87.04,19.48,9.96,16.22,35.46,7.88,1.11,0.03,1.97,26.75,33.96,89.57,3.77,4.56,0.94,0.93,0.92,28.67,
Baise,106.62,23.9,2017,8,2017-08,26.29,33.92,21.18,7.08,23.91,26.27,95.13,2.14,9.1,148.1,3.74,87.77,19.67,8.93,15.75,35.41,7.6,1.07,0.03,1.92,25.38,33.9,86.85,4.0,4.56,0.91,0.9,0.89,28.66,
Baise,106.62,23.9,2017,9,2017-09,25.78,33.63,20.66,7.76,23.34,25.82,95.52,1.99,4.18,125.1,3.65,87.46,18.93,4.39,15.21,35.36,7.25,1.0,0.03,1.73,23.0,33.77,75.55,4.18,4.54,0.9,0.89,0.88,26.7,
Baise,106.62,23.9,2017,10,2017-10,20.48,30.53,8.48,8.26,17.62,20.48,96.1,2.37,6.54,58.3,4.21,84.78,13.59,4.17,11.89,33.09,5.58,0.77,0.02,1.24,19.65,30.71,79.32,3.48,3.7,0.84,0.84,0.85,20.8,
Baise,106.62,23.9,2017,11,2017-11,16.32,30.1,5.44,9.68,13.05,16.26,96.34,2.37,5.69,57.9,4.1,82.34,10.24,1.43,10.06,30.96,4.63,0.62,0.02,0.92,16.04,28.36,71.24,2.59,2.75,0.76,0.76,0.78,,
Baise,106.62,23.9,2017,12,2017-12,10.78,19.81,0.23,10.3,6.48,10.72,96.71,2.44,6.51,49.6,4.27,77.25,6.46,0.77,7.95,28.69,3.55,0.47,0.01,0.67,14.56,25.1,75.23,1.47,1.84,0.7,0.71,0.73,,
Baise,106.62,23.9,2018,1,2018-01,11.03,25.81,-0.02,10.08,7.45,11.18,96.29,2.92,6.88,93.2,4.72,80.21,7.26,1.55,6.44,30.51,3.03,0.43,0.01,0.63,15.79,26.05,90.51,0.97,1.71,0.69,0.69,0.72,,
Baise,106.62,23.9,2018,2,2018-02,12.66,30.3,-1.2,12.42,7.3,13.07,96.37,2.86,7.16,94.3,4.74,72.68,7.31,0.22,10.39,29.88,4.71,0.62,0.02,0.98,18.29,26.0,81.56,0.97,1.85,0.63,0.64,0.64,,
Baise,106.62,23.9,2018,3,2018-03,19.41,32.57,5.08,12.79,13.71,19.85,95.93,3.08,7.38,147.3,5.03,73.36,10.63,2.57,14.3,31.79,6.45,0.83,0.02,1.28,20.81,28.94,66.06,1.05,2.35,0.59,0.6,0.6,,
Baise,106.62,23.9,2018,4,2018-04,22.3,37.32,9.24,12.44,15.86,22.76,95.76,3.17,8.95,149.3,5.02,70.45,12.23,2.31,15.8,32.95,7.29,0.96,0.03,1.54,23.67,30.65,71.35,1.32,2.7,0.59,0.59,0.59,22.43,
Baise,106.62,23.9,2018,5,2018-05,25.38,35.02,18.24,9.2,21.55,25.6,95.43,2.76,6.18,167.0,4.66,81.3,17.0,7.81,17.4,34.85,8.26,1.13,0.03,1.86,26.19,32.99,76.55,3.65,4.04,0.66,0.65,0.7,26.1,
Baise,106.62,23.9,2018,6,2018-06,25.95,33.21,18.91,8.12,22.88,26.02,95.03,2.38,5.7,136.7,4.09,84.56,18.53,8.27,15.66,35.6,7.64,1.07,0.03,1.85,26.58,33.96,87.3,4.72,4.82,0.76,0.76,0.81,26.81,
Baise,106.62,23.9,2018,7,2018-07,26.54,34.73,22.08,7.31,23.84,26.54,94.89,2.1,4.85,127.2,3.72,86.29,19.63,9.88,17.29,35.64,8.32,1.16,0.03,2.0,26.58,34.12,89.0,4.66,4.83,0.82,0.81,0.84,29.19,
Baise,106.62,23.9,2018,8,2018-08,26.56,33.94,21.38,7.62,23.6,26.44,94.91,1.86,4.86,67.8,3.31,85.04,19.34,8.14,16.14,35.31,7.76,1.08,0.03,1.86,25.28,33.94,86.38,4.41,4.68,0.89,0.88,0.89,29.15,
Baise,106.62,23.9,2018,9,2018-09,24.45,32.86,16.7,8.37,21.41,24.45,95.55,2.44,11.67,90.1,4.27,84.5,16.93,6.79,15.81,34.51,7.47,1.02,0.03,1.7,23.1,32.82,71.47,4.89,5.01,0.88,0.88,0.88,25.16,
Baise,106.62,23.9,2018,10,2018-10,19.35,28.81,12.98,9.23,16.16,19.35,96.24,2.23,4.68,61.7,4.0,83.44,12.09,3.25,10.54,33.0,4.99,0.69,0.02,1.14,19.47,30.0,85.46,3.69,3.64,0.81,0.81,0.82,,
Baise,106.62,23.9,2018,11,2018-11,16.55,27.61,6.91,10.7,13.22,16.41,96.31,2.29,5.16,82.2,3.94,82.25,10.12,0.6,11.18,30.89,5.09,0.67,0.02,1.05,16.86,28.31,59.43,2.68,2.65,0.75,0.75,0.77,,
Baise,106.62,23.9,2018,12,2018-12,11.82,27.67,-3.39,9.47,8.52,11.97,96.56,2.79,5.85,61.6,4.5,81.3,7.82,0.96,7.44,30.22,3.47,0.47,0.01,0.73,14.49,26.84,78.97,1.37,1.83,0.68,0.68,0.71,,
Baise,106.62,23.9,2019,1,2019-01,10.78,24.14,-1.27,9.86,8.12,11.03,96.62,2.61,6.72,79.5,4.26,84.62,7.24,1.88,6.67,30.77,3.13,0.44,0.01,0.73,15.71,26.36,90.21,0.83,1.49,0.68,0.68,0.72,,
Baise,106.62,23.9,2019,2,2019-02,15.02,30.4,4.43,11.24,11.49,15.44,96.13,3.06,6.64,114.1,4.75,81.16,9.11,1.96,10.49,31.88,4.83,0.65,0.02,1.09,18.54,28.32,74.68,1.15,2.01,0.65,0.65,0.68,,
Baise,106.62,23.9,2019,3,2019-03,18.03,32.56,8.34,11.08,14.27,18.39,95.93,2.97,6.71,109.2,4.78,80.72,10.9,3.61,11.75,32.9,5.39,0.7,0.02,1.18,20.16,29.5,80.06,1.67,2.73,0.67,0.67,0.71,,
Baise,106.62,23.9,2019,4,2019-04,23.74,36.99,12.24,11.51,19.31,24.06,95.52,2.77,6.9,151.9,4.59,79.2,14.95,3.75,15.45,34.61,7.05,0.89,0.03,1.49,22.3,32.08,68.9,2.84,3.82,0.67,0.67,0.7,24.24,
Baise,106.62,23.9,2019,5,2019-05,24.68,39.89,16.24,10.42,19.83,25.12,95.38,2.79,6.43,110.9,4.49,77.0,15.46,6.02,12.34,35.45,5.94,0.8,0.02,1.36,24.24,33.03,85.56,2.9,3.7,0.63,0.64,0.66,25.21,
Baise,106.62,23.9,2019,6,2019-06,26.41,32.96,18.16,7.43,23.94,26.44,94.99,2.44,5.48,154.7,4.24,87.27,19.81,10.44,16.33,35.89,7.85,1.09,0.03,1.89,26.25,34.47,89.81,3.62,4.1,0.77,0.77,0.82,28.93,
Baise,106.62,23.9,2019,7,2019-07,26.45,33.31,21.04,6.7,24.26,26.49,94.97,2.18,5.13,142.3,3.93,88.62,20.13,9.43,15.05,35.76,7.31,1.03,0.03,1.82,26.22,34.34,92.09,3.59,4.51,0.92,0.91,0.9,29.12,
Baise,106.62,23.9,2019,8,2019-08,27.21,35.68,20.53,8.43,23.72,27.08,95.02,1.9,6.34,69.4,3.36,82.71,19.48,4.96,17.78,35.47,8.48,1.16,0.03,2.05,25.53,34.12,80.79,5.26,5.03,0.86,0.86,0.86,30.51,
Baise,106.62,23.9,2019,9,2019-09,24.54,33.97,14.19,9.86,20.28,24.36,95.75,2.12,5.13,71.1,3.77,79.23,15.94,2.68,17.21,33.45,8.04,1.08,0.03,1.84,23.39,31.99,59.0,5.8,4.81,0.78,0.78,0.8,25.12,
Baise,106.62,23.9,2019,10,2019-10,21.14,31.33,9.94,9.44,17.83,21.23,96.12,2.17,4.46,94.5,3.82,83.06,13.6,2.81,11.4,33.14,5.37,0.73,0.02,1.15,19.29,30.78,73.22,3.63,3.3,0.68,0.68,0.71,21.48,
Baise,106.62,23.9,2019,11,2019-11,16.62,28.06,7.16,10.9,12.43,16.69,96.36,2.52,7.25,70.5,4.36,78.19,9.64,1.53,9.96,31.17,4.57,0.6,0.01,0.87,15.91,27.92,71.64,2.45,2.45,0.64,0.65,0.66,,
Baise,106.62,23.9,2019,12,2019-12,12.68,27.72,1.25,12.29,6.96,12.59,96.59,2.54,6.72,59.0,4.28,71.37,6.83,0.2,9.97,28.52,4.44,0.57,0.01,0.77,15.04,25.47,61.52,0.84,1.38,0.59,0.59,0.58,,
Baise,106.62,23.9,2020,1,2020-01,14.1,28.56,1.18,11.85,9.31,14.43,96.33,3.16,6.83,115.5,5.15,75.36,8.14,1.17,8.17,30.68,3.77,0.51,0.01,0.7,15.45,26.73,76.73,0.37,1.24,0.56,0.57,0.56,,
Baise,106.62,23.9,2020,2,2020-02,15.15,30.07,3.13,11.86,10.4,15.53,96.45,3.02,7.88,122.8,4.98,76.07,8.57,1.47,9.02,31.25,4.12,0.54,0.01,0.82,17.26,27.22,81.87,0.45,1.47,0.58,0.58,0.58,,
Baise,106.62,23.9,2020,3,2020-03,19.07,33.24,7.94,12.04,14.45,19.47,95.88,3.2,6.61,120.2,5.11,77.35,11.04,4.19,11.65,33.03,5.29,0.68,0.02,1.03,19.79,29.76,78.35,1.15,2.37,0.61,0.61,0.64,,
Baise,106.62,23.9,2020,4,2020-04,19.07,33.66,10.72,10.81,14.4,19.36,96.1,2.85,6.23,98.0,4.52,77.05,11.02,3.19,13.8,32.73,6.36,0.84,0.02,1.31,22.85,29.76,85.62,2.13,2.9,0.65,0.65,0.68,,
Baise,106.62,23.9,2020,5,2020-05,26.78,39.85,18.87,11.41,21.43,27.15,95.28,2.74,6.58,161.5,4.53,75.86,16.96,7.3,19.31,35.04,9.09,1.23,0.03,2.07,26.03,33.39,72.34,3.08,3.98,0.62,0.62,0.65,28.93,
Baise,106.62,23.9,2020,6,2020-06,26.72,32.84,21.89,6.82,24.48,26.77,95.01,2.68,5.42,168.1,4.59,88.31,20.37,13.39,16.77,35.99,8.05,1.12,0.03,1.96,26.53,34.42,90.68,3.53,4.63,0.87,0.86,0.88,29.8,
Baise,106.62,23.9,2020,7,2020-07,27.0,33.88,21.25,7.83,24.14,27.01,95.1,2.58,5.25,176.2,4.57,85.55,19.94,5.34,17.57,35.56,8.44,1.17,0.04,2.14,26.69,34.21,91.29,5.21,5.23,0.82,0.82,0.84,30.28,
Baise,106.62,23.9,2020,8,2020-08,26.14,33.28,21.51,7.55,23.44,26.12,95.14,2.39,5.39,139.3,4.17,86.26,19.1,8.92,17.4,35.33,8.38,1.17,0.04,2.1,25.67,33.85,77.72,4.75,4.98,0.83,0.83,0.85,27.06,
Baise,106.62,23.9,2020,9,2020-09,24.32,33.38,16.0,8.03,22.0,24.36,95.52,2.26,5.43,112.6,3.97,87.83,17.55,10.6,12.25,35.16,5.93,0.84,0.02,1.45,22.58,33.44,85.38,3.67,4.38,0.88,0.87,0.88,25.1,
Baise,106.62,23.9,2020,10,2020-10,18.74,29.67,10.86,8.7,16.23,18.79,96.15,2.68,6.19,41.0,4.68,86.33,12.3,6.16,10.25,32.6,4.85,0.67,0.02,1.08,19.27,29.95,81.05,2.96,3.9,0.92,0.91,0.9,,
Baise,106.62,23.9,2020,11,2020-11,16.22,27.8,4.78,10.0,13.15,16.17,96.46,2.56,5.52,54.3,4.47,83.41,10.19,0.57,11.13,30.38,5.08,0.66,0.02,0.93,16.43,28.13,52.87,2.62,2.98,0.82,0.82,0.83,,
Baise,106.62,23.9,2020,12,2020-12,9.49,24.89,-1.16,10.19,5.7,9.7,96.68,2.74,6.32,45.2,4.61,78.76,6.19,0.1,7.19,29.66,3.27,0.44,0.01,0.63,14.53,24.86,84.32,1.29,1.8,0.73,0.73,0.76,,8.05
Baise,106.62,23.9,2021,1,2021-01,9.98,23.49,-1.23,11.46,5.2,9.95,96.56,2.66,7.31,67.6,4.43,74.39,6.09,0.15,8.68,28.55,3.87,0.5,0.01,0.67,15.02,24.71,69.38,0.97,1.56,0.66,0.66,0.68,,8.68
Baise,106.62,23.9,2021,2,2021-02,16.18,28.1,6.77,11.29,12.16,16.43,96.17,2.65,6.99,115.1,4.45,79.18,9.38,2.27,10.55,31.53,4.82,0.64,0.02,0.92,17.94,27.7,77.19,1.15,2.0,0.64,0.65,0.67,,
Baise,106.62,23.9,2021,3,2021-03,19.92,37.3,7.76,12.91,14.56,20.4,95.88,3.47,7.31,140.4,5.39,74.87,11.23,0.71,12.14,33.65,5.5,0.7,0.02,1.13,19.71,29.94,80.65,1.01,2.22,0.6,0.61,0.6,,
Baise,106.62,23.9,2021,4,2021-04,22.21,37.65,12.13,10.68,17.43,22.68,95.79,2.98,6.01,117.5,4.65,77.19,13.23,3.98,11.95,34.26,5.59,0.73,0.02,1.19,22.39,31.51,81.5,1.42,2.68,0.6,0.6,0.62,22.5,
Baise,106.62,23.9,2021,5,2021-05,26.15,37.53,17.82,10.92,21.61,26.46,95.32,2.85,6.98,161.0,4.77,78.68,17.15,6.09,18.03,35.28,8.55,1.17,0.03,1.98,26.21,33.43,76.54,3.2,4.12,0.63,0.63,0.67,26.87,
Baise,106.62,23.9,2021,6,2021-06,26.67,35.54,18.13,8.95,22.99,26.72,95.05,2.34,5.06,136.4,4.01,82.1,18.74,9.07,17.66,35.61,8.51,1.19,0.03,2.05,26.79,34.21,86.59,5.16,5.02,0.7,0.7,0.75,29.18,
Baise,106.62,23.9,2021,7,2021-07,27.34,35.41,22.14,8.73,23.64,27.39,95.04,2.15,5.66,152.0,3.8,82.02,19.36,5.33,18.89,35.37,9.05,1.26,0.04,2.21,26.87,34.08,80.96,6.21,5.35,0.73,0.73,0.77,30.74,
Baise,106.62,23.9,2021,8,2021-08,27.29,35.1,21.12,8.36,23.87,27.35,95.18,2.38,4.74,149.7,4.14,83.2,19.61,6.03,19.14,35.34,9.14,1.26,0.04,2.22,25.75,34.16,80.8,5.89,5.21,0.73,0.73,0.77,30.76,
Baise,106.62,23.9,2021,9,2021-09,26.27,35.27,20.94,9.23,22.26,26.38,95.62,1.87,4.7,129.2,3.34,80.59,17.68,2.96,17.91,34.74,8.51,1.16,0.03,1.94,23.69,33.37,64.74,4.58,4.12,0.67,0.67,0.69,27.06,
Baise,106.62,23.9,2021,10,2021-10,19.81,33.55,9.09,9.78,15.83,20.02,96.12,3.22,7.93,45.1,5.43,79.63,12.07,4.71,10.93,32.74,5.22,0.73,0.02,1.14,19.67,30.38,76.01,3.18,3.4,0.65,0.65,0.68,,
Baise,106.62,23.9,2021,11,2021-11,15.76,29.99,7.83,9.75,11.83,15.89,96.38,2.53,7.01,48.7,4.46,79.63,9.42,1.96,9.63,31.0,4.52,0.62,0.01,0.9,16.86,27.81,76.72,2.42,2.52,0.65,0.66,0.69,,
Baise,106.62,23.9,2021,12,2021-12,11.99,23.53,-0.12,11.5,7.13,12.04,96.71,2.49,6.0,53.3,4.21,74.68,6.73,0.56,9.78,28.16,4.41,0.57,0.01,0.77,15.04,25.22,58.94,0.91,1.42,0.6,0.61,0.61,,
Baise,106.62,23.9,2022,1,2022-01,11.84,24.52,1.01,9.97,8.51,12.12,96.36,2.76,5.73,81.6,4.47,81.41,7.42,1.73,6.55,30.46,3.07,0.43,0.01,0.6,15.26,26.21,87.62,0.43,1.2,0.6,0.6,0.61,,
Baise,106.62,23.9,2022,2,2022-02,9.23,27.1,-0.58,10.46,5.83,9.65,96.47,3.06,6.83,60.8,4.66,80.7,6.26,3.04,7.03,30.17,3.36,0.48,0.01,0.77,18.69,25.37,93.07,0.59,1.47,0.64,0.64,0.68,,7.54
Baise,106.62,23.9,2022,3,2022-03,20.12,33.9,10.05,11.82,16.08,20.52,95.75,3.34,7.2,140.9,5.24,79.73,12.2,2.36,12.74,33.15,5.91,0.78,0.02,1.25,21.44,30.09,74.65,1.57,2.67,0.64,0.64,0.66,20.27,
Baise,106.62,23.9,2022,4,2022-04,21.48,37.32,6.72,12.75,15.23,21.83,95.84,3.07,7.73,111.8,4.93,71.42,11.8,3.36,17.37,32.72,7.93,1.03,0.03,1.68,23.99,30.45,63.67,1.72,3.04,0.61,0.61,0.62,21.55,
Baise,106.62,23.9,2022,5,2022-05,22.36,32.57,12.07,9.02,18.71,22.55,95.51,2.63,6.78,94.4,4.36,81.92,14.6,12.14,12.68,34.31,6.16,0.87,0.02,1.42,25.63,31.96,92.09,2.92,3.82,0.73,0.72,0.78,22.79,
Baise,106.62,23.9,2022,6,2022-06,25.87,32.57,20.08,7.14,23.46,25.89,95.0,2.35,5.17,155.1,4.08,87.59,19.19,7.92,15.88,35.67,7.68,1.07,0.03,1.76,26.23,34.24,93.06,3.49,4.64,0.91,0.89,0.89,26.8,
Baise,106.62,23.9,2022,7,2022-07,27.15,34.56,21.64,8.36,24.06,27.22,95.13,2.26,4.96,155.4,4.0,84.62,19.84,4.82,20.42,35.57,9.73,1.34,0.04,2.36,27.34,34.4,66.8,5.64,5.4,0.82,0.82,0.84,30.56,
Baise,106.62,23.9,2022,8,2022-08,26.89,34.7,22.06,8.5,23.47,26.98,95.22,2.32,7.73,132.5,4.06,83.15,19.1,3.79,18.0,35.8,8.66,1.21,0.04,2.15,26.07,34.34,72.84,5.71,5.19,0.74,0.74,0.77,29.78,
Baise,106.62,23.9,2022,9,2022-09,25.27,35.04,19.02,9.93,20.83,25.41,95.64,2.08,5.44,71.0,3.72,78.59,16.22,3.01,15.24,34.92,7.24,0.99,0.03,1.68,22.84,33.15,74.74,4.63,4.18,0.65,0.66,0.68,25.9,
Baise,106.62,23.9,2022,10,2022-10,20.75,32.14,11.31,11.13,14.96,20.98,96.24,2.78,7.27,46.9,4.86,72.71,11.5,1.79,14.61,32.11,6.8,0.92,0.03,1.49,20.54,30.07,59.48,2.64,2.88,0.6,0.61,0.61,20.78,
Baise,106.62,23.9,2022,11,2022-11,19.95,32.18,6.58,12.03,14.89,20.16,96.05,2.55,6.03,99.9,4.39,75.76,11.33,1.7,11.59,31.7,5.28,0.7,0.02,1.03,16.84,29.68,54.58,0.91,1.7,0.55,0.56,0.55,,
Baise,106.62,23.9,2022,12,2022-12,10.45,21.95,1.36,11.04,3.74,10.72,96.67,2.74,7.94,49.9,4.54,66.23,5.3,0.46,8.41,28.56,3.8,0.5,0.01,0.71,14.87,24.61,76.21,0.34,1.07,0.55,0.56,0.54,,
Baise,106.62,23.9,2023,1,2023-01,11.34,30.96,-0.85,13.24,4.17,11.56,96.58,2.95,7.41,55.0,4.83,65.22,5.66,0.13,10.33,28.15,4.61,0.61,0.01,0.87,16.44,24.38,65.58,0.19,0.87,0.53,0.53,0.51,,
Baise,106.62,23.9,2023,2,2023-02,15.46,32.45,4.8,12.83,9.78,15.99,96.29,3.28,7.75,100.0,5.18,72.33,8.19,1.11,9.95,31.29,4.53,0.6,0.02,0.94,17.87,27.48,76.8,0.16,1.1,0.52,0.53,0.51,,
Baise,106.62,23.9,2023,3,2023-03,19.57,36.85,8.28,12.88,12.6,20.11,96.05,3.24,8.41,126.8,5.09,67.84,9.73,1.61,12.01,32.77,5.52,0.71,0.02,1.17,19.97,29.34,83.09,0.21,1.34,0.51,0.52,0.5,,
Baise,106.62,23.9,2023,4,2023-04,24.28,37.98,13.19,13.55,16.76,24.9,95.52,3.51,7.78,143.2,5.43,67.17,12.87,3.68,16.29,34.58,7.43,0.94,0.03,1.52,22.88,31.89,68.38,0.63,2.26,0.53,0.53,0.52,24.52,
Baise,106.62,23.9,2023,5,2023-05,26.78,40.22,16.42,13.09,19.28,27.37,95.37,3.32,8.19,147.1,5.25,67.76,14.89,2.64,17.8,35.6,8.38,1.13,0.03,1.92,26.1,33.64,70.28,1.55,3.32,0.56,0.56,0.56,28.33,
Baise,106.62,23.9,2023,6,2023-06,27.44,39.9,20.04,9.67,22.19,27.79,95.14,2.73,6.34,126.2,4.53,76.28,17.79,9.07,16.2,36.24,7.86,1.1,0.03,1.89,26.87,34.55,87.23,2.1,3.44,0.6,0.59,0.62,30.31,
Baise,106.62,23.9,2023,7,2023-07,27.68,34.74,21.4,8.88,23.74,27.81,95.12,2.81,8.81,148.1,4.82,80.99,19.48,6.08,19.06,36.08,9.15,1.27,0.04,2.24,26.86,34.77,82.92,5.89,5.09,0.68,0.68,0.72,31.45,
Baise,106.62,23.9,2023,8,2023-08,26.67,34.92,17.66,8.26,23.44,26.75,95.09,1.95,4.72,101.8,3.45,83.93,19.19,6.89,15.45,35.81,7.52,1.05,0.03,1.87,25.57,34.38,90.24,5.71,5.07,0.72,0.72,0.77,29.32,
Baise,106.62,23.9,2023,9,2023-09,25.4,32.81,18.21,9.24,21.98,25.49,95.53,2.34,5.88,69.7,4.2,83.04,17.44,4.71,15.08,35.1,7.27,1.01,0.03,1.69,23.73,33.41,72.62,5.74,5.08,0.7,0.7,0.74,26.16,
Baise,106.62,23.9,2023,10,2023-10,22.09,32.84,12.92,10.51,17.62,22.27,96.15,2.29,6.52,72.9,4.01,78.07,13.36,1.86,13.98,33.15,6.53,0.89,0.02,1.4,20.22,31.18,66.38,3.27,3.18,0.62,0.62,0.63,22.39,
Baise,106.62,23.9,2023,11,2023-11,18.43,31.44,7.64,12.05,13.27,18.44,96.42,2.34,6.68,91.1,4.04,74.92,10.36,1.22,11.99,30.86,5.47,0.71,0.02,1.0,16.82,28.73,54.6,1.81,2.16,0.59,0.59,0.6,,
Baise,106.62,23.9,2023,12,2023-12,13.75,30.42,-0.54,12.41,7.68,13.93,96.61,2.76,8.38,74.1,4.62,69.7,7.56,0.47,10.13,29.27,4.57,0.59,0.01,0.75,14.94,26.66,61.53,0.41,1.21,0.55,0.55,0.54,,
Baise,106.62,23.9,2024,1,2024-01,12.84,26.25,-2.77,9.96,9.05,13.16,96.56,2.86,6.98,94.6,4.69,79.59,8.01,2.64,6.07,30.81,2.87,0.4,0.01,0.55,15.07,26.48,88.65,0.32,1.26,0.57,0.57,0.58,,
Baise,106.62,23.9,2024,2,2024-02,14.3,33.71,3.62,12.22,8.5,14.7,96.31,3.66,8.57,110.4,5.54,71.8,7.74,0.95,10.82,30.33,4.93,0.65,0.02,1.0,18.53,27.05,70.09,0.43,1.49,0.56,0.57,0.56,,
Baise,106.62,23.9,2024,3,2024-03,19.86,35.03,4.7,13.33,13.13,20.45,95.97,3.54,8.17,131.9,5.49,69.01,10.29,1.21,14.28,32.48,6.52,0.84,0.02,1.3,21.16,29.49,69.75,0.43,1.78,0.55,0.55,0.53,,
Baise,106.62,23.9,2024,4,2024-04,25.94,39.62,15.18,13.67,18.56,26.53,95.3,3.11,7.82,146.4,4.97,68.86,14.28,4.24,16.65,34.99,7.6,0.96,0.03,1.46,23.04,32.9,68.97,1.03,2.78,0.55,0.55,0.55,26.39,
Baise,106.62,23.9,2024,5,2024-05,24.19,35.02,16.2,9.19,20.74,24.37,95.53,2.51,6.35,114.3,4.16,82.72,16.21,15.6,14.49,35.06,6.94,0.95,0.03,1.5,25.06,33.08,84.44,3.62,4.69,0.77,0.75,0.81,24.82,
Baise,106.62,23.9,2024,6,2024-06,26.28,33.9,18.91,6.94,24.12,26.35,95.15,2.42,4.9,140.6,4.13,88.77,19.96,17.01,13.87,36.24,6.84,0.97,0.03,1.69,26.33,34.65,95.48,3.06,4.88,0.94,0.93,0.92,28.69,
Baise,106.62,23.9,2024,7,2024-07,27.09,35.68,22.63,7.9,24.16,27.14,95.06,2.55,5.5,149.9,4.34,85.31,19.97,7.93,16.46,36.06,8.02,1.13,0.03,2.0,26.97,34.5,88.57,5.47,6.22,0.89,0.88,0.88,30.48,
Baise,106.62,23.9,2024,8,2024-08,26.82,34.08,22.14,7.89,23.96,26.83,95.24,1.95,4.3,138.7,3.45,85.68,19.7,9.94,16.46,35.95,7.98,1.11,0.03,1.96,25.54,34.51,78.63,4.9,5.33,0.92,0.91,0.9,29.83,
Baise,106.62,23.9,2024,9,2024-09,25.61,34.58,16.31,8.47,22.51,25.53,95.4,2.42,7.56,64.4,4.25,84.31,18.11,8.11,14.82,35.14,7.12,0.98,0.03,1.67,23.36,33.66,74.76,4.78,5.31,0.91,0.9,0.89,26.43,
Baise,106.62,23.9,2024,10,2024-10,20.21,29.43,11.54,10.17,16.57,20.17,96.11,2.48,6.19,46.0,4.46,81.35,12.54,2.2,14.67,32.11,6.81,0.92,0.02,1.42,20.15,30.25,58.28,4.38,4.21,0.8,0.8,0.82,20.41,
Baise,106.62,23.9,2024,11,2024-11,17.39,29.05,6.52,11.31,13.0,17.38,96.4,2.35,5.19,53.7,4.22,77.51,10.02,0.07,13.11,30.36,5.97,0.78,0.02,1.13,17.12,28.16,51.04,3.15,2.74,0.67,0.68,0.69,,
Baise,106.62,23.9,2024,12,2024-12,11.56,23.43,3.02,10.8,6.26,11.72,96.64,2.62,6.47,57.0,4.55,72.36,6.42,0.39,7.76,29.4,3.5,0.46,0.01,0.63,14.31,25.24,78.18,0.82,1.39,0.6,0.61,0.61,,
Baise,106.62,23.9,2025,1,2025-01,12.38,27.25,0.72,13.03,5.33,12.43,96.54,2.68,7.5,74.6,4.57,65.75,6.06,0.15,10.8,28.42,4.72,0.59,0.01,0.78,15.48,24.93,60.84,0.43,1.1,0.56,0.56,0.54,,
Baise,106.62,23.9,2025,2,2025-02,12.21,30.86,1.0,10.85,7.27,12.76,96.5,3.1,6.76,77.0,4.73,74.39,6.86,1.02,6.06,31.07,2.89,0.4,0.01,0.62,17.62,26.13,95.45,0.21,1.0,0.54,0.54,0.53,,
Baise,106.62,23.9,2025,3,2025-03,18.45,37.92,5.89,14.52,10.05,19.21,96.1,3.57,8.34,85.3,5.43,62.51,8.58,0.4,14.61,31.78,6.57,0.84,0.02,1.26,20.79,28.51,65.71,0.42,1.39,0.52,0.53,0.48,,
Baise,106.62,23.9,2025,4,2025-04,24.85,40.68,10.25,14.39,13.89,25.62,95.68,2.96,10.16,138.7,4.66,55.98,11.0,1.98,16.69,33.94,7.68,1.0,0.03,1.56,23.67,31.52,77.34,0.45,1.37,0.51,0.51,0.41,24.85,
Baise,106.62,23.9,2025,5,2025-05,24.69,37.67,14.53,10.84,19.57,25.0,95.5,2.61,6.65,134.3,4.29,76.6,15.26,8.47,15.54,34.64,7.41,1.02,0.03,1.63,26.15,32.74,79.54,2.59,3.68,0.63,0.62,0.68,25.21,
Baise,106.62,23.9,2025,6,2025-06,26.23,36.11,20.08,7.88,23.21,26.31,95.14,2.4,5.29,142.2,4.11,84.93,18.87,13.19,13.48,35.96,6.65,0.95,0.03,1.65,26.64,34.23,93.78,4.49,4.9,0.77,0.76,0.81,28.37,
Baise,106.62,23.9,2025,7,2025-07,27.43,36.17,21.28,8.98,23.48,27.42,94.89,1.95,6.76,93.0,3.39,81.1,19.22,6.33,17.95,35.77,8.67,1.2,0.04,2.11,26.87,34.4,83.68,6.45,6.06,0.85,0.85,0.86,30.85,
Baise,106.62,23.9,2025,8,2025-08,26.13,33.77,21.01,7.76,23.32,26.17,95.31,2.2,4.56,134.6,3.82,85.77,18.94,6.79,15.83,35.48,7.71,1.08,0.03,1.9,25.85,33.95,83.72,5.26,4.96,0.83,0.82,0.84,27.04,
Baise,106.62,23.9,2025,9,2025-09,25.34,32.88,19.22,8.06,22.42,25.36,95.56,2.36,7.46,107.2,4.17,85.18,17.89,9.7,15.03,35.06,7.23,1.0,0.03,1.69,23.52,33.49,77.4,4.99,4.79,0.8,0.8,0.83,26.15,
Baise,106.62,23.9,2025,10,2025-10,21.2,31.24,9.0,8.44,18.57,21.19,96.11,2.58,9.2,78.1,4.5,85.98,14.45,4.53,12.44,33.19,5.9,0.81,0.02,1.27,20.17,31.08,71.04,3.52,4.01,0.9,0.89,0.88,21.62,
Baise,106.62,23.9,2025,11,2025-11,14.91,25.95,4.15,10.77,11.16,14.63,96.53,2.51,6.4,34.9,4.34,80.17,8.95,1.93,11.77,28.85,5.34,0.7,0.02,1.02,17.07,27.02,52.51,2.59,2.96,0.82,0.81,0.83,,
Baise,106.62,23.9,2025,12,2025-12,13.5,23.53,2.13,9.95,10.56,13.46,96.42,2.25,7.25,74.6,3.98,83.75,8.48,0.79,7.99,30.45,3.63,0.48,0.01,0.66,14.55,26.36,80.07,1.49,1.82,0.74,0.74,0.77,,
Beihai,109.12,21.48,2005,1,2005-01,16.48,25.71,5.16,7.79,10.83,18.6,101.72,4.85,11.08,43.9,5.8,71.44,8.46,0.39,9.17,31.41,4.29,0.57,0.01,0.82,15.21,28.51,65.85,0.0,0.67,0.56,0.56,0.57,,
Beihai,109.12,21.48,2005,2,2005-02,18.94,27.44,7.28,7.41,13.63,21.34,101.46,5.25,13.98,55.3,6.24,72.94,10.17,0.57,9.6,33.32,4.64,0.63,0.02,1.01,17.78,30.53,64.04,0.0,0.52,0.55,0.55,0.53,,
Beihai,109.12,21.48,2005,3,2005-03,19.67,29.4,9.76,6.92,14.71,21.38,101.55,4.79,13.78,79.1,5.89,74.63,10.8,1.13,11.54,33.34,5.47,0.72,0.02,1.13,20.21,30.92,68.53,0.0,1.15,0.55,0.55,0.6,,
Beihai,109.12,21.48,2005,4,2005-04,24.66,31.92,15.77,6.07,20.02,26.48,101.06,4.14,11.67,164.9,5.12,76.5,14.75,2.2,14.51,35.84,6.83,0.87,0.02,1.42,22.2,34.04,67.18,0.0,1.51,0.55,0.56,0.6,25.18,
Beihai,109.12,21.48,2005,5,2005-05,28.01,32.09,23.26,4.08,24.63,28.87,100.37,4.52,11.11,179.1,5.65,82.59,19.48,5.7,20.43,37.23,9.83,1.33,0.04,2.21,25.74,36.33,62.72,0.0,2.59,0.68,0.67,0.75,32.53,
Beihai,109.12,21.48,2005,6,2005-06,28.25,30.4,26.09,1.95,26.52,28.36,100.05,5.4,9.65,193.7,6.69,90.34,21.83,11.41,13.97,37.9,7.04,0.99,0.03,1.7,25.41,37.02,92.08,0.0,2.39,0.92,0.88,0.93,34.62,
Beihai,109.12,21.48,2005,7,2005-07,28.84,33.15,25.21,3.26,25.98,29.34,100.31,4.65,14.27,149.3,5.72,84.81,21.08,7.48,20.13,37.58,9.73,1.31,0.04,2.3,26.11,36.74,62.35,0.0,4.27,0.96,0.92,0.95,35.33,
Beihai,109.12,21.48,2005,8,2005-08,28.36,32.12,25.15,3.44,25.79,28.97,100.2,4.55,14.0,142.7,5.57,86.17,20.88,10.1,18.02,37.73,8.83,1.21,0.04,2.13,24.76,36.8,73.97,0.0,4.2,0.97,0.94,0.96,34.15,
Beihai,109.12,21.48,2005,9,2005-09,27.74,32.42,23.31,4.49,24.65,28.28,100.68,5.45,17.87,61.3,6.65,83.71,19.41,6.57,17.06,37.3,8.21,1.11,0.03,1.86,22.45,36.13,70.04,0.0,4.23,0.96,0.92,0.94,31.98,
Beihai,109.12,21.48,2005,10,2005-10,25.39,32.12,17.82,6.17,20.97,26.62,101.32,4.48,10.91,49.5,5.41,77.3,15.57,0.35,15.8,35.42,7.31,0.93,0.02,1.45,18.34,34.22,46.12,0.0,3.54,0.84,0.81,0.86,26.0,
Beihai,109.12,21.48,2005,11,2005-11,22.41,29.67,12.92,6.82,17.9,24.2,101.44,5.05,10.32,52.5,6.08,76.88,13.2,0.73,14.3,33.68,6.68,0.88,0.02,1.38,16.99,32.17,48.83,0.0,2.18,0.71,0.69,0.76,22.71,
Beihai,109.12,21.48,2005,12,2005-12,16.55,26.84,6.78,7.69,10.02,18.68,101.94,5.96,11.92,38.9,7.08,67.89,8.13,0.26,9.36,31.53,4.36,0.57,0.01,0.87,14.43,28.76,72.92,0.0,1.32,0.63,0.62,0.69,,
Beihai,109.12,21.48,2006,1,2006-01,16.81,25.71,6.27,7.87,11.62,18.89,101.64,5.04,12.35,42.3,6.09,73.32,9.02,0.17,10.47,31.48,4.87,0.65,0.02,1.05,16.21,28.52,61.79,0.0,0.96,0.58,0.57,0.61,,
Beihai,109.12,21.48,2006,2,2006-02,19.27,27.91,8.27,7.24,14.56,21.44,101.71,5.18,14.41,57.1,6.08,75.44,10.4,2.23,9.52,33.68,4.62,0.64,0.02,1.09,18.32,30.54,83.87,0.0,0.83,0.56,0.56,0.58,,
Beihai,109.12,21.48,2006,3,2006-03,20.48,28.62,6.12,6.66,16.53,22.08,101.21,4.35,12.21,67.6,5.39,79.29,12.15,4.02,10.55,34.64,5.09,0.68,0.02,1.17,20.0,31.74,84.34,0.0,1.85,0.62,0.62,0.69,20.65,
Beihai,109.12,21.48,2006,4,2006-04,24.38,29.66,14.35,5.13,20.81,25.69,100.83,4.48,12.61,163.3,5.65,81.29,15.6,1.64,16.02,35.55,7.64,1.01,0.03,1.74,23.23,34.1,67.33,0.0,2.85,0.71,0.69,0.76,25.0,
Beihai,109.12,21.48,2006,5,2006-05,26.96,32.63,19.12,5.28,22.46,28.27,100.7,4.62,11.66,123.5,5.62,78.04,17.27,4.58,18.25,36.55,8.83,1.21,0.03,2.0,25.92,35.35,71.37,0.0,2.42,0.66,0.64,0.72,29.47,
Beihai,109.12,21.48,2006,6,2006-06,28.62,32.39,24.51,3.25,25.49,29.38,100.33,4.42,11.07,182.9,5.4,83.5,20.49,4.07,18.28,37.56,8.97,1.23,0.04,2.1,25.82,36.71,81.62,0.0,2.59,0.77,0.74,0.83,34.4,
Beihai,109.12,21.48,2006,7,2006-07,29.21,33.28,26.76,2.65,26.25,29.77,100.02,5.75,12.36,186.9,6.98,84.41,21.51,11.03,17.61,37.96,8.65,1.2,0.03,2.07,25.62,37.15,76.19,0.0,3.35,0.87,0.83,0.9,36.38,
Beihai,109.12,21.48,2006,8,2006-08,28.41,31.34,25.05,3.52,25.47,28.89,100.2,4.67,22.29,113.8,5.68,84.31,20.47,12.62,16.74,37.54,8.09,1.08,0.03,1.85,23.66,36.67,76.91,0.0,3.96,0.99,0.96,0.97,33.95,
Beihai,109.12,21.48,2006,9,2006-09,26.8,32.23,19.96,5.57,22.89,27.8,100.75,4.97,11.28,40.5,6.04,79.83,17.57,1.63,17.29,36.18,8.19,1.09,0.03,1.77,22.23,35.1,62.72,0.0,4.12,0.91,0.87,0.91,29.29,
Beihai,109.12,21.48,2006,10,2006-10,26.9,30.55,20.27,5.69,22.39,28.32,101.23,3.66,9.83,76.9,4.45,77.14,16.87,1.15,15.16,35.82,6.86,0.85,0.02,1.26,17.34,35.0,33.01,0.0,3.07,0.75,0.73,0.79,29.27,
Beihai,109.12,21.48,2006,11,2006-11,23.49,29.93,15.23,7.29,18.53,25.04,101.31,5.06,11.13,61.3,6.09,75.59,13.49,2.07,12.79,34.29,5.95,0.78,0.02,1.12,16.6,32.58,56.26,0.0,1.98,0.66,0.65,0.72,23.87,
Beihai,109.12,21.48,2006,12,2006-12,17.63,27.3,9.03,8.9,11.41,19.44,101.89,5.83,11.0,40.3,7.07,69.12,8.61,0.22,12.32,30.78,5.55,0.7,0.02,0.98,15.08,28.74,52.44,0.0,1.44,0.64,0.63,0.7,,
Beihai,109.12,21.48,2007,1,2007-01,15.6,24.62,8.44,8.5,9.57,17.63,102.05,5.76,10.56,34.2,6.82,69.67,7.61,0.61,10.01,30.85,4.56,0.6,0.01,0.89,15.84,27.94,67.52,0.0,1.13,0.59,0.59,0.67,,
Beihai,109.12,21.48,2007,2,2007-02,20.61,27.04,9.47,6.89,16.34,21.57,101.37,4.23,9.4,120.3,5.52,78.21,11.77,0.98,12.4,33.33,5.66,0.72,0.02,1.09,17.22,30.91,64.08,0.0,1.12,0.56,0.56,0.61,20.77,
Beihai,109.12,21.48,2007,3,2007-03,21.84,29.98,11.7,6.1,18.16,23.5,101.13,4.69,10.39,88.0,5.76,80.5,13.22,2.02,10.68,35.33,4.99,0.61,0.02,1.0,18.56,32.69,79.23,0.0,1.58,0.59,0.59,0.67,22.18,
Beihai,109.12,21.48,2007,4,2007-04,22.94,30.02,12.99,6.35,18.48,24.79,101.14,4.62,14.13,61.3,5.56,77.13,13.52,4.58,13.31,35.18,6.35,0.83,0.02,1.31,22.53,33.08,80.03,0.0,2.04,0.61,0.6,0.69,23.3,
Beihai,109.12,21.48,2007,5,2007-05,26.72,31.31,19.62,5.21,22.97,27.79,100.65,4.26,10.89,160.3,5.23,80.81,17.68,5.94,19.06,36.41,9.15,1.23,0.03,2.04,25.94,35.26,71.16,0.0,3.38,0.75,0.73,0.81,29.19,
Beihai,109.12,21.48,2007,6,2007-06,28.9,32.14,25.06,3.21,25.75,29.6,100.27,4.2,9.86,189.8,5.14,83.45,20.83,8.42,18.4,37.49,8.96,1.22,0.04,2.1,26.05,36.74,71.8,0.0,3.4,0.86,0.83,0.9,35.21,
Beihai,109.12,21.48,2007,7,2007-07,29.38,32.39,26.67,3.19,26.06,30.01,100.27,4.89,12.76,165.5,5.98,82.65,21.21,4.63,21.37,37.7,10.39,1.43,0.04,2.59,26.66,36.94,56.51,0.0,4.11,0.9,0.86,0.91,36.47,
Beihai,109.12,21.48,2007,8,2007-08,28.77,32.63,25.8,3.36,25.75,29.32,100.15,4.11,8.59,158.5,5.04,84.02,20.83,10.61,16.49,37.68,7.98,1.07,0.03,1.84,24.0,36.81,76.61,0.0,3.41,0.95,0.92,0.95,34.95,
Beihai,109.12,21.48,2007,9,2007-09,27.47,31.78,20.8,4.87,23.9,28.51,100.53,4.59,12.73,44.4,5.57,81.48,18.67,6.03,16.45,36.88,7.9,1.06,0.03,1.76,22.23,35.82,71.8,0.0,4.32,0.95,0.91,0.94,31.0,
Beihai,109.12,21.48,2007,10,2007-10,24.86,31.42,16.99,6.44,20.7,25.95,101.16,5.41,14.4,47.0,6.55,78.54,15.37,1.29,14.91,35.02,6.86,0.87,0.02,1.35,18.25,33.97,50.66,0.0,3.44,0.83,0.8,0.87,25.45,
Beihai,109.12,21.48,2007,11,2007-11,19.78,27.25,9.5,8.71,13.15,21.29,101.59,5.88,11.88,30.0,7.18,67.86,9.61,0.15,15.29,30.66,6.88,0.87,0.02,1.24,16.78,29.71,32.31,0.0,2.11,0.69,0.68,0.74,,
Beihai,109.12,21.48,2007,12,2007-12,19.05,25.4,9.59,7.27,14.29,20.44,101.58,5.17,10.23,54.8,6.3,75.57,10.34,0.63,10.03,33.04,4.63,0.6,0.02,0.92,14.25,30.13,70.1,0.0,1.25,0.61,0.61,0.68,,
Beihai,109.12,21.48,2008,1,2008-01,14.42,25.93,6.25,7.52,9.19,17.2,101.81,5.8,11.07,25.7,6.63,72.98,7.6,2.65,9.52,31.12,4.44,0.6,0.02,0.93,16.39,27.92,71.34,0.0,1.03,0.6,0.6,0.66,,
Beihai,109.12,21.48,2008,2,2008-02,13.55,24.02,6.32,7.15,8.01,16.39,102.0,6.08,11.08,28.2,7.08,70.92,6.91,1.04,7.82,31.8,3.77,0.51,0.01,0.89,17.9,27.52,87.49,0.0,1.64,0.69,0.67,0.74,,
Beihai,109.12,21.48,2008,3,2008-03,20.71,29.24,10.35,6.71,16.5,21.96,101.26,3.84,14.64,110.1,4.95,78.62,11.86,0.99,13.51,33.26,6.23,0.79,0.02,1.32,20.29,31.35,61.81,0.0,1.79,0.62,0.62,0.68,20.89,
Beihai,109.12,21.48,2008,4,2008-04,24.71,31.45,16.9,5.9,20.77,26.59,100.87,4.36,11.08,107.4,5.28,79.69,15.41,1.79,14.25,36.25,6.8,0.89,0.03,1.54,22.82,34.42,75.52,0.0,2.2,0.61,0.6,0.67,25.32,
Beihai,109.12,21.48,2008,5,2008-05,26.98,31.64,20.78,5.02,22.72,28.8,100.47,4.3,10.75,150.7,5.1,78.48,17.43,4.6,17.81,36.88,8.55,1.14,0.03,1.96,25.16,35.72,70.91,0.0,2.5,0.63,0.62,0.7,29.56,
Beihai,109.12,21.48,2008,6,2008-06,27.74,31.77,24.93,2.33,25.4,28.22,100.28,5.1,11.36,201.6,6.22,87.26,20.39,20.93,12.76,37.65,6.42,0.9,0.03,1.52,25.5,36.49,88.69,0.0,3.42,0.93,0.89,0.94,32.51,
Beihai,109.12,21.48,2008,7,2008-07,28.41,31.91,26.1,2.5,25.84,28.6,100.24,4.8,9.72,184.0,5.96,86.15,20.92,10.5,16.55,37.46,8.14,1.11,0.03,1.94,25.78,36.58,81.16,0.0,3.43,0.99,0.97,0.97,34.3,
Beihai,109.12,21.48,2008,8,2008-08,28.6,32.34,25.93,3.27,25.62,29.25,100.29,4.65,15.7,170.1,5.68,84.21,20.65,13.66,18.53,37.29,9.0,1.23,0.04,2.16,25.26,36.45,76.0,0.0,4.14,0.97,0.94,0.96,34.48,
Beihai,109.12,21.48,2008,9,2008-09,28.43,33.18,22.34,4.12,24.53,29.26,100.54,3.87,20.14,78.4,4.67,80.07,19.32,10.21,16.95,37.1,8.12,1.08,0.03,1.79,22.44,36.22,67.42,0.0,3.75,0.95,0.91,0.94,33.21,
Beihai,109.12,21.48,2008,10,2008-10,26.01,30.23,21.51,5.67,22.7,26.87,101.15,4.98,10.52,57.7,6.11,82.59,17.19,4.81,15.08,36.02,7.2,0.96,0.03,1.54,19.39,34.94,56.12,0.0,4.03,0.93,0.89,0.93,26.82,
Beihai,109.12,21.48,2008,11,2008-11,20.43,28.81,9.47,7.5,15.84,21.71,101.62,5.6,11.09,40.6,6.81,76.42,11.68,2.65,14.8,31.8,6.85,0.91,0.02,1.36,17.5,30.61,45.35,0.0,2.92,0.89,0.86,0.9,20.52,
Beihai,109.12,21.48,2008,12,2008-12,16.67,24.27,6.31,7.87,11.62,17.88,101.8,5.06,11.61,36.6,6.1,73.9,8.67,1.47,11.43,30.27,5.19,0.67,0.02,0.98,15.35,28.33,48.24,0.0,1.91,0.77,0.74,0.82,,
Beihai,109.12,21.48,2009,1,2009-01,14.13,22.79,6.13,8.16,8.62,15.86,102.01,5.37,11.63,38.6,6.57,71.54,7.21,0.24,12.06,29.01,5.4,0.69,0.02,1.0,16.16,26.85,48.14,0.0,1.74,0.73,0.71,0.78,,
Beihai,109.12,21.48,2009,2,2009-02,21.21,28.15,15.02,6.92,17.92,22.21,101.16,4.05,10.33,134.6,5.39,82.68,12.85,0.25,14.96,33.3,6.94,0.91,0.03,1.52,19.09,31.24,52.78,0.0,1.84,0.64,0.63,0.69,21.55,
Beihai,109.12,21.48,2009,3,2009-03,20.93,29.15,10.9,5.98,17.24,22.66,101.19,5.0,16.37,62.0,6.0,80.53,12.63,2.46,10.54,34.82,5.02,0.65,0.02,1.08,19.44,32.13,84.81,0.0,1.56,0.62,0.61,0.69,21.18,
Beihai,109.12,21.48,2009,4,2009-04,24.37,30.52,16.33,6.13,20.4,25.83,100.88,5.5,12.66,104.6,6.67,79.44,15.07,3.2,13.3,36.16,6.44,0.86,0.02,1.39,22.97,34.0,82.67,0.0,2.63,0.66,0.65,0.72,24.94,
Beihai,109.12,21.48,2009,5,2009-05,26.69,31.31,21.44,5.12,22.73,28.36,100.7,5.05,14.18,115.0,6.01,79.79,17.35,5.36,16.96,36.79,8.24,1.13,0.03,1.88,25.74,35.25,74.2,0.0,2.89,0.67,0.66,0.74,29.05,
Beihai,109.12,21.48,2009,6,2009-06,28.57,31.9,24.19,3.0,25.66,29.17,100.14,4.65,10.77,183.0,5.69,84.64,20.76,5.34,18.16,37.6,8.87,1.21,0.03,2.03,25.82,36.7,79.11,0.0,2.92,0.8,0.77,0.86,34.48,
Beihai,109.12,21.48,2009,7,2009-07,29.18,32.82,26.8,3.24,25.94,29.89,100.15,5.0,13.31,174.0,6.08,82.97,21.06,8.87,18.45,37.86,9.03,1.23,0.04,2.16,26.19,36.96,72.5,0.0,4.45,0.91,0.87,0.92,35.94,
Beihai,109.12,21.48,2009,8,2009-08,29.15,32.91,26.16,3.32,25.84,29.62,100.25,3.92,19.23,279.4,4.78,82.7,20.93,11.89,19.13,37.71,9.24,1.25,0.04,2.21,24.73,36.98,68.2,0.0,3.8,0.97,0.94,0.96,35.79,
Beihai,109.12,21.48,2009,9,2009-09,28.54,33.54,22.66,4.32,25.07,29.35,100.52,4.89,13.04,59.2,5.91,81.91,19.95,11.67,17.5,37.38,8.39,1.11,0.03,1.87,22.49,36.51,63.49,0.0,4.16,0.95,0.92,0.94,33.85,
Beihai,109.12,21.48,2009,10,2009-10,25.85,31.44,20.87,5.9,21.63,26.75,101.01,4.62,13.04,54.1,5.57,78.54,16.15,3.57,14.92,35.66,6.94,0.89,0.02,1.38,18.48,34.59,49.5,0.0,3.72,0.9,0.86,0.91,26.54,
Beihai,109.12,21.48,2009,11,2009-11,19.25,28.1,7.66,7.41,14.39,21.44,101.61,5.71,13.16,34.9,6.84,74.98,10.84,0.79,13.49,32.53,6.26,0.82,0.02,1.26,17.18,30.55,53.99,0.0,2.79,0.79,0.77,0.84,,
Beihai,109.12,21.48,2009,12,2009-12,17.58,25.8,9.07,6.56,13.7,19.28,101.68,4.92,14.71,59.7,5.98,79.14,10.04,0.65,9.22,32.49,4.28,0.56,0.01,0.76,14.45,29.66,71.29,0.0,1.51,0.7,0.68,0.75,,
Beihai,109.12,21.48,2010,1,2010-01,16.98,24.9,8.32,6.43,13.92,18.48,101.75,5.03,11.27,53.7,6.12,83.04,10.13,2.21,7.31,33.46,3.62,0.52,0.01,0.82,16.0,30.04,89.04,0.0,1.48,0.71,0.69,0.77,,
Beihai,109.12,21.48,2010,2,2010-02,18.85,28.03,7.29,6.23,15.6,20.72,101.29,5.01,12.5,89.3,6.25,82.35,11.67,0.38,11.39,32.65,5.41,0.73,0.02,1.15,18.62,30.23,65.09,0.0,1.71,0.68,0.67,0.73,,
Beihai,109.12,21.48,2010,3,2010-03,20.6,28.84,9.03,6.59,16.0,22.36,101.33,5.02,15.37,75.7,6.21,76.52,11.83,0.15,13.66,33.2,6.13,0.73,0.02,1.15,18.72,31.06,61.61,0.0,1.53,0.6,0.6,0.66,20.71,
Beihai,109.12,21.48,2010,4,2010-04,23.42,29.42,14.81,5.6,19.95,24.96,101.04,5.22,11.51,92.9,6.37,81.59,14.73,4.56,12.19,36.02,5.92,0.78,0.02,1.28,22.28,34.01,79.28,0.0,2.11,0.63,0.62,0.7,23.95,
Beihai,109.12,21.48,2010,5,2010-05,27.78,32.18,22.41,4.67,24.02,29.29,100.46,4.48,12.16,161.5,5.38,80.82,18.8,2.21,18.05,37.54,8.72,1.18,0.03,1.92,24.98,36.38,73.81,0.01,2.6,0.66,0.65,0.71,31.67,
Beihai,109.12,21.48,2010,6,2010-06,28.58,32.32,23.34,3.24,25.57,29.38,100.39,5.12,10.43,181.5,6.22,84.14,20.63,7.17,15.27,37.84,7.54,1.03,0.03,1.76,25.21,36.85,92.28,0.0,2.87,0.76,0.74,0.83,34.41,
Beihai,109.12,21.48,2010,7,2010-07,29.5,33.07,26.0,3.64,26.05,30.1,100.38,5.67,14.65,163.6,6.95,82.19,21.16,6.22,20.33,37.92,9.88,1.35,0.04,2.35,26.39,37.14,77.78,0.0,3.42,0.8,0.78,0.85,36.73,
Beihai,109.12,21.48,2010,8,2010-08,28.64,32.59,25.35,3.25,25.65,29.37,100.52,4.13,10.03,127.6,5.06,84.1,20.62,12.17,18.04,37.69,8.83,1.22,0.04,2.1,25.11,36.84,74.47,0.0,3.64,0.95,0.91,0.95,34.58,
Beihai,109.12,21.48,2010,9,2010-09,28.22,32.4,25.11,3.56,25.03,28.89,100.64,3.74,9.93,154.9,4.6,83.21,19.86,11.21,16.39,37.23,7.87,1.05,0.03,1.72,22.55,36.34,69.1,0.0,3.91,0.98,0.95,0.96,33.21,
Beihai,109.12,21.48,2010,10,2010-10,23.87,30.87,13.25,5.93,20.29,25.14,101.08,6.61,11.75,38.6,7.92,81.11,15.24,3.17,15.15,34.68,7.2,0.97,0.03,1.52,19.61,33.64,59.71,0.0,3.91,0.93,0.89,0.92,24.43,
Beihai,109.12,21.48,2010,11,2010-11,20.45,26.56,14.25,7.69,15.79,21.57,101.5,4.74,8.97,40.1,5.85,75.88,11.17,0.15,13.54,32.41,6.13,0.77,0.02,1.12,15.85,30.7,51.25,0.0,2.39,0.78,0.75,0.82,20.53,
Beihai,109.12,21.48,2010,12,2010-12,17.86,26.8,4.38,7.9,12.41,19.51,101.42,5.06,14.92,46.5,6.17,72.49,9.45,0.7,11.2,31.37,5.14,0.66,0.02,0.94,15.02,29.35,53.98,0.0,1.63,0.68,0.67,0.73,,
Beihai,109.12,21.48,2011,1,2011-01,12.14,20.77,5.58,7.25,6.44,15.33,102.01,6.71,12.16,25.6,7.66,69.79,6.02,0.24,7.79,30.96,3.71,0.51,0.01,0.75,15.76,26.65,87.49,0.0,1.15,0.63,0.63,0.69,,
Beihai,109.12,21.48,2011,2,2011-02,17.09,25.18,8.22,6.5,13.37,18.81,101.43,4.42,11.72,69.4,5.43,79.73,9.73,1.27,9.2,32.9,4.41,0.6,0.02,0.97,18.31,29.37,80.26,0.0,1.28,0.61,0.6,0.68,,
Beihai,109.12,21.48,2011,3,2011-03,17.78,26.14,9.79,6.76,13.07,20.06,101.65,5.51,14.52,40.5,6.41,75.2,9.51,1.91,8.54,33.66,4.25,0.6,0.02,0.99,20.8,29.96,93.4,0.0,1.59,0.62,0.61,0.69,,
Beihai,109.12,21.48,2011,4,2011-04,23.8,29.58,16.84,6.52,19.02,25.67,101.1,4.14,9.26,132.8,5.1,75.99,13.75,0.78,15.91,35.11,7.41,0.94,0.03,1.54,22.67,33.18,68.84,0.0,1.66,0.57,0.57,0.61,24.22,
Beihai,109.12,21.48,2011,5,2011-05,26.37,32.01,18.8,5.52,21.96,27.92,100.63,4.22,10.44,114.3,5.09,77.83,16.65,5.78,18.34,36.27,8.75,1.17,0.03,1.94,25.5,35.03,68.68,0.0,3.22,0.69,0.67,0.76,28.28,
Beihai,109.12,21.48,2011,6,2011-06,28.91,33.28,25.34,3.27,25.55,29.8,100.14,4.92,15.74,174.8,5.98,82.59,20.61,10.16,17.92,37.76,8.75,1.21,0.03,2.08,25.92,36.93,82.27,0.0,2.91,0.74,0.72,0.8,35.05,
Beihai,109.12,21.48,2011,7,2011-07,29.08,32.59,26.6,3.26,25.61,29.76,100.15,4.43,15.08,186.5,5.38,81.89,20.66,6.91,19.08,37.79,9.19,1.22,0.04,2.15,25.06,36.95,65.07,0.0,4.46,0.94,0.9,0.93,35.39,
Beihai,109.12,21.48,2011,8,2011-08,28.85,33.79,25.2,3.62,25.17,29.77,100.38,3.37,9.46,158.8,4.11,80.97,20.08,7.15,20.02,37.63,9.62,1.28,0.04,2.26,24.84,36.8,65.76,0.0,4.26,0.95,0.91,0.94,34.53,
Beihai,109.12,21.48,2011,9,2011-09,27.78,33.04,20.23,5.05,23.89,28.91,100.47,5.55,24.09,66.7,6.7,79.97,18.7,6.57,17.14,37.19,8.15,1.08,0.03,1.75,22.07,36.28,66.63,0.0,4.13,0.86,0.83,0.89,31.55,
Beihai,109.12,21.48,2011,10,2011-10,24.37,30.0,18.08,5.85,20.94,25.38,101.15,5.09,13.74,51.0,6.15,81.92,15.52,5.3,14.37,35.4,6.86,0.93,0.02,1.46,19.46,34.06,60.32,0.0,3.79,0.93,0.89,0.93,25.0,
Beihai,109.12,21.48,2011,11,2011-11,22.69,29.05,14.93,6.61,18.84,23.74,101.35,4.54,12.58,49.1,5.6,79.72,13.61,2.02,13.48,33.9,6.3,0.82,0.02,1.2,16.8,32.39,54.12,0.0,2.84,0.82,0.8,0.87,23.1,
Beihai,109.12,21.48,2011,12,2011-12,15.34,24.04,7.07,7.96,9.25,16.98,101.96,6.2,12.15,30.7,7.48,68.62,7.4,0.82,11.31,30.31,5.07,0.63,0.01,0.88,14.38,27.91,58.94,0.0,1.95,0.74,0.72,0.8,,
Beihai,109.12,21.48,2012,1,2012-01,14.35,23.19,5.33,6.39,10.88,16.32,101.75,5.27,12.06,35.7,6.23,80.44,8.26,1.69,5.67,32.8,2.87,0.42,0.01,0.71,15.82,28.68,96.59,0.0,1.36,0.71,0.69,0.77,,
Beihai,109.12,21.48,2012,2,2012-02,16.37,25.63,7.95,6.66,12.87,18.16,101.42,5.22,10.61,45.0,6.23,80.64,9.46,0.81,7.37,33.62,3.67,0.52,0.01,0.85,18.15,29.59,92.11,0.0,1.58,0.68,0.67,0.74,,
Beihai,109.12,21.48,2012,3,2012-03,20.68,27.55,10.5,6.21,16.94,22.02,101.23,5.04,14.25,83.9,6.3,80.38,12.3,1.32,10.81,34.76,5.13,0.65,0.02,1.1,19.43,32.12,84.37,0.0,1.95,0.66,0.65,0.72,20.9,
Beihai,109.12,21.48,2012,4,2012-04,25.4,32.21,17.58,5.6,21.86,26.68,100.72,4.27,13.66,168.3,5.29,81.72,16.52,2.64,16.9,36.01,8.01,1.04,0.03,1.66,23.25,34.52,70.99,0.0,2.26,0.64,0.63,0.7,26.13,
Beihai,109.12,21.48,2012,5,2012-05,28.69,32.73,23.75,4.2,25.03,29.91,100.38,4.2,9.25,150.5,5.05,81.27,19.93,8.54,18.5,37.58,8.97,1.21,0.03,1.96,25.48,36.64,76.13,0.0,3.05,0.71,0.7,0.78,34.14,
Beihai,109.12,21.48,2012,6,2012-06,28.63,32.87,24.38,3.17,26.01,29.02,99.93,5.51,12.73,199.2,6.76,85.93,21.21,10.41,14.47,38.28,7.2,0.98,0.03,1.64,25.02,37.27,92.45,0.0,3.89,0.93,0.89,0.94,34.93,
Beihai,109.12,21.48,2012,7,2012-07,28.9,32.48,26.08,2.82,25.83,29.43,100.13,4.79,14.53,177.8,5.89,83.74,20.94,9.46,18.74,37.57,9.2,1.28,0.04,2.24,26.42,36.78,75.75,0.0,4.1,0.95,0.91,0.94,35.27,
Beihai,109.12,21.48,2012,8,2012-08,28.93,32.92,24.93,3.25,25.86,29.39,100.13,3.75,20.33,198.1,4.62,83.8,20.99,14.42,17.25,37.77,8.36,1.12,0.03,1.91,24.2,36.92,77.32,0.0,3.93,0.99,0.97,0.97,35.38,
Beihai,109.12,21.48,2012,9,2012-09,27.33,31.56,21.19,5.02,23.44,28.49,100.81,4.17,11.22,69.9,5.03,80.0,18.14,4.91,18.11,36.54,8.62,1.14,0.03,1.87,22.47,35.58,65.59,0.0,4.42,0.94,0.9,0.93,30.49,
Beihai,109.12,21.48,2012,10,2012-10,25.83,30.07,18.07,5.6,21.24,27.3,101.17,4.72,12.58,84.9,5.68,76.79,15.76,7.3,14.82,35.33,6.83,0.88,0.02,1.36,18.59,34.27,40.62,0.0,3.34,0.79,0.76,0.84,26.47,
Beihai,109.12,21.48,2012,11,2012-11,22.04,27.65,13.57,6.16,19.13,23.42,101.28,5.07,14.62,72.6,6.18,84.22,14.01,3.98,9.96,35.24,4.87,0.68,0.02,1.08,16.7,33.02,80.88,0.0,2.91,0.86,0.82,0.89,22.5,
Beihai,109.12,21.48,2012,12,2012-12,17.38,26.0,4.93,6.74,13.89,19.1,101.61,5.83,15.45,47.5,7.04,80.99,10.34,0.65,9.16,33.26,4.38,0.6,0.02,0.95,15.2,30.09,80.81,0.0,2.27,0.83,0.8,0.87,,
Beihai,109.12,21.48,2013,1,2013-01,15.1,24.14,7.33,6.26,11.73,16.72,101.85,5.19,11.17,42.9,6.31,81.16,8.72,0.9,8.15,32.41,3.88,0.53,0.01,0.87,15.61,28.61,83.53,0.0,1.54,0.75,0.73,0.8,,
Beihai,109.12,21.48,2013,2,2013-02,19.2,25.67,8.77,6.51,16.2,20.56,101.52,4.66,10.57,80.2,5.81,83.49,11.61,0.47,8.88,34.36,4.43,0.65,0.02,1.17,19.14,30.92,88.93,0.0,1.86,0.7,0.68,0.75,,
Beihai,109.12,21.48,2013,3,2013-03,22.6,29.24,10.62,6.51,18.67,24.09,101.18,4.5,11.61,108.8,5.54,79.51,13.66,2.36,13.29,35.09,6.15,0.77,0.02,1.26,19.35,32.82,69.08,0.0,1.99,0.63,0.62,0.69,22.99,
Beihai,109.12,21.48,2013,4,2013-04,23.86,30.44,15.31,5.1,20.76,25.21,100.86,4.59,16.31,104.2,5.62,83.43,15.54,5.72,13.51,36.29,6.5,0.84,0.02,1.44,22.02,34.25,82.44,0.0,2.73,0.73,0.71,0.8,24.48,
Beihai,109.12,21.48,2013,5,2013-05,27.31,32.54,20.44,3.99,24.38,28.06,100.5,4.58,10.24,163.5,5.62,84.46,19.25,4.81,16.75,37.22,8.16,1.11,0.03,1.83,25.37,36.05,78.23,0.0,3.28,0.81,0.78,0.86,30.96,
Beihai,109.12,21.48,2013,6,2013-06,28.75,32.84,21.25,3.79,25.17,29.5,100.21,5.2,14.34,169.6,6.31,81.4,20.18,6.62,19.83,37.41,9.64,1.32,0.04,2.23,26.55,36.58,69.98,0.0,4.23,0.88,0.84,0.9,34.34,
Beihai,109.12,21.48,2013,7,2013-07,28.57,32.63,26.3,2.98,25.68,29.19,100.3,4.85,11.75,158.0,5.93,84.65,20.71,15.66,17.57,37.61,8.66,1.2,0.03,2.04,26.41,36.64,77.92,0.0,3.92,0.94,0.91,0.94,34.48,
Beihai,109.12,21.48,2013,8,2013-08,28.81,32.18,25.88,3.04,25.73,29.19,100.15,4.67,18.5,183.6,5.7,83.75,20.81,11.0,16.95,37.63,8.31,1.13,0.03,1.92,25.18,36.82,76.53,0.0,3.82,0.99,0.96,0.97,35.01,
Beihai,109.12,21.48,2013,9,2013-09,27.7,32.23,20.59,4.55,24.54,28.45,100.62,4.71,11.68,64.9,5.7,83.33,19.34,10.33,16.04,37.0,7.73,1.04,0.03,1.7,22.5,36.0,77.13,0.0,4.48,0.97,0.94,0.95,31.82,
Beihai,109.12,21.48,2013,10,2013-10,24.5,30.86,16.77,6.72,19.9,25.65,101.24,5.17,11.35,39.6,6.26,76.77,14.6,0.63,15.96,34.52,7.38,0.95,0.02,1.42,18.84,33.48,48.47,0.0,3.34,0.82,0.79,0.86,25.01,
Beihai,109.12,21.48,2013,11,2013-11,21.16,29.13,11.65,6.56,16.91,22.4,101.5,6.11,17.32,48.7,7.41,77.78,12.27,8.76,11.06,33.85,5.28,0.71,0.02,1.08,16.93,31.76,74.31,0.0,2.69,0.8,0.78,0.85,21.36,
Beihai,109.12,21.48,2013,12,2013-12,14.18,23.51,5.76,8.27,9.08,15.7,101.83,5.61,13.58,29.5,6.83,73.17,7.29,4.45,11.68,28.27,5.05,0.61,0.01,0.83,14.33,26.73,37.96,0.0,2.18,0.85,0.82,0.89,,
Beihai,109.12,21.48,2014,1,2014-01,15.41,22.3,6.4,7.61,11.26,16.17,101.89,4.69,10.3,55.5,5.93,77.95,8.47,0.04,13.29,29.26,5.83,0.73,0.02,1.06,15.75,27.32,39.92,0.0,2.11,0.81,0.79,0.86,,
Beihai,109.12,21.48,2014,2,2014-02,16.19,24.2,5.21,7.27,12.61,18.18,101.51,5.22,12.95,59.9,6.28,80.37,9.5,0.58,8.89,32.73,4.31,0.6,0.02,0.97,18.42,28.96,84.72,0.0,1.83,0.72,0.7,0.77,,
Beihai,109.12,21.48,2014,3,2014-03,20.63,28.24,13.5,6.02,17.62,22.01,101.33,4.51,12.18,83.9,5.56,83.52,12.66,1.53,10.33,34.84,4.92,0.63,0.02,1.04,19.2,32.01,83.31,0.0,1.9,0.68,0.66,0.73,20.93,
Beihai,109.12,21.48,2014,4,2014-04,25.23,29.74,20.06,4.96,22.17,26.29,100.94,4.46,7.94,121.5,5.58,83.68,16.7,4.28,12.12,37.02,5.8,0.72,0.02,1.17,20.92,34.93,87.12,0.0,2.62,0.71,0.69,0.76,25.99,
Beihai,109.12,21.48,2014,5,2014-05,28.07,33.27,19.96,4.66,24.32,29.19,100.55,4.43,11.53,180.1,5.39,80.7,19.19,3.21,18.37,37.3,8.89,1.19,0.03,1.91,25.23,36.33,77.48,0.0,2.76,0.7,0.69,0.76,32.39,
Beihai,109.12,21.48,2014,6,2014-06,29.53,33.22,26.06,3.16,26.27,30.12,100.07,4.16,9.16,190.4,5.08,83.04,21.53,12.85,18.35,38.19,8.96,1.21,0.03,2.04,25.64,37.45,83.92,0.0,3.59,0.9,0.86,0.91,37.04,
Beihai,109.12,21.48,2014,7,2014-07,29.49,32.52,26.58,2.99,26.27,29.98,100.2,4.21,22.28,160.5,5.15,83.03,21.47,11.29,19.49,38.0,9.53,1.3,0.04,2.3,26.19,37.25,78.67,0.0,3.74,0.98,0.95,0.96,36.91,
Beihai,109.12,21.48,2014,8,2014-08,28.75,32.52,24.98,2.7,25.88,29.19,100.39,4.26,12.42,188.6,5.26,84.67,20.96,16.0,16.89,37.62,8.35,1.15,0.03,2.01,25.28,36.8,79.18,0.0,3.54,0.99,0.97,0.97,35.03,
Beihai,109.12,21.48,2014,9,2014-09,28.41,31.63,22.03,3.78,24.83,29.17,100.55,3.89,27.88,113.7,4.71,81.38,19.7,9.05,18.57,36.98,8.91,1.2,0.03,1.99,23.3,36.21,54.15,0.0,3.91,0.98,0.94,0.95,33.4,
Beihai,109.12,21.48,2014,10,2014-10,26.01,31.11,19.43,5.89,21.51,27.06,101.22,4.23,8.64,67.5,5.16,77.23,16.04,2.37,15.96,35.1,7.37,0.95,0.02,1.46,18.92,34.21,40.8,0.0,3.64,0.87,0.83,0.89,26.68,
Beihai,109.12,21.48,2014,11,2014-11,22.35,29.64,14.79,6.39,19.05,23.8,101.44,4.81,10.71,58.0,5.84,82.41,13.85,1.51,11.89,34.53,5.65,0.76,0.02,1.1,16.59,32.7,63.0,0.0,2.51,0.78,0.75,0.83,22.79,
Beihai,109.12,21.48,2014,12,2014-12,15.4,22.72,7.5,7.34,10.21,17.34,101.99,6.02,13.5,35.7,7.12,72.98,7.87,2.13,9.22,30.75,4.28,0.57,0.01,0.79,15.22,28.11,68.38,0.0,1.86,0.74,0.72,0.8,,
Beihai,109.12,21.48,2015,1,2015-01,16.23,24.08,8.5,7.72,12.17,17.25,101.86,4.84,9.82,57.0,6.02,78.32,8.91,1.84,12.29,30.14,5.57,0.73,0.02,1.03,16.37,27.8,53.07,0.0,1.82,0.74,0.72,0.79,,
Beihai,109.12,21.48,2015,2,2015-02,18.72,26.8,8.72,6.46,15.18,20.18,101.58,4.04,9.45,89.9,5.08,80.93,11.03,0.63,11.13,33.31,5.23,0.7,0.02,1.14,17.71,30.07,80.79,0.0,1.81,0.68,0.67,0.73,,
Beihai,109.12,21.48,2015,3,2015-03,22.48,29.8,14.33,6.29,18.85,24.08,101.33,4.47,12.39,100.1,5.46,80.79,13.65,0.7,11.9,35.25,5.62,0.73,0.02,1.16,19.59,32.74,79.38,0.0,1.82,0.63,0.62,0.68,22.89,
Beihai,109.12,21.48,2015,4,2015-04,25.01,31.14,16.8,6.63,19.58,27.43,101.06,4.83,11.6,129.1,5.69,73.29,14.46,0.79,17.68,34.93,8.19,1.04,0.03,1.61,22.93,33.53,55.83,0.0,1.51,0.56,0.56,0.59,25.48,
Beihai,109.12,21.48,2015,5,2015-05,28.97,33.21,22.0,4.16,25.29,30.13,100.44,4.63,9.98,185.2,5.57,81.17,20.27,3.83,18.04,37.7,8.72,1.16,0.03,1.89,24.89,36.85,73.92,0.0,1.93,0.62,0.61,0.69,34.91,
Beihai,109.12,21.48,2015,6,2015-06,29.85,34.15,27.56,3.11,26.2,30.51,100.3,5.23,14.94,178.2,6.37,81.18,21.38,7.05,19.53,38.04,9.51,1.29,0.04,2.17,26.39,37.24,74.01,0.0,3.47,0.78,0.76,0.84,37.54,
Beihai,109.12,21.48,2015,7,2015-07,28.83,34.87,24.09,3.42,25.27,29.61,100.16,5.99,12.57,215.3,7.22,81.54,20.29,14.32,15.12,38.0,7.44,1.01,0.03,1.75,25.47,37.0,88.84,0.0,3.82,0.82,0.8,0.87,34.59,
Beihai,109.12,21.48,2015,8,2015-08,29.07,33.54,25.89,3.46,25.65,29.49,100.38,3.63,9.49,191.0,4.49,82.23,20.68,5.99,17.67,37.58,8.52,1.14,0.03,1.94,24.47,36.75,76.51,0.0,3.87,0.96,0.93,0.95,35.44,
Beihai,109.12,21.48,2015,9,2015-09,28.27,32.04,23.51,3.85,25.26,29.03,100.71,4.24,9.56,121.4,5.15,84.09,20.13,7.53,16.78,37.53,8.15,1.1,0.03,1.83,22.71,36.46,71.21,0.0,4.23,0.97,0.94,0.95,33.5,
Beihai,109.12,21.48,2015,10,2015-10,25.71,31.74,18.78,5.74,21.44,26.78,101.18,4.35,20.46,38.2,5.23,78.1,16.0,5.46,15.66,35.5,7.43,1.0,0.03,1.58,19.9,34.39,54.21,0.0,3.91,0.91,0.88,0.92,26.38,
Beihai,109.12,21.48,2015,11,2015-11,23.51,29.23,12.31,5.57,20.58,24.87,101.46,4.94,10.91,80.5,6.0,84.26,15.36,5.29,12.74,35.19,6.13,0.83,0.02,1.28,17.17,33.44,65.97,0.0,2.97,0.86,0.83,0.89,24.12,
Beihai,109.12,21.48,2015,12,2015-12,17.1,26.29,9.62,5.96,13.97,18.82,101.88,5.84,11.23,33.9,6.96,82.62,10.17,2.27,7.74,33.0,3.78,0.53,0.01,0.76,15.04,29.93,84.37,0.0,2.21,0.86,0.83,0.89,,
Beihai,109.12,21.48,2016,1,2016-01,15.94,24.93,3.98,5.87,13.3,17.49,101.78,5.2,13.7,46.8,6.25,84.97,9.82,9.83,7.33,32.41,3.6,0.51,0.01,0.76,16.17,29.38,86.12,0.0,2.1,0.87,0.83,0.9,,
Beihai,109.12,21.48,2016,2,2016-02,14.49,23.42,6.07,7.13,10.97,15.97,102.02,5.49,13.17,32.4,6.69,80.36,8.31,0.46,10.65,30.9,4.98,0.67,0.02,1.1,18.93,27.52,73.84,0.0,2.79,0.92,0.88,0.92,,
Beihai,109.12,21.48,2016,3,2016-03,19.27,27.84,8.48,6.38,16.27,20.26,101.41,4.18,13.67,80.6,5.29,83.55,11.7,1.87,12.56,33.38,5.79,0.73,0.02,1.18,19.33,30.93,74.72,0.0,2.82,0.81,0.78,0.85,,
Beihai,109.12,21.48,2016,4,2016-04,25.17,30.84,18.54,5.3,22.29,25.9,100.73,3.3,14.21,143.1,4.35,84.7,16.84,2.71,14.95,36.09,6.91,0.84,0.02,1.4,20.88,34.62,69.22,0.0,2.87,0.76,0.73,0.81,25.95,
Beihai,109.12,21.48,2016,5,2016-05,27.62,32.44,19.59,4.83,24.07,28.7,100.59,4.22,10.53,148.7,5.17,81.85,18.89,6.12,18.92,37.04,9.04,1.19,0.03,2.09,24.92,35.98,71.3,0.0,3.44,0.77,0.74,0.82,31.41,
Beihai,109.12,21.48,2016,6,2016-06,29.43,32.42,24.61,3.03,26.34,29.95,100.4,4.97,10.18,179.7,6.13,83.72,21.54,7.56,19.5,37.94,9.53,1.31,0.04,2.33,26.63,37.11,76.92,0.0,3.58,0.9,0.86,0.91,36.9,
Beihai,109.12,21.48,2016,7,2016-07,29.63,33.33,26.96,2.6,26.41,29.92,100.35,4.82,11.75,178.7,5.98,83.09,21.64,7.73,18.99,37.86,9.28,1.28,0.04,2.32,26.54,37.03,78.05,0.0,3.43,0.95,0.91,0.94,37.37,
Beihai,109.12,21.48,2016,8,2016-08,29.19,32.77,24.06,3.21,25.98,29.8,100.01,4.27,16.76,191.3,5.21,83.07,21.19,12.41,16.75,38.01,8.2,1.12,0.03,1.98,24.39,37.09,82.83,0.0,3.74,0.97,0.93,0.96,36.0,
Beihai,109.12,21.48,2016,9,2016-09,28.24,32.46,22.11,4.57,24.57,29.02,100.53,3.96,9.07,38.9,4.85,80.99,19.39,5.72,17.32,37.2,8.34,1.12,0.03,1.9,22.87,36.26,70.2,0.0,4.44,0.96,0.93,0.95,32.88,
Beihai,109.12,21.48,2016,10,2016-10,26.53,31.69,18.45,5.94,22.82,27.6,100.84,5.56,18.46,49.0,6.7,80.78,17.41,5.43,16.79,36.39,8.01,1.09,0.03,1.79,20.35,35.31,55.29,0.0,3.85,0.86,0.83,0.89,28.78,
Beihai,109.12,21.48,2016,11,2016-11,21.3,28.93,9.94,6.44,17.94,23.23,101.49,5.6,13.22,50.0,6.71,82.02,13.26,2.83,11.96,34.3,5.78,0.81,0.02,1.3,17.57,32.34,63.23,0.0,2.88,0.81,0.78,0.86,21.63,
Beihai,109.12,21.48,2016,12,2016-12,18.53,25.98,8.83,7.51,13.91,19.71,101.72,5.65,12.3,46.6,6.95,75.76,10.14,0.32,12.03,32.15,5.64,0.75,0.02,1.16,15.85,29.91,68.18,0.0,2.1,0.76,0.74,0.81,,
Beihai,109.12,21.48,2017,1,2017-01,18.48,25.5,10.69,6.87,14.82,19.87,101.71,4.74,10.32,57.7,5.75,80.31,10.57,1.08,10.87,32.47,5.13,0.69,0.02,1.14,16.65,30.06,64.82,0.0,1.65,0.7,0.68,0.75,,
Beihai,109.12,21.48,2017,2,2017-02,17.85,26.71,8.93,7.53,13.25,19.77,101.77,5.28,12.63,62.2,6.4,76.01,9.73,1.34,12.02,32.58,5.65,0.77,0.02,1.23,19.19,29.31,69.99,0.0,1.88,0.67,0.66,0.72,,
Beihai,109.12,21.48,2017,3,2017-03,21.72,29.0,14.54,6.26,17.99,23.14,101.25,4.95,12.85,101.4,6.15,80.32,12.98,2.24,10.82,35.24,5.26,0.71,0.02,1.19,20.7,32.44,82.71,0.0,1.99,0.63,0.62,0.7,22.04,
Beihai,109.12,21.48,2017,4,2017-04,24.22,30.69,14.74,6.17,19.81,26.05,100.97,4.61,11.65,117.8,5.62,77.56,14.6,1.82,15.73,35.41,7.44,0.97,0.03,1.61,23.38,33.62,68.49,0.0,2.38,0.63,0.62,0.69,24.72,
Beihai,109.12,21.48,2017,5,2017-05,27.38,32.12,22.01,5.37,23.02,28.91,100.73,4.19,9.92,108.5,5.06,78.11,17.67,4.49,17.66,37.02,8.51,1.14,0.03,1.91,25.03,35.7,77.7,0.0,3.19,0.69,0.67,0.75,30.39,
Beihai,109.12,21.48,2017,6,2017-06,29.27,33.25,25.26,2.65,26.23,29.94,100.3,5.04,10.8,181.0,6.15,83.95,21.41,8.88,15.96,38.06,7.92,1.1,0.03,1.91,26.02,37.09,92.31,0.0,2.6,0.78,0.75,0.83,36.46,
Beihai,109.12,21.48,2017,7,2017-07,28.89,32.48,26.64,2.91,26.14,29.31,100.34,4.83,10.38,150.0,5.98,85.3,21.29,17.2,16.76,37.71,8.27,1.14,0.03,2.0,25.94,36.79,87.62,0.0,3.71,0.99,0.96,0.97,35.59,
Beihai,109.12,21.48,2017,8,2017-08,29.27,32.41,26.11,2.65,26.39,29.52,100.32,4.86,12.05,186.9,6.03,84.64,21.62,14.3,17.41,37.58,8.53,1.17,0.04,2.11,25.43,36.82,82.87,0.0,3.46,0.99,0.97,0.97,36.63,
Beihai,109.12,21.48,2017,9,2017-09,29.39,32.39,26.4,3.51,25.96,29.96,100.62,3.63,12.1,133.9,4.41,82.09,20.99,7.36,17.91,37.66,8.71,1.2,0.03,2.09,23.33,36.78,76.13,0.0,3.88,0.98,0.95,0.96,36.36,
Beihai,109.12,21.48,2017,10,2017-10,24.82,31.24,16.61,5.77,21.43,25.87,101.1,5.8,17.26,41.8,7.01,82.04,16.22,7.6,16.18,35.08,7.7,1.05,0.03,1.64,20.23,34.08,55.18,0.0,3.91,0.97,0.93,0.95,25.5,
Beihai,109.12,21.48,2017,11,2017-11,20.84,28.52,11.7,5.79,17.74,22.29,101.46,5.6,11.19,40.4,6.76,83.13,12.92,2.09,9.04,34.5,4.44,0.62,0.02,0.97,16.62,32.25,82.64,0.0,2.78,0.87,0.84,0.89,21.15,
Beihai,109.12,21.48,2017,12,2017-12,16.3,23.01,6.17,7.14,11.42,17.55,101.9,5.79,12.25,33.0,7.03,74.29,8.56,0.93,10.24,31.44,4.72,0.62,0.01,0.91,14.97,28.7,75.62,0.0,2.05,0.79,0.77,0.84,,
Beihai,109.12,21.48,2018,1,2018-01,16.4,25.12,4.8,7.42,12.34,17.93,101.59,5.45,14.22,60.5,6.65,78.44,9.34,0.9,9.5,32.18,4.53,0.63,0.02,0.97,16.69,29.1,75.35,0.0,1.83,0.73,0.71,0.78,,
Beihai,109.12,21.48,2018,2,2018-02,16.21,26.01,5.22,7.12,11.27,17.97,101.72,4.66,10.21,45.6,5.72,74.24,8.88,0.47,10.89,32.32,5.13,0.7,0.02,1.12,18.63,28.76,83.4,0.0,1.65,0.66,0.65,0.71,,
Beihai,109.12,21.48,2018,3,2018-03,21.68,28.42,10.87,7.11,17.1,23.52,101.29,4.32,13.12,123.7,5.44,76.9,12.41,1.32,16.36,33.59,7.6,1.02,0.03,1.66,21.82,31.44,59.14,0.0,2.03,0.61,0.6,0.67,21.91,
Beihai,109.12,21.48,2018,4,2018-04,24.41,31.5,15.14,5.88,19.41,26.55,101.07,4.39,12.54,126.7,5.23,75.09,14.41,3.2,15.72,35.4,7.47,0.98,0.03,1.57,23.52,33.49,72.35,0.0,2.06,0.6,0.59,0.65,24.87,
Beihai,109.12,21.48,2018,5,2018-05,28.87,33.56,24.59,4.01,24.69,30.14,100.68,4.26,8.73,182.5,5.16,78.81,19.47,3.67,20.94,37.25,10.08,1.35,0.04,2.21,26.2,36.24,65.18,0.0,2.71,0.68,0.67,0.74,34.14,
Beihai,109.12,21.48,2018,6,2018-06,29.64,34.54,25.63,3.51,25.62,30.58,100.17,5.08,10.98,197.4,6.15,79.54,20.7,9.67,18.09,38.29,8.9,1.21,0.03,2.07,25.92,37.26,86.22,0.0,3.56,0.78,0.76,0.84,36.46,
Beihai,109.12,21.48,2018,7,2018-07,28.86,33.87,26.07,3.0,26.18,29.31,99.98,5.92,12.4,134.2,7.21,85.63,21.41,14.29,16.64,37.99,8.27,1.15,0.03,1.99,26.2,36.96,90.03,0.0,3.48,0.93,0.89,0.94,35.58,
Beihai,109.12,21.48,2018,8,2018-08,28.94,33.12,26.54,2.95,26.01,29.25,99.92,4.49,15.78,238.3,5.49,84.48,21.21,15.31,16.37,37.86,8.08,1.1,0.03,1.91,24.66,36.91,93.34,0.0,3.44,0.99,0.97,0.98,35.56,
Beihai,109.12,21.48,2018,9,2018-09,28.12,32.49,22.22,4.26,24.38,28.94,100.62,4.29,21.95,82.5,5.2,80.57,19.14,7.48,16.63,36.98,8.01,1.08,0.03,1.79,22.97,35.93,65.13,0.0,4.67,0.98,0.94,0.96,32.49,
Beihai,109.12,21.48,2018,10,2018-10,24.91,30.13,17.05,6.51,20.45,26.22,101.32,4.78,10.4,54.1,5.78,77.56,15.06,1.99,15.72,35.03,7.48,1.02,0.03,1.66,20.18,33.62,54.65,0.0,3.84,0.86,0.83,0.89,25.48,
Beihai,109.12,21.48,2018,11,2018-11,23.04,28.71,15.7,6.82,19.25,24.59,101.47,4.47,11.69,65.7,5.42,80.13,14.01,2.03,12.96,34.5,6.18,0.84,0.02,1.37,17.46,32.76,63.24,0.0,2.61,0.76,0.74,0.82,23.49,
Beihai,109.12,21.48,2018,12,2018-12,17.87,28.21,4.78,6.57,14.42,20.11,101.78,5.87,11.65,42.1,6.95,81.32,10.72,1.26,8.25,33.37,4.06,0.57,0.02,0.94,15.63,30.41,81.0,0.0,1.93,0.74,0.72,0.79,,
Beihai,109.12,21.48,2019,1,2019-01,17.22,24.65,5.97,7.5,13.48,18.95,101.89,5.0,11.5,43.9,6.01,79.79,9.77,0.34,9.45,32.87,4.53,0.63,0.02,1.04,16.35,29.6,80.32,0.0,1.46,0.67,0.66,0.72,,
Beihai,109.12,21.48,2019,2,2019-02,21.51,27.6,11.27,6.59,18.26,23.21,101.43,4.17,10.16,108.2,5.07,82.68,13.19,2.06,11.76,34.78,5.62,0.76,0.02,1.34,18.74,31.79,74.99,0.0,1.71,0.62,0.62,0.69,21.88,
Beihai,109.12,21.48,2019,3,2019-03,22.61,30.57,14.35,6.09,19.17,24.24,101.17,4.44,11.1,71.4,5.37,81.7,13.96,3.3,11.25,35.61,5.28,0.66,0.02,1.13,18.88,33.05,78.41,0.0,2.32,0.68,0.67,0.74,23.06,
Beihai,109.12,21.48,2019,4,2019-04,26.69,32.25,18.0,5.14,23.41,27.87,100.78,4.15,8.93,152.4,5.1,82.92,18.07,4.03,15.76,36.99,7.41,0.93,0.03,1.58,22.06,35.24,70.34,0.0,3.03,0.72,0.7,0.78,29.29,
Beihai,109.12,21.48,2019,5,2019-05,27.78,33.23,21.76,4.51,24.28,29.06,100.54,4.51,9.69,131.9,5.4,81.89,19.11,6.47,14.91,37.84,7.17,0.93,0.03,1.56,23.32,36.51,75.46,0.0,2.88,0.74,0.72,0.8,31.82,
Beihai,109.12,21.48,2019,6,2019-06,29.73,32.63,25.13,2.48,26.94,30.13,100.21,4.79,9.04,192.1,5.92,85.07,22.37,6.12,17.31,38.29,8.51,1.17,0.03,2.03,26.03,37.36,89.9,0.0,3.31,0.92,0.88,0.92,38.25,
Beihai,109.12,21.48,2019,7,2019-07,29.89,33.09,25.74,2.89,26.69,30.35,100.11,5.22,15.45,179.3,6.4,83.16,22.05,6.48,17.37,38.28,8.55,1.17,0.03,2.08,26.0,37.41,89.34,0.0,3.77,0.91,0.87,0.92,38.23,
Beihai,109.12,21.48,2019,8,2019-08,29.44,32.93,26.55,3.05,26.58,29.79,100.04,4.6,15.83,183.9,5.66,84.82,21.93,16.87,16.6,38.0,8.1,1.09,0.03,1.93,24.89,37.16,82.13,0.0,3.39,0.98,0.95,0.96,37.22,
Beihai,109.12,21.48,2019,9,2019-09,28.4,32.67,21.82,5.38,23.53,29.09,100.76,3.92,13.29,43.2,4.72,76.07,18.36,3.88,19.52,36.39,9.21,1.21,0.03,2.08,23.2,35.46,52.56,0.0,4.58,0.94,0.91,0.93,32.44,
Beihai,109.12,21.48,2019,10,2019-10,26.25,31.58,16.91,5.8,21.78,27.67,101.24,4.35,10.02,71.4,5.23,77.3,16.35,2.37,16.01,35.85,7.56,1.0,0.03,1.58,19.81,34.54,51.07,0.0,3.58,0.81,0.78,0.86,26.95,
Beihai,109.12,21.48,2019,11,2019-11,21.94,28.78,13.04,8.29,16.62,23.61,101.5,5.16,11.48,45.3,6.25,73.16,11.89,0.53,14.82,33.29,6.85,0.89,0.02,1.3,17.28,31.64,46.88,0.0,2.32,0.7,0.69,0.75,22.1,
Beihai,109.12,21.48,2019,12,2019-12,18.54,26.92,8.61,8.55,12.25,20.16,101.8,4.92,12.03,36.0,6.03,69.46,9.29,0.04,13.2,31.47,6.02,0.79,0.02,1.13,16.15,28.94,55.42,0.0,1.39,0.61,0.61,0.67,,
Beihai,109.12,21.48,2020,1,2020-01,19.2,26.47,9.15,7.39,14.35,21.21,101.65,5.16,12.98,78.1,6.23,75.1,10.53,1.63,10.61,33.05,5.03,0.69,0.02,1.01,16.42,29.81,73.1,0.0,0.92,0.57,0.57,0.6,,
Beihai,109.12,21.48,2020,2,2020-02,19.29,26.98,8.85,7.14,15.37,20.65,101.78,4.86,14.11,87.1,6.08,79.39,11.11,3.2,11.88,33.61,5.59,0.75,0.02,1.18,18.33,30.36,75.63,0.0,1.99,0.67,0.66,0.74,,
Beihai,109.12,21.48,2020,3,2020-03,23.15,29.46,15.64,5.96,19.69,24.35,101.13,4.99,11.29,98.3,6.1,81.78,14.37,2.08,11.24,36.16,5.3,0.67,0.02,1.05,19.0,33.51,79.37,0.0,2.32,0.69,0.68,0.74,23.66,
Beihai,109.12,21.48,2020,4,2020-04,23.09,30.63,15.21,5.95,18.86,24.68,101.32,4.75,11.65,69.1,5.75,78.41,13.81,4.78,12.47,35.74,5.97,0.78,0.02,1.25,22.05,33.31,86.87,0.0,2.77,0.73,0.71,0.79,23.5,
Beihai,109.12,21.48,2020,5,2020-05,28.61,32.71,23.6,4.34,24.75,29.82,100.52,4.06,9.81,197.1,4.93,80.34,19.61,1.87,20.46,37.54,9.79,1.3,0.04,2.18,25.58,36.59,69.28,0.0,2.77,0.7,0.69,0.75,33.74,
Beihai,109.12,21.48,2020,6,2020-06,30.57,34.37,27.73,3.31,26.2,31.44,100.32,5.73,11.34,189.1,7.0,78.02,21.38,4.78,19.88,38.24,9.66,1.32,0.04,2.3,26.46,37.31,82.5,0.0,2.94,0.7,0.68,0.76,38.83,
Beihai,109.12,21.48,2020,7,2020-07,30.44,33.86,27.95,3.0,26.39,31.06,100.35,4.7,10.11,185.9,5.77,79.29,21.6,7.15,21.03,38.16,10.18,1.38,0.04,2.51,26.62,37.32,79.31,0.0,3.82,0.85,0.81,0.89,38.82,
Beihai,109.12,21.48,2020,8,2020-08,29.29,32.6,26.82,2.7,26.0,29.84,100.29,4.27,14.43,157.2,5.24,82.74,21.12,12.2,16.79,37.85,8.25,1.14,0.03,2.06,25.39,36.91,82.53,0.0,3.46,0.96,0.92,0.95,36.22,
Beihai,109.12,21.48,2020,9,2020-09,29.06,33.01,23.75,3.59,25.76,29.84,100.61,3.49,12.74,127.8,4.25,82.69,20.75,12.33,16.77,37.89,8.19,1.12,0.03,1.94,23.01,36.97,80.15,0.0,4.07,0.98,0.95,0.96,35.52,
Beihai,109.12,21.48,2020,10,2020-10,24.06,30.49,17.22,5.97,20.86,25.12,101.1,7.24,13.34,42.8,8.69,82.79,15.58,12.38,15.02,35.49,7.21,1.0,0.03,1.6,20.02,34.02,76.12,0.0,4.25,0.97,0.94,0.95,24.68,
Beihai,109.12,21.48,2020,11,2020-11,22.0,28.12,12.37,7.02,18.14,23.09,101.56,5.44,10.97,42.9,6.65,79.81,13.13,0.38,14.26,33.92,6.71,0.9,0.02,1.32,17.41,32.12,54.45,0.0,3.03,0.84,0.81,0.87,22.34,
Beihai,109.12,21.48,2020,12,2020-12,16.05,25.1,6.56,7.85,11.13,18.15,101.86,6.4,13.47,29.6,7.61,73.99,8.5,0.21,10.55,31.63,4.91,0.65,0.02,0.95,15.28,28.51,72.53,0.0,1.8,0.72,0.7,0.77,,
Beihai,109.12,21.48,2021,1,2021-01,15.5,23.92,5.85,7.94,9.13,17.03,101.85,4.79,12.33,43.6,5.92,67.95,7.54,0.25,11.62,30.5,5.27,0.68,0.02,0.99,16.16,27.48,57.42,0.0,1.43,0.64,0.63,0.69,,
Beihai,109.12,21.48,2021,2,2021-02,20.01,25.99,12.63,7.33,15.74,21.52,101.47,3.96,13.9,95.8,4.9,77.76,11.14,3.61,14.87,31.79,6.82,0.88,0.02,1.27,18.98,29.93,44.22,0.0,1.92,0.65,0.64,0.71,20.1,
Beihai,109.12,21.48,2021,3,2021-03,22.92,29.61,14.18,5.84,19.07,24.53,101.21,4.88,12.23,120.9,6.02,79.85,13.92,1.24,12.12,35.74,5.67,0.71,0.02,1.17,19.26,32.96,76.84,0.0,1.99,0.63,0.63,0.69,23.35,
Beihai,109.12,21.48,2021,4,2021-04,26.28,31.44,19.62,5.77,21.88,28.16,100.99,4.72,9.55,125.0,5.59,77.57,16.41,3.14,13.95,37.1,6.67,0.86,0.02,1.37,22.23,34.96,82.76,0.0,2.14,0.6,0.59,0.66,26.99,
Beihai,109.12,21.48,2021,5,2021-05,29.14,34.43,24.8,3.41,25.6,29.96,100.57,4.49,8.29,177.1,5.45,81.73,20.6,5.82,20.08,37.6,9.72,1.32,0.04,2.24,26.23,36.61,71.43,0.0,3.1,0.76,0.74,0.82,35.53,
Beihai,109.12,21.48,2021,6,2021-06,29.8,33.67,23.99,3.46,25.94,30.49,100.23,5.62,11.79,183.4,6.88,80.34,21.16,6.42,18.95,38.14,9.24,1.26,0.04,2.16,26.18,37.2,86.22,0.0,3.66,0.79,0.77,0.85,37.15,
Beihai,109.12,21.48,2021,7,2021-07,30.22,34.16,27.55,3.57,26.1,31.09,100.18,4.35,10.89,182.5,5.33,79.17,21.29,7.07,19.65,38.17,9.54,1.3,0.04,2.26,26.13,37.37,78.23,0.0,3.72,0.81,0.79,0.86,38.1,
Beihai,109.12,21.48,2021,8,2021-08,29.54,32.82,26.69,2.97,26.5,30.13,100.37,4.2,7.65,170.4,5.22,83.95,21.75,11.13,17.51,37.95,8.61,1.19,0.04,2.11,25.39,37.1,82.21,0.0,4.0,0.97,0.94,0.96,37.31,
Beihai,109.12,21.48,2021,9,2021-09,29.1,32.91,25.83,3.63,25.29,29.86,100.72,3.09,6.89,112.9,3.79,80.4,20.16,6.19,18.7,37.41,9.08,1.23,0.03,2.07,23.72,36.53,66.92,0.0,3.33,0.95,0.91,0.94,35.11,
Beihai,109.12,21.48,2021,10,2021-10,24.66,32.7,16.54,6.22,21.25,25.87,101.05,6.97,20.51,45.0,8.36,81.9,16.0,5.61,14.13,35.67,6.89,0.96,0.03,1.52,20.27,34.31,69.22,0.0,4.17,0.94,0.9,0.93,25.32,
Beihai,109.12,21.48,2021,11,2021-11,21.03,29.0,12.28,7.25,16.05,22.34,101.51,5.52,13.31,39.8,6.78,74.52,11.75,0.43,14.49,33.03,6.87,0.93,0.02,1.36,17.88,31.22,54.03,0.0,3.08,0.81,0.79,0.85,21.13,
Beihai,109.12,21.48,2021,12,2021-12,17.64,25.44,7.77,8.39,11.86,19.14,101.9,5.09,11.75,34.1,6.13,70.75,8.8,0.5,12.61,30.77,5.78,0.76,0.02,1.05,15.91,28.58,53.53,0.0,1.73,0.69,0.68,0.74,,
Beihai,109.12,21.48,2022,1,2022-01,18.04,24.9,8.94,7.18,14.3,19.57,101.62,4.63,11.38,56.5,5.64,79.85,10.25,1.28,8.57,33.11,4.16,0.59,0.01,0.88,16.28,29.58,80.5,0.0,1.41,0.64,0.63,0.7,,
Beihai,109.12,21.48,2022,2,2022-02,15.32,24.43,6.63,7.31,12.0,17.55,101.72,6.07,12.22,38.7,7.13,81.46,8.94,6.41,8.42,32.35,4.13,0.6,0.02,0.98,19.25,28.76,87.3,0.0,1.91,0.74,0.71,0.8,,
Beihai,109.12,21.48,2022,3,2022-03,22.32,29.56,13.73,6.42,19.1,23.32,101.08,4.39,10.93,118.9,5.65,82.8,13.92,2.07,13.74,34.86,6.57,0.89,0.03,1.47,21.39,32.57,72.81,0.0,3.03,0.76,0.74,0.81,22.77,
Beihai,109.12,21.48,2022,4,2022-04,23.98,30.58,14.22,6.47,19.76,25.47,101.08,4.64,11.97,93.7,5.69,78.53,14.65,3.34,17.23,34.58,8.06,1.05,0.03,1.68,23.62,33.23,55.83,0.0,3.27,0.73,0.71,0.79,24.48,
Beihai,109.12,21.48,2022,5,2022-05,25.99,30.36,17.58,4.95,22.75,27.18,100.66,4.71,12.29,110.5,5.7,82.98,17.54,9.72,15.42,36.57,7.59,1.05,0.03,1.73,25.32,35.18,87.17,0.0,3.87,0.83,0.8,0.88,26.81,
Beihai,109.12,21.48,2022,6,2022-06,28.74,32.21,25.79,2.44,26.33,28.97,100.26,5.26,9.51,188.5,6.53,86.9,21.54,10.73,15.28,37.84,7.56,1.04,0.03,1.72,25.52,36.96,89.32,0.0,3.26,0.97,0.94,0.96,35.48,
Beihai,109.12,21.48,2022,7,2022-07,29.52,32.8,26.86,3.15,26.33,30.1,100.27,4.77,16.59,170.5,5.83,83.24,21.54,9.16,19.74,37.79,9.61,1.32,0.04,2.33,26.64,37.08,64.67,0.0,4.12,0.96,0.92,0.95,37.06,
Beihai,109.12,21.48,2022,8,2022-08,29.32,32.83,26.4,3.23,25.88,30.09,100.33,4.3,18.23,148.0,5.22,82.08,20.95,13.29,17.0,38.0,8.41,1.18,0.04,2.13,25.77,37.04,78.71,0.0,4.11,0.97,0.93,0.96,36.15,
Beihai,109.12,21.48,2022,9,2022-09,29.04,33.16,24.63,4.95,24.52,29.92,100.66,4.15,9.81,59.1,5.03,77.4,19.27,6.96,18.46,37.34,8.81,1.18,0.03,1.98,22.88,36.44,59.94,0.01,4.6,0.92,0.88,0.92,34.29,
Beihai,109.12,21.48,2022,10,2022-10,24.42,31.05,16.55,6.7,19.72,25.41,101.26,5.74,11.72,43.5,7.05,76.17,14.57,2.12,18.12,34.05,8.57,1.17,0.03,1.87,20.92,33.15,46.85,0.0,4.11,0.89,0.86,0.9,24.91,
Beihai,109.12,21.48,2022,11,2022-11,23.76,28.74,14.77,5.79,20.72,24.85,101.22,4.65,12.0,67.9,5.71,83.86,15.32,2.52,11.98,35.04,5.82,0.81,0.02,1.27,17.46,33.42,66.81,0.0,2.53,0.77,0.75,0.83,24.38,
Beihai,109.12,21.48,2022,12,2022-12,15.22,22.11,7.85,8.2,9.41,17.44,101.89,6.34,14.13,30.9,7.58,70.34,7.44,0.21,12.1,29.65,5.57,0.75,0.02,1.1,16.16,27.33,55.95,0.0,1.92,0.73,0.71,0.78,,
Beihai,109.12,21.48,2023,1,2023-01,15.75,24.43,6.98,7.31,11.35,16.98,101.83,5.66,14.38,33.7,6.93,76.57,8.66,3.09,9.69,31.16,4.58,0.63,0.02,0.99,16.78,28.13,74.01,0.0,1.88,0.74,0.72,0.8,,
Beihai,109.12,21.48,2023,2,2023-02,19.41,27.98,10.98,7.11,15.57,20.33,101.58,5.03,11.74,86.9,6.47,79.69,11.18,1.06,11.91,32.93,5.63,0.76,0.02,1.23,18.8,30.42,69.06,0.0,2.14,0.72,0.7,0.77,,
Beihai,109.12,21.48,2023,3,2023-03,22.16,30.12,15.49,6.35,18.19,23.66,101.34,4.31,10.85,103.0,5.29,79.44,13.13,2.19,14.06,34.08,6.53,0.83,0.02,1.36,19.67,32.17,64.17,0.0,1.85,0.64,0.63,0.7,22.51,
Beihai,109.12,21.48,2023,4,2023-04,25.31,30.99,17.63,6.08,21.49,26.54,100.8,4.85,10.47,119.6,6.02,80.33,16.17,2.07,13.57,36.58,6.37,0.77,0.02,1.2,20.56,34.69,74.49,0.01,2.34,0.66,0.65,0.71,25.99,
Beihai,109.12,21.48,2023,5,2023-05,28.37,34.57,21.73,5.54,24.3,29.9,100.59,4.97,10.21,141.6,5.95,79.52,19.09,3.93,18.8,37.4,9.03,1.21,0.03,2.01,25.24,36.36,61.78,0.0,3.25,0.7,0.68,0.75,32.96,
Beihai,109.12,21.48,2023,6,2023-06,29.46,34.02,26.87,3.03,26.35,30.16,100.3,4.14,7.96,161.9,5.07,83.76,21.57,22.11,16.84,38.16,8.32,1.16,0.03,1.99,26.19,37.33,79.85,0.0,3.31,0.9,0.87,0.91,37.01,
Beihai,109.12,21.48,2023,7,2023-07,30.36,34.27,27.03,3.31,26.61,30.92,100.25,4.97,23.67,177.9,6.07,80.75,21.91,11.19,20.3,38.39,9.92,1.36,0.04,2.42,26.54,37.63,69.14,0.0,4.84,0.95,0.92,0.94,39.02,
Beihai,109.12,21.48,2023,8,2023-08,29.33,31.91,24.74,3.01,26.31,29.83,100.18,4.39,10.22,193.4,5.4,83.94,21.53,14.34,14.08,38.34,7.05,0.99,0.03,1.74,25.2,37.44,90.57,0.0,4.4,0.99,0.97,0.97,36.64,
Beihai,109.12,21.48,2023,9,2023-09,28.6,33.07,24.23,4.18,25.7,29.29,100.52,4.75,13.96,95.2,5.76,84.7,20.69,16.05,15.68,37.8,7.72,1.07,0.03,1.8,23.46,36.87,73.98,0.0,4.44,0.98,0.95,0.97,34.58,
Beihai,109.12,21.48,2023,10,2023-10,25.79,32.5,19.25,5.26,22.52,26.92,101.19,5.18,15.92,46.0,6.24,82.74,17.07,14.88,14.73,36.07,7.11,0.97,0.03,1.57,20.21,34.9,65.87,0.0,4.07,0.95,0.92,0.94,26.58,
Beihai,109.12,21.48,2023,11,2023-11,22.48,29.51,12.74,6.68,18.76,23.68,101.6,4.7,13.32,57.1,5.73,80.43,13.76,1.29,14.52,33.3,6.82,0.91,0.02,1.33,17.64,32.01,45.79,0.0,3.31,0.91,0.87,0.91,22.88,
Beihai,109.12,21.48,2023,12,2023-12,17.9,27.53,5.83,7.19,13.84,19.79,101.88,5.53,13.74,38.5,6.64,78.44,10.37,0.84,10.61,32.3,5.07,0.69,0.02,0.97,15.96,29.73,72.02,0.0,2.31,0.79,0.76,0.84,,
Beihai,109.12,21.48,2024,1,2024-01,17.5,24.62,4.35,6.61,14.28,19.29,101.87,5.14,12.63,64.4,6.28,82.33,10.44,1.4,9.28,32.42,4.47,0.62,0.01,0.89,16.49,29.52,73.31,0.0,1.74,0.72,0.7,0.78,,
Beihai,109.12,21.48,2024,2,2024-02,18.46,28.25,7.58,7.42,14.86,20.24,101.64,5.21,11.45,56.6,6.38,80.71,10.82,0.5,10.0,33.3,4.82,0.66,0.02,1.06,18.79,30.37,75.67,0.0,1.84,0.68,0.67,0.73,,
Beihai,109.12,21.48,2024,3,2024-03,21.69,30.78,9.65,6.18,18.02,22.98,101.29,4.86,12.09,95.4,6.07,80.59,13.18,2.21,11.14,34.94,5.36,0.7,0.02,1.11,20.46,32.38,82.28,0.0,2.01,0.66,0.65,0.72,22.02,
Beihai,109.12,21.48,2024,4,2024-04,27.37,33.48,21.83,5.38,23.82,28.53,100.56,4.38,10.37,164.4,5.48,81.78,18.52,3.28,15.87,37.02,7.41,0.9,0.02,1.36,21.27,35.82,62.49,0.01,2.52,0.65,0.64,0.71,30.79,
Beihai,109.12,21.48,2024,5,2024-05,27.6,32.04,21.88,4.52,24.55,28.42,100.66,4.61,11.23,103.2,5.56,83.93,19.35,17.03,14.15,37.58,6.99,0.95,0.03,1.52,24.39,36.25,87.12,0.0,4.18,0.88,0.85,0.91,31.64,
Beihai,109.12,21.48,2024,6,2024-06,29.27,32.64,25.06,2.78,26.71,29.66,100.35,5.06,10.53,168.9,6.23,86.22,22.03,12.97,16.57,38.27,8.25,1.14,0.03,1.98,26.06,37.43,92.33,0.0,4.09,0.98,0.96,0.97,37.03,
Beihai,109.12,21.48,2024,7,2024-07,29.67,32.75,27.39,3.08,26.74,30.23,100.21,5.77,13.69,149.8,7.07,84.51,22.08,11.39,17.83,38.28,8.84,1.22,0.04,2.17,26.41,37.45,81.72,0.0,4.24,0.95,0.91,0.94,37.89,
Beihai,109.12,21.48,2024,8,2024-08,29.83,33.23,27.26,2.91,26.45,30.27,100.4,3.86,11.11,197.6,4.76,82.27,21.67,10.4,17.63,38.16,8.65,1.18,0.03,2.1,25.3,37.37,75.42,0.0,4.08,0.98,0.95,0.96,37.78,
Beihai,109.12,21.48,2024,9,2024-09,28.76,33.11,22.74,4.26,25.26,29.47,100.36,4.39,27.18,56.7,5.3,81.79,20.25,12.18,16.75,37.71,8.22,1.13,0.03,1.95,23.39,36.77,74.08,0.0,4.45,0.98,0.96,0.96,34.45,
Beihai,109.12,21.48,2024,10,2024-10,25.27,31.05,17.61,6.9,20.78,26.46,101.1,5.91,12.47,35.8,7.16,77.15,15.46,2.37,17.21,34.84,8.17,1.1,0.03,1.71,20.69,33.85,51.52,0.0,4.03,0.85,0.82,0.88,25.87,
Beihai,109.12,21.48,2024,11,2024-11,22.28,29.43,13.69,7.33,17.43,23.46,101.48,5.17,10.59,30.3,6.34,75.33,12.65,2.02,14.98,33.19,7.01,0.92,0.02,1.34,17.69,31.85,48.39,0.0,2.94,0.8,0.78,0.85,22.53,
Beihai,109.12,21.48,2024,12,2024-12,17.33,25.88,9.39,8.32,11.07,18.95,101.82,5.65,11.13,36.6,6.84,68.39,8.42,0.03,12.23,30.72,5.6,0.73,0.02,0.99,15.67,28.47,57.13,0.0,1.8,0.69,0.68,0.74,,
Beihai,109.12,21.48,2025,1,2025-01,16.67,23.8,7.91,8.78,9.92,17.89,101.82,4.79,14.89,49.3,5.99,67.09,7.84,0.21,13.39,29.21,5.96,0.76,0.02,1.04,16.64,27.34,39.26,0.0,1.34,0.61,0.6,0.67,,
Beihai,109.12,21.48,2025,2,2025-02,18.42,25.85,10.14,7.49,13.11,20.43,101.76,4.82,11.1,58.9,5.72,72.69,9.55,0.54,9.23,33.45,4.51,0.62,0.02,1.02,18.65,29.59,87.97,0.0,0.87,0.56,0.56,0.57,,
Beihai,109.12,21.48,2025,3,2025-03,20.6,29.8,11.28,7.48,15.22,22.99,101.39,5.12,13.39,46.5,6.11,73.19,11.13,1.76,13.67,33.59,6.38,0.83,0.02,1.29,20.87,31.09,68.55,0.0,1.55,0.57,0.57,0.63,20.63,
Beihai,109.12,21.48,2025,4,2025-04,25.14,32.64,13.31,6.69,19.36,27.19,100.97,4.11,14.01,167.0,4.99,72.36,14.41,1.33,16.65,35.52,7.84,1.0,0.03,1.59,23.09,33.76,73.01,0.0,1.28,0.56,0.56,0.57,25.6,
Beihai,109.12,21.48,2025,5,2025-05,27.89,32.3,19.81,5.24,23.65,29.61,100.69,3.99,15.03,135.9,4.76,78.75,18.43,6.87,17.37,37.2,8.5,1.17,0.03,1.89,25.85,35.96,83.83,0.0,3.16,0.67,0.66,0.75,31.64,
Beihai,109.12,21.48,2025,6,2025-06,29.24,33.07,25.02,3.56,26.0,30.06,100.28,5.1,15.34,149.1,6.14,83.12,21.13,13.54,16.87,38.14,8.37,1.15,0.03,1.99,26.34,37.25,86.94,0.0,3.74,0.83,0.8,0.87,36.16,
Beihai,109.12,21.48,2025,7,2025-07,29.56,33.33,26.86,3.08,26.35,30.09,99.91,4.09,16.23,195.5,4.99,83.2,21.66,13.36,16.86,38.3,8.35,1.15,0.03,2.0,26.03,37.52,84.68,0.0,3.8,0.97,0.94,0.96,37.18,
Beihai,109.12,21.48,2025,8,2025-08,28.88,32.31,26.07,3.02,26.04,29.37,100.43,5.0,11.94,132.7,6.13,84.84,21.15,17.17,16.06,37.83,7.94,1.09,0.03,1.94,25.35,36.98,83.04,0.0,3.8,1.0,0.97,0.98,35.46,
Beihai,109.12,21.48,2025,9,2025-09,28.53,31.95,23.43,3.92,25.29,29.24,100.61,4.55,19.83,95.8,5.57,82.97,20.17,10.46,17.13,37.51,8.36,1.14,0.03,1.97,23.58,36.62,72.66,0.0,4.11,0.98,0.95,0.96,34.03,
Beihai,109.12,21.48,2025,10,2025-10,25.56,31.85,15.63,5.39,22.24,26.72,101.13,5.8,19.48,52.4,6.96,82.4,17.01,7.88,15.48,35.77,7.5,1.02,0.03,1.6,20.55,34.66,60.46,0.0,4.11,0.95,0.92,0.94,26.32,
Beihai,109.12,21.48,2025,11,2025-11,20.01,28.32,9.52,7.2,15.38,21.35,101.6,6.21,13.19,28.4,7.58,76.12,11.3,1.12,13.17,32.15,6.26,0.86,0.02,1.33,18.07,30.61,64.72,0.0,2.91,0.84,0.81,0.87,20.05,
Beihai,109.12,21.48,2025,12,2025-12,19.25,25.68,10.92,7.19,15.08,20.46,101.63,4.4,13.09,50.0,5.46,77.87,10.8,0.98,11.54,32.16,5.38,0.71,0.02,1.0,15.55,29.98,59.61,0.0,1.98,0.74,0.72,0.79,,
Fangchenggang,108.35,21.69,2005,1,2005-01,15.04,22.78,5.79,6.34,10.57,16.63,101.16,5.2,11.03,36.9,6.26,76.26,8.3,0.36,7.52,31.17,3.6,0.47,0.01,0.68,15.18,28.14,68.85,0.36,1.01,0.52,0.54,0.5,,
Fangchenggang,108.35,21.69,2005,2,2005-02,17.03,25.34,6.46,6.34,13.25,18.36,100.9,5.07,14.1,39.5,6.13,79.8,9.96,0.79,8.9,32.87,4.33,0.57,0.01,0.9,17.75,30.09,64.5,0.31,1.11,0.51,0.53,0.48,,
Fangchenggang,108.35,21.69,2005,3,2005-03,18.22,26.75,8.72,5.61,14.43,18.75,100.98,4.35,14.64,64.3,5.57,79.86,10.61,0.96,10.73,33.1,5.12,0.65,0.02,1.02,20.08,30.51,71.44,0.21,1.13,0.51,0.52,0.46,,
Fangchenggang,108.35,21.69,2005,4,2005-04,23.32,31.01,17.03,5.17,19.67,23.7,100.49,3.82,12.76,160.6,5.02,80.9,14.55,1.1,14.07,35.55,6.66,0.84,0.02,1.36,22.1,33.58,70.38,0.19,1.28,0.5,0.51,0.44,23.82,
Fangchenggang,108.35,21.69,2005,5,2005-05,27.69,31.89,23.51,3.86,24.9,27.98,99.78,4.59,10.67,182.8,5.74,85.39,19.95,4.64,19.05,36.98,9.23,1.23,0.03,2.05,25.58,35.95,69.11,1.46,2.43,0.56,0.55,0.56,32.09,
Fangchenggang,108.35,21.69,2005,6,2005-06,28.22,30.47,26.46,1.84,26.61,28.22,99.45,4.72,8.81,195.2,5.89,90.94,22.08,12.18,13.19,37.78,6.67,0.92,0.03,1.58,25.3,36.93,93.03,1.61,2.5,0.77,0.75,0.8,34.63,
Fangchenggang,108.35,21.69,2005,7,2005-07,28.56,32.6,26.48,2.42,25.78,28.76,99.74,4.19,14.31,156.2,5.11,85.1,20.97,8.31,19.84,37.34,9.62,1.3,0.04,2.27,26.03,36.61,61.8,3.89,4.48,0.82,0.83,0.83,34.54,
Fangchenggang,108.35,21.69,2005,8,2005-08,28.15,30.79,25.72,2.64,25.74,28.47,99.64,3.9,12.15,129.4,4.75,86.91,20.94,6.79,17.42,37.64,8.58,1.17,0.03,2.03,24.61,36.75,71.94,3.25,4.28,0.84,0.85,0.85,33.66,
Fangchenggang,108.35,21.69,2005,9,2005-09,27.52,32.11,23.7,3.63,24.32,27.82,100.15,5.32,17.66,51.8,6.52,83.08,19.14,4.71,17.49,37.05,8.4,1.11,0.03,1.84,22.32,35.94,63.89,4.46,5.0,0.79,0.81,0.81,31.32,
Fangchenggang,108.35,21.69,2005,10,2005-10,24.89,31.12,17.95,4.38,20.48,25.66,100.8,4.75,11.93,42.4,5.69,76.97,15.19,0.21,15.49,35.05,7.15,0.89,0.02,1.38,18.23,33.84,44.27,4.59,4.26,0.71,0.73,0.72,25.44,
Fangchenggang,108.35,21.69,2005,11,2005-11,21.72,27.84,13.86,4.71,17.89,22.97,100.9,5.04,10.84,46.7,6.05,79.67,13.26,2.39,13.95,33.18,6.51,0.83,0.02,1.29,16.92,31.76,45.36,2.84,2.86,0.66,0.68,0.67,22.03,
Fangchenggang,108.35,21.69,2005,12,2005-12,15.96,24.52,8.33,5.62,10.3,18.0,101.39,6.39,12.69,34.9,7.59,71.17,8.24,0.53,8.43,31.3,3.95,0.5,0.01,0.76,14.37,28.34,74.27,1.34,1.94,0.59,0.62,0.59,,
Fangchenggang,108.35,21.69,2006,1,2006-01,15.92,23.02,6.36,6.2,11.75,17.1,101.07,4.94,13.33,41.9,6.06,77.87,9.12,0.17,10.03,31.08,4.68,0.61,0.02,0.98,16.18,28.07,60.15,0.92,1.4,0.56,0.58,0.54,,
Fangchenggang,108.35,21.69,2006,2,2006-02,17.22,25.43,10.02,5.43,13.98,18.28,101.16,5.16,14.73,40.0,6.23,82.0,10.09,1.63,8.62,33.05,4.24,0.58,0.02,0.97,18.34,29.87,84.23,0.64,1.29,0.54,0.56,0.51,,
Fangchenggang,108.35,21.69,2006,3,2006-03,19.03,26.1,7.24,5.55,15.82,19.56,100.65,3.97,13.76,59.4,5.13,82.77,11.65,1.47,9.68,34.23,4.7,0.61,0.02,1.04,19.89,31.17,85.65,0.87,1.82,0.56,0.57,0.55,,
Fangchenggang,108.35,21.69,2006,4,2006-04,23.59,30.95,14.99,4.9,20.3,24.1,100.26,4.61,13.81,172.9,6.04,82.76,15.25,1.33,15.27,35.22,7.33,0.95,0.03,1.65,23.1,33.63,67.19,0.96,2.11,0.55,0.56,0.52,24.17,
Fangchenggang,108.35,21.69,2006,5,2006-05,26.03,32.26,19.54,4.65,22.16,26.44,100.15,4.49,13.03,138.8,5.74,81.01,17.11,2.79,17.11,36.11,8.35,1.13,0.03,1.86,25.81,34.84,71.02,0.93,2.15,0.53,0.54,0.52,26.8,
Fangchenggang,108.35,21.69,2006,6,2006-06,28.19,31.7,25.08,2.71,25.64,28.53,99.75,3.96,8.51,180.9,4.86,86.37,20.81,5.48,17.4,37.38,8.6,1.17,0.03,1.99,25.71,36.56,81.25,1.84,2.44,0.59,0.59,0.61,33.68,
Fangchenggang,108.35,21.69,2006,7,2006-07,28.99,32.62,27.19,2.18,26.13,29.32,99.43,4.86,13.19,186.9,5.91,84.85,21.49,10.94,17.42,37.79,8.57,1.17,0.03,2.02,25.49,37.02,74.84,3.49,4.01,0.75,0.74,0.78,35.8,
Fangchenggang,108.35,21.69,2006,8,2006-08,28.25,31.08,25.22,2.67,25.27,28.62,99.67,4.16,14.36,105.1,5.06,84.09,20.35,8.44,15.98,37.38,7.74,1.03,0.03,1.73,23.58,36.57,72.26,3.22,4.23,0.84,0.85,0.85,33.45,
Fangchenggang,108.35,21.69,2006,9,2006-09,26.72,31.17,20.58,4.29,22.74,27.43,100.23,5.06,11.31,35.5,6.13,79.27,17.53,1.15,18.02,35.92,8.51,1.11,0.03,1.82,22.18,34.92,55.51,4.84,4.9,0.76,0.79,0.77,29.07,
Fangchenggang,108.35,21.69,2006,10,2006-10,26.43,29.5,21.03,4.16,22.25,27.04,100.69,3.8,10.16,68.4,4.52,78.26,16.81,0.49,14.82,35.56,6.69,0.81,0.02,1.2,17.07,34.76,31.86,4.42,3.66,0.62,0.65,0.62,28.42,
Fangchenggang,108.35,21.69,2006,11,2006-11,23.16,28.44,15.4,5.19,18.48,24.17,100.76,4.97,11.0,54.5,5.99,76.52,13.56,1.26,12.79,34.02,5.94,0.75,0.02,1.06,16.51,32.32,50.73,2.11,2.28,0.55,0.58,0.54,23.53,
Fangchenggang,108.35,21.69,2006,12,2006-12,17.44,24.94,10.84,6.87,11.37,19.01,101.34,5.96,11.88,37.4,7.15,69.57,8.63,0.08,11.63,30.83,5.23,0.64,0.01,0.9,14.77,28.48,56.97,0.73,1.36,0.53,0.55,0.5,,
Fangchenggang,108.35,21.69,2007,1,2007-01,15.25,22.32,9.34,6.8,9.2,17.01,101.5,6.16,11.27,33.1,7.22,69.37,7.45,0.16,9.29,30.82,4.25,0.54,0.01,0.81,15.73,27.52,72.11,0.16,0.78,0.5,0.52,0.44,,
Fangchenggang,108.35,21.69,2007,2,2007-02,19.58,25.78,10.88,5.27,16.21,19.73,100.79,3.5,9.75,116.9,4.65,82.43,11.78,0.93,11.41,32.77,5.23,0.64,0.02,0.97,17.02,30.53,59.26,0.11,0.78,0.49,0.51,0.42,,
Fangchenggang,108.35,21.69,2007,3,2007-03,20.33,27.11,11.1,4.89,17.54,21.28,100.57,4.71,11.25,67.5,5.95,84.72,12.86,1.45,9.39,35.0,4.47,0.54,0.01,0.88,18.48,32.2,80.69,0.31,1.3,0.52,0.52,0.5,20.63,
Fangchenggang,108.35,21.69,2007,4,2007-04,22.24,29.4,13.02,5.58,18.02,23.17,100.58,4.53,14.73,58.1,5.62,78.26,13.24,1.82,13.18,34.77,6.31,0.81,0.02,1.28,22.39,32.64,78.29,0.29,1.57,0.51,0.52,0.49,22.56,
Fangchenggang,108.35,21.69,2007,5,2007-05,26.2,31.49,19.88,4.75,22.23,26.7,100.09,3.78,10.31,158.4,4.64,79.79,17.1,3.67,18.9,36.0,9.07,1.21,0.03,1.99,25.83,34.91,65.62,1.41,2.67,0.55,0.55,0.54,26.96,
Fangchenggang,108.35,21.69,2007,6,2007-06,28.63,32.04,24.67,2.72,25.67,29.07,99.69,4.32,8.06,188.7,5.22,84.37,20.89,6.55,17.41,37.27,8.55,1.16,0.03,2.0,25.88,36.55,71.43,2.48,3.07,0.61,0.61,0.64,34.6,
Fangchenggang,108.35,21.69,2007,7,2007-07,28.94,31.45,26.96,2.03,26.1,29.27,99.68,4.81,9.8,178.7,5.88,84.71,21.39,5.89,20.46,37.53,10.01,1.37,0.04,2.47,26.52,36.77,61.51,3.78,3.98,0.72,0.72,0.75,35.62,
Fangchenggang,108.35,21.69,2007,8,2007-08,28.72,32.34,26.39,2.74,25.52,29.17,99.61,3.67,8.14,123.8,4.47,83.12,20.68,5.35,16.46,37.61,7.99,1.07,0.03,1.82,23.9,36.74,73.87,3.53,3.59,0.71,0.72,0.74,34.61,
Fangchenggang,108.35,21.69,2007,9,2007-09,27.19,31.21,21.86,3.88,23.44,28.02,100.01,4.92,12.39,38.4,5.95,80.48,18.28,5.43,15.98,36.65,7.67,1.01,0.03,1.67,22.16,35.59,68.28,4.72,4.68,0.72,0.72,0.74,30.22,
Fangchenggang,108.35,21.69,2007,10,2007-10,24.58,30.34,16.85,4.87,20.25,25.32,100.63,5.71,13.78,40.8,6.89,77.45,15.05,1.26,14.55,34.92,6.66,0.82,0.02,1.27,17.89,33.74,50.28,3.96,3.82,0.64,0.66,0.65,25.12,
Fangchenggang,108.35,21.69,2007,11,2007-11,19.77,25.67,11.81,6.92,12.89,20.9,101.06,6.07,12.0,27.9,7.35,66.46,9.48,0.38,14.83,30.32,6.65,0.82,0.02,1.16,16.62,29.27,32.26,1.5,2.19,0.56,0.58,0.54,,
Fangchenggang,108.35,21.69,2007,12,2007-12,18.34,24.29,10.31,5.24,14.09,19.39,101.02,5.36,10.31,47.6,6.46,77.81,10.31,0.45,8.81,32.98,4.12,0.53,0.01,0.81,14.23,29.8,74.37,0.3,1.07,0.52,0.54,0.5,,
Fangchenggang,108.35,21.69,2008,1,2008-01,13.55,23.51,6.27,6.07,9.06,16.28,101.25,6.08,11.43,28.3,7.01,76.37,7.55,1.74,8.4,31.06,3.97,0.53,0.01,0.83,16.35,27.56,75.0,0.12,0.9,0.52,0.52,0.49,,
Fangchenggang,108.35,21.69,2008,2,2008-02,13.14,21.69,6.28,5.55,7.75,15.84,101.43,6.24,12.0,30.9,7.27,71.62,6.8,1.17,7.49,31.48,3.63,0.48,0.01,0.82,17.86,27.08,87.96,0.32,1.38,0.56,0.57,0.55,,
Fangchenggang,108.35,21.69,2008,3,2008-03,19.33,26.58,11.99,5.33,15.91,19.52,100.7,3.24,12.66,88.6,4.26,81.91,11.49,0.66,12.32,32.82,5.71,0.71,0.02,1.18,20.1,30.76,64.05,0.29,1.36,0.53,0.54,0.5,,
Fangchenggang,108.35,21.69,2008,4,2008-04,23.36,29.02,16.57,4.99,20.09,24.1,100.31,3.86,10.29,90.0,4.83,82.69,14.91,1.55,14.3,35.72,6.85,0.88,0.03,1.53,22.72,33.9,72.2,0.61,1.8,0.52,0.53,0.5,23.91,
Fangchenggang,108.35,21.69,2008,5,2008-05,26.24,30.1,21.1,4.62,22.47,27.13,99.91,4.19,11.43,147.5,5.0,80.75,17.32,3.06,17.96,36.36,8.61,1.14,0.03,1.94,24.97,35.31,62.61,0.95,2.11,0.52,0.53,0.5,27.03,
Fangchenggang,108.35,21.69,2008,6,2008-06,27.39,31.7,24.0,2.41,25.39,27.62,99.69,4.67,9.19,193.3,5.73,89.03,20.52,10.62,12.39,37.53,6.29,0.88,0.02,1.46,25.37,36.4,87.43,2.67,3.3,0.69,0.67,0.73,31.74,
Fangchenggang,108.35,21.69,2008,7,2008-07,28.14,32.14,26.27,1.94,25.79,28.29,99.65,4.61,10.01,187.4,5.68,87.23,20.99,7.33,15.14,37.31,7.53,1.04,0.03,1.81,25.67,36.47,82.13,2.64,3.25,0.8,0.8,0.81,33.69,
Fangchenggang,108.35,21.69,2008,8,2008-08,28.45,32.63,26.2,2.44,25.59,28.91,99.72,4.33,14.07,173.8,5.29,84.6,20.73,10.6,16.8,37.26,8.25,1.13,0.03,1.98,25.16,36.41,75.0,3.24,4.14,0.84,0.86,0.85,34.12,
Fangchenggang,108.35,21.69,2008,9,2008-09,27.98,32.6,22.52,2.99,24.41,28.47,100.0,3.99,16.84,68.7,4.78,81.27,19.28,11.58,16.31,36.9,7.82,1.03,0.03,1.7,22.24,36.03,62.82,3.47,4.3,0.85,0.86,0.85,32.24,
Fangchenggang,108.35,21.69,2008,10,2008-10,25.46,29.18,21.38,3.92,22.34,25.95,100.62,4.77,10.23,48.4,5.79,83.22,16.92,2.3,14.36,35.94,6.86,0.9,0.02,1.44,19.15,34.68,61.62,3.49,4.35,0.83,0.85,0.83,26.23,
Fangchenggang,108.35,21.69,2008,11,2008-11,20.1,27.14,11.71,5.12,15.76,21.3,101.09,5.71,11.69,33.5,6.88,77.16,11.61,2.21,13.74,31.89,6.35,0.82,0.02,1.22,17.25,30.31,51.88,2.42,3.45,0.8,0.82,0.81,20.18,
Fangchenggang,108.35,21.69,2008,12,2008-12,16.26,22.17,7.2,5.6,11.73,17.47,101.25,5.13,12.68,29.8,6.1,75.69,8.73,0.76,11.0,30.3,4.98,0.62,0.01,0.91,15.13,28.05,52.45,1.6,2.24,0.7,0.72,0.72,,
Fangchenggang,108.35,21.69,2009,1,2009-01,13.84,20.36,6.26,5.85,8.99,15.4,101.45,5.36,11.96,35.4,6.41,74.11,7.39,0.06,11.65,29.16,5.23,0.65,0.02,0.96,16.0,26.59,53.08,1.15,1.92,0.65,0.68,0.66,,
Fangchenggang,108.35,21.69,2009,2,2009-02,19.79,25.78,13.6,4.53,17.95,19.86,100.59,3.27,11.68,139.8,4.39,89.49,12.96,0.22,13.78,33.01,6.44,0.83,0.02,1.38,19.03,30.78,54.41,1.56,2.0,0.6,0.62,0.59,,
Fangchenggang,108.35,21.69,2009,3,2009-03,19.43,26.42,11.51,4.68,16.5,20.53,100.62,4.95,15.41,48.7,6.1,84.09,12.13,1.24,9.59,34.4,4.62,0.58,0.02,0.97,19.34,31.57,86.62,0.98,1.75,0.57,0.59,0.57,,
Fangchenggang,108.35,21.69,2009,4,2009-04,23.37,30.91,16.47,4.34,20.41,23.79,100.31,4.5,10.99,104.1,5.69,84.31,15.19,2.46,12.84,35.79,6.25,0.82,0.02,1.32,22.85,33.61,80.35,2.07,2.77,0.57,0.58,0.57,23.96,
Fangchenggang,108.35,21.69,2009,5,2009-05,25.89,30.39,21.19,3.55,22.84,26.66,100.15,4.65,10.53,116.3,5.55,83.71,17.57,3.71,15.94,36.43,7.81,1.07,0.03,1.77,25.61,34.95,71.37,2.77,3.21,0.57,0.58,0.57,26.72,
Fangchenggang,108.35,21.69,2009,6,2009-06,28.31,31.35,24.57,2.62,25.7,28.55,99.54,4.21,9.55,185.9,5.13,86.05,20.95,4.52,18.3,37.4,8.92,1.2,0.03,2.02,25.74,36.56,77.85,2.59,2.77,0.61,0.61,0.62,33.98,
Fangchenggang,108.35,21.69,2009,7,2009-07,28.75,32.11,26.76,2.45,25.86,29.09,99.57,4.73,9.26,174.3,5.74,84.55,21.1,7.25,17.89,37.66,8.81,1.2,0.04,2.11,26.07,36.8,70.96,4.68,4.69,0.7,0.7,0.73,35.0,
Fangchenggang,108.35,21.69,2009,8,2009-08,28.98,32.62,25.35,3.12,25.41,29.34,99.74,3.45,15.82,181.4,4.26,81.44,20.52,3.23,18.5,37.49,8.98,1.21,0.04,2.12,24.68,36.76,64.52,4.13,3.85,0.68,0.69,0.7,35.0,
Fangchenggang,108.35,21.69,2009,9,2009-09,28.66,32.77,23.75,3.62,24.62,29.34,99.99,4.56,12.98,54.7,5.49,79.18,19.55,5.0,17.33,37.25,8.32,1.1,0.03,1.83,22.4,36.4,59.54,3.99,4.18,0.67,0.67,0.69,33.65,
Fangchenggang,108.35,21.69,2009,10,2009-10,25.75,31.4,21.45,4.54,21.19,26.32,100.48,4.86,15.72,49.2,5.81,76.95,15.82,3.11,14.4,35.46,6.69,0.84,0.02,1.32,18.23,34.34,50.36,3.39,3.67,0.65,0.66,0.65,26.39,
Fangchenggang,108.35,21.69,2009,11,2009-11,19.61,27.98,9.21,5.98,14.14,21.76,101.05,6.02,13.71,36.5,7.13,72.57,10.74,0.56,12.98,32.4,6.02,0.77,0.02,1.17,17.02,30.24,54.84,1.03,2.21,0.58,0.6,0.57,,
Fangchenggang,108.35,21.69,2009,12,2009-12,17.32,23.58,9.96,5.03,13.57,18.82,101.1,4.92,13.92,55.8,5.88,79.86,10.07,0.28,8.33,32.48,3.91,0.5,0.01,0.69,14.35,29.43,74.93,0.23,1.03,0.54,0.56,0.52,,
Fangchenggang,108.35,21.69,2010,1,2010-01,16.15,23.22,9.28,5.02,13.27,17.57,101.18,5.05,11.49,42.4,6.07,83.91,9.79,3.32,6.33,33.11,3.15,0.44,0.01,0.69,15.91,29.64,88.75,0.37,1.23,0.57,0.57,0.57,,
Fangchenggang,108.35,21.69,2010,2,2010-02,18.3,27.6,7.94,5.57,15.24,19.73,100.7,4.85,12.98,71.8,6.14,83.57,11.43,0.16,10.35,32.88,4.95,0.65,0.02,1.03,18.55,30.13,69.6,0.61,1.57,0.58,0.59,0.56,,
Fangchenggang,108.35,21.69,2010,3,2010-03,19.7,26.9,9.64,5.48,16.02,20.75,100.75,4.92,15.67,77.6,6.24,80.77,11.93,0.15,12.01,33.16,5.49,0.65,0.02,1.02,18.55,30.85,64.46,0.19,1.24,0.53,0.54,0.5,,
Fangchenggang,108.35,21.69,2010,4,2010-04,22.12,27.62,13.32,4.72,19.39,22.76,100.48,4.66,13.02,76.0,5.92,85.21,14.32,2.87,11.39,35.6,5.6,0.73,0.02,1.19,22.14,33.43,80.87,0.78,1.96,0.54,0.54,0.53,22.61,
Fangchenggang,108.35,21.69,2010,5,2010-05,26.85,32.07,21.42,3.96,24.11,27.43,99.88,4.24,12.27,164.6,5.23,85.54,19.05,1.69,16.23,37.15,7.94,1.07,0.03,1.73,24.82,35.97,72.4,1.16,2.22,0.54,0.54,0.52,29.9,
Fangchenggang,108.35,21.69,2010,6,2010-06,28.29,31.46,23.07,2.81,25.61,28.68,99.8,4.97,10.8,186.8,6.05,85.7,20.86,5.2,15.1,37.51,7.5,1.02,0.03,1.72,25.12,36.6,88.05,1.83,2.5,0.58,0.57,0.59,33.86,
Fangchenggang,108.35,21.69,2010,7,2010-07,29.2,32.84,27.05,2.58,26.18,29.39,99.79,5.35,14.18,173.2,6.58,84.02,21.47,5.96,20.32,37.66,9.9,1.35,0.04,2.34,26.27,36.98,74.43,2.93,3.38,0.62,0.62,0.64,36.26,
Fangchenggang,108.35,21.69,2010,8,2010-08,28.33,31.67,24.38,2.2,25.38,28.87,99.96,4.12,10.1,126.6,5.0,84.13,20.43,7.81,17.9,37.47,8.8,1.21,0.04,2.09,25.03,36.65,73.85,3.06,3.66,0.74,0.73,0.77,33.68,
Fangchenggang,108.35,21.69,2010,9,2010-09,27.89,31.82,23.91,3.08,24.61,28.46,100.09,3.56,7.36,153.6,4.29,82.68,19.5,7.15,16.43,36.98,7.93,1.05,0.03,1.73,22.48,36.13,66.68,4.07,4.12,0.77,0.78,0.79,32.23,
Fangchenggang,108.35,21.69,2010,10,2010-10,23.67,29.98,14.71,4.53,19.74,24.97,100.56,6.83,11.93,31.6,8.18,79.28,14.82,1.03,14.91,34.45,7.03,0.91,0.02,1.41,19.34,33.32,58.38,4.01,4.24,0.74,0.76,0.75,24.16,
Fangchenggang,108.35,21.69,2010,11,2010-11,20.13,25.14,15.16,6.1,15.39,20.8,100.96,5.1,10.25,35.5,6.23,75.2,10.95,0.09,13.25,32.17,5.98,0.73,0.02,1.05,15.7,30.32,51.2,2.64,2.61,0.62,0.65,0.62,20.16,
Fangchenggang,108.35,21.69,2010,12,2010-12,17.44,24.64,5.33,5.66,12.63,18.63,100.86,5.07,15.52,41.7,6.12,74.94,9.55,0.71,10.25,31.58,4.74,0.6,0.01,0.86,14.9,29.18,59.69,1.16,1.68,0.57,0.59,0.56,,
Fangchenggang,108.35,21.69,2011,1,2011-01,11.56,18.26,5.66,5.87,6.22,14.89,101.46,7.28,13.05,27.0,8.36,71.34,5.97,0.14,6.42,31.01,3.12,0.42,0.01,0.63,15.71,26.32,90.88,0.29,1.09,0.55,0.56,0.53,,
Fangchenggang,108.35,21.69,2011,2,2011-02,16.05,23.07,8.64,5.39,12.85,17.03,100.85,4.02,10.69,54.3,4.91,82.23,9.48,0.7,8.49,32.93,4.13,0.55,0.01,0.9,18.28,29.05,85.06,0.3,1.13,0.53,0.54,0.51,,
Fangchenggang,108.35,21.69,2011,3,2011-03,16.66,24.57,8.63,5.42,12.71,18.31,101.1,5.65,15.54,36.2,6.67,78.53,9.32,2.56,7.71,33.26,3.87,0.53,0.01,0.86,20.72,29.48,94.68,0.59,1.61,0.55,0.55,0.55,,
Fangchenggang,108.35,21.69,2011,4,2011-04,22.19,28.32,15.64,4.75,18.82,22.44,100.54,3.45,8.72,130.8,4.53,82.07,13.68,0.94,14.57,34.59,6.9,0.88,0.02,1.44,22.6,32.6,69.55,0.53,1.65,0.52,0.54,0.49,22.61,
Fangchenggang,108.35,21.69,2011,5,2011-05,25.46,30.28,19.3,5.01,21.6,26.1,100.07,4.47,11.16,117.5,5.52,80.27,16.41,3.54,17.91,35.68,8.54,1.13,0.03,1.88,25.36,34.46,65.69,2.22,3.03,0.56,0.57,0.56,26.16,
Fangchenggang,108.35,21.69,2011,6,2011-06,28.45,33.28,25.12,2.83,25.71,28.8,99.55,4.74,15.38,178.4,5.77,85.49,20.94,8.62,17.11,37.31,8.39,1.14,0.03,1.93,25.72,36.57,78.52,1.96,2.85,0.59,0.59,0.61,34.29,
Fangchenggang,108.35,21.69,2011,7,2011-07,28.77,32.15,26.44,2.71,25.64,29.16,99.58,4.33,13.77,180.8,5.25,83.4,20.83,6.41,19.04,37.57,9.17,1.21,0.04,2.12,24.81,36.78,61.24,4.73,4.67,0.73,0.73,0.76,34.81,
Fangchenggang,108.35,21.69,2011,8,2011-08,28.5,33.37,25.08,2.95,24.83,29.13,99.83,3.14,7.93,155.8,3.77,80.9,19.8,4.3,19.15,37.35,9.24,1.23,0.04,2.15,24.79,36.55,61.01,4.77,4.49,0.73,0.74,0.75,33.55,
Fangchenggang,108.35,21.69,2011,9,2011-09,27.51,32.69,20.76,3.75,23.61,28.31,99.94,5.37,23.01,61.0,6.49,79.71,18.52,5.72,16.82,36.9,8.02,1.05,0.03,1.71,21.94,35.96,62.49,4.59,4.66,0.68,0.69,0.7,30.87,
Fangchenggang,108.35,21.69,2011,10,2011-10,23.66,29.11,18.46,4.34,20.5,24.51,100.63,5.38,13.87,37.8,6.47,82.95,15.18,4.29,14.44,34.88,6.87,0.9,0.02,1.39,19.39,33.6,57.91,4.03,4.16,0.73,0.74,0.75,24.25,
Fangchenggang,108.35,21.69,2011,11,2011-11,22.38,27.45,16.33,5.18,18.67,23.0,100.81,4.43,12.24,43.1,5.41,80.12,13.54,0.87,13.15,33.58,6.11,0.77,0.02,1.11,16.68,32.07,50.11,3.01,2.94,0.63,0.65,0.64,22.77,
Fangchenggang,108.35,21.69,2011,12,2011-12,15.14,22.06,8.75,6.11,8.82,16.86,101.42,6.76,12.75,29.4,8.06,67.42,7.22,0.47,10.36,30.37,4.66,0.57,0.01,0.79,14.27,27.56,65.14,0.95,1.76,0.58,0.6,0.57,,
Fangchenggang,108.35,21.69,2012,1,2012-01,13.29,20.78,5.5,5.19,9.94,15.11,101.19,5.73,12.5,32.1,6.71,80.98,7.77,1.46,5.12,32.54,2.62,0.37,0.01,0.62,15.79,28.31,95.47,0.42,1.24,0.58,0.58,0.57,,
Fangchenggang,108.35,21.69,2012,2,2012-02,15.17,23.84,7.93,5.7,11.91,16.43,100.86,5.22,12.08,38.6,6.24,81.79,8.93,0.69,6.69,33.54,3.37,0.46,0.01,0.75,18.14,29.16,95.35,0.41,1.32,0.57,0.57,0.55,,
Fangchenggang,108.35,21.69,2012,3,2012-03,19.23,24.92,10.73,4.83,16.17,19.76,100.67,4.52,14.9,67.4,5.79,83.58,11.78,1.0,9.53,34.52,4.59,0.57,0.02,0.95,19.32,31.59,87.32,0.44,1.51,0.55,0.56,0.53,,
Fangchenggang,108.35,21.69,2012,4,2012-04,24.12,33.57,17.49,5.04,21.2,24.4,100.15,4.15,12.45,170.3,5.41,84.55,16.01,1.23,15.73,35.64,7.55,0.98,0.03,1.56,23.17,34.03,70.78,0.64,1.7,0.53,0.54,0.5,24.8,
Fangchenggang,108.35,21.69,2012,5,2012-05,28.07,32.42,23.11,3.63,24.93,28.7,99.81,3.94,8.22,158.6,4.74,83.55,19.95,5.87,18.83,37.16,9.08,1.21,0.03,1.95,25.27,36.35,67.86,1.45,2.54,0.56,0.55,0.57,32.85,
Fangchenggang,108.35,21.69,2012,6,2012-06,28.4,32.24,23.18,2.76,25.94,28.66,99.36,4.75,9.1,196.0,5.81,86.79,21.27,6.09,14.94,38.04,7.41,1.01,0.03,1.67,24.94,37.11,87.21,3.19,3.55,0.68,0.67,0.71,34.4,
Fangchenggang,108.35,21.69,2012,7,2012-07,28.63,31.56,26.67,2.16,25.84,28.96,99.55,4.6,12.18,180.1,5.64,84.93,21.08,8.03,17.88,37.48,8.78,1.2,0.03,2.06,26.29,36.7,73.91,3.76,4.04,0.72,0.72,0.75,34.72,
Fangchenggang,108.35,21.69,2012,8,2012-08,28.66,32.37,24.93,2.97,25.55,28.96,99.58,3.45,16.9,169.9,4.18,83.46,20.71,9.63,17.31,37.48,8.37,1.11,0.03,1.89,24.06,36.74,69.95,3.62,4.26,0.84,0.85,0.84,34.5,
Fangchenggang,108.35,21.69,2012,9,2012-09,26.86,30.04,20.56,3.64,23.1,27.57,100.28,4.41,10.64,59.2,5.3,80.26,17.9,2.69,17.82,36.42,8.49,1.12,0.03,1.83,22.4,35.5,60.97,4.52,4.86,0.78,0.81,0.8,29.45,
Fangchenggang,108.35,21.69,2012,10,2012-10,25.53,28.59,18.45,3.58,21.18,26.26,100.61,4.82,13.04,81.5,5.76,77.31,15.79,5.12,14.0,35.47,6.47,0.82,0.02,1.27,18.39,34.17,47.46,4.32,3.94,0.66,0.69,0.68,26.16,
Fangchenggang,108.35,21.69,2012,11,2012-11,21.52,26.68,13.79,4.55,18.75,22.52,100.72,4.81,14.97,62.6,5.92,84.81,13.81,1.64,9.22,34.95,4.52,0.61,0.02,0.97,16.6,32.7,79.38,2.66,3.02,0.7,0.72,0.72,21.94,
Fangchenggang,108.35,21.69,2012,12,2012-12,16.78,24.22,6.61,5.22,13.35,18.48,101.05,5.85,15.18,39.1,7.07,81.27,10.05,0.64,8.32,33.18,4.02,0.54,0.01,0.86,15.16,29.73,84.02,1.35,2.06,0.66,0.68,0.68,,
Fangchenggang,108.35,21.69,2013,1,2013-01,14.37,21.19,6.65,4.95,11.16,15.99,101.29,5.3,11.85,36.7,6.36,81.92,8.48,0.51,6.72,32.28,3.27,0.44,0.01,0.74,15.58,28.19,86.95,0.68,1.4,0.61,0.63,0.62,,
Fangchenggang,108.35,21.69,2013,2,2013-02,17.9,23.42,8.77,4.9,15.48,18.74,100.95,4.46,11.33,62.1,5.56,86.32,11.21,0.56,8.0,33.93,4.06,0.57,0.02,1.02,19.12,30.45,89.58,0.77,1.57,0.59,0.6,0.58,,
Fangchenggang,108.35,21.69,2013,3,2013-03,21.42,27.76,10.9,5.13,18.41,22.02,100.61,3.92,12.16,102.7,4.96,83.87,13.59,0.96,12.68,34.69,5.89,0.72,0.02,1.17,19.26,32.33,68.98,0.79,1.76,0.54,0.56,0.52,21.81,
Fangchenggang,108.35,21.69,2013,4,2013-04,23.28,31.07,16.74,4.46,20.42,24.04,100.29,4.51,16.93,105.7,5.67,84.68,15.37,3.19,12.79,36.05,6.21,0.8,0.02,1.35,21.86,33.91,82.11,1.16,2.13,0.56,0.57,0.55,23.87,
Fangchenggang,108.35,21.69,2013,5,2013-05,27.04,33.06,20.53,3.45,24.55,27.43,99.92,4.23,8.76,169.7,5.2,86.62,19.59,4.13,15.67,37.0,7.68,1.04,0.03,1.72,25.19,35.8,74.66,2.23,2.79,0.61,0.61,0.62,30.49,
Fangchenggang,108.35,21.69,2013,6,2013-06,28.3,32.06,22.44,3.29,24.94,28.64,99.63,5.27,12.8,175.6,6.4,82.48,20.09,4.38,19.35,36.97,9.4,1.28,0.04,2.16,26.43,36.18,67.67,3.75,4.01,0.64,0.64,0.66,33.3,
Fangchenggang,108.35,21.69,2013,7,2013-07,28.35,31.41,26.67,2.03,25.59,28.71,99.72,4.65,9.02,169.1,5.67,85.09,20.71,11.72,16.76,37.33,8.3,1.15,0.03,1.96,26.28,36.41,76.02,3.23,3.93,0.71,0.7,0.75,33.92,
Fangchenggang,108.35,21.69,2013,8,2013-08,28.66,32.07,26.69,2.55,25.55,28.96,99.6,4.04,19.58,178.3,4.94,83.45,20.71,7.34,17.35,37.4,8.51,1.16,0.03,1.97,25.05,36.64,72.6,3.21,3.96,0.83,0.84,0.84,34.5,
Fangchenggang,108.35,21.69,2013,9,2013-09,27.29,31.56,19.8,3.36,24.15,27.91,100.09,4.54,11.13,50.6,5.47,83.21,19.01,7.31,15.44,36.81,7.48,1.0,0.03,1.65,22.43,35.81,74.86,3.52,4.73,0.86,0.88,0.86,30.76,
Fangchenggang,108.35,21.69,2013,10,2013-10,23.96,29.65,17.49,4.91,19.83,24.69,100.71,5.33,10.32,31.3,6.44,78.37,14.58,1.09,15.6,34.35,7.2,0.9,0.02,1.34,18.67,33.24,48.88,4.2,4.29,0.75,0.77,0.76,24.46,
Fangchenggang,108.35,21.69,2013,11,2013-11,20.64,27.04,13.08,4.95,16.69,21.57,100.95,6.11,18.61,38.7,7.41,78.87,12.12,4.89,10.71,33.7,5.11,0.67,0.02,1.02,16.86,31.44,73.33,2.98,3.36,0.71,0.72,0.73,20.82,
Fangchenggang,108.35,21.69,2013,12,2013-12,14.1,22.16,7.45,6.03,9.0,15.77,101.29,6.01,12.97,26.2,7.19,72.79,7.3,2.52,11.79,27.77,5.05,0.59,0.01,0.79,14.05,26.47,33.11,1.52,2.29,0.7,0.72,0.73,,
Fangchenggang,108.35,21.69,2014,1,2014-01,14.91,20.72,7.28,5.76,11.23,15.35,101.32,4.53,11.35,43.0,5.65,79.95,8.5,0.04,12.59,29.08,5.54,0.67,0.02,0.98,15.55,27.03,41.09,1.23,1.86,0.66,0.68,0.68,,
Fangchenggang,108.35,21.69,2014,2,2014-02,15.34,21.81,5.58,5.37,12.43,17.03,100.93,4.95,12.92,51.2,5.91,83.72,9.43,0.59,8.58,32.39,4.18,0.56,0.01,0.9,18.39,28.6,84.01,0.83,1.68,0.61,0.63,0.61,,
Fangchenggang,108.35,21.69,2014,3,2014-03,19.19,26.7,13.06,4.6,16.95,19.88,100.76,4.05,12.3,62.6,5.03,87.3,12.22,1.51,8.39,34.64,4.1,0.52,0.01,0.85,19.08,31.52,88.26,1.07,1.9,0.6,0.61,0.6,,
Fangchenggang,108.35,21.69,2014,4,2014-04,23.82,28.32,19.69,3.71,21.77,24.11,100.38,3.66,8.95,110.4,4.87,88.66,16.43,2.52,11.18,36.68,5.42,0.67,0.02,1.1,20.79,34.49,89.47,1.69,2.34,0.59,0.6,0.59,24.57,
Fangchenggang,108.35,21.69,2014,5,2014-05,27.15,31.75,19.85,4.05,24.33,27.57,99.97,4.54,10.71,181.1,5.66,85.0,19.38,1.7,17.78,36.95,8.63,1.15,0.03,1.85,25.07,35.96,70.73,1.92,2.52,0.57,0.58,0.56,30.61,
Fangchenggang,108.35,21.69,2014,6,2014-06,29.07,32.01,26.38,2.78,26.19,29.39,99.5,3.92,8.41,187.6,4.78,84.69,21.56,7.62,17.61,38.04,8.66,1.18,0.03,1.97,25.57,37.3,81.52,3.11,3.41,0.66,0.65,0.69,36.01,
Fangchenggang,108.35,21.69,2014,7,2014-07,29.14,32.28,27.08,2.18,26.1,29.48,99.63,3.89,20.24,169.7,4.72,83.8,21.4,10.62,18.44,37.83,9.07,1.24,0.04,2.19,26.1,37.04,80.67,3.29,3.79,0.77,0.77,0.79,36.02,
Fangchenggang,108.35,21.69,2014,8,2014-08,28.5,32.31,24.95,2.26,25.63,28.87,99.82,4.1,14.3,184.2,5.03,84.56,20.78,7.4,16.15,37.54,7.97,1.1,0.03,1.92,25.16,36.73,76.93,3.08,3.74,0.81,0.82,0.82,34.26,
Fangchenggang,108.35,21.69,2014,9,2014-09,28.21,31.76,23.44,2.84,24.4,28.63,100.0,3.68,21.54,114.9,4.41,80.09,19.31,6.72,18.51,36.7,8.88,1.18,0.03,1.97,23.24,36.03,49.37,4.06,4.38,0.82,0.84,0.83,32.65,
Fangchenggang,108.35,21.69,2014,10,2014-10,25.65,30.14,20.55,3.78,21.44,26.22,100.68,4.16,9.0,60.5,4.99,78.12,16.06,2.43,15.72,35.08,7.28,0.92,0.02,1.41,18.89,34.01,45.75,4.43,4.38,0.75,0.77,0.77,26.31,
Fangchenggang,108.35,21.69,2014,11,2014-11,21.31,27.64,15.66,4.53,18.56,22.42,100.9,4.88,11.99,43.7,5.91,84.8,13.55,1.34,11.16,34.07,5.31,0.69,0.02,1.0,16.51,32.19,62.07,2.91,3.03,0.69,0.71,0.71,21.71,
Fangchenggang,108.35,21.69,2014,12,2014-12,15.19,19.76,9.3,5.38,10.01,17.03,101.44,6.41,13.99,30.7,7.6,72.72,7.8,1.09,9.06,30.56,4.2,0.54,0.01,0.74,15.16,27.78,68.82,1.44,2.16,0.63,0.65,0.64,,
Fangchenggang,108.35,21.69,2015,1,2015-01,15.35,21.66,9.23,5.52,12.16,15.97,101.3,4.7,10.15,41.0,5.78,82.16,8.95,1.47,10.98,30.09,5.01,0.64,0.01,0.9,16.27,27.56,56.16,1.05,1.68,0.62,0.64,0.63,,
Fangchenggang,108.35,21.69,2015,2,2015-02,17.44,24.85,8.68,4.52,14.88,18.09,101.01,4.0,9.74,77.9,5.1,85.64,10.96,0.66,10.37,32.84,4.9,0.63,0.02,1.03,17.69,29.67,78.55,0.92,1.64,0.59,0.61,0.59,,
Fangchenggang,108.35,21.69,2015,3,2015-03,20.71,27.51,12.97,4.79,18.27,21.47,100.77,4.12,12.81,74.4,5.19,86.48,13.3,0.82,11.01,34.8,5.24,0.66,0.02,1.05,19.53,32.21,80.07,0.92,1.74,0.56,0.58,0.55,21.09,
Fangchenggang,108.35,21.69,2015,4,2015-04,23.8,31.07,15.67,5.66,19.74,24.82,100.5,5.09,12.28,126.9,6.19,79.19,14.72,0.71,17.51,34.52,8.15,1.03,0.03,1.61,22.81,33.1,54.1,0.73,1.79,0.52,0.54,0.48,24.3,
Fangchenggang,108.35,21.69,2015,5,2015-05,27.92,31.54,21.68,3.4,25.61,28.26,99.85,4.6,9.97,186.0,5.69,87.54,20.79,3.49,16.99,37.45,8.25,1.1,0.03,1.8,24.71,36.52,71.39,1.34,2.08,0.55,0.56,0.55,33.08,
Fangchenggang,108.35,21.69,2015,6,2015-06,29.26,33.14,27.08,2.28,26.55,29.43,99.7,5.56,13.38,185.2,6.84,85.52,21.95,6.33,19.36,37.63,9.46,1.28,0.04,2.14,26.2,36.94,70.11,3.29,3.57,0.65,0.65,0.68,36.82,
Fangchenggang,108.35,21.69,2015,7,2015-07,28.72,33.55,25.03,3.19,25.26,29.21,99.58,5.51,11.06,209.9,6.69,82.12,20.44,14.3,14.56,37.73,7.14,0.97,0.03,1.66,25.38,36.8,86.63,2.89,3.98,0.67,0.66,0.7,34.4,
Fangchenggang,108.35,21.69,2015,8,2015-08,28.78,32.75,25.55,2.69,25.43,28.91,99.82,3.45,9.2,188.2,4.23,82.5,20.55,6.71,17.41,37.43,8.43,1.13,0.03,1.93,24.52,36.57,75.6,3.53,4.12,0.85,0.87,0.86,34.65,
Fangchenggang,108.35,21.69,2015,9,2015-09,27.91,31.07,22.54,2.85,25.22,28.36,100.15,4.26,8.82,114.5,5.17,85.47,20.22,7.0,15.7,37.4,7.65,1.03,0.03,1.7,22.6,36.36,72.7,3.26,4.42,0.86,0.88,0.86,32.72,
Fangchenggang,108.35,21.69,2015,10,2015-10,25.21,30.02,19.09,4.59,21.16,26.0,100.67,4.41,16.1,28.6,5.26,78.78,15.79,1.97,15.66,35.12,7.41,0.96,0.03,1.51,19.79,34.09,49.39,4.31,4.5,0.78,0.8,0.79,25.84,
Fangchenggang,108.35,21.69,2015,11,2015-11,22.84,27.6,13.14,3.67,20.36,23.96,100.9,4.74,12.26,70.1,5.71,86.22,15.24,4.77,11.92,35.0,5.76,0.76,0.02,1.16,17.11,33.16,68.54,2.64,3.32,0.75,0.77,0.78,23.43,
Fangchenggang,108.35,21.69,2015,12,2015-12,16.36,25.31,10.35,4.63,13.48,18.26,101.33,6.1,12.02,28.9,7.27,83.75,9.87,2.82,7.46,32.54,3.63,0.49,0.01,0.7,15.02,29.51,81.87,1.23,2.43,0.75,0.76,0.77,,
Fangchenggang,108.35,21.69,2016,1,2016-01,14.92,22.28,3.69,4.42,12.6,16.5,101.22,5.31,13.88,34.9,6.38,86.47,9.39,7.91,7.34,32.11,3.6,0.49,0.01,0.72,16.12,28.92,85.31,0.87,2.17,0.78,0.79,0.81,,
Fangchenggang,108.35,21.69,2016,2,2016-02,14.13,24.66,6.11,5.78,10.23,15.39,101.46,5.93,14.06,27.4,7.2,78.33,7.93,0.41,10.44,30.79,4.9,0.65,0.02,1.06,18.92,27.21,74.91,0.94,2.95,0.81,0.84,0.82,,
Fangchenggang,108.35,21.69,2016,3,2016-03,18.18,24.64,8.77,4.67,15.84,18.57,100.84,3.67,14.53,63.4,4.61,86.76,11.43,1.41,11.23,33.29,5.26,0.65,0.02,1.06,19.24,30.56,78.87,1.41,2.84,0.74,0.76,0.76,,
Fangchenggang,108.35,21.69,2016,4,2016-04,23.85,30.06,17.88,3.97,22.13,23.92,100.16,3.15,12.34,172.9,4.25,90.34,16.79,4.71,14.7,35.75,6.81,0.82,0.02,1.36,20.71,34.36,65.13,2.19,3.17,0.72,0.73,0.75,24.65,
Fangchenggang,108.35,21.69,2016,5,2016-05,26.5,29.82,20.45,3.42,24.05,26.8,100.02,4.32,10.64,163.0,5.36,86.9,19.02,5.45,18.87,36.75,9.06,1.2,0.03,2.09,24.81,35.63,70.09,3.22,3.95,0.73,0.74,0.76,29.13,
Fangchenggang,108.35,21.69,2016,6,2016-06,29.1,31.59,24.24,2.29,26.49,29.32,99.81,4.55,8.45,183.9,5.62,85.93,21.87,9.45,19.85,37.86,9.71,1.32,0.04,2.36,26.54,36.98,78.09,2.75,3.89,0.83,0.84,0.84,36.41,
Fangchenggang,108.35,21.69,2016,7,2016-07,29.2,32.13,27.21,1.8,26.45,29.34,99.77,4.94,10.18,183.0,6.15,85.25,21.83,18.12,17.58,37.64,8.63,1.18,0.04,2.13,26.41,36.83,77.62,1.76,4.0,0.97,0.96,0.94,36.56,
Fangchenggang,108.35,21.69,2016,8,2016-08,28.91,32.56,24.58,2.72,25.79,29.25,99.46,3.96,20.34,163.5,4.85,83.42,21.08,14.41,16.7,37.85,8.16,1.1,0.03,1.95,24.27,36.96,79.61,2.22,4.45,0.96,0.96,0.93,35.23,
Fangchenggang,108.35,21.69,2016,9,2016-09,27.77,31.49,23.46,3.63,24.36,28.21,100.0,3.91,10.23,33.4,4.74,81.99,19.24,6.46,17.22,36.96,8.3,1.11,0.03,1.88,22.85,36.06,68.67,3.19,5.03,0.92,0.93,0.9,31.81,
Fangchenggang,108.35,21.69,2016,10,2016-10,25.8,30.62,18.14,4.45,22.41,26.44,100.31,5.35,16.44,35.1,6.45,81.96,17.09,4.53,17.37,35.76,8.25,1.08,0.03,1.76,20.39,34.86,49.81,4.0,4.68,0.8,0.83,0.82,26.58,
Fangchenggang,108.35,21.69,2016,11,2016-11,20.52,26.96,10.07,4.57,17.78,22.25,100.95,5.44,13.52,38.9,6.49,84.77,13.18,2.0,11.98,33.71,5.78,0.78,0.02,1.24,17.54,31.87,58.94,2.61,3.45,0.77,0.79,0.79,20.84,
Fangchenggang,108.35,21.69,2016,12,2016-12,17.76,23.1,10.44,5.24,13.85,18.63,101.17,5.51,12.6,37.8,6.86,78.86,10.14,0.5,11.49,31.62,5.38,0.7,0.02,1.06,15.87,29.46,65.08,1.74,2.5,0.71,0.73,0.73,,
Fangchenggang,108.35,21.69,2017,1,2017-01,17.34,23.3,10.53,5.07,14.46,18.26,101.16,4.73,11.36,41.6,5.72,83.76,10.38,2.02,10.33,32.22,4.9,0.65,0.02,1.06,16.58,29.61,69.33,1.41,2.19,0.68,0.7,0.7,,
Fangchenggang,108.35,21.69,2017,2,2017-02,17.06,24.35,9.42,5.57,13.37,18.12,101.2,4.89,12.64,56.1,5.9,79.95,9.85,0.93,11.98,32.21,5.63,0.74,0.02,1.17,19.16,28.93,68.93,1.42,2.35,0.65,0.67,0.65,,
Fangchenggang,108.35,21.69,2017,3,2017-03,20.14,25.17,14.12,4.6,17.73,20.61,100.68,4.2,12.73,77.9,5.44,86.66,12.86,2.83,10.04,34.86,4.93,0.66,0.02,1.1,20.65,31.94,83.35,1.52,2.39,0.61,0.63,0.62,20.47,
Fangchenggang,108.35,21.69,2017,4,2017-04,22.93,29.01,14.86,4.87,19.73,23.49,100.41,4.29,12.66,125.0,5.46,83.0,14.61,1.24,15.57,35.18,7.44,0.97,0.03,1.62,23.44,33.29,69.64,2.44,2.96,0.6,0.62,0.59,23.45,
Fangchenggang,108.35,21.69,2017,5,2017-05,26.18,30.05,21.81,4.14,22.76,26.57,100.18,3.64,10.18,100.0,4.54,82.26,17.52,5.15,18.14,36.48,8.71,1.15,0.03,1.94,24.97,35.18,75.64,3.65,3.9,0.61,0.62,0.63,27.0,
Fangchenggang,108.35,21.69,2017,6,2017-06,28.67,32.1,24.82,2.3,26.28,29.04,99.71,4.8,7.73,184.3,5.9,87.02,21.62,11.63,15.46,37.81,7.7,1.07,0.03,1.84,25.95,36.84,91.49,2.37,3.17,0.72,0.71,0.75,35.29,
Fangchenggang,108.35,21.69,2017,7,2017-07,28.7,32.83,26.64,2.09,25.98,28.95,99.77,4.43,10.03,155.6,5.46,85.29,21.2,20.49,15.79,37.61,7.84,1.09,0.03,1.9,25.86,36.63,88.74,1.88,4.18,0.96,0.95,0.94,35.01,
Fangchenggang,108.35,21.69,2017,8,2017-08,29.05,32.2,26.82,1.94,26.4,29.24,99.74,4.34,9.9,190.5,5.38,85.68,21.77,16.64,16.49,37.51,8.13,1.12,0.03,2.04,25.37,36.69,84.09,1.38,3.51,0.98,0.98,0.95,36.19,
Fangchenggang,108.35,21.69,2017,9,2017-09,28.92,31.64,26.6,2.41,25.91,29.19,100.07,3.59,10.84,135.3,4.36,83.92,21.06,8.55,17.57,37.38,8.57,1.16,0.03,2.0,23.24,36.57,74.59,2.16,4.18,0.97,0.96,0.93,35.38,
Fangchenggang,108.35,21.69,2017,10,2017-10,24.56,29.96,17.78,3.79,21.34,25.67,100.59,5.96,16.51,36.4,7.23,82.53,16.19,9.75,15.85,34.89,7.54,0.99,0.03,1.55,20.13,33.82,57.56,2.11,4.63,0.95,0.95,0.92,25.23,
Fangchenggang,108.35,21.69,2017,11,2017-11,20.34,26.84,11.72,4.27,17.51,21.7,100.93,5.74,11.66,30.3,6.9,84.37,12.8,1.46,8.88,33.95,4.35,0.59,0.01,0.92,16.61,31.82,75.94,2.07,3.36,0.82,0.85,0.83,20.63,
Fangchenggang,108.35,21.69,2017,12,2017-12,15.61,20.92,7.94,4.92,11.31,16.82,101.35,6.17,12.95,28.0,7.45,76.63,8.49,1.72,9.32,31.04,4.31,0.55,0.01,0.81,14.96,28.32,74.66,1.3,2.67,0.77,0.79,0.79,,
Fangchenggang,108.35,21.69,2018,1,2018-01,15.1,21.77,5.1,5.05,12.1,16.08,101.02,4.98,13.94,46.6,6.15,83.34,9.18,1.08,8.4,32.19,4.07,0.56,0.01,0.87,16.68,28.75,80.56,0.97,2.21,0.73,0.75,0.75,,
Fangchenggang,108.35,21.69,2018,2,2018-02,15.09,22.48,5.86,5.29,11.08,15.9,101.16,4.51,10.34,42.7,5.61,78.29,8.75,0.39,9.46,32.05,4.53,0.6,0.02,0.96,18.59,28.25,88.0,1.17,2.26,0.67,0.7,0.68,,
Fangchenggang,108.35,21.69,2018,3,2018-03,20.0,25.26,12.39,5.03,17.04,20.3,100.72,3.54,13.79,116.6,4.58,83.99,12.38,1.66,15.21,33.19,7.12,0.92,0.03,1.51,21.66,30.89,62.6,2.02,2.77,0.63,0.65,0.64,20.25,
Fangchenggang,108.35,21.69,2018,4,2018-04,22.85,29.13,15.29,4.46,19.46,23.61,100.51,3.98,13.2,126.6,4.95,82.04,14.48,2.19,15.24,34.8,7.3,0.95,0.03,1.54,23.47,32.96,69.53,2.33,2.85,0.59,0.61,0.59,23.33,
Fangchenggang,108.35,21.69,2018,5,2018-05,27.7,31.79,24.07,3.03,25.04,28.14,100.11,4.36,8.67,187.6,5.33,85.77,19.99,3.46,20.06,37.01,9.73,1.32,0.04,2.15,26.08,35.88,69.22,3.06,3.17,0.62,0.63,0.63,32.18,
Fangchenggang,108.35,21.69,2018,6,2018-06,29.17,32.88,26.15,2.86,25.88,29.45,99.61,4.56,8.21,192.7,5.6,82.72,21.13,8.7,17.69,38.23,8.74,1.2,0.03,2.06,25.86,37.12,88.8,4.1,4.24,0.67,0.67,0.71,35.85,
Fangchenggang,108.35,21.69,2018,7,2018-07,28.77,32.73,26.27,2.18,26.13,29.12,99.41,5.34,10.79,130.5,6.54,85.78,21.49,15.7,15.93,37.89,7.95,1.12,0.03,1.93,26.14,36.84,89.58,2.91,4.08,0.81,0.81,0.83,35.33,
Fangchenggang,108.35,21.69,2018,8,2018-08,28.81,31.84,26.73,2.52,25.92,29.06,99.39,3.71,13.39,210.7,4.54,84.54,21.22,15.88,16.1,37.7,7.94,1.09,0.03,1.88,24.57,36.77,90.62,1.95,3.78,0.96,0.96,0.94,35.18,
Fangchenggang,108.35,21.69,2018,9,2018-09,27.78,31.29,23.04,3.19,24.22,28.24,100.09,4.23,15.07,77.1,5.15,81.23,19.08,6.66,16.68,36.77,8.08,1.09,0.03,1.82,23.04,35.69,66.34,3.42,5.39,0.93,0.94,0.91,31.73,
Fangchenggang,108.35,21.69,2018,10,2018-10,24.36,28.95,18.51,4.74,20.5,25.25,100.78,4.81,10.2,44.4,5.78,79.91,15.18,2.84,15.41,34.81,7.34,0.97,0.03,1.57,20.08,33.41,56.98,3.65,4.57,0.81,0.83,0.82,24.94,
Fangchenggang,108.35,21.69,2018,11,2018-11,22.02,26.25,15.63,4.96,18.76,22.83,100.92,4.47,11.61,51.6,5.37,82.44,13.71,2.68,12.75,33.96,6.08,0.8,0.02,1.3,17.5,32.32,59.4,2.63,3.29,0.75,0.78,0.78,22.43,
Fangchenggang,108.35,21.69,2018,12,2018-12,16.9,26.03,5.35,4.62,14.36,19.13,101.23,6.11,11.91,34.8,7.28,85.77,10.74,1.62,7.85,32.94,3.86,0.53,0.01,0.85,15.59,29.97,78.03,1.41,2.5,0.73,0.75,0.75,,
Fangchenggang,108.35,21.69,2019,1,2019-01,15.4,21.2,6.34,4.95,12.82,16.81,101.35,5.14,11.57,31.3,6.14,85.21,9.38,0.85,7.74,32.74,3.79,0.53,0.01,0.88,16.3,29.12,85.79,0.93,1.9,0.7,0.72,0.71,,
Fangchenggang,108.35,21.69,2019,2,2019-02,19.29,24.77,10.96,5.08,17.42,19.79,100.86,3.83,10.92,73.6,4.91,89.26,12.61,2.94,10.38,34.48,5.05,0.68,0.02,1.2,18.71,31.21,80.12,1.4,2.31,0.67,0.69,0.68,,
Fangchenggang,108.35,21.69,2019,3,2019-03,20.61,27.66,13.53,4.77,18.41,21.05,100.61,4.06,11.79,49.0,5.18,87.61,13.41,2.39,10.14,35.27,4.84,0.6,0.02,1.02,18.8,32.5,80.57,1.56,2.69,0.68,0.7,0.7,21.01,
Fangchenggang,108.35,21.69,2019,4,2019-04,25.21,30.82,17.05,4.17,23.16,25.47,100.21,4.11,9.62,170.4,5.34,88.7,17.96,2.99,15.43,36.61,7.3,0.92,0.03,1.55,21.95,34.89,68.43,2.78,3.38,0.66,0.68,0.68,26.1,
Fangchenggang,108.35,21.69,2019,5,2019-05,26.8,30.75,21.06,3.37,24.31,27.38,99.97,4.28,10.0,131.9,5.17,86.58,19.32,8.34,14.29,37.56,6.92,0.9,0.03,1.52,23.24,36.18,76.36,2.52,3.05,0.68,0.68,0.7,29.86,
Fangchenggang,108.35,21.69,2019,6,2019-06,29.23,31.99,24.64,2.05,27.17,29.32,99.62,4.69,8.58,192.0,5.81,88.72,22.83,9.41,16.46,38.2,8.17,1.13,0.03,1.96,25.95,37.19,90.73,2.1,3.3,0.86,0.87,0.87,37.55,
Fangchenggang,108.35,21.69,2019,7,2019-07,29.49,31.78,26.13,2.14,26.87,29.62,99.53,4.88,19.19,181.9,6.02,85.86,22.43,11.46,17.11,38.21,8.48,1.17,0.03,2.08,25.91,37.29,91.43,2.22,4.19,0.92,0.93,0.91,37.67,
Fangchenggang,108.35,21.69,2019,8,2019-08,29.25,32.55,26.96,2.36,26.38,29.54,99.49,4.07,12.7,160.6,5.0,84.67,21.79,19.68,16.56,37.88,8.1,1.1,0.03,1.94,24.85,37.03,80.32,1.97,4.04,0.97,0.97,0.94,36.58,
Fangchenggang,108.35,21.69,2019,9,2019-09,27.95,31.92,22.16,4.16,23.65,28.29,100.23,4.23,11.58,35.6,5.11,78.2,18.58,5.09,19.9,36.13,9.41,1.24,0.04,2.13,23.33,35.26,50.46,3.56,5.51,0.93,0.93,0.9,31.71,
Fangchenggang,108.35,21.69,2019,10,2019-10,25.54,30.07,18.41,3.76,21.84,26.41,100.7,4.57,9.75,60.2,5.47,80.39,16.51,3.62,15.75,35.53,7.45,0.97,0.03,1.52,19.84,34.19,57.07,3.6,4.42,0.8,0.83,0.82,26.25,
Fangchenggang,108.35,21.69,2019,11,2019-11,21.02,26.98,13.32,5.6,16.89,21.94,100.97,5.19,11.8,38.3,6.27,77.93,12.16,0.65,13.74,33.12,6.4,0.82,0.02,1.2,17.2,31.29,51.49,2.92,3.35,0.72,0.75,0.74,21.21,
Fangchenggang,108.35,21.69,2019,12,2019-12,17.22,23.37,9.89,5.97,12.42,18.09,101.26,4.98,12.3,31.3,6.08,75.27,9.35,0.1,12.2,30.96,5.58,0.71,0.02,1.02,16.13,28.47,54.72,1.97,2.26,0.64,0.67,0.64,,
Fangchenggang,108.35,21.69,2020,1,2020-01,17.5,23.72,8.6,5.07,14.53,18.5,101.09,4.61,12.21,55.0,5.63,83.68,10.71,3.34,9.42,32.84,4.5,0.6,0.01,0.88,16.31,29.46,75.86,1.27,1.94,0.62,0.64,0.64,,
Fangchenggang,108.35,21.69,2020,2,2020-02,17.92,24.52,9.38,4.77,15.19,18.35,101.21,4.34,14.64,62.3,5.48,84.88,11.02,3.04,10.46,33.23,4.99,0.65,0.02,1.03,18.29,29.93,77.11,1.24,2.41,0.69,0.7,0.71,,
Fangchenggang,108.35,21.69,2020,3,2020-03,21.46,30.4,14.63,4.47,19.24,21.87,100.57,4.54,12.42,73.2,5.8,87.67,14.11,2.86,10.37,35.7,4.94,0.61,0.02,0.96,18.9,32.94,81.65,1.58,2.69,0.68,0.69,0.7,21.95,
Fangchenggang,108.35,21.69,2020,4,2020-04,21.49,27.51,15.27,4.33,18.28,22.37,100.77,4.58,12.76,43.1,5.62,82.87,13.38,3.88,12.14,35.25,5.87,0.76,0.02,1.23,21.92,32.81,85.29,2.11,3.04,0.68,0.69,0.7,21.86,
Fangchenggang,108.35,21.69,2020,5,2020-05,27.44,31.51,22.6,3.3,24.94,27.72,99.95,4.41,9.17,191.8,5.51,86.54,19.95,2.96,20.18,37.24,9.7,1.29,0.04,2.17,25.52,36.27,68.06,3.58,3.6,0.66,0.68,0.68,31.56,
Fangchenggang,108.35,21.69,2020,6,2020-06,29.35,31.46,27.52,1.88,26.97,29.47,99.72,6.03,10.47,191.0,7.44,87.07,22.51,8.3,18.94,37.99,9.28,1.27,0.04,2.2,26.33,37.08,84.73,3.08,3.6,0.72,0.72,0.75,37.52,
Fangchenggang,108.35,21.69,2020,7,2020-07,29.61,32.2,28.06,2.2,26.6,29.86,99.78,5.0,8.98,191.2,6.14,83.98,22.01,4.18,20.85,37.88,10.13,1.38,0.04,2.5,26.53,37.09,79.62,3.84,4.15,0.78,0.79,0.79,37.55,
Fangchenggang,108.35,21.69,2020,8,2020-08,28.89,31.87,27.23,1.98,25.93,29.37,99.72,4.24,13.08,163.6,5.2,84.18,21.17,18.37,15.78,37.68,7.78,1.08,0.03,1.93,25.33,36.7,83.04,2.41,4.04,0.92,0.92,0.91,35.34,
Fangchenggang,108.35,21.69,2020,9,2020-09,28.53,32.45,22.48,2.76,25.56,29.11,100.05,3.61,12.69,122.6,4.34,84.19,20.65,12.32,16.26,37.7,7.97,1.09,0.03,1.88,22.98,36.76,81.11,2.38,4.31,0.95,0.95,0.92,34.27,
Fangchenggang,108.35,21.69,2020,10,2020-10,23.5,29.33,18.16,4.44,20.61,24.7,100.58,7.39,14.22,32.1,8.91,84.16,15.4,17.18,14.87,34.96,7.13,0.95,0.03,1.52,20.01,33.53,74.45,2.21,5.14,0.94,0.94,0.92,24.1,
Fangchenggang,108.35,21.69,2020,11,2020-11,21.0,25.58,12.15,5.03,17.91,21.87,101.03,5.68,10.45,29.6,6.94,83.15,13.01,0.37,13.8,33.29,6.51,0.84,0.02,1.24,17.37,31.5,54.88,2.5,3.63,0.81,0.84,0.82,21.33,
Fangchenggang,108.35,21.69,2020,12,2020-12,15.12,23.17,6.92,5.93,11.11,17.1,101.32,6.55,14.36,27.6,7.88,77.99,8.49,0.26,10.3,30.95,4.77,0.61,0.01,0.89,15.26,28.0,67.27,1.39,2.51,0.72,0.75,0.73,,
Fangchenggang,108.35,21.69,2021,1,2021-01,14.39,21.15,5.38,5.77,9.34,15.28,101.29,4.74,13.38,34.9,5.79,73.03,7.6,0.06,10.77,30.35,4.93,0.63,0.01,0.9,16.06,27.04,61.29,1.27,2.02,0.65,0.68,0.65,,
Fangchenggang,108.35,21.69,2021,2,2021-02,18.61,24.0,13.24,5.23,15.55,18.99,100.91,3.43,11.46,67.4,4.24,82.99,11.07,3.22,14.12,31.37,6.5,0.83,0.02,1.19,18.98,29.5,44.36,1.63,2.36,0.65,0.66,0.66,,
Fangchenggang,108.35,21.69,2021,3,2021-03,21.14,27.45,13.95,4.27,18.81,21.83,100.65,4.21,13.41,118.8,5.34,87.06,13.79,1.22,11.05,35.29,5.24,0.65,0.02,1.06,19.16,32.4,80.32,1.55,2.36,0.63,0.65,0.63,21.58,
Fangchenggang,108.35,21.69,2021,4,2021-04,24.32,29.57,18.9,4.04,21.84,24.77,100.44,3.81,9.4,103.9,4.84,86.41,16.48,5.45,12.72,36.51,6.17,0.8,0.02,1.28,22.12,34.5,81.31,2.31,3.11,0.62,0.63,0.63,25.06,
Fangchenggang,108.35,21.69,2021,5,2021-05,27.92,31.3,23.2,2.74,25.75,28.19,99.99,4.74,8.63,189.4,5.82,88.18,20.93,5.62,18.68,37.34,9.13,1.25,0.04,2.13,26.09,36.27,73.56,2.91,3.49,0.72,0.73,0.75,33.19,
Fangchenggang,108.35,21.69,2021,6,2021-06,29.31,32.62,23.85,2.6,26.2,29.58,99.64,5.25,10.4,183.8,6.44,83.6,21.62,6.58,18.73,38.07,9.19,1.25,0.04,2.15,26.1,37.14,85.67,3.72,4.23,0.73,0.74,0.77,36.5,
Fangchenggang,108.35,21.69,2021,7,2021-07,29.58,32.35,27.76,2.45,26.26,29.97,99.62,3.96,11.6,177.1,4.82,82.54,21.61,6.71,20.25,37.96,9.82,1.33,0.04,2.33,26.06,37.18,78.4,3.96,4.34,0.77,0.78,0.79,37.07,
Fangchenggang,108.35,21.69,2021,8,2021-08,29.38,32.94,27.28,2.12,26.45,29.64,99.79,4.1,7.61,175.3,5.07,84.32,21.83,14.18,16.5,38.01,8.17,1.13,0.03,2.0,25.32,37.07,84.1,2.48,4.15,0.89,0.9,0.89,36.9,
Fangchenggang,108.35,21.69,2021,9,2021-09,28.7,31.86,26.5,2.14,25.21,29.13,100.18,3.02,6.7,107.4,3.65,81.57,20.19,10.07,18.06,37.33,8.81,1.2,0.03,2.01,23.71,36.45,69.28,2.29,3.88,0.95,0.95,0.92,34.23,
Fangchenggang,108.35,21.69,2021,10,2021-10,23.95,31.34,16.71,4.49,20.88,25.38,100.54,7.21,18.35,33.6,8.66,83.35,15.73,6.76,13.27,35.22,6.48,0.88,0.02,1.39,20.22,33.89,68.02,2.41,5.06,0.92,0.93,0.9,24.58,
Fangchenggang,108.35,21.69,2021,11,2021-11,20.1,26.75,12.26,5.08,16.05,21.04,100.97,5.63,14.19,31.5,6.95,78.36,11.78,0.61,13.81,32.83,6.57,0.86,0.02,1.26,17.84,30.85,56.75,2.55,3.84,0.8,0.83,0.81,20.21,
Fangchenggang,108.35,21.69,2021,12,2021-12,16.53,23.55,6.78,6.13,12.04,17.65,101.37,5.36,12.68,26.7,6.42,75.96,8.89,0.25,12.68,30.07,5.8,0.73,0.02,1.0,15.88,28.12,47.38,1.79,2.47,0.7,0.73,0.71,,
Fangchenggang,108.35,21.69,2022,1,2022-01,16.22,21.83,8.44,5.1,13.8,16.98,101.06,4.62,11.33,40.3,5.7,86.09,9.99,1.93,7.54,32.78,3.7,0.51,0.01,0.76,16.25,29.1,81.95,1.12,1.88,0.66,0.68,0.67,,
Fangchenggang,108.35,21.69,2022,2,2022-02,14.14,21.73,6.63,5.67,11.49,16.32,101.17,6.14,13.32,31.2,7.21,84.75,8.67,7.35,8.2,31.99,4.03,0.56,0.02,0.92,19.29,28.24,88.12,0.7,2.28,0.74,0.75,0.77,,
Fangchenggang,108.35,21.69,2022,3,2022-03,20.82,28.32,14.49,4.61,18.83,20.89,100.51,3.59,11.6,114.0,4.7,88.72,13.75,2.3,12.43,34.53,6.01,0.79,0.02,1.3,21.29,32.12,74.96,1.64,3.3,0.76,0.78,0.78,21.27,
Fangchenggang,108.35,21.69,2022,4,2022-04,22.79,28.74,14.32,4.68,19.5,23.24,100.52,4.25,13.45,74.8,5.3,82.42,14.54,1.91,16.81,34.17,7.94,1.04,0.03,1.66,23.7,32.81,56.05,2.83,3.86,0.7,0.72,0.72,23.28,
Fangchenggang,108.35,21.69,2022,5,2022-05,25.04,29.25,18.07,3.51,22.44,25.55,100.1,4.48,13.87,98.5,5.47,86.01,17.38,9.56,15.33,36.15,7.57,1.04,0.03,1.7,25.26,34.84,85.14,2.75,3.94,0.76,0.76,0.79,25.85,
Fangchenggang,108.35,21.69,2022,6,2022-06,28.34,30.67,25.28,1.9,26.33,28.47,99.67,5.13,9.56,192.5,6.35,88.86,21.69,10.28,14.94,37.81,7.46,1.03,0.03,1.7,25.43,36.91,92.61,1.83,3.38,0.89,0.9,0.89,34.62,
Fangchenggang,108.35,21.69,2022,7,2022-07,29.18,31.97,27.31,2.23,26.22,29.55,99.72,4.28,9.87,170.0,5.26,84.23,21.54,9.45,20.87,37.68,10.17,1.39,0.04,2.47,26.66,36.97,65.94,2.83,4.85,0.94,0.94,0.91,36.25,
Fangchenggang,108.35,21.69,2022,8,2022-08,29.05,32.36,26.96,2.17,25.93,29.64,99.77,3.95,15.78,156.6,4.79,83.41,21.14,17.39,16.69,38.02,8.26,1.15,0.03,2.05,25.65,37.06,78.77,2.29,4.43,0.94,0.94,0.92,35.65,
Fangchenggang,108.35,21.69,2022,9,2022-09,28.64,32.38,25.97,3.35,24.48,29.09,100.12,4.09,9.7,62.2,4.97,78.64,19.33,6.11,18.83,37.25,9.02,1.2,0.03,2.03,22.89,36.33,63.38,3.65,5.4,0.91,0.91,0.89,33.5,
Fangchenggang,108.35,21.69,2022,10,2022-10,24.2,29.51,17.47,4.71,19.75,24.95,100.74,5.7,12.06,37.4,6.99,76.96,14.66,3.46,17.75,33.99,8.37,1.11,0.03,1.75,20.92,33.02,46.45,3.57,4.95,0.84,0.86,0.84,24.69,
Fangchenggang,108.35,21.69,2022,11,2022-11,23.19,26.9,14.33,4.2,20.47,23.73,100.67,4.53,11.73,60.9,5.53,85.22,15.21,1.97,12.17,34.53,5.85,0.78,0.02,1.2,17.4,33.11,59.2,2.92,3.3,0.74,0.76,0.76,23.79,
Fangchenggang,108.35,21.69,2022,12,2022-12,15.0,20.93,8.37,5.99,9.66,16.96,101.33,6.48,14.5,30.4,7.75,71.92,7.58,0.12,12.2,29.59,5.6,0.72,0.02,1.05,16.15,27.25,53.5,1.7,2.55,0.69,0.71,0.69,,
Fangchenggang,108.35,21.69,2023,1,2023-01,14.77,24.96,6.89,5.94,10.6,15.51,101.28,5.54,14.81,28.4,6.89,77.45,8.24,2.13,10.26,30.62,4.83,0.64,0.02,0.99,16.78,27.64,70.1,1.18,2.05,0.67,0.69,0.69,,
Fangchenggang,108.35,21.69,2023,2,2023-02,17.85,25.71,10.73,4.64,15.06,17.89,101.02,4.35,12.71,69.0,5.75,84.61,10.87,2.07,10.89,32.62,5.16,0.68,0.02,1.1,18.72,29.96,71.09,1.25,2.26,0.67,0.69,0.69,,
Fangchenggang,108.35,21.69,2023,3,2023-03,20.79,28.15,15.38,4.85,17.76,21.26,100.78,3.99,11.57,80.3,4.97,83.57,12.87,1.24,13.13,33.76,6.13,0.76,0.02,1.23,19.47,31.69,67.51,1.5,2.22,0.6,0.63,0.6,21.11,
Fangchenggang,108.35,21.69,2023,4,2023-04,23.77,28.08,17.68,4.39,21.19,24.05,100.22,4.16,10.91,115.2,5.49,86.19,15.98,1.98,12.58,36.03,5.98,0.72,0.02,1.13,20.45,34.1,74.86,1.85,2.49,0.59,0.61,0.59,24.45,
Fangchenggang,108.35,21.69,2023,5,2023-05,27.19,33.19,21.22,4.3,24.28,27.8,100.02,4.59,10.36,144.7,5.59,84.71,19.23,3.3,18.37,36.91,8.87,1.18,0.03,1.97,25.19,35.91,58.54,3.46,3.59,0.6,0.61,0.6,30.68,
Fangchenggang,108.35,21.69,2023,6,2023-06,29.07,32.4,26.09,2.39,26.47,29.52,99.72,4.3,8.63,167.9,5.24,86.06,21.86,19.99,15.33,38.13,7.67,1.07,0.03,1.82,26.1,37.26,82.69,2.33,3.52,0.8,0.79,0.82,36.34,
Fangchenggang,108.35,21.69,2023,7,2023-07,29.79,33.48,26.83,2.47,26.71,30.06,99.69,4.97,17.24,182.4,6.1,83.68,22.16,9.55,20.03,38.18,9.81,1.34,0.04,2.39,26.48,37.45,70.54,3.52,5.16,0.89,0.91,0.88,38.05,
Fangchenggang,108.35,21.69,2023,8,2023-08,28.84,31.49,25.04,2.35,26.21,29.28,99.61,4.25,9.91,183.1,5.18,85.76,21.56,14.09,13.18,38.25,6.69,0.95,0.03,1.66,25.14,37.33,91.19,2.07,4.58,0.97,0.96,0.94,35.54,
Fangchenggang,108.35,21.69,2023,9,2023-09,28.19,31.55,23.59,3.17,25.39,28.58,99.98,4.68,11.18,55.8,5.67,84.96,20.44,11.94,15.55,37.62,7.67,1.06,0.03,1.78,23.42,36.72,72.92,2.79,5.0,0.94,0.94,0.92,33.43,
Fangchenggang,108.35,21.69,2023,10,2023-10,25.34,31.44,19.13,3.77,22.18,26.27,100.66,5.37,15.12,36.0,6.44,83.05,16.81,5.5,15.28,35.76,7.33,0.97,0.03,1.54,20.15,34.67,60.0,3.45,4.88,0.88,0.9,0.87,26.1,
Fangchenggang,108.35,21.69,2023,11,2023-11,22.05,27.99,14.64,4.53,18.65,22.9,101.06,4.61,13.65,48.7,5.51,81.7,13.73,2.07,14.11,33.09,6.64,0.86,0.02,1.25,17.65,31.87,42.59,2.7,3.75,0.83,0.86,0.84,22.44,
Fangchenggang,108.35,21.69,2023,12,2023-12,17.04,25.36,6.38,5.24,13.57,18.59,101.32,5.52,15.1,33.8,6.73,80.97,10.22,0.6,10.32,31.72,4.92,0.65,0.01,0.89,15.96,29.43,64.94,1.59,2.7,0.75,0.77,0.77,,
Fangchenggang,108.35,21.69,2024,1,2024-01,16.44,22.41,4.32,4.35,14.3,17.74,101.29,4.96,13.29,53.0,6.12,87.59,10.5,2.52,7.84,32.53,3.86,0.53,0.01,0.77,16.45,29.26,80.82,1.04,2.13,0.71,0.73,0.74,,
Fangchenggang,108.35,21.69,2024,2,2024-02,16.81,24.95,8.14,5.37,14.23,17.94,101.08,5.22,11.89,37.5,6.37,85.47,10.45,0.62,9.83,32.81,4.76,0.64,0.02,1.02,18.81,29.81,75.73,1.21,2.34,0.68,0.71,0.7,,
Fangchenggang,108.35,21.69,2024,3,2024-03,20.1,27.97,9.62,4.68,17.56,20.27,100.72,4.42,13.21,76.3,5.8,85.93,12.85,2.06,10.57,34.49,5.16,0.67,0.02,1.07,20.42,31.8,84.56,1.62,2.56,0.66,0.68,0.67,20.41,
Fangchenggang,108.35,21.69,2024,4,2024-04,25.71,32.88,20.63,4.34,23.68,25.73,99.98,3.86,8.29,181.7,5.25,88.99,18.5,3.32,15.78,36.51,7.42,0.9,0.02,1.36,21.21,35.21,63.75,2.81,3.28,0.64,0.65,0.65,26.66,
Fangchenggang,108.35,21.69,2024,5,2024-05,26.95,32.33,21.86,3.44,24.38,27.36,100.11,4.1,9.79,92.7,4.98,86.11,19.27,14.93,14.47,37.35,7.13,0.96,0.03,1.54,24.28,36.0,86.23,3.05,4.67,0.8,0.8,0.83,30.21,
Fangchenggang,108.35,21.69,2024,6,2024-06,28.9,31.05,25.72,1.83,26.9,29.09,99.76,4.66,8.45,171.1,5.77,88.97,22.43,17.94,15.07,38.29,7.6,1.07,0.03,1.84,25.97,37.41,93.82,1.62,3.99,0.95,0.95,0.93,36.48,
Fangchenggang,108.35,21.69,2024,7,2024-07,29.37,32.71,27.73,1.83,26.79,29.66,99.62,5.22,13.96,156.6,6.44,86.01,22.29,19.5,17.07,38.35,8.49,1.19,0.04,2.11,26.33,37.46,84.99,1.82,4.96,0.98,0.97,0.95,37.31,
Fangchenggang,108.35,21.69,2024,8,2024-08,29.41,32.75,27.49,2.22,26.53,29.69,99.83,3.81,9.49,187.2,4.69,84.59,21.91,12.28,17.21,38.07,8.49,1.17,0.03,2.09,25.21,37.32,77.25,2.1,4.36,0.98,0.97,0.95,37.07,
Fangchenggang,108.35,21.69,2024,9,2024-09,28.47,32.56,22.78,3.14,25.24,28.93,99.82,4.77,29.01,56.1,5.8,82.88,20.35,14.36,15.68,37.71,7.72,1.06,0.03,1.8,23.14,36.75,74.5,2.63,5.11,0.96,0.96,0.93,33.84,
Fangchenggang,108.35,21.69,2024,10,2024-10,24.88,29.76,18.91,4.89,20.69,25.66,100.58,5.9,12.9,30.4,7.15,78.05,15.44,1.74,17.55,34.56,8.36,1.11,0.03,1.73,20.87,33.68,47.8,3.96,5.17,0.82,0.84,0.82,25.46,
Fangchenggang,108.35,21.69,2024,11,2024-11,21.85,28.09,15.04,5.53,17.28,22.66,100.95,5.37,11.38,29.6,6.55,76.11,12.55,0.97,15.31,32.76,7.16,0.93,0.02,1.35,17.83,31.55,41.16,3.56,3.71,0.72,0.74,0.74,22.08,
Fangchenggang,108.35,21.69,2024,12,2024-12,16.69,23.69,10.61,5.82,11.23,17.83,101.28,5.85,11.8,34.7,7.03,71.45,8.55,0.05,11.62,30.62,5.35,0.68,0.02,0.93,15.67,28.31,58.33,1.83,2.23,0.63,0.65,0.63,,
Fangchenggang,108.35,21.69,2025,1,2025-01,15.74,21.14,8.79,6.37,10.26,16.15,101.26,4.62,14.94,40.7,5.76,71.71,8.03,0.16,12.57,29.24,5.62,0.7,0.02,0.96,16.54,27.16,42.31,1.19,1.65,0.57,0.6,0.56,,
Fangchenggang,108.35,21.69,2025,2,2025-02,16.33,23.33,9.58,5.5,12.68,17.14,101.21,4.81,11.09,43.4,5.85,80.08,9.32,1.07,7.79,32.95,3.89,0.54,0.01,0.88,18.67,28.96,90.87,0.69,1.37,0.55,0.57,0.53,,
Fangchenggang,108.35,21.69,2025,3,2025-03,19.27,27.62,10.78,6.21,14.87,20.34,100.83,5.06,13.93,43.6,6.22,77.3,10.94,1.03,12.94,33.3,6.1,0.78,0.02,1.2,20.89,30.6,69.61,0.94,1.85,0.54,0.56,0.52,,
Fangchenggang,108.35,21.69,2025,4,2025-04,23.58,30.49,14.32,5.33,19.56,24.03,100.4,3.76,14.59,168.7,4.86,79.59,14.62,1.09,15.54,35.19,7.41,0.95,0.03,1.52,22.95,33.32,75.82,0.69,1.57,0.51,0.53,0.46,24.07,
Fangchenggang,108.35,21.69,2025,5,2025-05,26.67,30.41,19.91,4.12,23.75,27.38,100.13,4.2,15.46,143.8,5.07,84.65,18.66,6.01,15.9,36.87,7.86,1.08,0.03,1.76,25.67,35.58,84.43,2.69,3.36,0.59,0.59,0.61,29.38,
Fangchenggang,108.35,21.69,2025,6,2025-06,28.56,32.42,24.55,2.67,26.0,28.81,99.72,4.75,11.66,163.2,5.82,86.28,21.26,11.21,17.01,37.88,8.44,1.17,0.03,2.02,26.28,37.05,85.39,3.15,3.87,0.7,0.69,0.74,34.79,
Fangchenggang,108.35,21.69,2025,7,2025-07,29.21,32.53,26.83,2.53,26.08,29.57,99.36,3.77,18.89,164.4,4.58,83.45,21.44,15.7,17.15,38.12,8.47,1.17,0.03,2.05,25.97,37.41,83.84,2.96,4.29,0.88,0.89,0.88,36.15,
Fangchenggang,108.35,21.69,2025,8,2025-08,28.79,32.1,26.16,2.11,26.07,29.25,99.86,4.88,13.05,139.4,6.0,85.36,21.32,17.02,15.07,37.9,7.5,1.04,0.03,1.85,25.27,37.0,84.13,1.79,4.23,0.97,0.97,0.94,35.3,
Fangchenggang,108.35,21.69,2025,9,2025-09,28.31,31.49,23.65,2.4,25.15,28.81,100.07,4.29,15.38,92.8,5.22,83.16,20.12,10.31,17.42,37.44,8.52,1.16,0.03,1.99,23.52,36.58,71.1,2.66,4.76,0.95,0.94,0.92,33.45,
Fangchenggang,108.35,21.69,2025,10,2025-10,25.16,30.23,15.81,3.35,22.12,26.21,100.61,5.8,15.65,42.6,6.95,83.42,16.96,9.43,15.81,35.52,7.61,1.02,0.03,1.59,20.45,34.48,58.32,2.34,4.79,0.95,0.95,0.92,25.91,
Fangchenggang,108.35,21.69,2025,11,2025-11,19.33,26.11,10.01,5.2,15.51,20.5,101.08,6.48,13.81,22.9,7.95,79.42,11.32,1.58,12.81,31.81,6.08,0.81,0.02,1.24,18.1,30.35,61.32,2.06,3.76,0.85,0.87,0.85,,
Fangchenggang,108.35,21.69,2025,12,2025-12,18.31,23.66,10.93,4.74,15.04,18.91,101.08,4.42,14.38,41.8,5.44,81.78,10.81,1.62,11.1,32.11,5.2,0.67,0.02,0.95,15.55,29.71,64.13,1.59,2.6,0.77,0.79,0.79,,
Guilin,110.3,25.28,2005,1,2005-01,4.85,18.62,-8.06,9.89,1.51,5.02,95.71,2.87,6.94,46.3,3.9,80.61,4.7,2.04,5.03,27.8,2.26,0.29,0.01,0.38,12.98,23.69,86.75,0.31,1.02,0.77,0.79,0.78,,2.41
Guilin,110.3,25.28,2005,2,2005-02,7.58,23.32,-2.91,10.73,4.36,8.38,95.51,3.52,8.35,52.1,4.52,80.99,5.94,3.03,5.46,29.84,2.56,0.34,0.01,0.53,16.1,25.71,94.28,0.49,1.41,0.79,0.81,0.8,,5.27
Guilin,110.3,25.28,2005,3,2005-03,12.14,24.29,-1.2,10.66,8.09,12.61,95.54,3.39,10.18,72.8,4.55,77.96,7.64,4.54,7.43,30.53,3.46,0.46,0.01,0.66,19.42,26.84,94.59,0.96,2.03,0.8,0.82,0.81,,
Guilin,110.3,25.28,2005,4,2005-04,19.1,30.65,8.42,9.71,14.82,19.35,95.07,3.29,8.98,155.4,4.51,78.07,11.47,3.24,12.32,32.96,5.62,0.71,0.02,1.1,21.93,30.38,83.13,2.76,3.32,0.81,0.84,0.82,,
Guilin,110.3,25.28,2005,5,2005-05,23.54,30.35,14.1,8.26,20.86,23.83,94.44,3.34,9.53,174.7,4.77,85.79,16.58,11.9,13.58,35.43,6.39,0.85,0.02,1.37,24.88,33.23,88.94,3.68,4.57,0.87,0.89,0.89,24.19,
Guilin,110.3,25.28,2005,6,2005-06,25.03,31.07,18.65,6.8,22.93,25.13,94.14,2.54,7.23,156.9,3.66,88.66,18.74,16.32,11.34,36.4,5.46,0.75,0.02,1.24,24.9,34.76,92.73,3.28,4.89,0.96,0.96,0.95,25.9,
Guilin,110.3,25.28,2005,7,2005-07,25.77,32.18,21.47,6.54,23.15,25.76,94.44,2.82,7.55,190.2,4.02,86.12,18.9,3.71,18.9,35.72,8.8,1.17,0.03,2.0,26.23,34.26,68.35,5.84,5.55,0.92,0.95,0.91,26.65,
Guilin,110.3,25.28,2005,8,2005-08,25.14,32.87,16.78,7.77,22.12,25.34,94.4,2.24,5.76,103.7,3.28,84.2,17.81,3.21,16.24,35.89,7.54,0.99,0.03,1.65,24.0,34.17,73.33,6.97,5.2,0.85,0.9,0.86,25.91,
Guilin,110.3,25.28,2005,9,2005-09,23.61,31.31,15.13,9.2,19.98,23.65,94.95,2.54,5.98,52.5,3.77,81.24,15.54,1.39,15.09,34.92,6.94,0.9,0.03,1.46,21.6,32.89,65.83,7.29,4.73,0.78,0.84,0.79,24.15,
Guilin,110.3,25.28,2005,10,2005-10,18.45,29.94,6.49,11.14,13.58,18.45,95.51,2.68,7.69,45.5,3.92,74.89,10.53,0.53,12.7,31.9,5.7,0.71,0.02,1.09,17.34,29.75,54.36,5.12,3.36,0.72,0.77,0.73,,
Guilin,110.3,25.28,2005,11,2005-11,14.78,27.42,1.0,9.93,11.1,14.77,95.53,2.78,6.13,49.2,3.9,79.98,9.31,1.75,8.97,30.53,4.01,0.51,0.01,0.74,14.36,28.14,65.12,2.24,1.99,0.72,0.75,0.73,,
Guilin,110.3,25.28,2005,12,2005-12,7.0,18.45,-4.13,10.95,0.56,7.12,95.99,3.25,9.05,42.6,4.55,66.81,4.47,1.88,7.75,26.34,3.37,0.41,0.01,0.53,13.01,23.66,59.55,0.79,1.31,0.72,0.75,0.73,,4.73
Guilin,110.3,25.28,2006,1,2006-01,7.24,19.4,-4.87,11.23,3.21,7.39,95.63,3.04,7.5,47.7,4.14,77.45,5.47,2.14,7.14,27.21,3.11,0.39,0.01,0.55,13.69,24.28,64.15,0.55,1.12,0.74,0.77,0.76,,5.16
Guilin,110.3,25.28,2006,2,2006-02,8.97,23.07,-1.26,9.39,6.0,9.64,95.76,3.51,8.7,48.7,4.55,82.46,6.39,4.28,4.76,29.93,2.29,0.32,0.01,0.5,16.11,25.82,93.4,0.54,1.36,0.76,0.78,0.78,,6.97
Guilin,110.3,25.28,2006,3,2006-03,13.71,25.64,-2.23,11.63,9.75,14.31,95.23,3.1,11.37,67.8,4.17,78.85,8.52,3.12,8.63,31.39,3.95,0.51,0.01,0.81,19.46,27.65,86.45,1.45,2.39,0.79,0.82,0.81,,
Guilin,110.3,25.28,2006,4,2006-04,19.47,29.93,4.85,9.99,15.8,19.96,94.85,3.83,10.19,171.4,5.18,80.64,12.37,6.66,10.78,33.46,4.99,0.65,0.02,1.07,22.1,30.66,86.06,2.65,3.6,0.82,0.85,0.84,,
Guilin,110.3,25.28,2006,5,2006-05,21.63,29.16,11.2,9.18,17.96,21.76,94.8,3.29,10.02,132.8,4.6,81.27,14.02,8.15,13.3,34.06,6.21,0.83,0.02,1.31,25.29,31.84,81.05,3.97,4.44,0.84,0.88,0.87,21.97,
Guilin,110.3,25.28,2006,6,2006-06,24.49,30.37,18.62,7.1,22.26,24.64,94.38,2.61,8.22,189.4,3.74,88.07,17.97,11.91,13.41,35.69,6.38,0.86,0.02,1.39,25.42,34.05,81.16,3.94,4.91,0.93,0.95,0.94,25.29,
Guilin,110.3,25.28,2006,7,2006-07,25.76,32.14,20.75,6.44,23.45,25.82,94.15,2.43,6.46,180.1,3.58,87.64,19.32,8.33,15.41,36.1,7.31,0.99,0.03,1.7,26.1,34.72,79.45,4.95,5.05,0.93,0.95,0.93,26.68,
Guilin,110.3,25.28,2006,8,2006-08,25.28,31.71,18.29,7.09,22.37,25.2,94.44,2.29,9.67,88.3,3.29,84.63,18.05,3.49,17.49,35.2,8.06,1.05,0.03,1.75,23.93,34.01,62.93,5.55,4.64,0.88,0.92,0.89,26.07,
Guilin,110.3,25.28,2006,9,2006-09,21.82,30.47,13.16,9.62,17.95,21.73,94.96,2.81,8.12,51.6,4.12,79.88,13.92,1.71,15.67,33.14,7.09,0.9,0.02,1.39,21.25,31.75,54.31,6.06,4.58,0.83,0.88,0.84,22.14,
Guilin,110.3,25.28,2006,10,2006-10,20.48,27.79,11.48,9.76,17.07,20.53,95.37,2.25,5.93,56.2,3.35,81.98,12.95,1.7,10.62,33.7,4.75,0.58,0.01,0.86,16.13,31.42,68.82,4.82,3.46,0.78,0.82,0.79,20.72,
Guilin,110.3,25.28,2006,11,2006-11,14.11,25.94,4.62,10.42,9.84,13.8,95.46,2.71,7.75,47.5,3.88,77.75,8.16,2.9,8.72,29.84,3.87,0.49,0.01,0.66,14.73,27.18,64.57,2.61,2.24,0.76,0.8,0.78,,
Guilin,110.3,25.28,2006,12,2006-12,8.22,19.06,-0.93,12.61,2.92,7.94,95.94,2.92,6.48,44.1,4.15,72.07,5.07,0.34,8.78,26.41,3.72,0.44,0.01,0.56,13.0,23.87,53.46,1.28,1.56,0.76,0.8,0.77,,6.41
Guilin,110.3,25.28,2007,1,2007-01,5.83,19.77,-3.17,11.56,0.94,5.93,96.06,3.05,9.13,37.5,4.21,73.76,4.36,2.34,7.28,27.13,3.16,0.39,0.01,0.51,14.07,23.36,72.44,0.66,1.35,0.77,0.8,0.79,,3.45
Guilin,110.3,25.28,2007,2,2007-02,13.64,24.04,1.75,10.71,9.39,13.7,95.35,3.31,9.59,140.6,4.62,77.83,8.16,3.41,8.49,30.82,3.78,0.48,0.01,0.65,16.18,27.19,81.73,1.1,1.88,0.78,0.81,0.8,,
Guilin,110.3,25.28,2007,3,2007-03,14.7,27.91,1.05,10.41,11.46,15.42,95.16,3.95,9.98,127.8,5.29,82.15,9.52,3.24,7.07,32.26,3.29,0.42,0.01,0.66,18.62,28.31,91.3,1.36,2.33,0.8,0.83,0.82,,
Guilin,110.3,25.28,2007,4,2007-04,16.86,28.62,2.93,10.77,12.59,17.26,95.19,3.01,11.51,66.0,4.11,77.68,10.01,5.03,10.88,31.8,4.95,0.63,0.02,0.92,21.85,29.03,86.35,2.33,3.0,0.8,0.83,0.81,,
Guilin,110.3,25.28,2007,5,2007-05,22.53,30.37,12.52,9.71,18.18,22.57,94.71,2.65,7.52,183.1,3.64,78.16,14.16,5.75,16.32,33.89,7.49,0.98,0.03,1.57,25.48,32.19,70.27,5.2,4.66,0.82,0.85,0.84,22.88,
Guilin,110.3,25.28,2007,6,2007-06,24.46,30.26,17.16,6.67,22.24,24.66,94.33,2.79,7.17,184.4,4.04,88.08,17.95,12.45,13.69,35.72,6.49,0.88,0.02,1.44,25.57,34.0,85.92,4.31,4.54,0.89,0.92,0.91,25.26,
Guilin,110.3,25.28,2007,7,2007-07,25.59,30.7,21.1,6.25,23.3,25.74,94.35,3.69,8.82,188.9,5.31,87.73,19.1,3.1,17.28,35.78,8.15,1.11,0.03,1.94,26.68,34.25,82.34,6.5,5.31,0.86,0.9,0.87,26.5,
Guilin,110.3,25.28,2007,8,2007-08,25.64,32.94,19.46,7.8,22.37,25.63,94.31,2.33,5.59,111.8,3.32,83.09,18.07,3.97,16.82,35.59,7.81,1.03,0.03,1.72,24.07,34.19,69.27,7.66,5.05,0.8,0.84,0.81,26.43,
Guilin,110.3,25.28,2007,9,2007-09,21.98,29.38,11.71,9.2,18.47,22.0,94.8,2.7,7.38,40.5,4.03,81.79,14.27,3.64,13.11,33.92,6.01,0.78,0.02,1.24,21.15,32.21,69.86,5.95,4.37,0.81,0.85,0.82,22.37,
Guilin,110.3,25.28,2007,10,2007-10,18.43,29.74,7.83,11.28,13.52,18.38,95.41,2.86,6.4,45.0,4.25,74.85,10.54,0.15,12.58,31.61,5.49,0.66,0.02,0.98,16.87,29.56,50.19,5.16,3.36,0.73,0.79,0.73,,
Guilin,110.3,25.28,2007,11,2007-11,12.73,24.83,-1.31,13.38,5.25,12.23,95.7,3.11,8.98,38.4,4.52,63.55,6.05,0.26,12.94,26.45,5.53,0.66,0.01,0.89,15.36,25.11,33.37,2.68,2.2,0.7,0.74,0.7,,
Guilin,110.3,25.28,2007,12,2007-12,9.42,21.52,-1.67,10.24,4.95,9.6,95.64,2.82,8.69,50.7,4.1,76.2,5.99,1.96,5.42,29.28,2.39,0.3,0.01,0.42,12.03,25.16,86.93,0.7,1.12,0.7,0.73,0.71,,7.91
Guilin,110.3,25.28,2008,1,2008-01,3.82,21.67,-8.13,8.87,-0.81,4.01,95.82,3.7,7.7,40.3,4.66,73.8,4.12,1.83,5.63,26.88,2.5,0.32,0.01,0.44,14.45,23.27,71.02,0.39,0.96,0.71,0.74,0.72,,0.58
Guilin,110.3,25.28,2008,2,2008-02,4.7,21.82,-11.63,11.1,-0.51,4.96,95.92,3.08,8.42,39.2,4.34,72.09,4.17,3.29,8.13,27.08,3.59,0.46,0.01,0.73,16.89,23.04,75.72,0.6,1.41,0.76,0.78,0.78,,2.07
Guilin,110.3,25.28,2008,3,2008-03,15.03,27.16,2.98,10.87,10.56,15.22,95.24,2.82,8.52,106.4,3.78,77.43,8.81,4.6,10.04,30.83,4.47,0.56,0.01,0.86,19.1,27.9,77.75,1.54,2.28,0.78,0.8,0.8,,
Guilin,110.3,25.28,2008,4,2008-04,18.64,29.34,8.13,9.43,15.42,19.2,94.94,3.22,9.36,120.9,4.39,82.74,11.92,4.01,10.05,33.45,4.67,0.6,0.02,0.97,21.56,30.58,84.37,2.55,3.05,0.79,0.82,0.81,,
Guilin,110.3,25.28,2008,5,2008-05,21.5,29.32,11.92,8.55,17.95,21.58,94.59,2.92,7.88,135.8,4.12,81.58,14.02,10.79,12.0,34.18,5.59,0.73,0.02,1.2,24.16,31.99,82.32,3.57,4.13,0.84,0.86,0.86,21.84,
Guilin,110.3,25.28,2008,6,2008-06,23.99,30.61,16.09,7.59,21.07,24.1,94.32,2.56,7.48,135.8,3.65,84.75,16.75,13.51,13.79,35.5,6.48,0.86,0.02,1.41,25.62,33.59,86.59,4.9,5.02,0.91,0.93,0.91,24.66,
Guilin,110.3,25.28,2008,7,2008-07,25.38,33.08,20.95,6.57,22.72,25.45,94.29,2.92,8.75,186.7,4.18,86.04,18.45,5.73,17.21,35.51,8.1,1.09,0.03,1.87,26.36,34.04,76.25,5.88,5.37,0.89,0.93,0.9,26.22,
Guilin,110.3,25.28,2008,8,2008-08,24.95,32.69,19.01,6.3,22.65,24.94,94.44,2.6,8.08,166.1,3.76,87.58,18.35,8.0,14.91,35.61,7.0,0.94,0.03,1.58,24.43,33.98,86.01,4.66,4.54,0.89,0.92,0.91,25.79,
Guilin,110.3,25.28,2008,9,2008-09,23.68,31.36,13.82,8.08,20.67,23.66,94.78,2.37,9.48,68.7,3.43,84.02,16.27,2.7,14.09,34.93,6.45,0.83,0.02,1.31,21.11,33.2,61.35,5.43,4.4,0.88,0.92,0.89,24.3,
Guilin,110.3,25.28,2008,10,2008-10,19.46,27.86,10.64,10.01,16.05,19.5,95.35,2.54,7.33,56.0,3.71,81.87,12.15,1.8,12.57,32.39,5.64,0.71,0.02,1.06,17.55,30.56,57.35,4.7,3.53,0.81,0.86,0.82,,
Guilin,110.3,25.28,2008,11,2008-11,12.31,24.69,-0.08,10.31,8.47,12.06,95.75,2.77,6.8,45.8,4.1,79.23,7.71,6.32,10.54,28.06,4.64,0.58,0.01,0.8,15.5,26.1,51.03,1.66,2.35,0.87,0.91,0.89,,
Guilin,110.3,25.28,2008,12,2008-12,8.51,19.81,-2.91,11.05,3.63,7.8,95.81,2.86,9.15,45.0,3.89,73.22,5.39,0.39,9.73,26.37,4.17,0.5,0.01,0.64,13.68,23.88,50.38,1.08,1.72,0.83,0.88,0.84,,6.8
Guilin,110.3,25.28,2009,1,2009-01,5.44,17.32,-3.4,11.11,0.34,5.33,95.96,2.94,10.37,46.1,4.07,72.19,4.33,0.66,8.73,26.12,3.73,0.45,0.01,0.6,14.11,22.83,61.63,0.47,1.43,0.82,0.86,0.83,,3.06
Guilin,110.3,25.28,2009,2,2009-02,13.56,26.01,2.42,9.8,11.06,13.9,95.15,3.42,11.48,121.5,4.53,85.42,9.03,1.15,8.66,31.23,3.89,0.49,0.01,0.78,16.56,28.1,69.55,0.97,1.77,0.81,0.85,0.82,,
Guilin,110.3,25.28,2009,3,2009-03,13.02,27.12,-1.36,10.14,9.91,13.58,95.22,3.5,10.11,87.8,4.64,82.52,8.7,4.53,9.41,30.78,4.25,0.53,0.01,0.84,19.23,27.61,80.8,1.08,2.3,0.83,0.87,0.85,,
Guilin,110.3,25.28,2009,4,2009-04,17.78,27.05,6.81,9.46,14.22,18.08,94.95,3.08,8.21,105.9,4.27,81.24,11.04,6.43,11.14,32.85,5.13,0.66,0.02,1.02,22.31,29.96,82.5,2.1,3.42,0.86,0.89,0.88,,
Guilin,110.3,25.28,2009,5,2009-05,21.18,28.67,12.48,8.25,18.38,21.45,94.82,2.8,6.46,129.9,3.94,84.99,14.14,7.94,11.94,34.59,5.61,0.76,0.02,1.24,24.73,32.16,85.48,3.27,4.1,0.88,0.91,0.89,21.57,
Guilin,110.3,25.28,2009,6,2009-06,24.61,30.55,15.85,7.07,21.82,24.6,94.2,2.65,7.64,181.1,3.73,85.47,17.63,11.06,14.75,35.35,6.92,0.93,0.03,1.51,25.79,33.85,78.23,4.42,4.94,0.91,0.94,0.92,25.36,
Guilin,110.3,25.28,2009,7,2009-07,25.64,32.58,20.9,6.08,23.35,25.69,94.25,3.12,10.16,173.9,4.5,87.78,19.18,13.35,15.44,36.03,7.34,1.0,0.03,1.72,26.43,34.51,79.49,5.4,5.48,0.93,0.95,0.93,26.55,
Guilin,110.3,25.28,2009,8,2009-08,25.74,32.26,16.01,7.56,22.66,25.74,94.46,2.56,6.43,96.3,3.71,83.85,18.38,0.76,17.48,35.89,8.09,1.06,0.03,1.8,24.12,34.4,63.5,7.01,5.21,0.86,0.91,0.86,26.56,
Guilin,110.3,25.28,2009,9,2009-09,24.47,32.55,15.3,8.68,20.81,24.56,94.77,2.68,8.68,60.9,3.98,81.0,16.47,1.72,15.54,35.03,7.1,0.91,0.02,1.44,21.19,33.61,50.6,7.4,4.79,0.79,0.84,0.8,25.09,
Guilin,110.3,25.28,2009,10,2009-10,19.76,28.55,12.59,9.76,15.27,19.61,95.22,2.38,5.44,42.6,3.53,76.85,11.49,0.86,12.14,32.61,5.42,0.67,0.02,1.04,16.92,30.41,61.18,5.14,3.38,0.73,0.78,0.74,,
Guilin,110.3,25.28,2009,11,2009-11,11.14,27.22,-1.72,11.29,5.16,10.97,95.68,3.47,10.21,43.6,4.69,68.88,6.39,1.34,9.43,28.32,4.19,0.53,0.01,0.75,15.35,25.55,60.72,2.14,2.0,0.72,0.75,0.73,,
Guilin,110.3,25.28,2009,12,2009-12,7.62,19.4,-3.41,9.72,3.89,7.75,95.68,2.76,9.75,48.9,3.87,79.07,5.55,1.56,6.0,28.74,2.66,0.34,0.01,0.41,12.53,24.58,82.81,0.61,1.05,0.72,0.75,0.74,,5.8
Guilin,110.3,25.28,2010,1,2010-01,7.95,21.62,-2.39,10.01,4.92,8.13,95.72,2.99,8.05,52.3,4.12,82.49,6.11,3.6,5.51,29.09,2.49,0.33,0.01,0.45,13.96,24.91,86.88,0.58,1.16,0.76,0.77,0.78,,6.04
Guilin,110.3,25.28,2010,2,2010-02,10.67,26.94,-2.62,10.15,6.9,11.32,95.25,3.85,12.23,94.4,5.09,78.83,7.35,0.25,8.43,29.81,3.77,0.48,0.01,0.69,16.85,26.29,80.15,1.01,1.55,0.75,0.79,0.76,,
Guilin,110.3,25.28,2010,3,2010-03,13.68,26.15,-2.13,10.55,8.99,14.18,95.32,3.91,10.35,102.7,5.14,75.39,8.31,1.27,9.85,31.07,4.39,0.54,0.01,0.81,18.68,27.86,82.03,1.3,1.82,0.73,0.77,0.74,,
Guilin,110.3,25.28,2010,4,2010-04,16.39,28.01,4.15,9.5,12.97,16.97,95.13,3.48,8.53,79.5,4.62,81.55,10.32,9.77,9.41,32.37,4.41,0.58,0.02,0.91,22.27,29.49,86.93,1.87,2.84,0.81,0.82,0.84,,
Guilin,110.3,25.28,2010,5,2010-05,22.12,29.51,13.49,8.63,19.21,22.44,94.54,3.13,9.8,162.9,4.3,84.65,15.04,6.97,10.89,34.77,5.14,0.69,0.02,1.07,24.35,32.61,86.91,3.64,3.93,0.83,0.87,0.86,22.6,
Guilin,110.3,25.28,2010,6,2010-06,22.86,29.07,15.74,6.5,20.95,23.02,94.47,3.02,8.88,143.7,4.37,89.41,16.69,15.56,8.76,35.7,4.26,0.58,0.02,0.93,24.47,33.7,94.7,2.68,3.98,0.93,0.94,0.94,23.54,
Guilin,110.3,25.28,2010,7,2010-07,25.6,30.07,21.56,5.69,23.55,25.61,94.47,3.29,7.19,182.4,4.94,88.89,19.36,4.13,16.14,36.06,7.62,1.04,0.03,1.75,26.18,34.58,89.78,4.55,4.78,0.91,0.94,0.91,26.54,
Guilin,110.3,25.28,2010,8,2010-08,25.07,32.29,17.96,7.02,22.3,25.13,94.67,2.34,5.9,171.6,3.37,85.34,17.96,1.68,18.85,35.41,8.77,1.16,0.03,1.93,24.88,34.18,66.6,6.02,4.66,0.86,0.91,0.87,25.86,
Guilin,110.3,25.28,2010,9,2010-09,23.46,31.44,14.4,7.97,20.81,23.58,94.77,2.44,8.44,78.0,3.51,85.87,16.43,4.66,12.52,35.19,5.86,0.77,0.02,1.23,21.16,33.46,73.87,5.44,4.2,0.82,0.86,0.84,24.1,
Guilin,110.3,25.28,2010,10,2010-10,17.13,28.59,3.51,10.79,13.06,17.18,95.34,3.26,7.77,37.3,4.81,78.57,10.3,0.7,11.89,31.33,5.39,0.69,0.02,1.05,18.22,29.33,63.96,4.32,3.5,0.8,0.85,0.81,,
Guilin,110.3,25.28,2010,11,2010-11,13.02,23.88,4.84,11.57,8.19,12.51,95.59,2.46,5.98,39.7,3.6,74.81,7.19,1.13,10.97,27.96,4.7,0.57,0.01,0.78,14.64,25.84,50.76,2.74,2.22,0.76,0.81,0.78,,
Guilin,110.3,25.28,2010,12,2010-12,8.61,20.45,-7.55,11.3,3.42,7.86,95.45,3.01,9.07,38.1,4.1,72.42,5.44,3.92,8.81,27.06,3.81,0.47,0.01,0.6,13.65,24.23,59.75,1.19,1.75,0.8,0.82,0.81,,6.82
Guilin,110.3,25.28,2011,1,2011-01,1.49,12.03,-7.48,9.55,-2.99,2.13,96.0,3.57,9.96,35.9,4.84,74.04,3.23,1.22,4.71,26.87,2.14,0.28,0.01,0.39,13.99,21.86,92.54,0.15,1.24,0.8,0.84,0.82,,-2.17
Guilin,110.3,25.28,2011,2,2011-02,10.0,23.58,-2.64,10.6,6.63,10.28,95.35,3.07,8.87,99.8,4.19,80.92,6.89,1.8,8.02,29.68,3.56,0.46,0.01,0.65,16.44,25.6,82.81,0.8,1.63,0.8,0.84,0.82,,8.46
Guilin,110.3,25.28,2011,3,2011-03,10.29,21.42,1.33,10.07,6.13,10.99,95.65,3.38,11.0,46.9,4.46,77.36,6.43,3.17,7.42,29.86,3.44,0.46,0.01,0.7,19.6,25.73,92.0,0.93,2.1,0.82,0.85,0.83,,
Guilin,110.3,25.28,2011,4,2011-04,18.01,29.73,5.69,9.41,14.4,18.25,95.1,3.12,9.02,157.9,4.22,80.97,11.08,2.38,10.84,32.72,4.93,0.62,0.02,0.96,21.47,29.85,87.24,2.24,2.84,0.81,0.85,0.82,,
Guilin,110.3,25.28,2011,5,2011-05,20.54,29.87,9.66,9.77,16.99,20.74,94.71,3.41,9.42,137.2,4.65,81.46,13.13,8.12,14.6,33.09,6.66,0.87,0.02,1.39,25.33,31.21,69.74,4.07,4.49,0.85,0.88,0.87,20.78,
Guilin,110.3,25.28,2011,6,2011-06,24.83,31.05,17.32,6.34,22.65,24.94,94.24,3.02,8.2,179.8,4.35,88.22,18.4,12.2,13.15,36.15,6.3,0.86,0.02,1.44,25.6,34.45,91.81,3.81,4.4,0.9,0.92,0.91,25.67,
Guilin,110.3,25.28,2011,7,2011-07,25.69,31.49,20.54,7.64,22.61,25.87,94.27,2.71,8.05,184.0,3.92,83.98,18.33,2.0,17.53,35.89,8.07,1.04,0.03,1.76,24.41,34.56,73.16,7.58,5.71,0.86,0.91,0.87,26.51,
Guilin,110.3,25.28,2011,8,2011-08,24.76,30.97,17.34,7.66,21.59,24.78,94.5,2.61,7.23,182.1,3.75,83.49,17.24,2.39,18.48,34.87,8.52,1.11,0.03,1.87,24.42,33.69,59.41,7.23,4.81,0.8,0.85,0.81,25.47,
Guilin,110.3,25.28,2011,9,2011-09,22.61,30.34,11.94,8.75,19.09,22.81,94.78,2.83,9.76,53.1,4.06,81.32,15.0,2.77,12.7,34.99,5.89,0.77,0.02,1.21,20.79,32.98,76.53,6.17,4.24,0.76,0.81,0.78,23.05,
Guilin,110.3,25.28,2011,10,2011-10,17.74,28.95,9.3,9.5,14.14,17.86,95.37,2.97,8.44,48.9,4.25,80.83,10.78,2.89,10.95,31.94,5.02,0.65,0.02,0.97,17.66,29.82,67.51,3.99,3.05,0.75,0.79,0.77,,
Guilin,110.3,25.28,2011,11,2011-11,16.05,25.92,3.57,11.75,12.02,15.79,95.46,2.65,7.86,61.5,3.82,78.67,9.48,1.02,11.53,29.85,5.06,0.62,0.01,0.82,14.92,27.96,47.88,3.25,2.38,0.73,0.77,0.74,,
Guilin,110.3,25.28,2011,12,2011-12,6.66,19.15,-3.43,12.02,0.24,6.89,96.0,3.33,8.55,39.0,4.76,66.4,4.19,0.46,7.95,26.57,3.41,0.42,0.01,0.52,13.0,23.16,66.37,1.0,1.34,0.71,0.75,0.72,,4.27
Guilin,110.3,25.28,2012,1,2012-01,4.52,14.63,-4.31,9.35,1.06,5.22,95.75,2.96,7.02,41.1,3.94,79.63,4.41,3.42,4.39,27.97,2.05,0.28,0.01,0.41,13.76,23.3,93.04,0.28,1.01,0.75,0.77,0.77,,1.94
Guilin,110.3,25.28,2012,2,2012-02,7.53,21.83,-2.86,9.45,4.08,8.31,95.44,3.36,8.28,50.2,4.39,79.74,5.74,2.18,4.28,29.9,2.07,0.29,0.01,0.43,16.29,25.0,98.06,0.44,1.22,0.76,0.78,0.77,,5.31
Guilin,110.3,25.28,2012,3,2012-03,13.44,26.25,2.21,10.25,9.75,14.12,95.25,3.4,9.22,82.4,4.54,80.21,8.48,4.33,8.35,31.58,3.81,0.48,0.01,0.77,18.87,27.95,89.84,1.21,2.11,0.79,0.82,0.81,,
Guilin,110.3,25.28,2012,4,2012-04,19.36,30.33,9.95,9.97,15.94,19.87,94.78,3.47,10.39,161.9,4.82,82.03,12.33,6.3,11.76,33.37,5.45,0.72,0.02,1.13,22.69,30.73,84.49,2.72,3.55,0.82,0.85,0.84,,
Guilin,110.3,25.28,2012,5,2012-05,22.9,30.4,13.9,7.91,20.23,23.26,94.54,2.86,7.22,112.3,4.09,85.79,15.89,7.7,11.29,35.39,5.37,0.72,0.02,1.13,24.07,33.29,85.01,3.57,4.03,0.85,0.88,0.87,23.49,
Guilin,110.3,25.28,2012,6,2012-06,24.31,30.69,17.11,6.86,21.87,24.36,94.08,2.63,7.23,127.7,3.84,86.96,17.63,13.02,11.85,35.99,5.61,0.75,0.02,1.21,24.31,34.3,88.87,3.56,4.42,0.92,0.94,0.93,25.07,
Guilin,110.3,25.28,2012,7,2012-07,25.39,31.75,21.45,6.0,23.2,25.45,94.24,3.24,9.44,180.3,4.71,88.16,18.99,5.0,15.69,35.86,7.47,1.03,0.03,1.75,26.72,34.42,82.78,5.11,5.11,0.91,0.94,0.91,26.29,
Guilin,110.3,25.28,2012,8,2012-08,25.6,31.98,18.31,7.9,22.43,25.7,94.32,2.22,8.77,54.3,3.21,83.57,18.16,3.18,16.59,35.74,7.63,0.99,0.03,1.64,23.54,34.31,74.78,6.94,5.19,0.86,0.91,0.87,26.4,
Guilin,110.3,25.28,2012,9,2012-09,21.49,29.77,10.33,8.5,18.12,21.49,95.0,2.57,7.21,62.5,3.79,82.29,14.14,4.06,13.56,33.74,6.28,0.83,0.02,1.32,21.75,31.88,76.83,5.02,4.08,0.83,0.88,0.85,21.84,
Guilin,110.3,25.28,2012,10,2012-10,18.92,26.07,7.5,9.99,15.11,18.86,95.32,2.56,8.17,67.7,3.75,79.97,11.55,1.38,11.91,32.38,5.3,0.66,0.02,1.0,17.03,30.32,60.02,4.43,3.36,0.79,0.84,0.81,,
Guilin,110.3,25.28,2012,11,2012-11,13.0,23.78,3.26,10.24,9.56,13.01,95.37,2.92,7.88,56.2,4.16,81.19,8.14,4.44,7.59,30.11,3.44,0.45,0.01,0.63,15.1,27.3,72.12,1.79,2.13,0.82,0.85,0.84,,
Guilin,110.3,25.28,2012,12,2012-12,7.37,23.08,-4.58,9.61,3.85,7.48,95.66,3.43,9.07,45.5,4.66,79.94,5.65,1.96,6.05,28.35,2.71,0.35,0.01,0.47,13.18,24.45,80.55,0.68,1.48,0.82,0.86,0.84,,5.07
Guilin,110.3,25.28,2013,1,2013-01,6.76,19.6,-2.78,9.26,3.36,6.93,95.78,2.98,7.79,51.7,4.12,80.23,5.4,0.99,5.94,28.37,2.66,0.34,0.01,0.48,13.56,23.93,86.39,0.42,1.26,0.82,0.87,0.84,,4.62
Guilin,110.3,25.28,2013,2,2013-02,11.5,24.64,-1.35,9.49,9.08,12.16,95.49,3.6,9.79,109.5,4.82,85.61,8.15,1.88,6.22,30.78,2.94,0.4,0.01,0.66,17.15,26.88,90.29,0.7,1.64,0.82,0.86,0.84,,
Guilin,110.3,25.28,2013,3,2013-03,15.8,26.2,1.82,10.73,12.17,16.09,95.19,3.45,8.59,123.1,4.77,80.64,9.79,6.71,10.33,31.46,4.62,0.57,0.01,0.87,18.82,28.62,75.55,1.28,2.62,0.83,0.87,0.85,,
Guilin,110.3,25.28,2013,4,2013-04,17.57,28.06,5.28,9.15,14.72,17.78,94.91,3.36,8.74,128.6,4.63,84.37,11.58,8.7,10.33,32.98,4.79,0.62,0.02,0.99,22.08,30.07,84.14,1.52,3.33,0.89,0.92,0.91,,
Guilin,110.3,25.28,2013,5,2013-05,22.21,31.15,12.74,7.64,19.59,22.32,94.57,2.72,8.79,165.4,3.9,86.04,15.37,9.42,12.55,34.8,5.96,0.81,0.02,1.29,25.32,32.71,80.92,2.62,4.39,0.94,0.95,0.94,22.73,
Guilin,110.3,25.28,2013,6,2013-06,24.48,31.73,13.59,7.02,22.01,24.59,94.32,3.14,7.31,175.0,4.51,86.79,17.85,7.75,14.94,35.52,7.05,0.96,0.03,1.57,26.74,33.91,79.24,4.36,5.39,0.93,0.95,0.93,25.25,
Guilin,110.3,25.28,2013,7,2013-07,25.49,31.56,21.3,6.65,22.9,25.73,94.39,3.58,8.27,182.7,5.11,86.28,18.61,1.58,18.63,35.7,8.79,1.19,0.03,2.01,27.11,34.23,70.95,7.41,5.81,0.85,0.9,0.86,26.35,
Guilin,110.3,25.28,2013,8,2013-08,25.45,31.86,20.06,6.76,22.73,25.41,94.3,3.0,9.77,128.1,4.39,85.66,18.44,6.46,16.59,35.56,7.8,1.05,0.03,1.74,25.24,34.33,68.03,6.15,4.46,0.81,0.86,0.83,26.29,
Guilin,110.3,25.28,2013,9,2013-09,22.62,31.08,10.84,8.91,19.25,22.6,94.83,2.71,10.18,47.9,3.86,82.2,15.01,4.21,14.14,34.17,6.5,0.84,0.02,1.32,21.22,32.61,62.46,5.79,4.42,0.82,0.87,0.84,23.08,
Guilin,110.3,25.28,2013,10,2013-10,17.89,29.05,7.27,10.35,13.37,17.7,95.42,2.75,7.51,36.4,4.1,76.51,10.25,0.84,12.74,31.38,5.71,0.71,0.02,1.04,17.67,29.28,60.18,4.62,3.44,0.78,0.83,0.79,,
Guilin,110.3,25.28,2013,11,2013-11,13.59,26.26,0.6,10.82,9.53,13.41,95.63,2.91,7.58,48.5,4.21,78.31,8.16,3.69,9.7,29.82,4.33,0.55,0.01,0.76,15.43,26.98,66.46,2.47,2.29,0.79,0.82,0.8,,
Guilin,110.3,25.28,2013,12,2013-12,6.5,19.86,-4.48,11.21,0.99,5.97,95.81,2.94,8.23,34.1,4.22,70.5,4.47,2.3,9.56,25.24,3.95,0.46,0.01,0.55,12.64,22.76,50.52,0.96,1.52,0.8,0.84,0.81,,4.33
Guilin,110.3,25.28,2014,1,2014-01,8.37,21.67,-3.94,11.56,3.49,7.77,95.79,2.86,7.81,58.6,4.0,73.99,5.45,0.56,9.74,26.5,4.09,0.49,0.01,0.64,13.72,23.72,53.92,0.81,1.42,0.79,0.83,0.8,,6.63
Guilin,110.3,25.28,2014,2,2014-02,7.6,23.11,-4.52,9.36,4.36,8.22,95.48,3.28,8.05,56.9,4.28,81.15,6.03,2.56,6.52,28.89,2.97,0.39,0.01,0.59,17.11,24.7,85.86,0.48,1.33,0.79,0.82,0.8,,5.44
Guilin,110.3,25.28,2014,3,2014-03,13.7,26.82,4.5,9.3,10.81,14.46,95.35,3.39,10.81,100.7,4.55,83.7,8.96,3.86,6.7,31.72,3.18,0.42,0.01,0.66,18.94,27.85,95.0,1.08,2.15,0.81,0.84,0.83,,
Guilin,110.3,25.28,2014,4,2014-04,19.42,27.44,11.61,8.53,16.9,19.96,95.0,3.32,8.9,142.0,4.56,86.11,12.99,6.31,8.58,34.25,4.04,0.52,0.01,0.84,21.14,31.21,93.37,1.91,3.12,0.85,0.89,0.87,,
Guilin,110.3,25.28,2014,5,2014-05,21.94,30.04,11.09,8.25,19.38,22.23,94.63,3.03,9.41,145.3,4.26,86.18,15.31,8.38,11.23,35.3,5.36,0.73,0.02,1.15,24.63,33.05,89.12,2.98,4.15,0.88,0.91,0.9,22.44,
Guilin,110.3,25.28,2014,6,2014-06,25.02,31.36,19.14,6.47,22.72,25.14,94.22,2.44,7.1,136.6,3.54,87.72,18.51,12.34,12.62,36.22,5.91,0.78,0.02,1.26,24.0,34.68,84.66,3.61,4.61,0.94,0.95,0.94,25.87,
Guilin,110.3,25.28,2014,7,2014-07,25.96,32.56,22.26,5.65,23.65,25.84,94.36,2.19,7.67,179.7,3.17,87.57,19.51,6.55,18.39,35.87,8.65,1.16,0.03,1.99,26.28,34.68,74.56,3.81,4.3,0.95,0.96,0.94,26.9,
Guilin,110.3,25.28,2014,8,2014-08,25.17,32.42,18.96,6.29,22.72,25.23,94.49,2.07,5.07,160.5,2.97,86.9,18.45,6.4,15.17,35.75,7.11,0.94,0.03,1.59,23.89,34.39,82.12,4.72,4.61,0.92,0.95,0.92,26.01,
Guilin,110.3,25.28,2014,9,2014-09,23.92,30.94,14.0,7.72,21.19,24.0,94.76,2.61,8.24,103.4,3.78,85.4,16.84,2.82,15.29,35.05,7.12,0.95,0.03,1.54,22.27,33.5,67.68,5.43,4.59,0.87,0.92,0.88,24.6,
Guilin,110.3,25.28,2014,10,2014-10,19.81,27.63,10.78,9.97,16.07,19.59,95.35,2.51,6.12,74.4,3.75,80.24,12.23,1.3,14.15,31.6,6.27,0.78,0.02,1.14,17.97,30.13,46.2,4.65,3.59,0.81,0.86,0.83,,
Guilin,110.3,25.28,2014,11,2014-11,13.75,23.87,5.94,8.69,10.85,13.81,95.55,2.85,7.47,56.8,4.24,83.69,8.77,3.76,6.77,31.14,3.1,0.41,0.01,0.56,14.48,27.76,82.07,1.7,2.13,0.83,0.86,0.84,,
Guilin,110.3,25.28,2014,12,2014-12,6.95,18.55,-2.72,11.42,1.0,6.55,96.01,3.07,8.46,39.1,4.42,68.66,4.4,1.09,9.28,26.18,4.01,0.49,0.01,0.59,13.63,23.14,60.51,0.95,1.75,0.82,0.86,0.83,,4.79
Guilin,110.3,25.28,2015,1,2015-01,8.16,19.74,-0.31,9.53,4.52,8.04,95.82,3.01,6.37,56.8,4.12,79.43,5.73,2.0,7.49,27.74,3.3,0.41,0.01,0.52,13.87,24.35,71.63,0.61,1.4,0.82,0.85,0.83,,6.28
Guilin,110.3,25.28,2015,2,2015-02,11.07,24.9,-1.18,9.87,7.9,11.41,95.52,3.21,9.73,96.7,4.35,82.05,7.55,2.91,6.62,30.45,3.03,0.4,0.01,0.59,15.95,26.38,88.84,0.72,1.72,0.82,0.86,0.84,,
Guilin,110.3,25.28,2015,3,2015-03,14.4,27.7,2.72,8.78,11.86,15.17,95.37,3.26,9.66,112.0,4.37,85.44,9.65,1.97,6.17,32.33,2.96,0.4,0.01,0.62,19.03,28.51,94.26,1.16,2.2,0.83,0.87,0.84,,
Guilin,110.3,25.28,2015,4,2015-04,18.62,30.32,6.94,10.33,14.67,19.13,95.07,3.71,10.29,154.3,5.08,79.39,11.54,3.27,13.7,32.17,6.24,0.81,0.02,1.24,22.93,29.87,75.18,2.79,3.35,0.8,0.84,0.82,,
Guilin,110.3,25.28,2015,5,2015-05,22.92,30.27,10.38,7.97,20.57,23.18,94.52,3.08,9.61,150.4,4.42,87.33,16.31,12.87,10.9,35.67,5.22,0.71,0.02,1.13,24.57,33.48,91.0,2.82,3.94,0.88,0.91,0.9,23.55,
Guilin,110.3,25.28,2015,6,2015-06,24.97,30.52,18.12,5.66,23.31,25.03,94.35,3.74,8.42,185.9,5.35,90.8,19.16,13.72,12.39,36.28,6.0,0.84,0.02,1.38,26.16,34.58,90.89,3.08,4.68,0.95,0.96,0.94,25.89,
Guilin,110.3,25.28,2015,7,2015-07,24.51,31.84,16.17,6.85,22.12,24.61,94.28,2.77,6.6,106.6,4.03,87.23,17.88,7.92,13.47,35.77,6.38,0.87,0.03,1.46,25.38,34.18,83.42,4.92,4.91,0.92,0.95,0.92,25.29,
Guilin,110.3,25.28,2015,8,2015-08,24.64,31.83,18.36,7.42,21.88,24.68,94.52,2.39,5.82,130.6,3.48,85.47,17.53,6.97,15.5,35.41,7.25,0.97,0.03,1.61,24.21,33.86,78.84,5.65,5.02,0.9,0.93,0.91,25.39,
Guilin,110.3,25.28,2015,9,2015-09,23.05,29.44,15.86,7.57,20.66,23.17,94.88,2.5,7.29,85.0,3.73,87.08,16.27,5.06,11.16,35.4,5.31,0.72,0.02,1.17,21.35,33.44,83.96,4.2,4.34,0.91,0.94,0.91,23.68,
Guilin,110.3,25.28,2015,10,2015-10,19.15,27.66,10.52,9.66,15.48,18.84,95.37,2.79,7.66,48.8,3.99,80.66,11.75,5.18,13.24,31.66,6.02,0.77,0.02,1.15,18.89,29.98,56.75,3.88,3.77,0.88,0.92,0.89,,
Guilin,110.3,25.28,2015,11,2015-11,14.38,26.28,2.1,7.79,12.72,14.6,95.55,2.87,7.58,79.5,4.15,90.11,10.11,10.73,6.21,31.89,2.92,0.4,0.01,0.58,15.23,28.54,92.39,1.08,2.31,0.94,0.95,0.94,,
Guilin,110.3,25.28,2015,12,2015-12,7.67,18.62,-2.47,8.17,5.59,7.86,95.92,2.78,7.69,40.9,4.05,87.34,6.08,4.37,5.53,28.92,2.49,0.33,0.01,0.42,12.98,24.53,91.07,0.29,1.89,0.97,0.97,0.95,,5.85
Guilin,110.3,25.28,2016,1,2016-01,6.4,19.96,-4.15,7.72,4.41,6.64,95.81,3.07,9.18,46.4,4.12,87.56,5.76,3.01,5.75,28.37,2.65,0.36,0.01,0.48,14.67,24.01,90.67,0.16,1.61,0.96,0.97,0.94,,4.12
Guilin,110.3,25.28,2016,2,2016-02,8.16,22.0,-3.5,11.24,3.59,7.94,95.93,3.38,9.89,43.4,4.63,74.94,5.49,0.81,10.72,27.09,4.68,0.58,0.01,0.82,17.35,23.79,65.57,0.56,2.51,0.92,0.95,0.91,,6.06
Guilin,110.3,25.28,2016,3,2016-03,13.19,24.48,0.48,9.38,10.6,13.52,95.38,3.14,8.96,95.3,4.25,85.02,8.82,3.73,8.5,31.13,3.9,0.51,0.01,0.77,19.61,27.37,87.48,0.78,2.51,0.89,0.93,0.9,,
Guilin,110.3,25.28,2016,4,2016-04,19.73,27.59,8.17,8.17,17.76,20.05,94.76,3.21,11.64,158.8,4.54,88.99,13.6,11.67,8.57,34.16,4.02,0.52,0.01,0.84,20.99,31.32,90.74,1.3,3.59,0.95,0.96,0.94,,
Guilin,110.3,25.28,2016,5,2016-05,21.74,28.52,10.9,7.46,19.73,21.83,94.67,3.2,8.48,158.3,4.56,88.88,15.51,10.27,12.24,34.69,5.78,0.78,0.02,1.3,25.0,32.45,85.27,1.82,4.12,0.97,0.97,0.95,22.29,
Guilin,110.3,25.28,2016,6,2016-06,24.72,30.64,17.16,6.18,22.84,24.8,94.45,3.18,7.98,183.1,4.6,89.71,18.63,9.76,15.21,35.78,7.24,0.99,0.03,1.7,26.62,34.23,84.05,3.38,4.68,0.96,0.97,0.95,25.59,
Guilin,110.3,25.28,2016,7,2016-07,25.94,32.54,21.13,5.74,23.64,25.86,94.41,3.32,8.63,191.1,4.75,87.76,19.48,4.96,17.47,35.76,8.27,1.12,0.03,1.95,26.58,34.55,77.88,4.8,4.65,0.92,0.95,0.92,26.88,
Guilin,110.3,25.28,2016,8,2016-08,25.84,32.52,15.4,7.03,22.76,25.64,94.23,2.41,12.08,51.8,3.54,83.9,18.66,4.68,15.78,35.94,7.42,1.0,0.03,1.68,24.4,34.61,82.03,5.31,4.54,0.87,0.92,0.89,26.67,
Guilin,110.3,25.28,2016,9,2016-09,23.12,31.38,13.7,9.26,19.39,23.1,94.73,2.57,7.5,34.5,3.77,80.72,15.07,2.52,15.12,34.41,6.97,0.91,0.03,1.5,21.81,32.75,63.68,6.85,4.86,0.82,0.88,0.84,23.6,
Guilin,110.3,25.28,2016,10,2016-10,20.12,29.38,8.53,9.73,16.97,20.36,95.12,2.96,6.29,50.7,4.44,83.28,13.0,1.35,11.22,33.3,5.2,0.69,0.02,1.13,18.9,30.99,70.31,5.04,3.43,0.76,0.81,0.77,20.36,
Guilin,110.3,25.28,2016,11,2016-11,13.48,26.04,-0.79,9.58,10.51,13.56,95.58,3.23,7.43,46.4,4.45,83.25,9.07,3.91,7.98,30.65,3.69,0.49,0.01,0.75,15.27,27.77,71.93,2.03,2.19,0.78,0.81,0.8,,
Guilin,110.3,25.28,2016,12,2016-12,10.28,22.65,-0.95,11.47,5.93,10.17,95.76,3.0,9.09,47.4,4.35,76.58,6.39,1.68,9.69,27.37,4.24,0.53,0.01,0.72,13.91,24.9,58.71,1.38,1.7,0.78,0.82,0.8,,
Guilin,110.3,25.28,2017,1,2017-01,9.74,21.58,0.24,9.46,6.39,10.07,95.75,3.02,9.12,54.5,4.12,80.82,6.54,2.01,7.19,28.89,3.25,0.43,0.01,0.63,14.21,25.34,76.63,0.81,1.49,0.8,0.83,0.81,,8.17
Guilin,110.3,25.28,2017,2,2017-02,10.32,23.9,-0.7,10.89,5.94,10.84,95.72,3.34,9.47,61.0,4.45,76.35,6.52,2.11,8.47,29.15,3.8,0.49,0.01,0.73,17.08,25.27,79.31,0.98,1.88,0.79,0.83,0.81,,
Guilin,110.3,25.28,2017,3,2017-03,13.38,25.85,5.08,10.01,10.26,14.07,95.3,3.23,9.58,59.4,4.29,82.85,8.53,6.46,6.83,31.64,3.24,0.44,0.01,0.71,19.7,27.81,93.32,1.02,2.18,0.82,0.85,0.84,,
Guilin,110.3,25.28,2017,4,2017-04,18.72,28.48,4.65,10.23,15.03,19.21,94.97,3.65,8.56,169.1,5.04,80.77,11.69,3.79,12.49,32.63,5.77,0.76,0.02,1.24,23.57,29.9,80.96,2.6,3.61,0.84,0.88,0.85,,
Guilin,110.3,25.28,2017,5,2017-05,21.89,29.59,12.31,9.54,17.67,21.91,94.82,2.7,8.2,113.5,3.78,78.66,13.66,7.47,15.7,33.58,7.23,0.96,0.03,1.55,25.67,31.61,73.85,4.41,4.54,0.85,0.89,0.87,22.19,
Guilin,110.3,25.28,2017,6,2017-06,24.02,29.64,17.38,6.19,22.21,24.19,94.38,2.69,7.26,175.4,3.94,90.03,17.92,18.65,9.64,36.03,4.75,0.67,0.02,1.12,25.32,34.36,94.44,2.85,3.75,0.91,0.93,0.93,24.83,
Guilin,110.3,25.28,2017,7,2017-07,25.84,32.67,21.5,6.01,23.37,25.81,94.45,2.61,7.98,174.8,3.76,86.96,19.15,10.96,17.51,35.87,8.28,1.12,0.03,1.94,26.76,34.53,77.68,4.47,5.2,0.97,0.97,0.95,26.75,
Guilin,110.3,25.28,2017,8,2017-08,25.63,33.19,20.51,5.89,23.53,25.59,94.42,2.84,7.68,174.0,4.2,88.7,19.36,8.86,15.77,35.92,7.49,1.01,0.03,1.77,25.22,34.55,79.79,4.21,4.52,0.93,0.95,0.93,26.56,
Guilin,110.3,25.28,2017,9,2017-09,24.87,30.54,18.63,7.46,22.33,25.01,94.78,2.23,5.31,136.4,3.28,86.46,17.96,3.59,15.21,35.75,7.11,0.95,0.03,1.58,21.91,34.12,70.37,5.4,4.68,0.89,0.93,0.89,25.67,
Guilin,110.3,25.28,2017,10,2017-10,18.64,29.72,5.56,9.77,15.24,18.8,95.36,3.24,9.33,43.6,4.66,81.75,11.86,0.77,12.71,32.33,5.79,0.75,0.02,1.16,18.74,30.06,66.1,4.47,3.75,0.83,0.88,0.84,,
Guilin,110.3,25.28,2017,11,2017-11,13.7,25.55,3.96,9.4,10.14,13.83,95.6,2.93,7.62,41.3,4.16,80.47,8.51,1.76,7.56,30.58,3.46,0.45,0.01,0.67,14.86,27.61,82.49,2.08,2.27,0.8,0.84,0.81,,
Guilin,110.3,25.28,2017,12,2017-12,8.15,17.75,-3.18,10.93,2.9,7.92,95.94,2.99,8.89,38.5,4.33,72.43,5.12,1.04,8.67,26.86,3.73,0.46,0.01,0.58,13.47,23.68,65.39,1.03,1.55,0.79,0.83,0.8,,6.28
Guilin,110.3,25.28,2018,1,2018-01,6.51,17.37,-4.71,9.47,2.89,6.72,95.61,3.2,8.49,46.8,4.2,79.35,5.27,2.3,5.99,28.6,2.73,0.36,0.01,0.49,14.3,24.23,89.07,0.39,1.3,0.81,0.84,0.82,,4.17
Guilin,110.3,25.28,2018,2,2018-02,9.21,23.61,-4.06,10.94,4.35,9.61,95.64,3.18,9.68,64.5,4.51,73.91,6.14,0.82,8.02,28.94,3.59,0.46,0.01,0.67,16.92,24.65,85.06,0.79,1.64,0.79,0.83,0.8,,7.44
Guilin,110.3,25.28,2018,3,2018-03,15.82,26.4,1.35,10.39,11.91,16.1,95.23,3.44,10.36,153.6,4.64,79.43,9.65,5.52,11.5,31.14,5.21,0.68,0.02,1.01,20.4,27.95,73.78,1.59,2.69,0.82,0.85,0.84,,
Guilin,110.3,25.28,2018,4,2018-04,19.01,27.68,5.59,9.93,14.92,19.3,95.06,3.69,10.72,171.3,5.06,78.85,11.75,4.26,12.19,32.72,5.59,0.74,0.02,1.13,23.35,29.94,85.49,2.64,3.51,0.83,0.86,0.84,,
Guilin,110.3,25.28,2018,5,2018-05,23.46,30.37,15.62,7.53,20.96,23.71,94.71,3.79,9.3,184.6,5.34,86.57,16.59,8.7,13.05,35.48,6.21,0.85,0.02,1.38,25.52,33.21,83.36,3.8,4.33,0.86,0.9,0.88,24.12,
Guilin,110.3,25.28,2018,6,2018-06,24.37,30.56,17.88,7.23,21.75,24.63,94.32,2.83,7.09,145.2,4.09,86.18,17.45,8.74,14.11,35.84,6.73,0.93,0.03,1.55,26.26,34.0,85.87,5.22,4.92,0.87,0.91,0.89,25.11,
Guilin,110.3,25.28,2018,7,2018-07,26.37,33.02,21.61,6.51,23.34,26.42,94.2,2.25,6.9,166.3,3.25,84.26,19.18,6.13,18.37,35.98,8.67,1.17,0.03,1.97,26.73,34.64,79.72,6.31,5.23,0.88,0.92,0.89,28.65,
Guilin,110.3,25.28,2018,8,2018-08,25.71,32.48,19.68,7.24,22.84,25.63,94.15,2.22,5.51,47.3,3.28,85.1,18.62,5.27,15.77,35.93,7.43,1.0,0.03,1.68,24.77,34.48,81.19,5.72,4.52,0.85,0.89,0.87,26.56,
Guilin,110.3,25.28,2018,9,2018-09,23.36,30.5,13.51,8.16,20.15,23.41,94.84,2.78,11.66,68.9,4.07,83.13,15.86,4.39,14.82,34.69,6.93,0.93,0.03,1.52,22.46,32.86,76.91,5.87,4.67,0.84,0.88,0.85,23.92,
Guilin,110.3,25.28,2018,10,2018-10,17.14,26.03,8.98,9.58,12.99,16.98,95.48,2.65,6.76,40.4,3.96,78.68,9.97,3.87,11.5,30.91,5.26,0.68,0.02,1.05,18.67,28.65,70.08,3.71,3.34,0.83,0.87,0.84,,
Guilin,110.3,25.28,2018,11,2018-11,13.76,23.59,3.75,10.11,10.52,13.55,95.58,2.49,6.72,49.8,3.54,82.09,8.52,3.65,9.44,29.55,4.26,0.55,0.01,0.82,15.73,27.14,62.05,2.01,2.33,0.84,0.89,0.86,,
Guilin,110.3,25.28,2018,12,2018-12,7.62,24.15,-7.23,8.29,4.92,7.78,95.86,3.65,7.61,40.1,4.82,83.91,6.24,2.15,4.52,29.23,2.11,0.29,0.01,0.43,13.06,25.3,91.35,0.5,1.54,0.85,0.9,0.87,,5.25
Guilin,110.3,25.28,2019,1,2019-01,6.91,19.75,-5.07,8.47,4.62,7.2,95.91,2.94,7.25,44.3,3.92,86.08,5.74,2.93,4.97,29.15,2.32,0.32,0.01,0.5,13.9,24.73,93.05,0.24,1.35,0.88,0.91,0.89,,4.83
Guilin,110.3,25.28,2019,2,2019-02,8.33,22.65,-0.44,8.97,6.33,9.08,95.52,3.34,10.31,51.7,4.16,87.57,6.54,3.87,4.87,30.72,2.33,0.32,0.01,0.53,16.39,26.35,95.68,0.34,1.64,0.88,0.92,0.89,,6.29
Guilin,110.3,25.28,2019,3,2019-03,14.22,26.03,5.71,9.29,11.81,14.67,95.23,3.46,9.89,72.6,4.66,86.25,9.43,6.7,8.61,31.69,4.01,0.53,0.01,0.86,19.55,28.14,86.68,0.78,2.84,0.92,0.95,0.92,,
Guilin,110.3,25.28,2019,4,2019-04,19.58,28.65,9.08,7.85,17.66,19.79,94.85,3.23,9.13,159.9,4.46,89.13,13.83,11.42,10.62,34.23,4.98,0.65,0.02,1.06,21.73,31.31,84.99,1.15,3.57,0.95,0.96,0.94,,
Guilin,110.3,25.28,2019,5,2019-05,21.48,29.98,12.28,7.96,19.08,21.73,94.69,2.86,8.0,118.2,4.08,86.83,14.96,5.29,10.5,34.99,4.97,0.66,0.02,1.11,23.79,32.49,87.04,2.41,4.34,0.95,0.97,0.94,21.95,
Guilin,110.3,25.28,2019,6,2019-06,24.7,30.43,17.58,6.14,22.84,24.79,94.28,3.06,8.39,183.1,4.42,89.87,18.69,16.9,13.35,35.97,6.39,0.88,0.03,1.49,26.33,34.37,85.82,2.89,4.54,0.97,0.97,0.96,25.57,
Guilin,110.3,25.28,2019,7,2019-07,25.62,31.61,18.81,5.8,23.65,25.66,94.25,2.7,6.87,180.3,3.98,89.33,19.56,18.15,15.03,36.09,7.16,0.98,0.03,1.7,26.14,34.69,85.9,3.74,4.93,0.97,0.98,0.96,26.57,
Guilin,110.3,25.28,2019,8,2019-08,26.88,32.62,19.97,7.62,23.25,26.84,94.26,2.04,6.45,59.6,2.98,81.53,19.09,3.55,19.33,35.97,8.98,1.18,0.03,2.0,25.02,34.6,70.23,7.32,5.62,0.88,0.92,0.89,29.61,
Guilin,110.3,25.28,2019,9,2019-09,23.73,31.8,12.77,9.9,18.74,23.37,94.98,2.4,6.64,48.0,3.54,75.33,14.67,1.01,18.76,33.37,8.57,1.1,0.03,1.81,22.82,31.93,51.14,7.84,5.15,0.8,0.86,0.81,24.13,
Guilin,110.3,25.28,2019,10,2019-10,19.18,29.84,7.78,9.43,15.55,19.04,95.39,2.4,6.35,65.4,3.44,80.99,11.9,2.89,11.32,32.25,5.2,0.67,0.02,1.01,18.2,30.11,63.4,4.56,3.3,0.76,0.8,0.78,,
Guilin,110.3,25.28,2019,11,2019-11,13.71,25.43,2.71,10.76,9.18,13.54,95.64,2.92,9.69,50.2,4.13,75.73,7.91,1.29,10.4,29.71,4.65,0.59,0.01,0.8,15.45,26.91,62.67,2.73,2.34,0.75,0.79,0.76,,
Guilin,110.3,25.28,2019,12,2019-12,9.83,23.41,-0.86,11.22,4.79,9.49,95.83,2.95,8.15,43.2,4.16,73.66,5.97,1.1,8.86,27.37,3.87,0.48,0.01,0.6,13.69,24.5,59.46,1.41,1.53,0.74,0.77,0.75,,8.32
Guilin,110.3,25.28,2020,1,2020-01,8.83,22.05,-3.96,10.49,5.71,9.17,95.65,3.24,8.79,65.4,4.47,82.35,6.43,2.89,5.84,29.46,2.69,0.36,0.01,0.46,14.4,25.16,86.14,0.68,1.29,0.76,0.78,0.78,,6.95
Guilin,110.3,25.28,2020,2,2020-02,11.99,24.58,-0.42,10.03,8.76,12.33,95.73,3.19,11.54,96.2,4.38,81.92,7.91,5.32,7.4,30.95,3.4,0.45,0.01,0.65,16.49,26.61,91.73,0.83,1.8,0.81,0.83,0.83,,
Guilin,110.3,25.28,2020,3,2020-03,15.21,25.98,3.64,9.09,12.6,15.63,95.2,3.53,10.15,100.7,4.8,85.23,10.05,8.42,7.87,32.44,3.7,0.49,0.01,0.73,19.27,28.75,91.67,0.95,2.41,0.86,0.89,0.88,,
Guilin,110.3,25.28,2020,4,2020-04,16.1,27.35,5.62,9.55,12.64,16.23,95.37,3.15,7.64,80.4,4.29,81.43,9.93,5.97,12.47,31.3,5.71,0.75,0.02,1.12,23.06,28.53,80.99,1.54,3.35,0.91,0.94,0.91,,
Guilin,110.3,25.28,2020,5,2020-05,23.53,30.95,13.74,8.42,20.87,23.71,94.57,3.2,8.63,180.3,4.63,85.87,16.55,11.06,13.67,35.39,6.44,0.87,0.02,1.41,25.33,33.12,84.82,3.4,4.59,0.9,0.93,0.91,24.18,
Guilin,110.3,25.28,2020,6,2020-06,25.21,29.7,20.23,5.08,23.74,25.19,94.32,4.06,8.61,189.0,5.88,91.8,19.64,17.77,11.0,36.37,5.37,0.76,0.02,1.31,26.54,34.54,94.81,2.44,4.81,0.98,0.98,0.96,26.18,
Guilin,110.3,25.28,2020,7,2020-07,25.74,30.24,21.75,5.55,23.84,25.73,94.39,3.7,9.0,191.4,5.33,89.59,19.71,9.99,16.17,35.87,7.66,1.05,0.03,1.88,26.56,34.53,87.82,4.22,5.37,0.96,0.97,0.94,26.71,
Guilin,110.3,25.28,2020,8,2020-08,25.55,31.71,20.64,6.65,22.77,25.58,94.44,2.73,7.58,167.7,3.93,85.39,18.48,4.2,18.32,35.54,8.61,1.16,0.03,2.03,25.7,34.12,71.59,6.23,5.35,0.89,0.93,0.9,26.39,
Guilin,110.3,25.28,2020,9,2020-09,22.5,30.89,14.61,7.17,20.48,22.62,94.81,2.45,6.7,88.2,3.54,88.9,16.12,8.95,10.18,35.27,4.87,0.67,0.02,1.12,21.22,33.36,85.18,3.39,3.81,0.9,0.93,0.91,23.13,
Guilin,110.3,25.28,2020,10,2020-10,16.98,28.22,8.42,8.84,14.43,17.12,95.42,3.13,7.18,38.7,4.6,85.74,11.08,2.67,10.53,32.28,4.88,0.65,0.02,1.0,18.13,29.67,78.64,2.58,3.39,0.91,0.94,0.91,,
Guilin,110.3,25.28,2020,11,2020-11,13.89,25.1,2.15,9.94,10.53,13.84,95.72,3.29,8.79,47.2,4.72,81.52,8.74,0.39,9.37,29.95,4.24,0.54,0.01,0.76,15.37,27.29,64.66,2.22,2.58,0.85,0.9,0.86,,
Guilin,110.3,25.28,2020,12,2020-12,6.52,17.12,-3.53,10.15,2.96,6.88,95.93,3.26,9.7,36.2,4.56,79.37,5.2,0.54,6.18,28.21,2.76,0.36,0.01,0.46,13.06,23.73,82.72,0.6,1.49,0.83,0.87,0.84,,4.14
Guilin,110.3,25.28,2021,1,2021-01,7.14,18.78,-4.39,11.41,1.77,6.79,95.81,2.93,8.99,40.5,4.06,71.25,4.86,0.25,9.35,26.86,4.09,0.51,0.01,0.65,14.6,23.42,63.02,0.65,1.47,0.81,0.85,0.82,,5.11
Guilin,110.3,25.28,2021,2,2021-02,13.01,24.32,3.85,10.31,9.49,13.04,95.45,2.77,8.16,61.6,3.76,80.73,7.96,3.94,9.68,30.32,4.36,0.56,0.01,0.73,16.97,26.85,72.18,1.08,1.98,0.82,0.85,0.83,,
Guilin,110.3,25.28,2021,3,2021-03,15.54,28.86,5.5,8.84,12.92,16.06,95.23,3.49,8.86,137.9,4.83,85.3,10.34,5.72,7.69,32.89,3.56,0.45,0.01,0.72,18.54,29.15,90.56,1.08,2.46,0.86,0.9,0.87,,
Guilin,110.3,25.28,2021,4,2021-04,17.98,28.25,9.66,8.22,15.55,18.39,95.13,2.96,6.84,79.4,4.13,86.5,11.9,7.98,7.99,33.77,3.78,0.5,0.01,0.78,21.34,30.63,91.99,1.47,3.09,0.89,0.92,0.9,,
Guilin,110.3,25.28,2021,5,2021-05,22.74,29.66,14.75,7.22,20.84,22.82,94.63,3.46,9.72,190.3,4.83,89.42,16.57,15.72,10.66,35.64,5.15,0.72,0.02,1.18,25.43,33.35,92.75,1.88,4.58,0.97,0.97,0.96,23.4,
Guilin,110.3,25.28,2021,6,2021-06,25.1,30.5,14.82,7.43,22.29,25.13,94.35,2.72,8.43,179.5,3.89,85.4,18.14,8.66,15.41,35.71,7.28,0.99,0.03,1.65,26.29,34.21,85.1,4.71,5.51,0.93,0.96,0.93,25.9,
Guilin,110.3,25.28,2021,7,2021-07,26.28,32.51,21.33,7.21,23.3,26.32,94.31,2.72,7.69,180.5,3.94,84.46,19.1,5.97,19.99,35.79,9.36,1.25,0.04,2.15,26.73,34.49,75.62,6.61,6.14,0.92,0.95,0.92,28.46,
Guilin,110.3,25.28,2021,8,2021-08,26.03,32.92,20.03,7.17,23.15,26.17,94.47,2.43,6.33,178.8,3.48,84.94,18.9,4.13,17.64,35.92,8.31,1.12,0.03,1.93,25.19,34.66,87.01,7.24,5.45,0.84,0.89,0.86,26.91,
Guilin,110.3,25.28,2021,9,2021-09,25.48,31.97,19.61,8.18,21.65,25.33,94.87,1.87,6.16,147.9,2.62,80.28,17.18,2.98,19.04,35.19,8.88,1.16,0.03,1.88,22.95,33.91,57.37,7.6,5.05,0.8,0.85,0.82,26.18,
Guilin,110.3,25.28,2021,10,2021-10,17.78,29.95,7.04,9.41,14.31,17.92,95.4,3.91,10.14,38.0,5.47,81.12,11.14,3.17,10.86,32.36,5.07,0.67,0.02,1.01,18.64,29.99,73.33,4.15,3.35,0.77,0.82,0.79,,
Guilin,110.3,25.28,2021,11,2021-11,13.15,26.17,3.1,10.37,8.75,13.04,95.61,2.98,9.08,40.9,4.32,76.97,7.93,4.08,9.06,29.5,4.14,0.54,0.01,0.73,16.03,26.65,71.91,2.09,2.38,0.81,0.85,0.83,,
Guilin,110.3,25.28,2021,12,2021-12,8.97,21.0,-3.66,11.77,4.27,8.7,95.96,2.91,8.25,41.1,4.07,74.6,5.61,0.45,9.73,26.87,4.29,0.53,0.01,0.65,14.07,24.13,56.22,1.4,1.7,0.79,0.83,0.8,,7.32
Guilin,110.3,25.28,2022,1,2022-01,7.72,18.57,-4.62,8.52,5.39,8.1,95.65,2.87,5.74,47.3,3.86,85.9,6.02,3.48,4.83,29.13,2.25,0.31,0.01,0.4,13.91,24.66,93.36,0.35,1.15,0.8,0.84,0.82,,5.84
Guilin,110.3,25.28,2022,2,2022-02,5.18,20.13,-5.22,9.82,2.6,5.75,95.75,3.42,8.68,40.6,4.46,84.4,4.98,4.7,6.67,28.11,3.09,0.42,0.01,0.59,17.48,23.66,88.7,0.33,1.54,0.85,0.88,0.87,,2.42
Guilin,110.3,25.28,2022,3,2022-03,16.73,27.24,5.02,10.52,13.75,17.08,95.07,3.58,10.31,158.7,4.79,83.61,10.73,3.24,10.42,32.04,4.79,0.63,0.02,0.94,20.33,28.96,82.1,1.43,2.82,0.85,0.89,0.86,,
Guilin,110.3,25.28,2022,4,2022-04,18.06,28.7,5.81,9.78,14.02,18.16,95.13,3.48,8.84,95.2,4.72,79.27,11.09,10.4,14.69,31.59,6.68,0.86,0.02,1.33,23.54,29.41,66.76,2.16,3.91,0.87,0.9,0.89,,
Guilin,110.3,25.28,2022,5,2022-05,19.97,27.9,8.26,8.13,17.32,20.03,94.8,2.71,7.53,76.7,3.83,85.69,13.44,14.73,10.88,33.57,5.17,0.7,0.02,1.11,24.85,31.27,91.2,1.87,3.92,0.95,0.96,0.95,,
Guilin,110.3,25.28,2022,6,2022-06,24.47,30.56,17.41,5.97,22.66,24.5,94.28,3.35,8.58,182.5,4.87,90.15,18.45,20.93,11.03,36.15,5.39,0.75,0.02,1.23,26.16,34.44,93.09,2.43,4.84,0.99,0.99,0.97,25.33,
Guilin,110.3,25.28,2022,7,2022-07,25.86,31.01,21.58,6.73,23.44,25.92,94.38,3.06,9.07,200.0,4.38,87.14,19.26,4.45,18.85,36.03,8.94,1.21,0.04,2.1,27.21,34.82,67.48,5.96,5.75,0.92,0.95,0.92,26.78,
Guilin,110.3,25.28,2022,8,2022-08,26.26,33.46,20.85,7.51,23.14,26.42,94.53,2.41,6.45,167.6,3.43,83.84,18.88,1.96,18.61,36.43,8.81,1.19,0.03,2.07,25.86,35.11,72.91,8.41,5.75,0.82,0.88,0.83,28.38,
Guilin,110.3,25.28,2022,9,2022-09,24.25,32.24,15.24,10.01,18.95,24.2,94.89,2.26,5.64,44.7,3.35,73.63,14.56,0.22,17.77,34.7,8.16,1.05,0.03,1.73,22.29,33.03,64.67,8.16,4.81,0.72,0.79,0.72,24.65,
Guilin,110.3,25.28,2022,10,2022-10,19.0,31.16,8.88,12.25,11.86,19.23,95.49,3.54,10.0,43.9,5.12,66.42,9.64,0.26,15.38,31.04,6.97,0.89,0.02,1.36,19.76,29.2,53.07,3.42,2.85,0.66,0.72,0.65,,
Guilin,110.3,25.28,2022,11,2022-11,16.95,28.17,0.77,11.04,12.73,17.23,95.36,3.1,9.64,71.5,4.37,78.27,9.99,2.42,8.72,31.6,4.0,0.52,0.01,0.76,15.43,28.95,71.89,1.37,1.76,0.66,0.69,0.66,,
Guilin,110.3,25.28,2022,12,2022-12,6.75,18.63,-3.02,11.9,0.35,6.91,95.91,3.28,10.22,37.2,4.58,67.17,4.2,0.74,8.58,26.9,3.76,0.48,0.01,0.62,14.1,23.16,69.62,0.73,1.15,0.68,0.7,0.69,,4.41
Guilin,110.3,25.28,2023,1,2023-01,8.29,22.75,-4.37,12.73,2.37,8.49,95.83,3.41,9.42,44.1,4.75,69.6,5.18,0.54,9.18,27.15,4.02,0.51,0.01,0.68,15.07,23.7,65.07,0.6,1.08,0.67,0.69,0.67,,6.2
Guilin,110.3,25.28,2023,2,2023-02,10.97,25.49,-1.04,10.95,6.68,11.68,95.64,3.36,9.07,58.1,4.55,76.93,6.72,2.41,7.81,29.34,3.53,0.45,0.01,0.66,16.59,25.88,77.32,0.71,1.31,0.7,0.71,0.71,,
Guilin,110.3,25.28,2023,3,2023-03,15.58,30.02,5.19,11.73,10.86,16.27,95.36,3.27,12.01,85.3,4.38,75.85,8.81,4.28,9.83,31.4,4.49,0.57,0.02,0.9,19.07,28.05,80.69,1.32,1.98,0.7,0.71,0.71,,
Guilin,110.3,25.28,2023,4,2023-04,19.62,29.56,7.73,10.78,15.5,20.1,94.87,4.03,10.98,148.8,5.42,79.12,12.12,6.28,11.32,33.54,5.22,0.67,0.02,1.05,22.01,30.59,83.15,3.0,3.19,0.74,0.75,0.76,,
Guilin,110.3,25.28,2023,5,2023-05,23.01,32.7,12.15,9.79,19.22,23.41,94.71,3.58,11.87,168.5,4.97,80.67,15.09,11.12,12.66,35.3,6.02,0.81,0.02,1.37,25.19,32.86,85.33,5.62,4.97,0.79,0.8,0.81,23.47,
Guilin,110.3,25.28,2023,6,2023-06,25.14,32.67,18.36,7.64,22.16,25.34,94.45,2.65,7.99,163.0,3.89,84.63,17.84,11.38,14.44,36.3,6.93,0.96,0.03,1.63,26.6,34.46,87.26,5.88,5.1,0.84,0.86,0.86,25.92,
Guilin,110.3,25.28,2023,7,2023-07,26.44,32.18,21.6,7.16,23.46,26.6,94.42,3.41,9.02,190.6,4.92,84.5,19.26,1.79,17.52,36.77,8.34,1.14,0.03,2.0,26.83,35.33,84.82,8.44,5.68,0.8,0.85,0.81,28.83,
Guilin,110.3,25.28,2023,8,2023-08,26.05,32.3,17.81,7.59,22.66,26.27,94.36,2.01,6.23,127.6,2.84,82.51,18.41,4.5,15.63,36.61,7.43,1.01,0.03,1.74,25.04,35.07,84.22,8.34,5.43,0.76,0.8,0.78,26.86,
Guilin,110.3,25.28,2023,9,2023-09,24.38,31.02,16.97,8.46,21.22,24.55,94.8,2.63,6.11,66.4,3.92,83.53,16.77,2.58,14.22,35.81,6.73,0.91,0.03,1.48,22.63,33.96,74.07,7.17,4.64,0.74,0.78,0.76,25.05,
Guilin,110.3,25.28,2023,10,2023-10,20.19,30.15,10.43,10.6,15.51,20.3,95.41,2.71,7.56,55.1,3.94,76.21,11.84,1.09,12.88,32.71,5.94,0.78,0.02,1.18,19.35,30.59,64.69,4.38,3.15,0.68,0.73,0.68,20.25,
Guilin,110.3,25.28,2023,11,2023-11,15.27,27.05,3.57,10.63,10.45,14.87,95.69,2.88,8.11,57.1,3.99,75.05,8.69,2.28,10.45,29.84,4.7,0.6,0.01,0.79,15.95,27.52,60.64,2.45,2.15,0.7,0.73,0.71,,
Guilin,110.3,25.28,2023,12,2023-12,9.94,25.16,-4.54,11.95,4.66,9.93,95.88,3.51,11.11,46.5,4.89,72.06,6.34,0.83,8.64,28.08,3.84,0.48,0.01,0.57,14.05,25.19,68.04,1.04,1.36,0.69,0.72,0.69,,8.15
Guilin,110.3,25.28,2024,1,2024-01,8.93,21.18,-8.06,9.19,6.19,9.24,95.84,3.04,9.41,56.9,4.23,83.95,6.68,5.84,5.14,29.6,2.4,0.32,0.01,0.42,13.92,25.12,92.64,0.59,1.29,0.75,0.76,0.78,,7.19
Guilin,110.3,25.28,2024,2,2024-02,8.91,27.18,-2.32,10.58,5.17,9.44,95.66,4.35,11.15,68.8,5.53,78.98,6.47,2.45,6.69,29.16,3.07,0.41,0.01,0.6,17.02,25.47,84.15,0.78,1.61,0.77,0.8,0.79,,6.49
Guilin,110.3,25.28,2024,3,2024-03,15.74,28.67,-1.15,11.47,11.67,16.31,95.29,3.76,10.98,139.3,5.18,78.83,9.62,3.36,10.18,31.91,4.7,0.61,0.02,0.92,20.24,28.22,88.23,1.82,2.56,0.78,0.8,0.79,,
Guilin,110.3,25.28,2024,4,2024-04,21.27,29.87,11.54,8.55,18.72,21.72,94.67,3.18,10.07,153.0,4.47,86.2,14.53,12.98,9.92,34.76,4.67,0.59,0.01,0.87,21.13,32.2,88.48,2.22,3.54,0.85,0.87,0.88,21.7,
Guilin,110.3,25.28,2024,5,2024-05,21.85,30.14,12.42,8.65,18.82,22.01,94.82,2.71,7.86,100.8,3.87,84.0,14.54,8.36,12.51,34.43,5.9,0.79,0.02,1.2,24.8,32.22,86.42,3.23,4.41,0.9,0.93,0.91,22.28,
Guilin,110.3,25.28,2024,6,2024-06,24.71,30.1,16.86,6.56,22.78,24.96,94.47,3.0,7.48,175.8,4.32,89.51,18.55,21.41,10.2,36.33,5.01,0.71,0.02,1.19,26.15,34.57,93.94,3.44,5.36,0.96,0.96,0.95,25.57,
Guilin,110.3,25.28,2024,7,2024-07,26.21,33.35,21.9,6.46,23.77,26.33,94.36,3.22,8.74,184.9,4.7,87.08,19.64,7.45,17.95,36.52,8.55,1.17,0.03,2.02,27.27,35.15,77.02,6.35,6.17,0.92,0.95,0.91,28.43,
Guilin,110.3,25.28,2024,8,2024-08,26.14,31.6,21.43,7.31,23.26,26.28,94.5,2.17,6.32,185.5,3.11,84.97,19.02,4.05,17.33,36.42,8.21,1.11,0.03,1.92,25.29,35.09,70.9,6.96,5.48,0.87,0.91,0.88,27.03,
Guilin,110.3,25.28,2024,9,2024-09,24.86,31.69,14.23,8.63,21.42,24.76,94.67,2.59,8.39,47.0,3.85,82.11,17.14,1.85,15.85,35.8,7.47,1.0,0.03,1.65,22.54,34.19,71.73,6.65,4.76,0.81,0.86,0.82,25.55,
Guilin,110.3,25.28,2024,10,2024-10,18.31,27.21,7.12,10.99,14.01,18.27,95.35,3.24,8.62,40.7,4.79,77.67,10.76,2.49,13.79,31.43,6.3,0.81,0.02,1.22,19.24,29.36,59.74,5.11,3.74,0.77,0.81,0.78,,
Guilin,110.3,25.28,2024,11,2024-11,14.96,27.17,4.09,11.57,10.5,14.92,95.66,3.02,7.92,43.7,4.44,76.67,8.62,0.27,12.53,29.7,5.62,0.71,0.02,0.98,16.18,27.26,52.73,3.49,2.52,0.73,0.78,0.74,,
Guilin,110.3,25.28,2024,12,2024-12,8.15,22.55,-1.84,11.5,2.31,8.08,95.9,3.07,7.43,39.5,4.43,69.32,4.94,0.67,8.01,27.57,3.51,0.44,0.01,0.54,13.24,23.91,70.92,1.16,1.4,0.72,0.76,0.73,,6.23
Guilin,110.3,25.28,2025,1,2025-01,9.13,20.06,-3.74,12.77,2.23,8.79,95.8,2.9,10.13,47.5,4.13,65.51,4.95,1.41,10.48,26.43,4.47,0.54,0.01,0.65,14.72,23.63,52.61,1.02,1.35,0.7,0.74,0.71,,7.51
Guilin,110.3,25.28,2025,2,2025-02,8.42,23.69,-3.95,9.39,4.69,9.11,95.8,3.3,8.71,47.6,4.45,79.12,5.84,2.43,4.64,29.41,2.2,0.3,0.01,0.43,16.08,24.81,92.46,0.48,1.22,0.74,0.76,0.76,,6.42
Guilin,110.3,25.28,2025,3,2025-03,13.78,28.71,2.35,11.43,8.68,14.37,95.42,3.93,10.06,51.9,5.18,73.7,7.97,2.74,10.51,30.66,4.76,0.6,0.01,0.88,19.77,27.18,77.09,1.77,2.34,0.75,0.78,0.76,,
Guilin,110.3,25.28,2025,4,2025-04,20.01,30.4,3.94,10.97,14.7,20.23,94.99,2.85,12.9,169.0,4.02,73.96,11.49,5.74,12.94,33.02,5.91,0.75,0.02,1.12,22.18,30.45,80.34,3.24,3.36,0.74,0.77,0.76,20.0,
Guilin,110.3,25.28,2025,5,2025-05,22.02,29.71,10.97,8.71,18.8,22.15,94.78,3.0,9.38,164.6,4.27,83.25,14.65,13.0,12.81,34.23,6.02,0.81,0.02,1.27,25.63,32.23,84.27,3.59,4.18,0.84,0.86,0.87,22.45,
Guilin,110.3,25.28,2025,6,2025-06,24.66,30.4,17.03,6.47,22.34,24.79,94.44,3.2,9.73,174.7,4.55,87.57,18.06,15.38,13.47,36.2,6.51,0.91,0.03,1.56,26.72,34.45,89.13,4.19,5.33,0.92,0.94,0.93,25.47,
Guilin,110.3,25.28,2025,7,2025-07,26.86,32.6,21.27,7.57,23.35,26.85,94.12,2.15,7.45,57.3,3.11,81.98,19.21,3.5,19.18,36.6,9.07,1.22,0.04,2.11,26.75,35.44,74.31,7.66,6.06,0.88,0.93,0.89,29.6,
Guilin,110.3,25.28,2025,8,2025-08,25.71,31.19,21.0,6.92,22.64,25.7,94.59,2.36,7.53,176.6,3.36,83.94,18.31,9.13,18.05,36.06,8.55,1.15,0.03,1.99,25.69,34.71,79.71,6.54,5.51,0.87,0.91,0.89,26.53,
Guilin,110.3,25.28,2025,9,2025-09,24.57,30.53,16.51,7.62,21.68,24.61,94.84,2.78,9.04,99.6,3.96,84.63,17.25,2.63,15.61,35.61,7.4,1.0,0.03,1.66,22.92,34.13,75.93,6.18,4.78,0.84,0.89,0.86,25.29,
Guilin,110.3,25.28,2025,10,2025-10,20.18,30.13,8.0,8.91,16.89,20.26,95.39,3.0,8.63,58.7,4.24,82.18,13.28,1.3,13.58,33.2,6.32,0.83,0.02,1.26,19.3,31.27,63.8,4.8,3.6,0.79,0.84,0.81,20.4,
Guilin,110.3,25.28,2025,11,2025-11,13.15,24.27,2.19,11.14,8.05,12.66,95.75,3.06,8.63,33.5,4.46,73.8,7.51,2.82,11.8,28.19,5.28,0.67,0.02,0.94,16.47,26.38,53.15,2.47,2.44,0.8,0.84,0.82,,
Guilin,110.3,25.28,2025,12,2025-12,11.29,21.87,-0.81,10.99,7.02,10.95,95.66,2.64,9.86,45.8,3.71,76.57,6.82,1.58,8.92,28.76,3.94,0.49,0.01,0.61,13.52,25.58,66.01,1.46,1.7,0.78,0.82,0.79,,
Hechi,108.06,24.7,2005,1,2005-01,7.17,24.09,-4.2,9.96,3.41,7.56,97.25,3.18,8.72,47.8,4.49,79.07,5.27,1.36,4.98,28.4,2.28,0.3,0.01,0.41,14.08,24.99,70.81,0.38,0.96,0.7,0.71,0.71,,4.98
Hechi,108.06,24.7,2005,2,2005-02,11.03,27.5,-1.41,12.32,6.56,12.06,96.99,4.13,9.09,66.8,5.56,75.67,6.83,0.96,7.07,30.6,3.26,0.43,0.01,0.66,17.05,27.25,71.6,0.65,1.41,0.69,0.71,0.7,,
Hechi,108.06,24.7,2005,3,2005-03,15.08,29.83,1.52,12.2,9.61,15.93,97.02,4.07,10.37,100.6,5.64,72.36,8.31,2.22,8.41,31.55,3.91,0.51,0.01,0.76,19.95,28.23,82.3,1.02,1.88,0.68,0.7,0.69,,
Hechi,108.06,24.7,2005,4,2005-04,21.35,34.91,10.48,11.37,15.55,21.98,96.53,3.68,9.6,147.1,5.28,72.34,11.77,4.45,12.75,34.02,5.82,0.73,0.02,1.15,22.17,31.67,74.58,2.34,2.96,0.69,0.71,0.7,21.43,
Hechi,108.06,24.7,2005,5,2005-05,25.92,35.41,16.87,9.91,21.62,26.35,95.85,3.74,9.52,171.6,5.51,79.14,17.05,6.58,15.94,36.32,7.5,1.0,0.03,1.64,25.32,34.48,76.75,5.69,4.76,0.72,0.74,0.75,26.63,
Hechi,108.06,24.7,2005,6,2005-06,26.11,31.85,21.54,6.19,23.9,26.19,95.58,2.96,6.84,148.7,4.4,88.17,19.57,16.45,11.01,37.1,5.35,0.73,0.02,1.24,25.03,35.69,90.83,3.71,4.33,0.87,0.87,0.9,27.08,
Hechi,108.06,24.7,2005,7,2005-07,26.76,33.09,22.06,7.44,23.8,26.83,95.89,3.22,8.16,174.6,4.79,84.75,19.36,3.71,19.27,36.39,9.02,1.19,0.03,2.05,26.05,35.18,60.86,7.18,5.73,0.86,0.9,0.87,29.61,
Hechi,108.06,24.7,2005,8,2005-08,26.1,34.09,19.24,7.74,23.09,26.27,95.86,2.62,6.15,103.8,3.94,84.36,18.59,4.52,16.1,36.73,7.53,1.0,0.03,1.67,23.98,35.19,78.77,7.15,5.26,0.82,0.85,0.84,26.97,
Hechi,108.06,24.7,2005,9,2005-09,24.75,32.01,16.54,9.26,20.99,24.8,96.43,3.09,7.95,63.6,4.7,80.83,16.27,1.87,16.08,35.43,7.41,0.96,0.03,1.54,21.89,33.87,59.12,7.59,4.94,0.76,0.81,0.77,25.39,
Hechi,108.06,24.7,2005,10,2005-10,20.4,31.76,8.92,10.93,15.46,20.65,97.01,2.9,6.9,47.9,4.37,75.16,11.67,0.99,13.14,32.93,5.92,0.73,0.02,1.13,17.58,31.06,51.44,4.54,3.28,0.7,0.75,0.71,20.46,
Hechi,108.06,24.7,2005,11,2005-11,16.64,30.46,4.08,10.28,12.41,16.82,97.04,3.14,6.57,56.2,4.72,77.78,9.95,1.28,9.54,31.34,4.32,0.55,0.01,0.82,15.35,29.19,62.33,2.26,2.13,0.7,0.72,0.71,,
Hechi,108.06,24.7,2005,12,2005-12,9.1,20.42,-1.65,10.32,2.99,9.31,97.54,3.3,8.74,41.0,4.84,68.71,5.16,1.4,8.18,27.5,3.57,0.44,0.01,0.57,13.48,24.91,59.73,0.6,1.2,0.69,0.71,0.7,,7.24
Hechi,108.06,24.7,2006,1,2006-01,9.85,24.13,-2.58,12.02,5.16,10.34,97.14,3.61,8.73,54.9,5.17,74.75,6.17,0.54,7.42,28.84,3.28,0.42,0.01,0.62,14.5,25.55,67.65,0.6,1.16,0.69,0.71,0.7,,7.99
Hechi,108.06,24.7,2006,2,2006-02,11.67,26.27,2.2,10.11,7.59,12.61,97.27,3.99,8.93,58.4,5.35,77.68,6.98,2.33,5.45,31.14,2.6,0.36,0.01,0.59,17.22,27.15,91.94,0.56,1.37,0.69,0.7,0.71,,
Hechi,108.06,24.7,2006,3,2006-03,16.3,30.76,0.19,12.88,11.06,17.3,96.71,3.57,10.84,93.4,5.08,73.89,9.12,0.9,9.37,32.72,4.3,0.55,0.02,0.9,19.62,29.0,86.38,1.28,2.06,0.68,0.71,0.69,,
Hechi,108.06,24.7,2006,4,2006-04,22.59,36.34,8.03,12.43,16.4,23.46,96.28,4.3,9.79,166.0,6.04,70.88,12.59,3.86,12.78,34.79,5.87,0.75,0.02,1.26,22.72,32.01,84.95,2.66,3.34,0.68,0.7,0.69,22.76,
Hechi,108.06,24.7,2006,5,2006-05,23.88,35.02,13.15,10.38,18.8,24.34,96.25,3.64,11.38,142.6,5.3,75.85,14.53,6.73,14.71,34.8,6.87,0.92,0.03,1.5,25.65,32.89,75.74,4.46,4.15,0.71,0.72,0.74,24.3,
Hechi,108.06,24.7,2006,6,2006-06,25.72,31.33,19.53,7.24,23.08,25.88,95.84,3.01,6.02,176.0,4.58,86.22,18.58,9.55,13.8,36.63,6.58,0.88,0.02,1.45,25.27,35.14,84.77,5.51,4.6,0.8,0.8,0.83,26.6,
Hechi,108.06,24.7,2006,7,2006-07,26.71,33.19,21.26,6.95,24.06,26.8,95.6,2.93,8.15,147.8,4.43,86.16,19.74,8.67,16.35,36.88,7.77,1.05,0.03,1.8,25.88,35.59,80.61,6.23,5.12,0.84,0.86,0.86,29.6,
Hechi,108.06,24.7,2006,8,2006-08,25.99,32.17,19.25,7.18,23.05,25.94,95.9,2.72,13.71,75.8,4.0,84.6,18.51,6.11,16.9,36.05,7.81,1.01,0.03,1.68,23.57,34.94,66.87,5.65,4.66,0.86,0.89,0.87,26.85,
Hechi,108.06,24.7,2006,9,2006-09,23.24,31.76,13.85,9.22,19.23,23.12,96.46,2.91,7.51,54.7,4.38,79.37,14.83,2.37,16.32,34.23,7.41,0.94,0.03,1.48,21.28,32.9,57.1,6.47,4.72,0.81,0.86,0.82,23.69,
Hechi,108.06,24.7,2006,10,2006-10,22.19,29.31,13.3,9.32,18.75,22.3,96.87,2.53,6.06,78.3,3.93,81.98,14.15,2.5,11.53,34.5,5.17,0.63,0.02,0.94,16.54,32.67,60.16,5.11,3.74,0.76,0.8,0.78,22.61,
Hechi,108.06,24.7,2006,11,2006-11,16.38,27.69,5.49,10.84,12.21,16.26,96.95,2.94,7.04,53.4,4.39,78.35,9.4,1.99,8.89,31.46,3.98,0.5,0.01,0.75,15.09,28.76,65.59,2.78,2.36,0.74,0.77,0.76,,
Hechi,108.06,24.7,2006,12,2006-12,10.51,25.2,1.05,12.02,5.17,10.34,97.48,3.16,7.83,43.7,4.68,72.09,5.83,0.25,9.08,27.53,3.92,0.47,0.01,0.61,13.49,25.14,51.84,1.33,1.57,0.73,0.76,0.74,,
Hechi,108.06,24.7,2007,1,2007-01,7.88,20.85,-1.44,11.44,2.66,8.03,97.62,3.36,8.44,35.0,4.78,72.46,4.84,1.23,7.53,28.39,3.29,0.41,0.01,0.56,14.6,24.49,75.9,0.67,1.26,0.72,0.75,0.74,,5.73
Hechi,108.06,24.7,2007,2,2007-02,15.96,27.35,5.49,11.58,11.34,16.27,96.81,3.95,10.06,154.7,5.75,76.54,9.06,1.84,8.17,32.2,3.66,0.46,0.01,0.64,16.39,28.51,82.5,1.2,1.87,0.72,0.74,0.73,,
Hechi,108.06,24.7,2007,3,2007-03,17.32,33.33,3.9,11.45,12.86,18.05,96.61,4.5,10.28,141.3,6.25,77.22,10.17,1.68,7.81,33.63,3.57,0.44,0.01,0.71,18.87,29.61,93.0,1.79,2.4,0.72,0.74,0.73,,
Hechi,108.06,24.7,2007,4,2007-04,19.0,33.56,5.78,11.35,13.73,19.66,96.68,3.39,11.99,84.5,4.77,73.76,10.56,3.99,11.82,33.22,5.41,0.69,0.02,1.04,22.3,30.37,87.38,2.67,2.93,0.71,0.73,0.73,,
Hechi,108.06,24.7,2007,5,2007-05,23.72,35.14,13.29,11.1,18.5,24.0,96.19,3.06,8.72,175.1,4.6,74.95,14.22,6.67,17.02,34.7,7.84,1.03,0.03,1.64,25.65,33.14,67.23,5.87,4.71,0.73,0.74,0.76,24.1,
Hechi,108.06,24.7,2007,6,2007-06,26.04,32.54,19.07,7.86,22.92,26.22,95.78,3.22,7.34,177.8,4.81,83.95,18.44,9.46,15.75,36.5,7.46,1.01,0.03,1.68,25.93,34.95,83.7,6.71,5.21,0.8,0.82,0.83,26.89,
Hechi,108.06,24.7,2007,7,2007-07,26.55,31.79,21.06,6.88,23.97,26.66,95.76,3.83,8.22,178.3,5.73,86.54,19.59,7.32,16.4,36.71,7.83,1.08,0.03,1.91,26.59,35.23,88.26,6.84,5.28,0.81,0.84,0.84,29.23,
Hechi,108.06,24.7,2007,8,2007-08,26.51,32.88,20.56,7.67,23.1,26.48,95.8,2.47,6.97,118.4,3.73,82.58,18.6,10.08,17.81,36.23,8.26,1.07,0.03,1.8,24.12,35.08,66.4,7.28,5.35,0.82,0.85,0.84,28.86,
Hechi,108.06,24.7,2007,9,2007-09,22.86,30.76,13.3,8.6,19.61,22.86,96.29,3.15,7.73,38.9,4.73,82.94,15.07,5.16,13.42,34.66,6.21,0.81,0.02,1.36,21.66,33.2,66.89,5.44,4.67,0.85,0.89,0.87,23.37,
Hechi,108.06,24.7,2007,10,2007-10,19.88,30.13,9.98,10.01,15.51,19.79,96.91,3.01,6.92,45.8,4.53,77.32,11.72,0.28,13.78,32.43,6.05,0.73,0.02,1.08,17.21,30.92,43.0,4.99,3.6,0.77,0.82,0.78,,
Hechi,108.06,24.7,2007,11,2007-11,14.09,25.82,0.67,12.58,7.78,13.62,97.25,3.16,8.69,31.4,4.84,68.57,7.06,0.61,13.44,27.55,5.79,0.69,0.02,0.94,15.72,26.33,33.23,2.98,2.48,0.73,0.78,0.75,,
Hechi,108.06,24.7,2007,12,2007-12,11.67,25.13,0.72,10.64,7.47,11.89,97.14,3.28,7.81,58.1,4.96,77.57,6.95,1.22,5.72,30.62,2.55,0.32,0.01,0.45,12.65,26.57,85.01,1.02,1.37,0.72,0.75,0.73,,
Hechi,108.06,24.7,2008,1,2008-01,6.03,26.42,-2.92,9.68,1.25,6.44,97.35,3.92,7.99,39.2,5.15,73.18,4.67,1.52,6.24,28.03,2.76,0.35,0.01,0.51,15.11,24.31,72.4,0.47,1.12,0.71,0.74,0.73,,3.15
Hechi,108.06,24.7,2008,2,2008-02,7.08,23.23,-5.62,10.98,1.69,7.57,97.49,3.29,9.01,41.3,4.79,71.44,4.75,1.86,8.2,28.61,3.64,0.46,0.01,0.77,17.33,24.24,82.52,0.67,1.49,0.75,0.76,0.77,,4.8
Hechi,108.06,24.7,2008,3,2008-03,16.95,32.02,5.62,11.27,12.2,17.41,96.72,3.29,9.0,126.6,4.75,76.42,9.62,2.86,9.35,32.29,4.23,0.53,0.01,0.85,19.57,29.21,81.09,1.89,2.48,0.74,0.76,0.76,,
Hechi,108.06,24.7,2008,4,2008-04,21.07,35.16,9.97,10.33,16.97,21.73,96.38,3.67,8.62,134.3,5.24,79.28,12.9,2.94,10.78,34.75,5.0,0.64,0.02,1.07,22.24,31.9,85.35,3.41,3.33,0.73,0.76,0.75,21.3,
Hechi,108.06,24.7,2008,5,2008-05,23.13,31.36,14.07,9.23,19.15,23.43,96.05,3.14,8.4,122.8,4.56,79.97,14.79,8.06,13.14,35.25,6.12,0.8,0.02,1.33,24.67,33.17,81.51,5.03,4.33,0.76,0.78,0.79,23.59,
Hechi,108.06,24.7,2008,6,2008-06,25.11,32.13,17.24,8.32,22.03,25.33,95.78,2.92,9.21,143.6,4.27,84.12,17.45,10.93,14.5,36.29,6.78,0.89,0.02,1.44,25.18,34.63,83.9,6.16,5.04,0.83,0.85,0.85,25.87,
Hechi,108.06,24.7,2008,7,2008-07,26.16,33.42,21.28,6.97,23.44,26.25,95.74,2.93,7.53,174.8,4.37,85.88,18.97,10.53,15.74,36.4,7.46,1.0,0.03,1.73,25.75,34.9,85.65,5.76,5.29,0.89,0.91,0.9,27.07,
Hechi,108.06,24.7,2008,8,2008-08,25.71,33.08,20.53,6.41,23.44,25.7,95.9,3.0,9.78,153.2,4.51,87.9,18.95,8.74,14.86,36.33,7.02,0.94,0.03,1.61,24.5,34.88,89.75,4.37,4.62,0.91,0.93,0.92,26.63,
Hechi,108.06,24.7,2008,9,2008-09,24.82,32.71,16.37,8.01,21.78,24.83,96.24,2.73,11.66,73.9,4.05,84.08,17.1,3.87,15.16,35.51,6.97,0.9,0.02,1.43,21.55,34.17,57.28,5.54,4.83,0.9,0.93,0.9,25.55,
Hechi,108.06,24.7,2008,10,2008-10,21.01,28.72,12.42,9.51,17.66,21.0,96.85,2.68,7.42,57.7,4.05,82.32,13.21,3.42,13.05,33.5,5.9,0.74,0.02,1.14,18.08,31.76,57.66,4.65,3.8,0.84,0.88,0.85,21.32,
Hechi,108.06,24.7,2008,11,2008-11,13.95,26.46,3.93,9.94,10.42,13.75,97.28,2.96,6.57,42.3,4.48,80.74,8.52,4.63,11.26,29.05,4.98,0.62,0.01,0.86,15.78,27.21,49.53,1.77,2.59,0.89,0.92,0.89,,
Hechi,108.06,24.7,2008,12,2008-12,10.4,21.18,-0.8,10.92,5.93,9.94,97.35,3.01,8.9,39.3,4.31,75.47,6.19,0.34,9.75,27.5,4.18,0.5,0.01,0.67,13.86,25.12,48.81,1.13,1.86,0.84,0.88,0.85,,
Hechi,108.06,24.7,2009,1,2009-01,7.84,20.73,-1.3,11.04,2.95,7.86,97.5,3.25,8.99,49.2,4.72,73.4,5.12,0.36,8.72,27.58,3.79,0.47,0.01,0.66,14.71,24.04,66.88,0.62,1.58,0.82,0.85,0.83,,5.75
Hechi,108.06,24.7,2009,2,2009-02,16.9,30.9,4.49,10.76,13.49,17.23,96.57,3.99,10.49,160.6,5.64,81.84,10.32,0.38,10.16,32.68,4.55,0.57,0.01,0.91,17.43,29.59,67.2,1.48,2.23,0.79,0.82,0.8,,
Hechi,108.06,24.7,2009,3,2009-03,15.29,30.94,1.58,10.81,11.43,15.97,96.7,3.88,10.8,99.6,5.39,79.29,9.4,2.45,9.94,32.28,4.51,0.56,0.02,0.9,19.62,29.0,84.92,1.56,2.43,0.78,0.81,0.8,,
Hechi,108.06,24.7,2009,4,2009-04,20.59,31.01,8.68,10.46,16.19,21.14,96.4,3.9,8.86,133.5,5.48,77.87,12.31,2.49,11.0,34.13,5.11,0.66,0.02,1.05,22.86,31.36,83.1,3.54,3.6,0.76,0.79,0.77,20.74,
Hechi,108.06,24.7,2009,5,2009-05,23.12,31.3,13.69,8.83,19.57,23.61,96.28,3.52,7.18,134.7,5.04,81.73,14.98,5.05,12.27,35.61,5.82,0.78,0.02,1.3,25.13,33.35,85.35,4.9,4.21,0.75,0.78,0.78,23.62,
Hechi,108.06,24.7,2009,6,2009-06,25.91,32.62,17.1,7.7,22.7,26.02,95.65,2.86,7.03,165.2,4.2,83.71,18.3,9.77,14.88,36.26,7.03,0.94,0.03,1.54,25.9,34.89,79.74,6.12,4.83,0.8,0.82,0.83,26.74,
Hechi,108.06,24.7,2009,7,2009-07,26.46,32.86,20.64,7.18,23.9,26.62,95.68,3.14,8.65,172.7,4.73,86.57,19.53,8.71,15.76,36.87,7.5,1.02,0.03,1.75,26.21,35.5,78.49,6.76,5.41,0.86,0.88,0.88,29.01,
Hechi,108.06,24.7,2009,8,2009-08,26.6,33.74,18.19,7.91,23.31,26.64,95.93,2.86,7.12,113.9,4.38,83.08,18.82,1.17,18.81,36.41,8.75,1.14,0.03,1.93,24.34,35.3,59.76,7.69,5.15,0.81,0.85,0.82,29.1,
Hechi,108.06,24.7,2009,9,2009-09,25.47,33.65,16.29,8.99,21.39,25.56,96.24,2.95,9.38,57.3,4.41,79.29,16.79,2.65,16.95,35.58,7.77,0.99,0.03,1.59,21.7,34.43,47.27,7.48,4.83,0.74,0.78,0.76,26.14,
Hechi,108.06,24.7,2009,10,2009-10,21.34,30.51,14.38,10.12,16.54,21.51,96.71,2.8,6.48,47.9,4.29,76.11,12.28,1.09,11.32,33.79,5.12,0.64,0.02,1.0,17.31,31.66,64.25,4.2,3.16,0.69,0.74,0.7,21.52,
Hechi,108.06,24.7,2009,11,2009-11,13.75,30.13,0.29,11.61,7.24,13.96,97.19,3.65,9.51,42.7,5.24,67.49,7.26,0.45,10.45,29.55,4.66,0.58,0.01,0.84,15.75,26.93,59.36,1.38,1.71,0.67,0.7,0.67,,
Hechi,108.06,24.7,2009,12,2009-12,10.37,24.34,-0.52,10.15,5.95,10.79,97.2,3.14,10.17,56.0,4.62,76.11,6.3,0.35,6.04,29.89,2.71,0.35,0.01,0.44,12.95,25.96,84.69,0.4,0.91,0.66,0.69,0.66,,
Hechi,108.06,24.7,2010,1,2010-01,10.23,25.89,-1.12,10.84,6.45,10.68,97.24,3.42,8.28,61.1,4.93,79.14,6.65,2.62,6.88,29.87,3.11,0.41,0.01,0.57,15.1,26.05,81.08,0.52,1.08,0.69,0.69,0.7,,
Hechi,108.06,24.7,2010,2,2010-02,13.35,31.63,0.06,12.2,7.9,14.25,96.72,4.44,11.86,109.7,5.99,72.6,7.55,0.19,9.8,30.61,4.38,0.56,0.01,0.81,17.8,27.36,76.82,0.78,1.56,0.67,0.7,0.68,,
Hechi,108.06,24.7,2010,3,2010-03,16.55,32.48,2.23,12.17,10.02,17.5,96.78,4.56,10.84,125.2,6.18,68.51,8.69,0.22,10.4,32.33,4.57,0.55,0.01,0.82,18.57,29.19,79.61,0.33,1.39,0.64,0.68,0.63,,
Hechi,108.06,24.7,2010,4,2010-04,19.34,35.59,6.47,11.35,14.21,20.38,96.58,4.06,8.74,95.8,5.49,74.5,10.97,4.23,10.36,33.89,4.87,0.64,0.02,1.05,23.07,30.96,88.41,1.74,2.56,0.67,0.68,0.69,,
Hechi,108.06,24.7,2010,5,2010-05,24.25,32.65,15.82,9.87,20.32,24.89,95.98,3.78,10.32,152.8,5.27,80.25,15.83,6.55,11.16,36.1,5.31,0.72,0.02,1.14,24.65,33.85,90.27,4.33,3.88,0.7,0.71,0.73,24.83,
Hechi,108.06,24.7,2010,6,2010-06,24.27,32.36,16.32,7.07,21.82,24.45,95.93,3.35,8.37,136.6,4.89,86.9,17.34,11.49,9.78,36.72,4.81,0.67,0.02,1.11,25.05,34.9,95.96,4.04,3.77,0.8,0.79,0.84,25.02,
Hechi,108.06,24.7,2010,7,2010-07,26.66,32.05,22.59,6.56,24.25,26.72,95.88,3.81,9.92,168.5,5.73,87.33,19.9,5.68,16.28,36.6,7.74,1.05,0.03,1.79,26.25,35.45,89.15,6.19,4.75,0.81,0.84,0.83,29.57,
Hechi,108.06,24.7,2010,8,2010-08,25.91,31.96,18.88,7.17,22.96,26.01,96.14,2.64,6.07,153.5,4.01,84.66,18.38,3.49,18.75,36.12,8.78,1.16,0.03,1.97,24.99,34.98,67.79,6.73,4.82,0.81,0.85,0.83,26.77,
Hechi,108.06,24.7,2010,9,2010-09,24.53,32.88,15.41,8.06,21.72,24.68,96.25,2.69,9.85,71.0,4.11,85.29,17.1,5.7,13.49,35.85,6.32,0.83,0.02,1.32,21.42,34.4,69.71,5.66,4.27,0.8,0.83,0.82,25.27,
Hechi,108.06,24.7,2010,10,2010-10,18.79,29.5,5.91,10.21,14.56,18.86,96.85,3.54,7.7,35.7,5.36,77.98,11.19,1.44,13.3,32.07,6.04,0.77,0.02,1.17,18.67,30.46,60.02,4.61,3.68,0.79,0.82,0.8,,
Hechi,108.06,24.7,2010,11,2010-11,14.77,24.71,7.25,11.49,9.94,14.53,97.13,2.74,5.97,35.0,4.26,74.93,7.94,0.79,11.05,29.13,4.78,0.58,0.01,0.79,14.88,27.04,51.02,2.73,2.3,0.73,0.77,0.75,,
Hechi,108.06,24.7,2010,12,2010-12,10.9,23.92,-2.18,10.95,5.95,10.59,96.98,3.24,9.83,43.6,4.65,73.79,6.33,2.53,8.61,28.54,3.8,0.47,0.01,0.63,13.86,25.81,61.57,1.24,1.61,0.75,0.77,0.77,,
Hechi,108.06,24.7,2011,1,2011-01,3.76,12.34,-3.67,9.35,-1.18,4.41,97.58,3.91,9.33,34.3,5.43,72.19,3.63,0.73,4.86,27.93,2.22,0.3,0.01,0.42,14.8,22.87,93.69,0.26,1.21,0.76,0.79,0.78,,0.37
Hechi,108.06,24.7,2011,2,2011-02,12.13,27.92,0.27,10.31,8.06,12.67,96.85,3.67,9.15,120.9,5.23,77.84,7.41,0.64,8.13,31.1,3.68,0.48,0.01,0.72,17.54,26.75,87.29,1.0,1.63,0.74,0.77,0.76,,
Hechi,108.06,24.7,2011,3,2011-03,12.42,25.68,3.37,10.59,7.71,13.24,97.17,3.8,11.37,52.9,5.23,75.3,7.03,2.68,7.53,31.05,3.54,0.47,0.01,0.74,20.42,26.85,93.89,1.23,2.04,0.75,0.77,0.77,,
Hechi,108.06,24.7,2011,4,2011-04,20.22,29.97,7.88,10.31,15.83,20.69,96.57,3.73,8.81,157.5,5.33,77.72,11.9,2.39,11.66,33.84,5.35,0.68,0.02,1.07,22.33,31.13,86.65,2.87,2.96,0.73,0.76,0.74,20.33,
Hechi,108.06,24.7,2011,5,2011-05,22.51,33.63,11.95,10.42,18.03,22.84,96.18,3.61,8.63,134.8,5.2,77.56,13.75,5.3,16.48,34.18,7.56,0.99,0.03,1.67,25.65,32.44,70.0,5.55,4.46,0.75,0.77,0.78,22.84,
Hechi,108.06,24.7,2011,6,2011-06,26.2,32.97,19.21,7.21,23.41,26.39,95.67,3.34,8.57,165.0,4.98,85.5,18.97,10.36,14.28,36.82,6.81,0.92,0.03,1.54,25.64,35.4,90.1,5.53,4.53,0.78,0.8,0.82,27.11,
Hechi,108.06,24.7,2011,7,2011-07,26.72,33.13,21.7,8.08,23.2,26.92,95.73,3.14,8.73,164.3,4.69,82.09,18.71,1.68,18.01,36.58,8.31,1.07,0.03,1.82,24.5,35.4,69.22,8.73,5.64,0.78,0.82,0.79,29.29,
Hechi,108.06,24.7,2011,8,2011-08,26.1,34.65,18.89,8.97,21.91,26.33,95.97,2.78,7.03,159.8,4.21,79.48,17.32,2.3,18.76,35.63,8.7,1.14,0.03,1.93,24.55,34.57,58.45,7.09,4.72,0.7,0.75,0.72,26.84,
Hechi,108.06,24.7,2011,9,2011-09,24.21,32.51,14.06,9.16,20.02,24.58,96.24,3.35,11.44,60.2,4.96,78.89,15.6,5.97,14.94,35.46,6.89,0.88,0.02,1.4,21.3,33.9,64.78,5.87,4.35,0.71,0.74,0.73,24.75,
Hechi,108.06,24.7,2011,10,2011-10,19.33,29.87,10.94,9.01,15.97,19.41,96.87,3.22,8.8,48.5,4.67,82.19,11.95,5.58,11.15,32.94,5.15,0.66,0.02,1.0,18.3,30.98,67.44,4.02,3.31,0.77,0.79,0.8,,
Hechi,108.06,24.7,2011,11,2011-11,17.65,27.01,6.87,10.95,13.84,17.37,96.96,2.64,7.98,73.2,3.87,79.81,10.44,1.37,12.24,30.64,5.4,0.66,0.01,0.89,15.42,29.18,40.25,3.21,2.46,0.74,0.77,0.75,,
Hechi,108.06,24.7,2011,12,2011-12,8.61,21.27,-0.38,11.46,2.68,8.8,97.56,3.44,7.97,35.5,5.11,68.75,4.89,0.32,8.32,27.7,3.61,0.44,0.01,0.56,13.23,24.35,67.73,1.0,1.43,0.71,0.74,0.73,,6.57
Hechi,108.06,24.7,2012,1,2012-01,6.37,15.87,-3.29,8.6,3.01,7.06,97.3,3.16,8.02,41.4,4.36,80.49,4.97,2.92,4.36,29.24,2.05,0.28,0.01,0.44,14.68,24.42,96.22,0.3,1.03,0.75,0.76,0.77,,4.03
Hechi,108.06,24.7,2012,2,2012-02,9.74,23.73,-0.83,9.8,5.96,10.64,96.94,3.95,7.76,57.8,5.37,78.49,6.38,0.82,5.04,30.95,2.4,0.33,0.01,0.51,17.38,26.08,97.16,0.64,1.41,0.74,0.77,0.75,,7.69
Hechi,108.06,24.7,2012,3,2012-03,16.04,29.88,4.39,10.63,11.6,16.82,96.71,4.1,10.65,116.9,5.69,77.2,9.39,1.69,8.38,33.06,3.85,0.48,0.01,0.77,19.08,29.24,91.52,1.61,2.23,0.73,0.75,0.74,,
Hechi,108.06,24.7,2012,4,2012-04,22.0,36.31,11.21,11.41,16.96,22.68,96.21,4.03,11.45,152.0,5.78,75.39,12.85,2.88,13.73,34.62,6.32,0.82,0.02,1.29,23.12,31.97,83.44,3.61,3.56,0.71,0.74,0.72,22.22,
Hechi,108.06,24.7,2012,5,2012-05,24.79,36.36,15.84,8.43,21.26,25.26,95.98,3.33,7.69,118.6,4.84,82.33,16.66,7.99,12.76,36.29,6.05,0.81,0.02,1.29,24.75,34.52,82.23,4.09,3.9,0.74,0.75,0.78,25.47,
Hechi,108.06,24.7,2012,6,2012-06,25.62,31.63,18.84,7.35,22.85,25.79,95.53,3.12,7.55,126.1,4.63,85.43,18.42,11.76,12.56,36.88,5.96,0.79,0.02,1.28,24.08,35.41,87.26,5.18,4.85,0.83,0.84,0.86,26.47,
Hechi,108.06,24.7,2012,7,2012-07,26.36,31.97,21.78,6.76,23.87,26.46,95.65,3.67,11.17,167.2,5.5,86.95,19.49,6.64,16.23,36.56,7.75,1.06,0.03,1.81,26.42,35.32,83.42,6.24,5.11,0.85,0.88,0.86,28.79,
Hechi,108.06,24.7,2012,8,2012-08,26.31,32.75,19.16,7.62,23.04,26.35,95.81,2.59,8.87,60.8,3.91,83.03,18.55,2.72,17.25,36.28,7.97,1.03,0.03,1.71,23.6,35.19,69.21,6.85,5.03,0.84,0.88,0.85,28.44,
Hechi,108.06,24.7,2012,9,2012-09,22.87,30.93,12.26,8.42,19.52,22.95,96.49,2.91,8.69,69.9,4.42,82.56,15.11,3.51,14.1,34.69,6.56,0.86,0.02,1.38,21.64,33.1,76.44,5.56,4.36,0.81,0.84,0.83,23.37,
Hechi,108.06,24.7,2012,10,2012-10,20.78,28.6,9.89,9.43,17.14,20.88,96.8,2.98,7.8,86.5,4.58,81.08,12.85,1.81,11.82,33.57,5.29,0.66,0.02,1.01,17.4,31.59,62.97,4.76,3.44,0.75,0.8,0.77,21.03,
Hechi,108.06,24.7,2012,11,2012-11,15.56,27.66,6.13,9.84,12.13,15.74,96.85,3.23,8.79,82.5,4.83,81.49,9.52,2.39,7.23,31.76,3.33,0.44,0.01,0.63,15.44,28.87,79.17,2.41,2.3,0.77,0.79,0.79,,
Hechi,108.06,24.7,2012,12,2012-12,10.07,26.07,-2.0,9.96,5.97,10.3,97.18,3.85,10.11,50.1,5.47,77.45,6.42,1.34,6.36,29.61,2.88,0.37,0.01,0.52,13.81,25.84,80.79,1.09,1.55,0.75,0.78,0.77,,
Hechi,108.06,24.7,2013,1,2013-01,8.64,23.61,-0.86,9.19,4.91,8.93,97.33,3.38,9.45,58.9,4.84,78.84,5.91,0.83,5.11,29.7,2.35,0.32,0.01,0.47,14.24,24.97,92.25,0.58,1.2,0.75,0.78,0.77,,6.64
Hechi,108.06,24.7,2013,2,2013-02,14.17,28.61,1.6,10.79,10.49,14.85,96.95,4.4,10.7,136.3,6.09,80.0,8.74,0.85,7.31,31.9,3.44,0.47,0.01,0.78,18.29,28.07,90.13,1.19,1.81,0.73,0.76,0.75,,
Hechi,108.06,24.7,2013,3,2013-03,18.82,30.89,4.24,12.03,13.58,19.47,96.65,4.05,9.99,141.0,5.73,74.09,10.53,2.55,11.86,32.84,5.28,0.64,0.02,1.01,19.16,30.07,76.34,1.96,2.59,0.71,0.74,0.73,,
Hechi,108.06,24.7,2013,4,2013-04,20.37,33.12,8.96,10.48,16.13,21.07,96.36,3.88,9.92,138.5,5.45,78.42,12.37,3.05,11.27,34.49,5.2,0.67,0.02,1.07,22.04,31.52,86.94,2.92,3.07,0.72,0.74,0.74,20.51,
Hechi,108.06,24.7,2013,5,2013-05,23.91,33.67,14.35,8.62,20.63,24.29,96.03,3.26,8.2,160.1,4.72,83.09,16.12,8.88,14.01,35.85,6.63,0.89,0.02,1.44,25.4,33.92,81.89,4.83,4.31,0.78,0.79,0.81,24.53,
Hechi,108.06,24.7,2013,6,2013-06,25.7,33.28,15.36,7.82,22.54,25.82,95.77,3.35,7.52,159.5,4.93,83.71,18.16,6.48,16.23,36.16,7.68,1.05,0.03,1.74,26.8,34.78,79.91,6.42,4.99,0.79,0.82,0.82,26.51,
Hechi,108.06,24.7,2013,7,2013-07,26.46,32.94,21.93,7.16,23.55,26.67,95.8,3.79,8.75,170.4,5.56,84.95,19.07,4.35,17.75,36.55,8.44,1.16,0.03,1.96,26.85,35.13,76.24,8.03,5.6,0.77,0.81,0.79,28.9,
Hechi,108.06,24.7,2013,8,2013-08,26.39,33.4,21.81,7.29,23.44,26.42,95.78,3.07,8.78,142.1,4.67,84.77,18.95,7.68,16.87,36.31,7.97,1.07,0.03,1.77,25.07,35.17,71.11,6.53,4.77,0.78,0.8,0.81,28.73,
Hechi,108.06,24.7,2013,9,2013-09,23.47,31.45,12.31,8.5,20.27,23.56,96.33,2.89,7.21,39.8,4.22,83.13,15.74,5.01,14.79,34.89,6.88,0.9,0.02,1.42,21.95,33.44,63.22,5.66,4.42,0.82,0.85,0.84,24.04,
Hechi,108.06,24.7,2013,10,2013-10,19.12,29.63,10.45,9.92,14.69,18.9,96.95,2.99,7.27,33.6,4.63,77.11,10.97,1.83,13.0,32.23,5.86,0.73,0.02,1.06,17.95,30.42,57.89,4.61,3.52,0.78,0.82,0.8,,
Hechi,108.06,24.7,2013,11,2013-11,15.51,28.25,3.87,10.26,11.56,15.49,97.15,3.21,9.08,48.9,4.81,78.96,9.13,3.36,9.99,31.08,4.5,0.57,0.01,0.8,15.75,28.3,67.77,2.78,2.51,0.78,0.81,0.79,,
Hechi,108.06,24.7,2013,12,2013-12,8.37,20.96,-3.08,11.21,3.3,8.1,97.39,3.13,7.85,33.4,4.73,72.9,5.18,2.36,9.94,26.03,4.13,0.48,0.01,0.56,12.99,23.92,45.85,1.09,1.57,0.79,0.81,0.8,,6.46
Hechi,108.06,24.7,2014,1,2014-01,10.44,23.98,-2.95,11.72,5.79,10.24,97.33,3.4,8.98,88.5,5.02,75.2,6.27,0.37,9.83,27.57,4.16,0.5,0.01,0.66,14.29,24.88,52.84,0.98,1.54,0.77,0.81,0.79,,
Hechi,108.06,24.7,2014,2,2014-02,10.12,25.83,-2.46,9.92,6.27,10.81,96.97,3.97,9.48,80.9,5.45,78.55,6.8,1.5,6.79,30.13,3.11,0.41,0.01,0.64,17.86,25.88,86.33,0.74,1.49,0.75,0.78,0.77,,
Hechi,108.06,24.7,2014,3,2014-03,15.77,29.04,7.0,9.51,12.39,16.52,96.82,3.75,10.3,112.1,5.31,81.69,9.72,3.04,7.15,32.94,3.38,0.44,0.01,0.7,19.32,29.1,96.46,1.44,2.23,0.76,0.78,0.78,,
Hechi,108.06,24.7,2014,4,2014-04,21.62,31.36,13.48,8.7,18.44,22.14,96.44,4.08,9.42,148.0,5.78,83.26,14.04,3.94,8.67,35.49,4.09,0.52,0.01,0.84,21.19,32.44,95.69,2.85,3.25,0.78,0.81,0.81,22.01,
Hechi,108.06,24.7,2014,5,2014-05,24.13,33.74,13.55,8.56,20.9,24.5,96.07,3.29,8.31,139.8,4.8,83.34,16.48,6.19,13.05,36.13,6.18,0.83,0.02,1.33,25.01,34.06,88.05,4.79,4.31,0.79,0.82,0.82,24.77,
Hechi,108.06,24.7,2014,6,2014-06,26.29,32.81,20.37,6.67,23.69,26.42,95.67,2.79,6.96,135.1,4.11,86.32,19.32,8.76,13.43,37.21,6.41,0.86,0.02,1.43,24.83,35.74,89.16,5.0,4.44,0.84,0.86,0.86,28.58,
Hechi,108.06,24.7,2014,7,2014-07,26.71,33.59,22.09,6.47,24.24,26.76,95.81,2.64,12.58,165.0,4.02,87.03,19.9,8.67,18.0,36.6,8.54,1.15,0.03,2.0,26.31,35.53,76.67,5.09,4.72,0.89,0.91,0.9,29.67,
Hechi,108.06,24.7,2014,8,2014-08,26.04,32.88,20.02,6.88,23.46,26.12,95.95,2.55,6.55,165.4,3.88,86.39,19.01,5.91,15.98,36.37,7.54,1.01,0.03,1.72,24.47,35.16,83.24,5.46,4.75,0.88,0.91,0.89,26.96,
Hechi,108.06,24.7,2014,9,2014-09,25.01,32.21,15.08,7.69,22.3,25.0,96.21,2.9,13.51,117.6,4.36,85.7,17.73,7.84,16.81,35.48,7.83,1.03,0.03,1.68,22.57,34.39,59.37,4.91,4.8,0.9,0.93,0.91,25.8,
Hechi,108.06,24.7,2014,10,2014-10,21.23,28.98,12.91,9.31,17.75,21.07,96.84,2.66,6.37,90.1,4.1,81.58,13.38,1.7,14.38,32.69,6.4,0.79,0.02,1.17,17.99,31.4,47.48,4.35,3.89,0.86,0.9,0.87,21.54,
Hechi,108.06,24.7,2014,11,2014-11,15.66,25.66,7.1,8.49,12.99,15.76,97.05,3.25,7.93,62.0,4.95,84.96,9.91,3.68,7.12,32.23,3.3,0.44,0.01,0.61,15.12,28.88,84.24,1.91,2.48,0.86,0.9,0.87,,
Hechi,108.06,24.7,2014,12,2014-12,8.79,20.22,-0.14,10.97,3.66,8.61,97.57,3.28,8.22,39.1,4.89,72.6,5.2,0.71,9.45,27.05,4.09,0.5,0.01,0.62,13.99,24.31,57.78,1.09,1.94,0.83,0.87,0.84,,6.88
Hechi,108.06,24.7,2015,1,2015-01,10.69,22.68,1.56,9.46,7.24,10.64,97.33,3.47,9.37,73.9,5.01,80.67,6.81,1.84,7.9,28.79,3.51,0.44,0.01,0.58,14.64,25.59,69.2,0.7,1.57,0.83,0.86,0.84,,
Hechi,108.06,24.7,2015,2,2015-02,13.51,28.93,0.87,10.13,10.09,13.91,97.0,3.6,10.53,124.9,5.12,81.21,8.55,1.9,7.51,31.77,3.4,0.44,0.01,0.65,16.35,27.65,91.89,1.0,2.08,0.82,0.86,0.84,,
Hechi,108.06,24.7,2015,3,2015-03,16.84,31.53,4.43,9.75,13.59,17.57,96.83,3.87,9.86,123.5,5.44,82.5,10.54,1.12,7.08,33.54,3.33,0.44,0.01,0.68,19.46,29.75,93.89,1.65,2.54,0.8,0.84,0.81,,
Hechi,108.06,24.7,2015,4,2015-04,21.18,36.85,8.99,11.53,15.79,21.65,96.52,4.16,10.31,160.9,5.97,73.72,12.07,1.49,15.68,33.18,7.09,0.89,0.02,1.38,22.99,31.17,69.92,3.95,3.82,0.74,0.79,0.75,21.28,
Hechi,108.06,24.7,2015,5,2015-05,25.09,33.15,14.65,8.9,21.73,25.48,95.95,3.49,10.18,142.2,5.07,82.96,17.21,8.29,13.63,36.73,6.45,0.86,0.02,1.38,24.45,34.76,88.28,4.69,4.16,0.77,0.79,0.8,25.82,
Hechi,108.06,24.7,2015,6,2015-06,26.45,32.69,20.0,6.33,24.17,26.51,95.77,4.01,8.15,176.8,5.89,87.9,19.86,11.39,14.5,37.05,6.99,0.96,0.03,1.57,26.11,35.64,85.3,4.87,4.77,0.86,0.88,0.88,29.07,
Hechi,108.06,24.7,2015,7,2015-07,25.77,33.15,17.73,7.22,22.86,25.83,95.76,2.91,7.83,81.0,4.28,84.74,18.39,8.14,14.94,36.41,7.05,0.95,0.03,1.6,25.36,35.1,82.26,5.99,5.16,0.87,0.91,0.89,26.62,
Hechi,108.06,24.7,2015,8,2015-08,25.74,32.22,20.09,7.26,22.82,25.71,95.99,2.63,6.07,134.6,3.96,84.86,18.28,5.22,15.89,36.17,7.47,0.99,0.03,1.66,24.13,34.87,79.05,5.77,4.94,0.87,0.91,0.88,26.59,
Hechi,108.06,24.7,2015,9,2015-09,24.19,31.11,17.04,7.31,21.98,24.29,96.35,2.91,7.76,97.1,4.41,88.05,17.35,7.61,11.79,36.23,5.63,0.76,0.02,1.24,21.9,34.56,83.92,4.13,4.45,0.91,0.94,0.91,24.96,
Hechi,108.06,24.7,2015,10,2015-10,20.58,28.91,12.03,9.01,16.89,20.2,96.87,2.93,12.21,39.0,4.28,80.67,12.63,4.43,13.32,32.9,6.1,0.78,0.02,1.18,19.1,31.3,56.24,4.06,3.95,0.89,0.92,0.89,20.8,
Hechi,108.06,24.7,2015,11,2015-11,16.82,27.86,4.58,8.29,14.84,17.01,97.03,3.24,8.69,108.9,4.9,88.63,11.4,7.05,7.05,33.19,3.32,0.45,0.01,0.68,15.67,30.1,89.98,1.74,2.66,0.91,0.93,0.91,,
Hechi,108.06,24.7,2015,12,2015-12,9.89,22.62,1.41,8.49,7.66,10.09,97.46,3.07,7.69,44.7,4.56,86.65,6.91,3.54,5.97,29.85,2.73,0.36,0.01,0.48,13.54,25.74,89.17,0.51,1.94,0.94,0.96,0.92,,8.33
Hechi,108.06,24.7,2016,1,2016-01,8.64,22.27,-2.03,7.86,6.44,9.0,97.32,3.38,9.02,52.6,4.67,86.53,6.5,1.94,6.04,29.6,2.8,0.38,0.01,0.52,15.29,25.26,92.23,0.31,1.69,0.93,0.95,0.92,,6.64
Hechi,108.06,24.7,2016,2,2016-02,9.87,25.21,-1.97,11.52,5.13,9.89,97.49,3.8,10.25,40.1,5.41,74.35,5.9,0.46,11.86,27.91,5.21,0.65,0.02,0.94,17.96,24.78,64.83,0.71,2.55,0.89,0.92,0.89,,7.92
Hechi,108.06,24.7,2016,3,2016-03,15.55,28.95,1.92,10.29,12.35,16.11,96.86,3.74,8.92,119.7,5.3,82.51,9.71,1.21,8.75,32.39,4.01,0.51,0.01,0.79,19.36,28.79,89.65,1.21,2.62,0.85,0.88,0.86,,
Hechi,108.06,24.7,2016,4,2016-04,21.79,32.49,10.21,9.44,18.79,22.19,96.21,3.63,10.61,154.4,5.25,84.29,14.27,5.31,10.51,35.37,4.85,0.61,0.02,0.99,21.33,32.65,88.72,2.55,3.65,0.85,0.88,0.87,22.23,
Hechi,108.06,24.7,2016,5,2016-05,23.96,31.74,13.11,7.9,21.11,24.11,96.1,3.65,8.35,158.5,5.37,85.13,16.61,8.01,13.89,35.71,6.53,0.87,0.02,1.45,24.89,33.75,83.63,3.68,4.45,0.87,0.9,0.89,24.63,
Hechi,108.06,24.7,2016,6,2016-06,26.08,32.06,18.08,6.89,23.82,26.16,95.89,3.44,7.98,174.6,5.13,87.96,19.43,10.94,16.12,36.63,7.67,1.04,0.03,1.81,26.63,35.25,85.12,4.34,5.28,0.94,0.95,0.94,27.04,
Hechi,108.06,24.7,2016,7,2016-07,26.7,33.33,22.14,6.18,24.39,26.63,95.84,3.41,7.38,181.5,5.13,87.76,20.08,3.58,18.06,36.51,8.57,1.16,0.03,2.04,26.54,35.44,79.09,4.76,4.46,0.9,0.93,0.9,29.71,
Hechi,108.06,24.7,2016,8,2016-08,26.58,32.98,18.23,6.95,23.69,26.45,95.69,2.54,7.93,47.1,3.84,84.89,19.38,9.43,16.81,36.54,7.91,1.05,0.03,1.79,24.4,35.46,83.27,4.57,4.6,0.91,0.93,0.91,29.18,
Hechi,108.06,24.7,2016,9,2016-09,24.3,32.07,15.78,8.81,20.71,24.24,96.24,2.77,7.34,37.0,4.24,81.45,16.07,3.95,16.24,35.14,7.49,0.97,0.03,1.61,22.02,33.72,67.68,6.2,5.18,0.87,0.91,0.88,24.91,
Hechi,108.06,24.7,2016,10,2016-10,21.59,29.56,10.3,9.08,18.34,21.72,96.6,3.25,7.98,47.8,4.91,82.79,13.92,3.06,13.46,33.86,6.22,0.81,0.02,1.31,19.4,32.12,62.29,5.0,3.83,0.81,0.85,0.82,21.97,
Hechi,108.06,24.7,2016,11,2016-11,15.7,28.16,2.95,9.75,12.49,15.85,97.08,3.63,8.12,60.6,5.3,82.26,10.08,1.75,9.05,31.78,4.2,0.55,0.01,0.85,16.17,28.94,72.9,2.54,2.62,0.8,0.84,0.82,,
Hechi,108.06,24.7,2016,12,2016-12,12.55,24.47,1.3,11.53,8.09,12.45,97.28,3.21,8.81,51.3,4.85,76.19,7.3,0.45,9.9,28.81,4.39,0.55,0.01,0.76,14.5,26.19,63.22,1.67,1.9,0.77,0.81,0.78,,
Hechi,108.06,24.7,2017,1,2017-01,12.11,24.41,2.26,9.63,8.65,12.51,97.25,3.34,9.76,64.5,4.78,80.79,7.45,2.06,7.38,30.43,3.38,0.44,0.01,0.68,15.13,26.64,82.0,1.0,1.64,0.78,0.8,0.79,,
Hechi,108.06,24.7,2017,2,2017-02,12.58,27.7,1.6,11.06,7.75,13.2,97.23,3.87,10.08,80.8,5.38,74.58,7.19,0.69,8.96,30.74,4.04,0.52,0.01,0.8,17.69,26.49,84.21,1.2,1.97,0.75,0.79,0.77,,
Hechi,108.06,24.7,2017,3,2017-03,16.18,31.05,7.84,11.09,12.36,16.98,96.76,4.03,9.81,102.0,5.45,79.89,9.64,4.17,7.05,33.22,3.38,0.46,0.01,0.76,20.53,29.3,95.38,1.62,2.42,0.76,0.78,0.78,,
Hechi,108.06,24.7,2017,4,2017-04,21.02,34.24,6.45,11.14,16.18,21.61,96.43,4.22,11.09,164.3,5.98,75.87,12.31,2.48,12.53,34.21,5.81,0.77,0.02,1.24,23.65,31.27,86.17,3.87,3.67,0.75,0.78,0.76,21.16,
Hechi,108.06,24.7,2017,5,2017-05,23.58,34.0,14.36,9.78,19.17,23.82,96.31,3.16,8.22,132.1,4.59,78.02,14.68,7.7,15.26,34.83,7.1,0.94,0.03,1.54,25.65,32.89,77.51,5.66,4.68,0.78,0.8,0.8,24.03,
Hechi,108.06,24.7,2017,6,2017-06,25.43,32.99,18.27,6.5,23.26,25.59,95.82,2.89,6.97,163.8,4.35,88.37,18.83,13.64,12.26,36.84,5.94,0.82,0.02,1.41,25.62,35.31,96.7,3.81,3.93,0.85,0.86,0.88,26.34,
Hechi,108.06,24.7,2017,7,2017-07,26.52,33.07,22.48,6.41,24.03,26.45,95.9,2.61,7.12,166.7,3.95,86.89,19.63,9.58,16.91,36.59,8.03,1.09,0.03,1.89,26.36,35.41,84.05,4.4,4.97,0.95,0.96,0.94,29.18,
Hechi,108.06,24.7,2017,8,2017-08,26.41,33.33,21.4,6.22,24.24,26.35,95.85,3.02,13.61,167.7,4.59,88.42,19.91,7.59,15.77,36.69,7.5,1.01,0.03,1.79,24.97,35.38,83.82,4.26,4.5,0.92,0.94,0.92,29.0,
Hechi,108.06,24.7,2017,9,2017-09,25.91,31.97,20.28,7.36,23.47,26.01,96.24,2.55,5.38,144.0,3.95,87.04,18.93,4.6,15.23,36.44,7.2,0.96,0.03,1.62,22.48,35.14,74.43,5.05,5.0,0.91,0.94,0.91,26.83,
Hechi,108.06,24.7,2017,10,2017-10,20.2,30.29,7.64,8.39,17.19,20.26,96.85,3.27,9.26,45.5,4.93,83.7,13.19,3.12,12.98,33.38,5.97,0.78,0.02,1.22,19.19,31.46,71.48,3.6,3.77,0.88,0.91,0.88,20.46,
Hechi,108.06,24.7,2017,11,2017-11,15.42,28.29,4.74,9.21,12.09,15.43,97.11,3.18,7.71,42.7,4.68,81.58,9.52,1.63,7.78,31.72,3.59,0.47,0.01,0.69,15.29,28.76,82.02,2.1,2.52,0.84,0.88,0.85,,
Hechi,108.06,24.7,2017,12,2017-12,10.07,18.84,-0.93,10.38,5.45,9.96,97.49,3.11,8.77,37.5,4.72,75.44,5.98,0.93,8.57,28.26,3.75,0.47,0.01,0.62,13.91,25.04,70.36,1.08,1.75,0.82,0.86,0.83,,
Hechi,108.06,24.7,2018,1,2018-01,9.03,23.73,-2.73,9.6,5.66,9.34,97.11,3.57,8.69,62.6,4.99,81.0,6.35,2.18,6.03,30.03,2.78,0.38,0.01,0.53,15.18,25.64,93.41,0.5,1.54,0.83,0.87,0.85,,7.01
Hechi,108.06,24.7,2018,2,2018-02,11.36,26.66,-2.56,11.54,6.61,11.88,97.15,3.62,9.89,86.1,5.31,74.78,7.0,0.35,8.18,30.3,3.71,0.48,0.01,0.72,17.61,25.91,88.28,1.04,2.07,0.81,0.84,0.81,,
Hechi,108.06,24.7,2018,3,2018-03,17.96,30.85,4.41,10.89,13.65,18.42,96.7,3.94,11.05,157.3,5.62,78.04,10.55,3.36,11.44,32.5,5.2,0.67,0.02,1.0,20.38,29.4,76.18,1.99,2.94,0.79,0.82,0.81,,
Hechi,108.06,24.7,2018,4,2018-04,20.77,32.29,7.83,10.66,16.24,21.13,96.52,4.12,11.55,164.8,5.84,77.08,12.46,3.01,12.54,33.98,5.78,0.75,0.02,1.18,23.27,31.26,84.96,3.36,3.71,0.78,0.82,0.8,20.92,
Hechi,108.06,24.7,2018,5,2018-05,24.88,32.57,18.03,8.25,21.81,25.11,96.15,4.07,9.17,177.2,5.92,84.16,17.17,8.15,15.0,36.3,7.14,0.97,0.03,1.58,25.93,34.28,82.68,4.99,4.47,0.8,0.83,0.83,25.62,
Hechi,108.06,24.7,2018,6,2018-06,25.8,32.14,19.07,7.47,22.98,26.0,95.75,3.19,7.42,141.7,4.71,85.29,18.51,7.32,14.42,36.79,6.9,0.95,0.03,1.6,26.19,35.2,87.34,5.83,5.03,0.84,0.87,0.86,26.66,
Hechi,108.06,24.7,2018,7,2018-07,26.86,33.62,22.47,6.7,24.18,26.89,95.62,2.87,6.47,139.1,4.31,86.01,19.87,9.07,17.88,36.79,8.48,1.15,0.03,1.95,26.45,35.55,84.65,5.96,5.23,0.87,0.9,0.89,29.97,
Hechi,108.06,24.7,2018,8,2018-08,26.78,33.17,21.27,7.13,23.76,26.71,95.62,2.37,6.23,52.6,3.63,84.38,19.38,5.16,16.9,36.55,7.96,1.06,0.03,1.79,24.53,35.45,82.24,5.64,4.72,0.87,0.9,0.88,29.62,
Hechi,108.06,24.7,2018,9,2018-09,24.41,31.77,16.06,7.92,21.45,24.49,96.29,3.27,16.94,76.0,4.91,84.47,16.88,7.41,15.7,35.4,7.32,0.96,0.03,1.57,22.43,33.93,71.76,5.55,4.89,0.87,0.9,0.88,25.11,
Hechi,108.06,24.7,2018,10,2018-10,18.88,27.54,12.39,9.28,15.26,18.88,96.99,2.96,6.64,44.0,4.55,81.08,11.33,3.45,11.15,32.62,5.17,0.68,0.02,1.07,19.09,30.16,78.73,3.8,3.65,0.85,0.89,0.86,,
Hechi,108.06,24.7,2018,11,2018-11,15.62,26.13,5.76,10.27,12.37,15.52,97.08,2.88,8.07,57.7,4.27,82.19,9.48,1.23,9.54,30.88,4.34,0.56,0.01,0.84,16.29,28.35,64.72,2.37,2.54,0.83,0.87,0.84,,
Hechi,108.06,24.7,2018,12,2018-12,10.35,26.85,-5.04,8.63,7.3,10.58,97.37,3.95,7.84,42.7,5.51,82.22,7.23,1.29,5.33,30.43,2.51,0.34,0.01,0.53,13.98,26.59,90.95,0.93,1.68,0.82,0.85,0.83,,
Hechi,108.06,24.7,2019,1,2019-01,9.23,23.23,-3.42,8.79,6.73,9.63,97.43,3.33,9.37,54.2,4.68,85.15,6.56,2.28,5.29,30.27,2.48,0.34,0.01,0.55,14.98,25.87,93.75,0.43,1.38,0.83,0.86,0.85,,7.38
Hechi,108.06,24.7,2019,2,2019-02,11.64,25.96,1.86,9.74,8.99,12.46,96.97,3.71,10.77,69.7,4.91,84.58,7.69,2.68,5.82,32.53,2.77,0.38,0.01,0.64,17.69,28.05,95.42,0.73,1.8,0.83,0.86,0.84,,
Hechi,108.06,24.7,2019,3,2019-03,16.68,29.73,7.43,10.1,13.54,17.27,96.7,3.92,9.4,99.4,5.46,82.99,10.37,3.9,8.53,33.22,3.97,0.51,0.01,0.84,19.39,29.64,89.05,1.35,2.82,0.85,0.88,0.86,,
Hechi,108.06,24.7,2019,4,2019-04,22.41,32.52,11.42,9.32,19.47,22.84,96.27,3.69,9.23,163.8,5.33,84.56,15.1,4.63,11.96,35.63,5.5,0.69,0.02,1.14,21.49,32.81,83.37,2.89,3.96,0.85,0.88,0.87,22.91,
Hechi,108.06,24.7,2019,5,2019-05,23.3,32.64,14.32,8.42,20.12,23.73,96.14,3.28,9.1,113.2,4.76,83.43,15.69,5.21,11.16,35.97,5.28,0.69,0.02,1.17,23.84,33.6,89.49,4.4,4.26,0.83,0.86,0.85,23.86,
Hechi,108.06,24.7,2019,6,2019-06,26.07,31.61,18.56,6.55,23.92,26.12,95.72,3.44,8.1,170.2,5.12,88.56,19.64,11.21,14.15,36.96,6.8,0.93,0.03,1.59,26.1,35.53,89.16,4.0,4.25,0.88,0.91,0.9,27.04,
Hechi,108.06,24.7,2019,7,2019-07,26.42,31.84,20.61,5.87,24.51,26.39,95.69,2.94,6.76,164.9,4.57,89.67,20.3,10.69,14.84,36.92,7.1,0.97,0.03,1.7,25.97,35.65,89.05,3.49,4.56,0.96,0.97,0.94,29.11,
Hechi,108.06,24.7,2019,8,2019-08,27.4,33.7,20.83,7.49,24.1,27.33,95.74,2.35,8.78,63.0,3.59,83.16,19.78,5.11,18.59,36.57,8.7,1.14,0.03,1.96,24.75,35.5,75.67,6.16,5.3,0.9,0.93,0.91,31.03,
Hechi,108.06,24.7,2019,9,2019-09,24.58,32.53,13.89,9.35,20.36,24.35,96.47,2.65,6.6,52.1,4.09,78.75,15.92,2.94,18.63,34.21,8.57,1.11,0.03,1.84,22.94,33.05,53.73,6.58,5.17,0.86,0.9,0.87,25.15,
Hechi,108.06,24.7,2019,10,2019-10,20.52,30.25,9.39,9.14,17.39,20.54,96.88,2.78,7.15,75.1,4.18,83.43,13.15,3.27,11.59,33.51,5.36,0.7,0.02,1.06,18.57,31.52,67.39,4.23,3.55,0.81,0.85,0.83,20.81,
Hechi,108.06,24.7,2019,11,2019-11,15.55,26.53,5.74,10.23,11.63,15.54,97.14,3.22,9.6,52.3,4.78,78.88,9.12,1.52,10.13,31.13,4.6,0.59,0.01,0.81,15.77,28.22,67.75,2.64,2.59,0.8,0.83,0.81,,
Hechi,108.06,24.7,2019,12,2019-12,11.47,25.38,0.6,11.2,6.68,11.22,97.37,3.24,8.12,41.3,4.84,74.89,6.66,0.38,9.01,28.66,3.98,0.5,0.01,0.65,14.44,25.62,64.58,1.46,1.74,0.77,0.81,0.78,,
Hechi,108.06,24.7,2020,1,2020-01,11.73,25.2,-1.11,10.73,8.21,12.12,97.14,3.96,9.46,93.5,5.68,80.43,7.51,1.8,6.46,30.74,2.97,0.39,0.01,0.52,14.89,26.6,85.49,0.93,1.61,0.76,0.79,0.78,,
Hechi,108.06,24.7,2020,2,2020-02,13.84,27.81,1.61,10.74,10.28,14.24,97.23,3.79,11.03,124.8,5.58,80.69,8.52,2.52,7.77,31.87,3.55,0.46,0.01,0.68,17.01,27.76,89.33,1.05,1.93,0.78,0.81,0.8,,
Hechi,108.06,24.7,2020,3,2020-03,17.66,29.82,6.89,10.32,14.29,18.19,96.66,4.06,9.32,122.0,5.77,82.05,10.92,5.72,8.7,33.87,4.02,0.51,0.01,0.77,19.2,30.16,92.51,1.58,2.68,0.81,0.83,0.83,,
Hechi,108.06,24.7,2020,4,2020-04,18.08,30.46,8.53,9.61,14.18,18.43,96.87,3.61,8.48,98.8,5.06,79.83,10.79,3.99,12.13,32.84,5.57,0.72,0.02,1.09,22.59,30.03,86.32,2.41,3.15,0.83,0.86,0.84,,
Hechi,108.06,24.7,2020,5,2020-05,25.43,35.07,17.61,9.06,21.99,25.7,96.01,3.68,8.94,178.2,5.41,82.53,17.41,10.36,15.97,36.37,7.53,1.01,0.03,1.67,25.65,34.45,81.28,5.6,4.92,0.8,0.83,0.83,26.18,
Hechi,108.06,24.7,2020,6,2020-06,26.66,31.31,20.1,5.79,24.77,26.64,95.73,4.03,8.05,181.0,5.97,89.76,20.58,14.82,12.9,37.3,6.25,0.87,0.03,1.5,26.2,35.72,93.52,3.56,4.98,0.95,0.95,0.94,29.76,
Hechi,108.06,24.7,2020,7,2020-07,26.96,32.38,22.44,6.43,24.64,26.89,95.81,3.92,8.62,186.9,5.9,87.69,20.39,8.16,16.85,36.76,8.0,1.09,0.03,1.95,26.33,35.56,90.18,5.21,5.53,0.92,0.94,0.92,30.39,
Hechi,108.06,24.7,2020,8,2020-08,26.29,32.25,21.65,6.71,23.81,26.28,95.87,3.09,7.75,155.5,4.65,86.94,19.38,5.99,17.79,36.36,8.42,1.14,0.03,2.0,25.4,35.12,73.54,5.34,5.36,0.92,0.94,0.91,28.62,
Hechi,108.06,24.7,2020,9,2020-09,23.92,31.65,15.6,7.08,21.91,23.97,96.26,2.82,7.9,106.4,4.24,89.08,17.34,15.66,10.92,36.11,5.26,0.72,0.02,1.23,22.12,34.47,84.89,3.31,4.37,0.95,0.96,0.94,24.69,
Hechi,108.06,24.7,2020,10,2020-10,18.21,29.39,10.26,8.04,15.99,18.26,96.92,3.64,7.86,34.2,5.42,87.45,12.05,5.05,10.05,33.2,4.71,0.63,0.02,1.01,18.94,30.73,80.75,2.04,3.76,0.97,0.97,0.95,,
Hechi,108.06,24.7,2020,11,2020-11,15.51,27.24,3.26,9.61,12.46,15.48,97.22,3.57,8.39,39.9,5.37,83.14,9.73,0.6,9.58,31.01,4.36,0.56,0.01,0.77,15.99,28.48,63.05,2.12,2.86,0.89,0.93,0.89,,
Hechi,108.06,24.7,2020,12,2020-12,8.37,23.09,-2.45,9.93,4.79,8.71,97.48,3.59,8.83,32.7,5.25,79.62,5.76,0.25,7.05,29.03,3.15,0.41,0.01,0.55,14.08,24.75,80.26,0.7,1.68,0.85,0.89,0.86,,6.2
Hechi,108.06,24.7,2021,1,2021-01,8.99,21.75,-2.51,11.19,4.14,8.92,97.35,3.28,9.87,47.8,4.82,73.82,5.62,0.23,9.24,28.13,4.06,0.51,0.01,0.66,14.9,24.64,65.34,0.72,1.68,0.82,0.86,0.83,,7.12
Hechi,108.06,24.7,2021,2,2021-02,15.12,26.17,5.69,10.6,11.39,15.46,96.95,3.26,9.22,99.6,4.69,80.02,8.88,2.49,9.74,31.75,4.44,0.57,0.01,0.78,17.57,28.17,75.89,1.18,2.21,0.82,0.85,0.83,,
Hechi,108.06,24.7,2021,3,2021-03,17.9,33.72,6.44,10.48,14.19,18.51,96.68,4.3,9.46,147.4,6.02,80.59,10.96,1.44,8.09,34.34,3.74,0.47,0.01,0.75,19.0,30.48,91.9,1.86,2.76,0.8,0.83,0.81,,
Hechi,108.06,24.7,2021,4,2021-04,20.43,33.22,11.62,8.88,17.28,20.97,96.57,3.62,7.62,103.5,5.07,83.36,13.05,5.65,8.47,35.0,4.03,0.53,0.01,0.84,21.99,32.07,90.94,2.58,3.25,0.81,0.83,0.83,20.71,
Hechi,108.06,24.7,2021,5,2021-05,24.83,32.82,16.88,8.8,21.96,25.09,96.06,3.86,9.39,176.3,5.55,85.05,17.41,8.89,13.22,36.68,6.34,0.87,0.03,1.46,25.83,34.58,88.38,4.44,4.83,0.85,0.88,0.87,25.59,
Hechi,108.06,24.7,2021,6,2021-06,26.33,32.82,17.27,7.7,23.31,26.38,95.78,3.1,6.66,155.6,4.6,84.51,18.98,9.43,15.69,36.51,7.45,1.01,0.03,1.69,26.34,35.25,83.83,5.86,5.39,0.86,0.9,0.88,28.57,
Hechi,108.06,24.7,2021,7,2021-07,27.11,32.85,22.35,7.34,24.12,27.13,95.76,2.93,7.21,172.9,4.49,84.55,19.76,5.16,19.77,36.52,9.31,1.25,0.04,2.15,26.44,35.48,77.27,6.77,5.86,0.89,0.92,0.89,30.46,
Hechi,108.06,24.7,2021,8,2021-08,27.22,33.57,21.38,7.49,24.21,27.3,95.91,2.98,7.02,167.1,4.53,84.55,19.84,6.34,18.4,36.67,8.71,1.17,0.03,2.04,25.2,35.65,82.06,7.49,5.96,0.85,0.89,0.87,30.74,
Hechi,108.06,24.7,2021,9,2021-09,26.21,32.48,20.77,8.12,22.77,26.22,96.35,2.2,5.8,139.3,3.33,82.36,18.1,3.11,19.29,35.83,9.05,1.18,0.03,1.92,23.06,34.83,57.75,6.99,4.91,0.82,0.86,0.83,27.04,
Hechi,108.06,24.7,2021,10,2021-10,19.12,31.12,9.13,9.55,15.63,19.28,96.89,4.28,10.85,36.1,6.19,81.27,11.92,3.23,11.99,32.98,5.62,0.74,0.02,1.13,19.39,31.05,66.97,4.26,3.61,0.78,0.82,0.8,,
Hechi,108.06,24.7,2021,11,2021-11,14.97,28.21,6.7,9.82,11.04,15.04,97.14,3.33,9.73,38.0,5.02,79.2,8.92,2.97,9.16,30.88,4.24,0.55,0.01,0.78,16.45,27.98,76.7,2.28,2.46,0.79,0.82,0.81,,
Hechi,108.06,24.7,2021,12,2021-12,10.87,21.46,-1.49,10.8,6.36,10.77,97.5,3.1,7.79,40.4,4.53,75.77,6.36,0.62,9.59,28.04,4.27,0.53,0.01,0.69,14.49,25.22,58.76,1.35,1.66,0.77,0.8,0.78,,
Hechi,108.06,24.7,2022,1,2022-01,10.12,22.11,-1.56,9.24,7.49,10.55,97.16,3.45,7.84,56.8,4.85,84.53,6.88,2.46,5.19,30.28,2.44,0.33,0.01,0.45,14.86,25.92,93.47,0.53,1.27,0.78,0.8,0.8,,
Hechi,108.06,24.7,2022,2,2022-02,7.6,23.98,-1.85,9.83,4.69,8.29,97.28,3.76,8.83,42.5,5.08,82.75,5.7,3.54,7.12,29.02,3.31,0.45,0.01,0.67,18.27,24.82,85.45,0.42,1.46,0.81,0.84,0.83,,5.16
Hechi,108.06,24.7,2022,3,2022-03,18.81,30.3,7.81,10.89,15.49,19.4,96.53,4.21,9.73,158.0,5.9,82.37,11.72,2.53,9.93,33.63,4.62,0.61,0.02,0.93,20.69,30.37,85.71,1.88,2.85,0.8,0.84,0.82,,
Hechi,108.06,24.7,2022,4,2022-04,20.07,32.83,6.28,10.87,15.38,20.39,96.61,3.9,9.35,109.7,5.51,76.66,11.82,5.02,15.22,32.71,6.93,0.88,0.02,1.38,23.46,30.58,68.36,3.51,3.84,0.79,0.82,0.81,20.13,
Hechi,108.06,24.7,2022,5,2022-05,21.8,31.2,10.97,8.53,18.57,22.06,96.26,3.35,8.29,91.9,4.83,83.33,14.34,11.49,11.13,34.47,5.32,0.73,0.02,1.17,25.34,32.33,90.29,3.44,3.99,0.85,0.87,0.87,22.21,
Hechi,108.06,24.7,2022,6,2022-06,25.62,30.9,19.29,6.06,23.62,25.59,95.72,3.39,7.83,173.2,5.03,89.2,19.25,12.7,12.45,36.65,6.05,0.83,0.02,1.35,25.72,35.19,94.2,3.03,4.6,0.96,0.97,0.95,26.57,
Hechi,108.06,24.7,2022,7,2022-07,26.86,32.55,22.57,7.3,24.28,26.91,95.84,3.18,8.09,186.4,4.96,86.57,19.95,6.75,19.87,36.47,9.4,1.26,0.04,2.18,26.91,35.4,66.56,6.3,6.07,0.92,0.95,0.92,30.02,
Hechi,108.06,24.7,2022,8,2022-08,26.89,33.01,21.97,7.59,23.93,27.0,95.96,2.95,9.08,146.6,4.42,84.74,19.49,3.47,18.4,36.79,8.77,1.19,0.03,2.07,25.61,35.59,74.34,7.62,5.86,0.85,0.89,0.86,29.92,
Hechi,108.06,24.7,2022,9,2022-09,24.96,32.65,17.61,8.8,20.75,24.91,96.38,2.53,5.98,52.2,3.81,78.64,16.02,2.22,17.2,35.44,7.98,1.04,0.03,1.72,22.32,33.97,68.85,7.34,4.93,0.78,0.82,0.79,25.56,
Hechi,108.06,24.7,2022,10,2022-10,20.11,30.64,9.8,10.92,14.6,20.18,97.0,3.55,9.52,34.5,5.44,72.89,11.19,0.91,15.52,32.03,7.11,0.91,0.02,1.39,20.0,30.33,51.03,4.86,3.59,0.72,0.77,0.73,20.08,
Hechi,108.06,24.7,2022,11,2022-11,18.74,29.75,4.14,11.04,14.63,18.94,96.83,3.35,8.92,81.6,4.96,78.93,11.06,1.6,9.65,32.32,4.43,0.57,0.01,0.84,16.24,29.91,66.42,2.41,2.24,0.69,0.72,0.69,,
Hechi,108.06,24.7,2022,12,2022-12,9.06,20.52,-0.47,10.79,2.79,9.34,97.47,3.57,9.98,37.1,5.15,67.63,4.9,0.52,9.11,28.14,4.04,0.51,0.01,0.69,14.61,24.25,74.43,0.78,1.32,0.69,0.72,0.7,,7.05
Hechi,108.06,24.7,2023,1,2023-01,10.23,26.87,-1.65,12.42,4.03,10.48,97.36,3.71,9.19,43.4,5.4,68.65,5.61,0.24,10.25,28.01,4.51,0.57,0.01,0.78,15.81,24.47,64.89,0.57,1.18,0.67,0.7,0.67,,
Hechi,108.06,24.7,2023,2,2023-02,13.53,30.25,3.82,11.65,8.91,14.29,97.11,3.98,10.29,77.6,5.54,75.95,7.69,1.29,8.23,30.7,3.75,0.48,0.01,0.74,17.52,27.1,78.25,0.6,1.38,0.67,0.69,0.68,,
Hechi,108.06,24.7,2023,3,2023-03,18.14,34.83,7.07,12.05,12.5,18.88,96.82,3.92,11.28,116.5,5.45,72.4,9.63,2.35,10.32,32.6,4.69,0.58,0.02,0.93,19.28,29.34,82.74,0.97,1.95,0.67,0.68,0.67,,
Hechi,108.06,24.7,2023,4,2023-04,22.71,34.42,11.56,12.14,16.77,23.51,96.29,4.7,10.8,155.4,6.48,71.99,12.83,4.21,12.55,34.9,5.73,0.71,0.02,1.11,21.55,32.08,80.44,1.92,2.88,0.66,0.68,0.67,22.92,
Hechi,108.06,24.7,2023,5,2023-05,25.34,37.53,15.5,11.47,19.8,26.1,96.13,4.23,11.69,157.3,5.94,74.07,15.29,3.57,14.22,36.2,6.74,0.9,0.03,1.51,25.32,33.99,82.29,4.67,4.33,0.68,0.7,0.69,25.86,
Hechi,108.06,24.7,2023,6,2023-06,27.23,38.11,20.37,9.21,22.6,27.82,95.88,3.39,8.42,145.2,4.95,78.17,18.05,8.91,15.33,37.09,7.35,1.01,0.03,1.71,26.55,35.47,86.31,4.5,4.3,0.69,0.7,0.72,30.06,
Hechi,108.06,24.7,2023,7,2023-07,28.17,35.8,22.88,8.66,23.61,28.63,95.84,4.16,11.66,171.0,5.91,78.12,19.17,4.1,18.1,37.34,8.63,1.17,0.03,2.06,26.68,36.03,85.6,6.11,4.66,0.68,0.72,0.7,32.22,
Hechi,108.06,24.7,2023,8,2023-08,27.07,33.72,18.61,8.17,23.47,27.48,95.81,2.52,6.34,112.5,3.8,82.04,19.07,6.55,15.04,37.04,7.21,0.98,0.03,1.7,25.0,35.69,86.83,6.99,5.2,0.71,0.72,0.74,30.1,
Hechi,108.06,24.7,2023,9,2023-09,25.53,32.0,18.22,8.33,22.23,25.75,96.26,2.95,7.9,66.0,4.45,83.08,17.57,5.45,15.01,36.13,7.13,0.96,0.03,1.57,22.99,34.67,67.93,7.09,4.96,0.73,0.75,0.76,26.31,
Hechi,108.06,24.7,2023,10,2023-10,22.04,32.15,12.77,10.56,17.09,22.43,96.9,3.0,9.03,62.9,4.46,75.66,12.87,1.54,13.25,33.6,6.15,0.8,0.02,1.23,19.53,31.8,62.65,3.46,3.06,0.67,0.71,0.67,22.28,
Hechi,108.06,24.7,2023,11,2023-11,17.6,30.1,6.56,11.15,12.68,17.67,97.19,3.06,8.83,73.1,4.45,75.27,9.9,1.37,10.95,31.02,4.95,0.63,0.01,0.86,16.4,28.83,60.44,2.24,2.16,0.67,0.7,0.69,,
Hechi,108.06,24.7,2023,12,2023-12,12.52,28.64,-2.44,12.12,6.71,12.84,97.4,3.72,9.66,57.4,5.37,70.54,7.12,0.63,9.79,28.9,4.37,0.55,0.01,0.67,14.53,26.4,63.49,0.52,1.25,0.65,0.68,0.65,,
Hechi,108.06,24.7,2024,1,2024-01,11.65,24.08,-4.1,9.61,8.26,12.14,97.35,3.59,9.08,77.5,5.18,81.11,7.57,3.66,4.71,30.92,2.25,0.31,0.01,0.42,14.63,26.38,94.67,0.62,1.32,0.7,0.7,0.73,,
Hechi,108.06,24.7,2024,2,2024-02,12.35,32.21,1.35,10.99,7.44,12.99,97.12,4.94,12.28,93.7,6.55,74.52,7.31,1.47,8.09,30.54,3.72,0.49,0.01,0.74,17.97,26.75,84.28,0.81,1.58,0.69,0.71,0.71,,
Hechi,108.06,24.7,2024,3,2024-03,18.14,32.48,3.1,12.02,12.91,18.91,96.74,4.43,11.46,139.9,6.25,74.38,10.16,1.46,10.51,32.96,4.85,0.62,0.02,0.94,20.39,29.4,86.45,1.54,2.27,0.69,0.71,0.7,,
Hechi,108.06,24.7,2024,4,2024-04,24.18,37.06,14.35,10.89,19.43,24.93,96.07,4.1,9.3,148.7,5.77,77.36,14.94,5.88,12.32,35.9,5.68,0.7,0.02,1.03,21.56,33.42,85.38,3.09,3.43,0.7,0.71,0.72,24.67,
Hechi,108.06,24.7,2024,5,2024-05,23.77,32.63,15.25,9.05,20.27,24.18,96.27,3.25,7.69,111.0,4.6,82.12,15.64,9.5,12.0,35.44,5.72,0.77,0.02,1.18,24.88,33.48,86.83,5.08,4.44,0.76,0.77,0.8,24.35,
Hechi,108.06,24.7,2024,6,2024-06,26.06,31.9,18.98,6.52,23.96,26.25,95.89,3.48,7.31,153.6,5.12,88.77,19.62,18.47,11.28,37.04,5.54,0.78,0.02,1.32,26.03,35.47,96.37,4.4,5.02,0.88,0.89,0.91,27.04,
Hechi,108.06,24.7,2024,7,2024-07,27.24,34.17,22.69,7.18,24.44,27.37,95.79,3.46,8.57,170.0,5.1,85.58,20.15,6.45,16.69,37.11,8.02,1.1,0.03,1.93,26.75,35.77,83.66,7.47,6.28,0.87,0.91,0.88,30.9,
Hechi,108.06,24.7,2024,8,2024-08,26.92,32.93,21.96,7.26,24.16,27.01,95.96,2.58,6.79,169.0,3.9,85.69,19.78,7.8,16.95,36.97,8.09,1.09,0.03,1.9,25.04,35.67,77.15,6.3,5.5,0.89,0.92,0.9,30.09,
Hechi,108.06,24.7,2024,9,2024-09,25.71,32.72,16.03,8.0,22.58,25.68,96.14,2.96,9.45,54.3,4.5,83.72,18.06,3.73,16.9,36.1,7.97,1.06,0.03,1.77,22.86,34.8,73.1,6.05,5.04,0.86,0.9,0.87,26.52,
Hechi,108.06,24.7,2024,10,2024-10,19.89,29.05,10.57,10.38,15.96,19.87,96.86,3.36,8.36,37.2,5.15,79.6,11.99,2.18,14.66,32.21,6.74,0.87,0.02,1.32,19.78,30.5,58.03,4.82,4.02,0.81,0.85,0.82,,
Hechi,108.06,24.7,2024,11,2024-11,16.72,28.3,5.74,11.22,12.25,16.65,97.17,3.08,7.73,44.3,4.78,76.77,9.49,0.09,13.51,30.29,6.11,0.77,0.02,1.08,16.65,28.29,50.09,3.53,2.73,0.75,0.8,0.76,,
Hechi,108.06,24.7,2024,12,2024-12,10.21,22.97,0.81,10.84,5.07,10.3,97.43,3.32,7.77,41.2,5.02,72.74,5.85,0.53,8.08,28.91,3.59,0.45,0.01,0.59,14.07,24.98,76.14,1.09,1.49,0.73,0.76,0.74,,
Hechi,108.06,24.7,2025,1,2025-01,11.23,23.77,-0.12,12.47,4.75,11.1,97.33,3.26,10.56,58.3,4.86,67.44,5.79,0.27,10.64,27.94,4.58,0.55,0.01,0.69,15.1,24.78,58.59,0.95,1.44,0.7,0.74,0.71,,
Hechi,108.06,24.7,2025,2,2025-02,10.47,27.64,-0.96,9.55,6.57,11.22,97.31,3.57,9.03,55.8,4.89,78.63,6.47,1.41,4.67,30.57,2.24,0.31,0.01,0.47,17.19,25.69,97.59,0.5,1.23,0.71,0.73,0.72,,
Hechi,108.06,24.7,2025,3,2025-03,16.65,34.46,4.75,12.87,10.21,17.56,96.89,4.57,10.57,77.0,6.23,68.82,8.63,0.87,11.79,31.89,5.34,0.67,0.02,0.99,20.32,28.4,76.81,1.47,2.29,0.69,0.72,0.69,,
Hechi,108.06,24.7,2025,4,2025-04,23.07,36.68,8.25,13.27,14.86,23.95,96.43,3.67,16.19,148.2,5.3,63.85,11.44,1.58,15.02,34.12,6.83,0.86,0.02,1.32,22.93,31.66,79.7,1.36,2.57,0.65,0.69,0.63,23.1,
Hechi,108.06,24.7,2025,5,2025-05,24.06,33.93,13.24,9.83,19.99,24.52,96.24,3.36,10.69,153.2,4.86,79.99,15.51,10.72,12.76,35.38,6.05,0.82,0.02,1.31,25.67,33.4,86.98,4.31,4.18,0.74,0.74,0.78,24.61,
Hechi,108.06,24.7,2025,6,2025-06,26.12,32.9,19.16,7.24,23.28,26.3,95.87,3.43,8.72,163.3,5.04,85.29,18.81,15.11,13.52,36.81,6.57,0.91,0.03,1.57,26.54,35.26,92.14,6.03,5.32,0.82,0.82,0.85,27.01,
Hechi,108.06,24.7,2025,7,2025-07,27.65,33.85,22.41,8.0,23.95,27.78,95.6,2.38,9.2,81.3,3.55,81.34,19.59,4.71,19.2,36.95,9.11,1.22,0.04,2.12,26.47,35.95,74.29,8.71,6.3,0.84,0.88,0.86,31.42,
Hechi,108.06,24.7,2025,8,2025-08,26.37,32.79,21.0,7.1,23.53,26.47,96.04,2.88,7.6,155.4,4.29,85.27,19.04,5.73,16.58,36.52,7.91,1.07,0.03,1.85,25.32,35.22,83.27,7.04,5.17,0.83,0.86,0.84,28.71,
Hechi,108.06,24.7,2025,9,2025-09,25.52,31.81,18.59,7.7,22.6,25.64,96.3,3.09,9.7,104.7,4.66,84.72,17.95,5.61,15.88,35.91,7.54,1.01,0.03,1.67,23.12,34.74,72.0,6.57,4.88,0.81,0.85,0.83,26.34,
Hechi,108.06,24.7,2025,10,2025-10,21.34,31.02,8.93,8.79,18.08,21.43,96.87,3.43,9.51,59.6,5.04,82.54,14.03,2.95,13.89,33.69,6.48,0.85,0.02,1.3,19.58,32.0,63.64,4.74,3.83,0.81,0.84,0.82,21.68,
Hechi,108.06,24.7,2025,11,2025-11,14.7,25.06,3.71,10.85,10.09,14.4,97.29,3.35,8.92,28.1,5.0,75.93,8.34,1.96,11.36,29.07,5.13,0.65,0.02,0.92,16.76,27.29,54.45,2.56,2.59,0.8,0.83,0.81,,
Hechi,108.06,24.7,2025,12,2025-12,13.2,22.8,1.34,10.47,9.46,13.22,97.18,2.86,8.89,56.7,4.28,79.53,7.87,0.96,8.44,30.0,3.78,0.48,0.01,0.62,13.97,26.63,71.4,1.42,1.67,0.76,0.8,0.78,,
Liuzhou,109.43,24.33,2005,1,2005-01,7.96,24.08,-3.87,10.19,3.73,8.25,99.85,4.03,9.49,34.1,5.68,76.8,5.27,1.25,5.32,28.69,2.43,0.32,0.01,0.43,13.99,25.29,72.49,0.38,1.05,0.66,0.68,0.68,,5.47
Liuzhou,109.43,24.33,2005,2,2005-02,11.39,27.17,0.05,11.41,6.98,12.18,99.6,4.61,9.9,43.3,6.19,75.84,6.87,2.11,7.03,30.98,3.27,0.43,0.01,0.67,16.94,27.61,75.36,0.59,1.48,0.67,0.69,0.69,,
Liuzhou,109.43,24.33,2005,3,2005-03,15.7,28.68,2.26,11.66,10.36,16.32,99.59,4.26,11.16,68.6,5.94,72.94,8.56,4.67,8.58,31.98,3.97,0.51,0.01,0.76,19.9,28.69,84.61,1.15,2.24,0.67,0.69,0.7,,
Liuzhou,109.43,24.33,2005,4,2005-04,21.99,35.15,11.11,10.58,16.87,22.36,99.03,3.93,9.01,126.3,5.6,74.79,12.51,4.1,12.06,34.56,5.54,0.7,0.02,1.09,22.05,32.29,76.35,3.25,3.49,0.69,0.72,0.71,22.2,
Liuzhou,109.43,24.33,2005,5,2005-05,26.42,34.05,16.95,8.7,22.87,26.64,98.32,3.84,10.2,167.1,5.68,82.13,17.97,8.5,16.16,36.69,7.6,1.0,0.03,1.63,25.2,35.07,76.25,5.22,4.8,0.73,0.75,0.77,28.63,
Liuzhou,109.43,24.33,2005,6,2005-06,26.97,32.49,21.46,5.93,24.93,26.98,98.01,3.14,7.18,153.1,4.72,89.09,20.31,19.49,11.26,37.51,5.5,0.75,0.02,1.27,24.93,36.24,90.73,3.19,4.27,0.87,0.89,0.9,30.56,
Liuzhou,109.43,24.33,2005,7,2005-07,27.84,34.11,23.64,7.2,24.89,27.82,98.33,3.07,7.7,177.9,4.68,84.82,20.16,4.37,19.74,36.95,9.25,1.21,0.03,2.08,25.95,35.85,62.43,6.55,5.98,0.87,0.92,0.88,32.42,
Liuzhou,109.43,24.33,2005,8,2005-08,27.26,35.2,20.32,7.51,24.09,27.33,98.27,2.6,5.63,90.9,4.07,83.63,19.27,3.93,17.28,37.22,8.06,1.05,0.03,1.75,23.87,35.91,71.83,6.74,5.39,0.82,0.88,0.84,30.73,
Liuzhou,109.43,24.33,2005,9,2005-09,25.81,33.21,18.74,8.94,21.97,25.75,98.85,3.2,6.56,46.1,4.95,80.44,16.86,1.32,16.57,36.02,7.65,0.98,0.03,1.58,21.81,34.58,60.09,7.2,5.07,0.76,0.82,0.77,26.55,
Liuzhou,109.43,24.33,2005,10,2005-10,21.24,32.58,9.71,10.71,16.03,21.26,99.48,3.31,7.96,35.7,5.09,73.66,11.81,0.49,14.66,33.01,6.56,0.8,0.02,1.21,17.51,31.6,41.89,5.43,3.77,0.68,0.75,0.69,21.34,
Liuzhou,109.43,24.33,2005,11,2005-11,17.54,30.81,5.16,10.05,13.27,17.57,99.55,3.4,7.7,39.7,5.17,77.51,10.24,2.1,10.29,31.76,4.64,0.59,0.01,0.87,15.27,29.76,59.86,2.6,2.38,0.68,0.72,0.7,,
Liuzhou,109.43,24.33,2005,12,2005-12,9.83,20.37,-0.93,10.47,3.18,9.88,100.12,4.06,9.99,33.2,6.0,66.26,5.14,1.62,8.58,27.64,3.72,0.45,0.01,0.59,13.4,25.23,56.79,0.88,1.5,0.67,0.71,0.69,,7.75
Liuzhou,109.43,24.33,2006,1,2006-01,10.33,24.43,-2.33,11.68,5.55,10.53,99.74,4.17,10.38,37.6,5.95,74.16,6.19,1.91,8.22,28.94,3.59,0.45,0.01,0.67,14.41,25.98,63.92,0.69,1.4,0.69,0.72,0.71,,
Liuzhou,109.43,24.33,2006,2,2006-02,12.3,26.65,2.58,9.5,8.31,12.9,99.86,4.48,9.81,39.7,5.99,77.91,7.14,3.51,5.48,31.45,2.61,0.36,0.01,0.58,17.11,27.61,91.3,0.64,1.59,0.69,0.72,0.72,,
Liuzhou,109.43,24.33,2006,3,2006-03,16.77,28.8,0.89,11.66,12.13,17.42,99.26,3.77,11.26,63.6,5.35,76.19,9.56,2.6,9.22,32.95,4.23,0.54,0.01,0.89,19.58,29.55,85.58,1.62,2.55,0.71,0.74,0.73,,
Liuzhou,109.43,24.33,2006,4,2006-04,22.45,34.17,8.13,10.62,17.87,22.85,98.79,4.46,10.06,150.5,6.23,77.03,13.51,4.96,12.06,35.09,5.58,0.72,0.02,1.19,22.59,32.54,84.58,3.4,3.94,0.72,0.75,0.75,22.76,
Liuzhou,109.43,24.33,2006,5,2006-05,24.09,32.81,13.78,9.29,20.11,24.24,98.72,3.68,11.16,128.7,5.46,80.21,15.37,8.97,14.21,35.37,6.69,0.9,0.02,1.46,25.49,33.59,78.4,4.74,4.58,0.75,0.78,0.79,24.65,
Liuzhou,109.43,24.33,2006,6,2006-06,26.48,32.26,20.51,7.3,24.05,26.57,98.28,3.09,8.4,177.0,4.79,87.23,19.23,9.72,13.89,37.02,6.62,0.89,0.02,1.45,25.17,35.7,82.18,4.77,4.76,0.84,0.88,0.87,29.1,
Liuzhou,109.43,24.33,2006,7,2006-07,27.69,34.25,23.14,6.5,25.17,27.67,98.02,2.82,7.01,163.2,4.38,86.86,20.58,9.28,16.43,37.31,7.8,1.04,0.03,1.78,25.78,36.21,77.51,5.35,5.09,0.86,0.91,0.88,32.31,
Liuzhou,109.43,24.33,2006,8,2006-08,27.15,33.33,20.83,6.85,24.16,27.05,98.3,2.63,14.34,72.4,3.97,84.36,19.32,5.8,17.16,36.68,7.95,1.02,0.03,1.71,23.44,35.66,67.66,5.07,4.69,0.86,0.92,0.88,30.54,
Liuzhou,109.43,24.33,2006,9,2006-09,24.08,32.34,15.47,9.04,20.24,23.88,98.88,3.08,7.85,43.1,4.73,80.19,15.37,2.61,16.3,34.66,7.41,0.94,0.03,1.46,21.19,33.48,54.7,5.46,4.8,0.83,0.89,0.84,24.64,
Liuzhou,109.43,24.33,2006,10,2006-10,23.18,29.98,14.22,9.43,19.44,23.17,99.32,2.71,7.27,47.8,4.25,80.58,14.42,0.79,12.99,34.51,5.77,0.69,0.02,1.01,16.42,33.21,48.72,5.13,3.93,0.76,0.82,0.77,23.66,
Liuzhou,109.43,24.33,2006,11,2006-11,16.95,28.15,6.71,10.6,12.67,16.71,99.47,3.43,8.03,38.7,5.12,77.85,9.45,3.34,9.32,31.59,4.15,0.52,0.01,0.7,15.08,29.16,63.29,2.69,2.58,0.74,0.79,0.76,,
Liuzhou,109.43,24.33,2006,12,2006-12,11.02,25.29,1.43,12.41,5.59,10.78,100.05,3.85,7.86,33.6,5.82,71.73,5.86,0.3,9.65,27.7,4.14,0.49,0.01,0.64,13.47,25.42,50.29,1.39,1.87,0.73,0.79,0.75,,
Liuzhou,109.43,24.33,2007,1,2007-01,8.66,21.01,-0.27,11.32,3.34,8.65,100.21,4.12,9.06,29.6,5.89,71.94,4.94,1.88,8.15,28.45,3.54,0.44,0.01,0.58,14.54,24.81,72.4,0.7,1.55,0.73,0.77,0.75,,6.28
Liuzhou,109.43,24.33,2007,2,2007-02,16.41,27.65,3.08,11.14,11.84,16.48,99.38,4.12,9.67,120.2,5.89,76.57,9.17,2.16,8.8,32.27,3.91,0.49,0.01,0.68,16.38,28.98,78.72,1.13,2.09,0.73,0.77,0.75,,
Liuzhou,109.43,24.33,2007,3,2007-03,17.62,31.38,4.16,10.41,13.75,18.08,99.18,4.74,9.62,110.4,6.59,79.43,10.53,2.9,7.89,33.82,3.61,0.45,0.01,0.71,18.83,30.15,91.65,1.47,2.56,0.74,0.77,0.76,,
Liuzhou,109.43,24.33,2007,4,2007-04,19.5,32.15,5.86,10.48,14.78,19.83,99.19,3.61,13.43,59.5,5.15,75.83,11.06,5.28,11.54,33.5,5.29,0.67,0.02,1.01,22.2,30.88,87.3,2.62,3.26,0.73,0.77,0.76,,
Liuzhou,109.43,24.33,2007,5,2007-05,24.53,34.25,13.55,9.76,20.05,24.64,98.65,3.02,9.02,167.1,4.43,77.78,15.23,6.07,16.75,35.35,7.74,1.01,0.03,1.62,25.55,33.85,70.14,5.61,4.88,0.76,0.8,0.78,25.07,
Liuzhou,109.43,24.33,2007,6,2007-06,26.76,32.93,19.61,7.11,24.16,26.83,98.22,3.29,8.32,174.4,4.99,86.41,19.37,16.07,15.69,37.0,7.46,1.0,0.03,1.66,25.81,35.61,83.33,5.09,5.09,0.84,0.88,0.88,29.75,
Liuzhou,109.43,24.33,2007,7,2007-07,27.63,33.11,22.68,7.01,25.01,27.7,98.23,3.87,8.64,177.5,5.86,86.4,20.34,3.11,17.99,37.15,8.54,1.16,0.03,2.03,26.47,35.88,82.97,7.15,5.72,0.82,0.87,0.83,32.07,
Liuzhou,109.43,24.33,2007,8,2007-08,27.69,34.05,22.36,7.39,24.22,27.6,98.19,2.47,6.3,107.2,3.74,82.3,19.41,6.11,17.98,36.94,8.37,1.09,0.03,1.83,24.01,35.82,68.92,7.2,5.22,0.78,0.83,0.81,31.65,
Liuzhou,109.43,24.33,2007,9,2007-09,24.2,31.43,14.03,8.61,20.62,24.12,98.7,3.35,7.79,33.3,5.13,81.52,15.64,4.61,14.25,35.35,6.59,0.85,0.02,1.37,21.52,34.02,65.5,5.59,4.75,0.8,0.86,0.82,24.8,
Liuzhou,109.43,24.33,2007,10,2007-10,21.0,31.3,10.59,10.51,16.01,20.83,99.36,3.5,7.11,36.1,5.39,74.51,11.82,0.18,14.29,32.92,6.25,0.74,0.02,1.1,17.11,31.53,40.35,5.26,3.79,0.72,0.79,0.73,21.1,
Liuzhou,109.43,24.33,2007,11,2007-11,14.92,26.25,1.18,13.0,8.13,14.44,99.75,3.66,9.19,28.3,5.76,66.6,7.02,0.65,13.68,27.86,5.88,0.7,0.02,0.92,15.68,26.77,31.6,3.05,2.6,0.69,0.74,0.7,,
Liuzhou,109.43,24.33,2007,12,2007-12,12.48,25.08,1.5,10.26,7.69,12.55,99.71,3.82,8.51,38.2,5.77,74.75,6.92,1.96,6.33,30.85,2.8,0.35,0.01,0.49,12.57,26.97,84.14,1.04,1.51,0.68,0.71,0.7,,
Liuzhou,109.43,24.33,2008,1,2008-01,6.86,25.94,-2.38,8.93,1.8,7.02,99.98,4.73,8.59,31.0,6.32,72.06,4.73,2.49,6.29,28.2,2.81,0.36,0.01,0.51,15.0,24.73,71.43,0.46,1.21,0.69,0.72,0.71,,3.77
Liuzhou,109.43,24.33,2008,2,2008-02,7.62,23.64,-7.72,10.73,2.21,7.89,100.09,3.83,9.67,33.8,5.64,71.53,4.85,3.32,8.52,28.73,3.77,0.47,0.01,0.77,17.24,24.65,77.59,0.6,1.63,0.74,0.77,0.77,,5.15
Liuzhou,109.43,24.33,2008,3,2008-03,17.79,30.2,5.63,10.72,13.11,18.04,99.26,3.35,10.12,106.6,4.81,76.61,9.99,3.85,9.86,32.49,4.44,0.55,0.01,0.85,19.51,29.72,78.43,1.53,2.56,0.74,0.77,0.76,,
Liuzhou,109.43,24.33,2008,4,2008-04,21.45,33.94,10.5,9.39,17.88,21.97,98.89,3.76,9.16,115.2,5.39,81.42,13.34,3.69,10.76,35.1,5.03,0.65,0.02,1.06,22.07,32.55,83.42,2.98,3.45,0.75,0.79,0.77,21.78,
Liuzhou,109.43,24.33,2008,5,2008-05,23.96,31.72,14.79,8.62,20.22,24.14,98.5,3.2,9.45,108.3,4.7,81.06,15.43,10.54,12.87,35.76,6.02,0.79,0.02,1.3,24.53,33.83,81.7,4.38,4.39,0.77,0.8,0.8,24.53,
Liuzhou,109.43,24.33,2008,6,2008-06,25.99,32.14,18.4,7.18,23.4,26.15,98.21,2.9,8.36,151.4,4.31,86.4,18.51,17.56,14.01,36.89,6.62,0.87,0.02,1.43,25.03,35.33,87.63,4.55,4.95,0.87,0.91,0.89,26.9,
Liuzhou,109.43,24.33,2008,7,2008-07,27.22,34.78,22.87,6.6,24.58,27.21,98.18,3.04,7.95,177.6,4.58,86.25,19.82,7.09,16.97,36.85,8.0,1.06,0.03,1.83,25.67,35.56,81.38,5.12,5.43,0.91,0.95,0.91,30.93,
Liuzhou,109.43,24.33,2008,8,2008-08,26.93,33.89,21.05,6.57,24.43,26.89,98.32,2.96,9.97,156.0,4.52,86.8,19.62,5.86,15.38,36.92,7.26,0.97,0.03,1.65,24.4,35.57,88.54,4.76,4.78,0.87,0.92,0.89,30.22,
Liuzhou,109.43,24.33,2008,9,2008-09,25.9,33.38,17.68,8.08,22.61,25.84,98.66,2.81,11.88,54.1,4.29,82.92,17.58,3.21,16.09,35.96,7.4,0.94,0.03,1.5,21.45,34.85,54.46,5.46,4.78,0.85,0.91,0.86,26.71,
Liuzhou,109.43,24.33,2008,10,2008-10,22.09,29.92,13.27,9.68,18.29,22.01,99.3,3.15,8.33,41.5,4.84,80.25,13.42,1.42,14.09,33.9,6.35,0.79,0.02,1.18,17.97,32.48,53.51,4.84,3.92,0.78,0.84,0.79,22.45,
Liuzhou,109.43,24.33,2008,11,2008-11,14.85,27.41,2.25,10.01,10.72,14.61,99.79,3.53,7.76,33.6,5.49,78.06,8.56,4.83,11.4,29.39,5.04,0.62,0.01,0.85,15.7,27.74,48.07,1.82,2.55,0.82,0.86,0.84,,
Liuzhou,109.43,24.33,2008,12,2008-12,10.99,23.05,0.03,11.43,5.8,10.42,99.92,3.49,10.26,32.3,5.02,72.32,5.99,0.34,10.25,27.47,4.39,0.52,0.01,0.69,13.82,25.42,44.06,1.18,1.84,0.78,0.83,0.79,,
Liuzhou,109.43,24.33,2009,1,2009-01,8.41,21.98,-1.38,11.3,2.82,8.44,100.11,3.73,10.92,36.1,5.54,70.5,4.96,0.46,9.29,27.48,4.01,0.49,0.01,0.66,14.68,24.33,59.87,0.63,1.58,0.76,0.81,0.77,,6.17
Liuzhou,109.43,24.33,2009,2,2009-02,17.3,31.08,5.79,10.37,13.79,17.66,99.15,4.01,10.72,119.7,5.56,81.26,10.31,0.45,10.23,32.89,4.59,0.58,0.01,0.91,17.36,30.09,64.72,1.27,2.08,0.73,0.78,0.74,,
Liuzhou,109.43,24.33,2009,3,2009-03,16.03,30.46,2.38,9.99,12.23,16.5,99.26,4.37,11.91,74.2,5.98,79.57,9.7,3.58,9.99,32.55,4.53,0.57,0.02,0.89,19.56,29.47,84.8,1.23,2.36,0.75,0.79,0.77,,
Liuzhou,109.43,24.33,2009,4,2009-04,20.95,30.18,10.38,9.71,16.92,21.34,98.91,3.86,9.45,111.0,5.5,79.41,12.57,5.12,11.79,34.44,5.46,0.7,0.02,1.1,22.78,31.95,81.04,2.83,3.56,0.76,0.8,0.79,21.17,
Liuzhou,109.43,24.33,2009,5,2009-05,23.82,31.8,15.95,8.55,20.37,24.13,98.75,3.36,8.57,120.3,4.91,82.17,15.35,7.38,12.87,36.16,6.09,0.82,0.02,1.34,25.01,34.06,84.6,4.54,4.32,0.77,0.8,0.79,24.4,
Liuzhou,109.43,24.33,2009,6,2009-06,26.64,32.96,17.36,7.3,23.69,26.66,98.1,2.97,7.82,167.8,4.42,84.88,18.94,7.81,15.35,36.75,7.25,0.97,0.03,1.58,25.79,35.48,79.58,5.46,4.83,0.81,0.86,0.84,29.33,
Liuzhou,109.43,24.33,2009,7,2009-07,27.67,33.77,22.11,6.66,25.12,27.72,98.12,3.4,14.09,169.0,5.11,86.68,20.49,11.14,16.01,37.37,7.64,1.03,0.03,1.77,26.1,36.11,79.31,6.37,5.56,0.85,0.89,0.87,32.22,
Liuzhou,109.43,24.33,2009,8,2009-08,27.81,34.59,19.38,7.7,24.47,27.76,98.32,2.95,7.83,74.9,4.53,82.88,19.69,1.19,19.45,37.02,9.06,1.17,0.03,1.99,24.22,36.05,59.39,7.13,5.28,0.8,0.86,0.81,32.05,
Liuzhou,109.43,24.33,2009,9,2009-09,26.73,33.99,17.51,8.51,22.79,26.73,98.64,3.18,10.28,50.8,4.85,79.98,17.83,3.16,17.2,36.26,7.9,1.0,0.03,1.61,21.58,35.26,47.64,7.42,5.11,0.74,0.8,0.76,29.15,
Liuzhou,109.43,24.33,2009,10,2009-10,22.16,30.97,14.91,9.95,17.34,22.07,99.16,3.16,6.61,33.8,4.88,75.68,12.59,0.65,12.33,34.03,5.54,0.68,0.02,1.04,17.28,32.19,59.07,5.3,3.73,0.69,0.75,0.7,22.41,
Liuzhou,109.43,24.33,2009,11,2009-11,14.05,30.01,1.0,11.26,7.91,13.97,99.74,4.05,10.57,35.0,5.79,68.69,7.42,1.22,10.72,29.77,4.76,0.59,0.01,0.85,15.75,27.29,57.58,2.19,2.2,0.67,0.71,0.68,,
Liuzhou,109.43,24.33,2009,12,2009-12,10.89,23.15,-0.51,9.51,6.53,11.06,99.79,3.6,11.07,36.6,5.26,76.32,6.4,0.94,6.56,30.15,2.91,0.37,0.01,0.46,12.89,26.38,82.38,0.72,1.2,0.66,0.69,0.67,,
Liuzhou,109.43,24.33,2010,1,2010-01,10.85,25.73,-0.35,9.89,7.49,11.06,99.84,3.8,9.15,41.7,5.45,81.08,6.97,5.43,6.35,30.17,2.9,0.38,0.01,0.54,15.02,26.54,81.12,0.61,1.35,0.71,0.72,0.74,,
Liuzhou,109.43,24.33,2010,2,2010-02,13.55,30.54,1.42,10.55,9.17,14.14,99.32,4.76,11.98,57.3,6.32,76.56,8.13,0.3,9.5,31.25,4.27,0.54,0.01,0.8,17.73,28.02,78.18,1.07,1.86,0.7,0.75,0.72,,
Liuzhou,109.43,24.33,2010,3,2010-03,16.64,30.17,1.67,10.59,11.36,17.1,99.35,4.72,10.73,95.8,6.4,73.24,9.27,0.61,10.13,32.68,4.48,0.53,0.01,0.81,18.54,29.62,81.88,1.26,2.01,0.67,0.72,0.68,,
Liuzhou,109.43,24.33,2010,4,2010-04,19.33,31.82,7.36,9.68,15.4,19.89,99.12,4.14,9.85,78.0,5.7,79.43,11.56,6.81,10.35,34.02,4.9,0.65,0.02,1.03,22.99,31.4,86.61,2.27,3.04,0.72,0.73,0.76,,
Liuzhou,109.43,24.33,2010,5,2010-05,24.63,32.07,16.09,8.96,21.28,24.94,98.45,3.75,10.19,150.0,5.35,82.67,16.38,6.77,12.38,36.36,5.85,0.78,0.02,1.23,24.56,34.45,86.81,4.46,4.19,0.73,0.77,0.77,25.31,
Liuzhou,109.43,24.33,2010,6,2010-06,25.04,30.59,18.13,6.46,22.96,25.09,98.37,3.65,9.32,135.2,5.33,88.71,18.12,14.38,9.72,37.07,4.79,0.66,0.02,1.09,24.93,35.42,95.53,3.09,3.77,0.85,0.87,0.88,25.92,
Liuzhou,109.43,24.33,2010,7,2010-07,27.53,32.71,23.48,6.24,25.24,27.47,98.35,3.76,8.07,168.2,5.74,87.89,20.58,4.19,17.31,37.11,8.22,1.11,0.03,1.87,26.16,36.07,88.41,5.27,4.94,0.85,0.9,0.86,32.0,
Liuzhou,109.43,24.33,2010,8,2010-08,27.07,32.84,20.29,7.01,24.02,27.1,98.57,2.64,6.57,154.4,4.08,84.2,19.12,2.16,19.75,36.6,9.26,1.22,0.03,2.04,24.87,35.67,65.73,6.31,4.93,0.82,0.88,0.83,30.32,
Liuzhou,109.43,24.33,2010,9,2010-09,25.75,33.32,16.75,7.67,22.87,25.75,98.67,2.63,7.91,76.8,4.01,85.0,17.87,6.18,14.16,36.4,6.62,0.86,0.02,1.36,21.3,35.12,70.69,5.17,4.27,0.8,0.84,0.82,26.6,
Liuzhou,109.43,24.33,2010,10,2010-10,19.87,30.77,7.16,10.02,15.54,19.86,99.31,3.97,8.94,30.9,6.05,77.48,11.6,0.59,13.91,32.62,6.32,0.8,0.02,1.21,18.56,31.14,58.81,4.46,3.84,0.77,0.83,0.78,,
Liuzhou,109.43,24.33,2010,11,2010-11,15.49,25.51,6.95,11.59,10.55,15.16,99.63,3.32,6.94,29.8,5.21,74.39,8.07,0.56,11.36,29.36,4.9,0.59,0.01,0.79,14.83,27.41,49.62,2.8,2.49,0.72,0.78,0.73,,
Liuzhou,109.43,24.33,2010,12,2010-12,11.39,23.56,-4.29,11.3,6.37,11.08,99.53,3.71,10.7,34.7,5.4,73.57,6.38,3.21,8.9,28.62,3.91,0.48,0.01,0.63,13.81,26.05,59.62,1.25,1.84,0.74,0.78,0.76,,
Liuzhou,109.43,24.33,2011,1,2011-01,4.76,13.5,-2.69,9.31,-0.56,5.24,100.21,4.89,10.2,28.1,6.69,70.43,3.7,0.68,5.28,28.17,2.39,0.32,0.01,0.45,14.72,23.23,92.23,0.28,1.39,0.74,0.78,0.75,,1.07
Liuzhou,109.43,24.33,2011,2,2011-02,12.85,27.18,0.29,10.72,8.63,13.25,99.45,3.94,8.96,76.5,5.61,77.16,7.52,1.39,8.31,31.11,3.76,0.49,0.01,0.72,17.45,27.14,82.27,0.96,1.83,0.72,0.77,0.74,,
Liuzhou,109.43,24.33,2011,3,2011-03,13.21,24.93,4.1,9.93,8.49,13.84,99.75,4.17,12.54,42.0,5.72,75.07,7.22,3.33,7.41,31.47,3.48,0.46,0.01,0.73,20.38,27.39,94.33,1.01,2.15,0.74,0.78,0.76,,
Liuzhou,109.43,24.33,2011,4,2011-04,20.82,29.36,8.06,9.88,16.55,21.11,99.08,3.68,9.22,146.8,5.31,78.14,12.16,2.19,11.97,34.2,5.49,0.69,0.02,1.08,22.22,31.67,85.03,2.73,3.07,0.72,0.77,0.74,21.0,
Liuzhou,109.43,24.33,2011,5,2011-05,23.01,33.24,12.49,9.84,19.01,23.19,98.65,3.91,9.86,111.6,5.58,79.62,14.27,7.64,16.26,34.49,7.47,0.97,0.03,1.57,25.54,32.99,65.87,4.86,4.67,0.77,0.8,0.8,23.45,
Liuzhou,109.43,24.33,2011,6,2011-06,27.02,33.14,19.76,6.71,24.36,27.05,98.13,3.47,8.77,163.2,5.19,86.08,19.6,12.54,14.45,37.25,6.89,0.93,0.03,1.55,25.54,36.0,88.77,5.17,4.65,0.8,0.83,0.83,30.38,
Liuzhou,109.43,24.33,2011,7,2011-07,27.7,33.62,22.96,7.93,24.34,27.77,98.15,3.1,8.37,167.4,4.7,82.85,19.54,2.21,18.74,37.1,8.65,1.11,0.03,1.88,24.43,36.06,68.69,8.25,6.01,0.8,0.86,0.81,31.76,
Liuzhou,109.43,24.33,2011,8,2011-08,26.82,32.91,20.18,7.87,23.43,26.82,98.39,2.69,6.59,166.7,4.15,82.72,18.5,3.21,19.5,36.31,9.06,1.17,0.03,1.99,24.46,35.42,56.81,7.22,4.94,0.75,0.8,0.77,29.58,
Liuzhou,109.43,24.33,2011,9,2011-09,24.98,32.96,14.95,8.63,21.02,25.12,98.67,3.47,12.19,45.9,5.14,79.58,16.19,3.04,15.57,35.9,7.19,0.91,0.02,1.44,21.21,34.54,65.1,6.49,4.58,0.71,0.77,0.73,25.61,
Liuzhou,109.43,24.33,2011,10,2011-10,20.56,31.19,12.21,9.19,16.64,20.63,99.33,3.56,9.24,38.2,5.31,79.56,12.17,3.31,12.09,33.34,5.56,0.71,0.02,1.06,18.21,31.59,64.82,4.3,3.45,0.71,0.75,0.73,20.75,
Liuzhou,109.43,24.33,2011,11,2011-11,19.0,28.43,7.69,11.38,14.37,18.88,99.46,2.99,9.3,47.3,4.6,76.23,10.55,0.58,12.52,31.36,5.54,0.67,0.02,0.91,15.32,29.92,41.86,3.19,2.52,0.66,0.71,0.67,,
Liuzhou,109.43,24.33,2011,12,2011-12,9.59,22.22,0.71,11.64,2.47,9.71,100.13,4.25,8.99,30.4,6.37,63.88,4.71,0.34,9.02,27.57,3.87,0.46,0.01,0.59,13.21,24.65,60.53,0.94,1.44,0.64,0.68,0.65,,7.37
Liuzhou,109.43,24.33,2012,1,2012-01,7.5,16.85,-2.06,8.81,3.53,8.03,99.91,4.13,8.76,31.7,5.66,77.31,5.03,3.38,4.65,29.53,2.17,0.3,0.01,0.46,14.6,24.83,94.37,0.34,1.13,0.69,0.7,0.71,,4.85
Liuzhou,109.43,24.33,2012,2,2012-02,10.85,25.19,0.17,9.82,6.5,11.54,99.54,4.43,9.2,41.0,5.92,75.9,6.49,1.71,5.44,31.38,2.58,0.35,0.01,0.54,17.3,26.64,97.26,0.55,1.41,0.68,0.71,0.7,,
Liuzhou,109.43,24.33,2012,3,2012-03,16.51,29.16,5.98,9.85,12.3,17.1,99.28,4.29,12.12,69.1,5.9,78.15,9.59,3.51,8.64,33.4,3.94,0.49,0.01,0.78,19.1,29.88,91.27,1.33,2.26,0.71,0.74,0.74,,
Liuzhou,109.43,24.33,2012,4,2012-04,22.35,35.16,11.2,10.18,18.17,22.76,98.72,4.32,11.9,137.4,6.15,78.9,13.57,4.67,13.0,35.14,6.04,0.79,0.02,1.24,22.97,32.65,83.66,3.3,3.67,0.71,0.74,0.74,22.7,
Liuzhou,109.43,24.33,2012,5,2012-05,25.77,34.75,17.63,8.07,22.46,26.06,98.42,3.36,7.53,113.4,4.97,83.08,17.48,8.52,13.64,36.76,6.45,0.86,0.02,1.37,24.64,35.17,79.3,4.52,4.22,0.73,0.76,0.77,26.57,
Liuzhou,109.43,24.33,2012,6,2012-06,26.57,32.47,19.09,6.8,23.95,26.62,97.95,3.22,7.86,120.1,4.84,86.2,19.22,16.86,12.85,37.36,6.1,0.8,0.02,1.3,23.95,36.02,87.16,4.34,4.85,0.84,0.86,0.88,29.25,
Liuzhou,109.43,24.33,2012,7,2012-07,27.35,33.87,22.66,6.45,24.85,27.35,98.11,3.63,12.39,168.1,5.44,86.87,20.15,4.47,16.98,37.06,8.09,1.1,0.03,1.86,26.32,35.94,81.64,5.87,5.37,0.85,0.91,0.86,31.36,
Liuzhou,109.43,24.33,2012,8,2012-08,27.42,33.68,20.58,7.28,24.18,27.36,98.19,2.55,8.1,58.9,3.93,83.27,19.38,3.68,17.56,36.87,8.13,1.04,0.03,1.73,23.51,35.86,68.83,6.18,4.91,0.82,0.89,0.84,31.09,
Liuzhou,109.43,24.33,2012,9,2012-09,23.97,31.81,13.22,8.42,20.43,23.98,98.93,3.07,8.65,51.4,4.75,81.66,15.61,3.52,14.94,35.2,6.92,0.9,0.02,1.43,21.53,33.73,72.28,5.46,4.59,0.8,0.85,0.81,24.55,
Liuzhou,109.43,24.33,2012,10,2012-10,21.69,28.85,10.84,9.79,17.63,21.68,99.28,3.07,8.63,57.6,4.78,79.11,12.95,1.5,13.07,33.62,5.81,0.71,0.02,1.07,17.31,32.12,52.58,4.96,3.72,0.74,0.8,0.76,21.98,
Liuzhou,109.43,24.33,2012,11,2012-11,16.07,28.1,4.95,9.55,12.5,16.1,99.39,3.56,9.65,49.2,5.24,80.8,9.49,3.71,7.26,32.17,3.34,0.44,0.01,0.63,15.37,29.38,79.41,2.01,2.37,0.76,0.8,0.79,,
Liuzhou,109.43,24.33,2012,12,2012-12,10.59,26.07,-2.59,9.69,6.58,10.75,99.76,4.43,10.22,36.4,6.26,77.91,6.55,2.01,6.63,29.87,3.0,0.39,0.01,0.54,13.75,26.24,80.32,0.95,1.74,0.76,0.8,0.78,,
Liuzhou,109.43,24.33,2013,1,2013-01,9.42,22.7,-0.86,8.75,5.62,9.54,99.93,3.97,8.84,40.5,5.73,78.53,6.03,1.07,5.73,29.95,2.61,0.35,0.01,0.51,14.15,25.41,90.82,0.48,1.39,0.76,0.81,0.78,,7.29
Liuzhou,109.43,24.33,2013,2,2013-02,14.66,27.51,2.08,9.66,11.44,15.2,99.55,4.56,11.67,99.3,6.25,82.02,9.1,1.78,6.83,32.33,3.25,0.45,0.01,0.74,18.2,28.58,91.62,0.89,1.94,0.75,0.8,0.77,,
Liuzhou,109.43,24.33,2013,3,2013-03,18.94,30.08,4.45,10.89,14.58,19.27,99.19,4.22,11.83,116.9,5.93,77.55,10.94,5.05,11.53,33.04,5.15,0.63,0.02,0.97,19.13,30.53,74.45,1.57,2.74,0.74,0.79,0.77,,
Liuzhou,109.43,24.33,2013,4,2013-04,20.57,31.68,9.4,9.49,17.06,20.97,98.88,4.0,10.34,119.1,5.66,81.54,12.83,5.67,10.77,34.86,5.03,0.65,0.02,1.04,21.98,32.08,88.26,2.32,3.42,0.79,0.83,0.81,20.81,
Liuzhou,109.43,24.33,2013,5,2013-05,24.65,33.17,15.85,7.88,21.72,24.83,98.49,3.3,8.41,154.6,4.83,84.71,16.81,8.8,14.2,36.33,6.73,0.9,0.02,1.44,25.28,34.55,81.17,3.63,4.45,0.84,0.88,0.86,25.38,
Liuzhou,109.43,24.33,2013,6,2013-06,26.53,33.81,16.0,7.42,23.73,26.58,98.21,3.56,8.61,159.8,5.28,85.45,19.0,7.22,16.7,36.65,7.91,1.07,0.03,1.77,26.69,35.42,76.44,5.32,5.42,0.85,0.9,0.87,29.1,
Liuzhou,109.43,24.33,2013,7,2013-07,27.36,33.49,23.08,6.98,24.57,27.49,98.28,3.69,8.0,169.0,5.52,85.52,19.77,3.3,19.21,36.94,9.13,1.23,0.04,2.08,26.73,35.78,73.61,7.44,5.89,0.81,0.87,0.83,31.22,
Liuzhou,109.43,24.33,2013,8,2013-08,27.45,33.88,23.14,6.94,24.54,27.39,98.17,3.18,10.15,155.8,4.87,85.0,19.77,10.61,17.4,36.8,8.2,1.09,0.03,1.79,24.99,35.87,68.28,6.05,4.97,0.81,0.86,0.83,31.39,
Liuzhou,109.43,24.33,2013,9,2013-09,24.84,32.31,14.22,8.02,21.65,24.79,98.74,3.01,8.14,33.2,4.42,83.24,16.71,4.81,15.39,35.53,7.15,0.93,0.03,1.46,21.82,34.29,59.88,4.83,4.59,0.84,0.9,0.86,25.55,
Liuzhou,109.43,24.33,2013,10,2013-10,20.19,30.85,10.39,10.07,15.82,19.95,99.39,3.41,8.5,28.0,5.34,77.35,11.53,0.51,13.83,32.61,6.21,0.76,0.02,1.11,17.89,31.06,54.03,4.23,3.8,0.79,0.85,0.81,20.28,
Liuzhou,109.43,24.33,2013,11,2013-11,16.24,28.74,3.65,9.98,12.12,16.05,99.66,3.59,9.75,39.1,5.5,78.09,9.23,4.92,10.75,31.19,4.83,0.6,0.01,0.84,15.67,28.77,63.45,2.4,2.64,0.79,0.83,0.8,,
Liuzhou,109.43,24.33,2013,12,2013-12,8.89,21.13,-1.52,10.98,3.75,8.47,99.96,3.75,9.7,29.6,5.81,72.51,5.19,2.91,10.25,26.08,4.25,0.49,0.01,0.59,12.96,24.15,43.22,0.91,1.82,0.8,0.85,0.82,,6.75
Liuzhou,109.43,24.33,2014,1,2014-01,10.99,24.04,-1.99,11.86,6.24,10.63,99.92,3.58,8.13,52.6,5.37,74.81,6.28,0.28,10.38,27.66,4.38,0.52,0.01,0.68,14.24,25.23,49.69,0.83,1.75,0.79,0.84,0.8,,
Liuzhou,109.43,24.33,2014,2,2014-02,10.78,25.33,-1.97,9.29,6.99,11.26,99.58,4.24,9.92,52.6,5.86,78.73,6.93,1.85,6.87,30.37,3.15,0.42,0.01,0.64,17.8,26.27,86.34,0.54,1.66,0.77,0.82,0.79,,
Liuzhou,109.43,24.33,2014,3,2014-03,16.47,28.52,7.44,9.06,13.18,17.05,99.39,4.08,11.04,84.3,5.69,82.04,10.0,4.04,7.22,33.26,3.41,0.45,0.01,0.71,19.34,29.61,96.23,1.07,2.43,0.78,0.82,0.8,,
Liuzhou,109.43,24.33,2014,4,2014-04,22.06,29.72,14.59,8.0,19.32,22.35,98.96,4.1,8.89,137.4,5.88,85.18,14.47,7.33,9.44,35.77,4.42,0.56,0.02,0.9,21.15,33.07,93.8,1.9,3.47,0.83,0.87,0.85,22.55,
Liuzhou,109.43,24.33,2014,5,2014-05,24.55,32.87,14.15,7.76,21.95,24.72,98.54,3.48,9.27,140.3,5.09,86.14,17.16,8.68,12.78,36.57,6.08,0.82,0.02,1.29,24.89,34.76,87.17,3.13,4.39,0.85,0.9,0.88,25.31,
Liuzhou,109.43,24.33,2014,6,2014-06,27.17,33.69,21.96,5.94,24.82,27.11,98.08,2.84,7.23,129.4,4.29,87.6,20.17,13.65,14.62,37.53,6.94,0.92,0.03,1.52,24.7,36.36,83.41,3.38,4.64,0.93,0.95,0.93,30.95,
Liuzhou,109.43,24.33,2014,7,2014-07,27.71,34.06,24.08,5.91,25.42,27.63,98.24,2.5,9.14,171.1,3.9,87.79,20.83,5.71,19.46,37.18,9.2,1.23,0.04,2.12,26.21,36.25,76.17,3.76,4.48,0.94,0.96,0.93,32.5,
Liuzhou,109.43,24.33,2014,8,2014-08,27.1,33.38,21.39,6.29,24.67,27.1,98.38,2.5,6.38,161.9,3.85,87.12,19.93,6.65,16.3,36.96,7.71,1.02,0.03,1.74,24.35,35.87,81.53,4.33,4.57,0.9,0.94,0.91,30.7,
Liuzhou,109.43,24.33,2014,9,2014-09,26.25,33.21,17.13,7.75,23.22,26.25,98.64,2.97,10.82,94.7,4.59,84.22,18.3,2.03,17.39,36.06,8.1,1.05,0.03,1.71,22.46,35.15,56.61,5.43,4.88,0.85,0.91,0.86,28.38,
Liuzhou,109.43,24.33,2014,10,2014-10,22.3,30.18,13.34,9.5,18.3,22.06,99.31,2.84,6.65,60.2,4.51,79.28,13.51,1.32,14.99,33.11,6.66,0.81,0.02,1.2,17.91,32.0,45.35,4.72,3.87,0.79,0.85,0.8,22.66,
Liuzhou,109.43,24.33,2014,11,2014-11,16.72,27.02,8.26,8.65,13.48,16.74,99.57,3.71,10.21,44.0,5.6,82.32,10.0,3.64,7.76,32.48,3.57,0.47,0.01,0.65,15.04,29.56,79.66,2.06,2.55,0.79,0.84,0.81,,
Liuzhou,109.43,24.33,2014,12,2014-12,9.6,21.02,0.55,10.78,3.81,9.29,100.15,3.88,9.56,30.9,5.82,69.77,5.14,1.57,9.48,27.3,4.11,0.5,0.01,0.62,13.95,24.63,58.05,1.03,1.97,0.78,0.83,0.79,,7.55
Liuzhou,109.43,24.33,2015,1,2015-01,11.3,22.87,2.12,9.81,7.42,11.23,99.92,3.76,8.46,48.2,5.54,78.67,6.71,2.15,8.32,28.94,3.68,0.46,0.01,0.6,14.58,25.95,65.79,0.7,1.61,0.78,0.83,0.8,,
Liuzhou,109.43,24.33,2015,2,2015-02,14.28,28.67,0.98,9.87,10.53,14.65,99.59,3.9,10.42,73.1,5.52,79.6,8.6,1.82,7.46,32.0,3.39,0.43,0.01,0.65,16.28,28.18,88.38,0.88,2.06,0.78,0.82,0.79,,
Liuzhou,109.43,24.33,2015,3,2015-03,17.44,31.14,5.55,8.86,14.22,18.09,99.39,4.16,9.69,90.6,5.76,82.46,10.75,1.89,6.91,33.78,3.29,0.43,0.01,0.67,19.43,30.32,94.25,1.33,2.46,0.77,0.82,0.78,,
Liuzhou,109.43,24.33,2015,4,2015-04,21.47,35.66,9.29,10.86,16.69,21.89,99.04,4.42,10.09,137.1,6.31,75.98,12.53,1.95,15.31,33.56,6.95,0.88,0.02,1.35,22.87,31.65,69.83,3.51,3.77,0.73,0.78,0.74,21.66,
Liuzhou,109.43,24.33,2015,5,2015-05,25.48,33.0,14.14,7.9,22.83,25.66,98.41,3.67,11.34,143.5,5.44,86.06,17.95,11.84,12.97,37.09,6.18,0.82,0.02,1.3,24.34,35.35,87.41,3.54,4.15,0.8,0.83,0.84,26.33,
Liuzhou,109.43,24.33,2015,6,2015-06,27.19,33.05,21.13,6.15,25.14,27.15,98.24,4.11,8.56,170.5,6.04,88.97,20.52,12.52,15.07,37.42,7.23,0.98,0.03,1.61,26.04,36.18,83.92,4.02,4.97,0.89,0.93,0.9,31.16,
Liuzhou,109.43,24.33,2015,7,2015-07,26.67,34.34,18.89,6.64,24.0,26.65,98.16,3.3,7.97,100.7,4.95,85.94,19.24,7.6,15.04,37.0,7.12,0.95,0.03,1.6,25.24,35.79,83.07,5.3,5.16,0.87,0.92,0.89,29.48,
Liuzhou,109.43,24.33,2015,8,2015-08,26.85,34.05,20.67,7.46,23.87,26.81,98.4,2.69,6.08,118.4,4.09,84.61,19.0,4.94,16.34,36.7,7.67,1.01,0.03,1.68,24.03,35.53,79.0,5.85,5.16,0.85,0.91,0.87,29.81,
Liuzhou,109.43,24.33,2015,9,2015-09,25.43,32.25,18.39,7.45,22.9,25.45,98.78,2.93,7.15,76.7,4.52,86.48,17.89,7.72,13.22,36.68,6.25,0.83,0.02,1.34,21.8,35.21,79.84,4.23,4.71,0.88,0.93,0.89,26.29,
Liuzhou,109.43,24.33,2015,10,2015-10,21.69,29.64,13.89,9.25,18.03,21.35,99.31,3.23,11.82,39.5,4.86,80.91,13.25,5.85,13.9,33.34,6.37,0.81,0.02,1.21,19.02,31.93,55.94,3.8,4.09,0.86,0.91,0.87,22.03,
Liuzhou,109.43,24.33,2015,11,2015-11,17.38,28.36,5.08,7.91,15.44,17.48,99.57,3.59,9.56,67.9,5.38,88.81,11.56,9.31,7.45,33.27,3.5,0.47,0.01,0.69,15.59,30.56,87.2,1.26,2.7,0.92,0.95,0.92,,
Liuzhou,109.43,24.33,2015,12,2015-12,10.49,21.67,1.74,7.99,8.27,10.54,100.04,3.81,8.96,32.6,5.67,86.75,7.04,4.93,6.07,30.12,2.77,0.36,0.01,0.48,13.48,26.18,88.96,0.37,2.18,0.95,0.96,0.93,,
Liuzhou,109.43,24.33,2016,1,2016-01,9.27,22.89,-3.04,7.58,7.09,9.4,99.93,4.08,10.2,36.1,5.65,86.64,6.62,3.77,6.46,29.66,2.99,0.4,0.01,0.54,15.2,25.69,88.55,0.22,1.94,0.94,0.96,0.93,,7.05
Liuzhou,109.43,24.33,2016,2,2016-02,10.47,25.12,-1.15,11.16,6.12,10.26,100.07,4.11,10.29,36.0,5.9,76.21,6.22,0.9,11.24,28.23,4.95,0.62,0.01,0.89,17.9,25.16,64.29,0.48,2.77,0.91,0.95,0.9,,
Liuzhou,109.43,24.33,2016,3,2016-03,16.18,27.17,2.81,9.45,13.19,16.52,99.42,3.7,9.61,90.8,5.26,83.51,9.99,2.46,9.29,32.6,4.22,0.53,0.01,0.82,19.36,29.23,87.62,0.82,2.8,0.86,0.92,0.87,,
Liuzhou,109.43,24.33,2016,4,2016-04,22.48,30.6,10.78,8.49,19.87,22.7,98.71,3.81,12.37,144.8,5.55,85.99,14.88,7.84,10.65,35.71,4.92,0.62,0.02,1.0,21.27,33.27,87.14,1.79,3.88,0.88,0.93,0.9,23.03,
Liuzhou,109.43,24.33,2016,5,2016-05,24.52,31.0,13.88,7.48,22.11,24.57,98.58,3.68,9.54,151.9,5.45,87.1,17.22,9.71,13.79,36.05,6.5,0.86,0.02,1.44,24.85,34.24,82.27,2.57,4.63,0.91,0.95,0.92,25.3,
Liuzhou,109.43,24.33,2016,6,2016-06,26.85,32.81,18.66,6.33,24.83,26.82,98.34,3.38,8.47,172.2,5.07,89.16,20.16,10.96,15.85,37.19,7.59,1.03,0.03,1.78,26.5,35.88,85.52,3.45,4.95,0.95,0.97,0.94,30.23,
Liuzhou,109.43,24.33,2016,7,2016-07,27.68,34.15,22.63,5.89,25.47,27.58,98.3,3.44,8.31,179.4,5.19,88.31,20.89,4.97,18.35,37.02,8.72,1.17,0.03,2.05,26.43,36.05,80.12,4.17,4.38,0.91,0.95,0.91,32.49,
Liuzhou,109.43,24.33,2016,8,2016-08,27.6,33.89,18.56,6.78,24.64,27.45,98.07,2.69,8.96,44.9,4.11,84.69,20.04,5.83,17.22,37.12,8.11,1.07,0.03,1.81,24.31,36.15,84.03,4.68,4.56,0.87,0.93,0.89,31.75,
Liuzhou,109.43,24.33,2016,9,2016-09,25.42,33.27,16.39,8.7,21.75,25.35,98.63,3.01,8.08,29.2,4.7,81.19,16.74,3.64,16.61,35.66,7.68,0.99,0.03,1.62,21.92,34.44,64.25,6.29,5.24,0.83,0.89,0.84,26.14,
Liuzhou,109.43,24.33,2016,10,2016-10,22.73,30.96,11.52,9.24,19.18,22.78,99.04,3.74,8.0,40.8,5.78,81.4,14.32,1.8,14.43,34.18,6.66,0.85,0.02,1.36,19.31,32.78,57.36,5.18,4.04,0.76,0.82,0.77,23.18,
Liuzhou,109.43,24.33,2016,11,2016-11,16.42,28.28,2.96,9.44,13.11,16.52,99.61,3.96,9.06,41.6,5.78,81.74,10.28,4.18,9.28,31.99,4.3,0.56,0.01,0.86,16.09,29.5,70.02,2.33,2.64,0.77,0.81,0.79,,
Liuzhou,109.43,24.33,2016,12,2016-12,13.06,23.59,2.1,11.4,8.47,12.91,99.84,3.79,9.91,39.3,5.79,75.68,7.31,0.91,10.2,28.93,4.52,0.56,0.01,0.78,14.48,26.56,61.23,1.44,2.02,0.76,0.81,0.77,,
Liuzhou,109.43,24.33,2017,1,2017-01,12.82,23.96,2.73,9.8,8.99,13.06,99.83,3.88,9.11,43.0,5.55,78.99,7.46,2.09,8.49,30.16,3.83,0.49,0.01,0.75,15.04,27.03,72.08,0.95,1.84,0.76,0.81,0.78,,
Liuzhou,109.43,24.33,2017,2,2017-02,13.29,28.19,1.52,11.24,8.32,13.78,99.82,4.15,10.84,50.9,5.85,73.97,7.3,1.06,9.36,30.87,4.21,0.54,0.01,0.82,17.62,26.96,80.29,1.08,2.18,0.74,0.79,0.76,,
Liuzhou,109.43,24.33,2017,3,2017-03,16.73,30.69,8.19,10.52,13.07,17.35,99.32,4.2,12.73,58.7,5.77,80.61,9.85,6.28,7.33,33.46,3.5,0.47,0.01,0.77,20.48,29.81,94.28,1.25,2.55,0.76,0.8,0.79,,
Liuzhou,109.43,24.33,2017,4,2017-04,21.44,31.92,7.89,10.4,17.15,21.88,98.95,4.34,10.92,153.0,6.16,78.2,12.79,4.2,12.66,34.31,5.89,0.78,0.02,1.25,23.54,31.75,82.84,3.08,3.92,0.77,0.82,0.79,21.68,
Liuzhou,109.43,24.33,2017,5,2017-05,24.51,32.78,15.12,9.39,20.29,24.65,98.75,3.17,8.66,115.0,4.65,78.94,15.37,8.19,15.82,35.19,7.36,0.97,0.03,1.58,25.54,33.54,74.47,5.1,4.93,0.8,0.84,0.82,25.08,
Liuzhou,109.43,24.33,2017,6,2017-06,26.52,32.33,19.96,6.37,24.34,26.58,98.26,3.12,7.31,162.9,4.63,88.36,19.59,12.23,12.5,37.28,6.08,0.84,0.02,1.43,25.48,35.93,95.87,3.79,4.15,0.84,0.88,0.87,29.28,
Liuzhou,109.43,24.33,2017,7,2017-07,27.72,34.4,23.45,6.37,25.04,27.65,98.34,2.74,7.76,167.8,4.14,86.11,20.34,9.49,17.3,37.15,8.22,1.11,0.03,1.91,26.27,36.06,83.29,4.68,5.29,0.93,0.96,0.93,32.28,
Liuzhou,109.43,24.33,2017,8,2017-08,27.56,34.62,22.37,6.03,25.3,27.44,98.29,3.1,14.35,165.2,4.8,88.06,20.69,8.23,16.42,37.17,7.81,1.04,0.03,1.83,24.85,36.07,82.1,3.92,4.45,0.91,0.95,0.91,32.11,
Liuzhou,109.43,24.33,2017,9,2017-09,27.21,33.26,21.28,7.4,24.31,27.22,98.67,2.49,5.88,129.0,3.86,84.87,19.43,3.24,16.53,36.93,7.79,1.03,0.03,1.71,22.37,35.8,72.69,5.38,5.05,0.87,0.93,0.88,30.75,
Liuzhou,109.43,24.33,2017,10,2017-10,21.45,31.66,8.4,9.29,17.68,21.47,99.31,3.84,10.31,36.1,5.8,80.16,13.28,0.77,14.95,33.51,6.85,0.87,0.02,1.34,19.09,31.97,63.6,4.62,4.19,0.8,0.86,0.82,21.74,
Liuzhou,109.43,24.33,2017,11,2017-11,16.41,28.13,6.84,8.9,12.82,16.46,99.62,3.78,8.72,33.3,5.55,80.52,9.7,2.7,8.36,32.03,3.84,0.5,0.01,0.74,15.23,29.38,81.42,2.18,2.56,0.77,0.82,0.79,,
Liuzhou,109.43,24.33,2017,12,2017-12,10.96,19.56,-0.42,10.51,5.7,10.81,100.05,3.82,9.82,30.8,5.85,72.54,5.93,1.23,9.21,28.23,4.01,0.49,0.01,0.65,13.85,25.37,66.43,1.18,1.89,0.77,0.82,0.78,,
Liuzhou,109.43,24.33,2018,1,2018-01,9.77,22.66,-2.0,9.62,5.98,9.93,99.71,4.07,10.48,38.1,5.64,78.86,6.28,3.89,6.53,30.16,2.99,0.4,0.01,0.56,15.1,26.07,89.5,0.49,1.65,0.8,0.84,0.82,,7.67
Liuzhou,109.43,24.33,2018,2,2018-02,11.93,26.61,-2.32,11.16,6.94,12.29,99.75,3.96,9.71,57.1,5.79,73.77,6.96,0.62,8.38,30.47,3.77,0.49,0.01,0.73,17.57,26.29,85.34,0.83,2.08,0.78,0.83,0.79,,
Liuzhou,109.43,24.33,2018,3,2018-03,18.58,31.01,4.37,10.66,14.31,18.95,99.25,4.05,10.58,143.7,5.76,78.13,10.77,3.79,11.94,32.7,5.36,0.68,0.02,1.01,20.4,29.85,74.17,1.67,3.02,0.78,0.82,0.8,,
Liuzhou,109.43,24.33,2018,4,2018-04,21.49,30.68,8.05,10.2,16.93,21.78,99.04,4.28,12.26,154.7,6.09,76.94,12.72,4.19,12.36,34.21,5.7,0.74,0.02,1.15,23.18,31.7,83.94,3.06,3.89,0.77,0.82,0.78,21.7,
Liuzhou,109.43,24.33,2018,5,2018-05,25.78,32.72,19.02,7.72,22.84,25.9,98.62,4.21,9.29,172.0,6.14,84.68,17.82,6.06,15.38,36.71,7.34,0.99,0.03,1.6,25.79,34.94,79.95,4.48,4.5,0.79,0.83,0.81,26.62,
Liuzhou,109.43,24.33,2018,6,2018-06,26.73,32.73,20.24,7.45,23.73,26.86,98.19,3.39,7.12,127.6,5.08,84.51,18.89,5.93,15.64,37.25,7.47,1.01,0.03,1.71,26.07,35.77,87.19,6.2,4.97,0.78,0.83,0.81,29.51,
Liuzhou,109.43,24.33,2018,7,2018-07,28.04,34.23,23.43,6.86,25.01,28.04,98.06,2.8,7.09,144.8,4.27,84.47,20.37,5.62,18.05,37.35,8.58,1.16,0.03,1.94,26.33,36.18,85.33,6.77,5.12,0.78,0.84,0.81,32.92,
Liuzhou,109.43,24.33,2018,8,2018-08,27.81,34.83,22.12,6.94,24.66,27.66,97.99,2.48,6.13,46.4,3.84,83.89,19.97,4.54,16.59,37.23,7.84,1.04,0.03,1.76,24.42,36.14,83.96,5.8,4.39,0.76,0.81,0.79,32.2,
Liuzhou,109.43,24.33,2018,9,2018-09,25.74,32.91,17.08,8.16,22.26,25.76,98.72,3.4,16.42,64.8,5.21,82.08,17.3,5.09,16.09,35.85,7.51,0.98,0.03,1.6,22.33,34.53,70.58,6.3,4.97,0.77,0.82,0.8,26.51,
Liuzhou,109.43,24.33,2018,10,2018-10,19.72,28.66,11.54,9.78,15.54,19.64,99.46,3.36,7.63,33.6,5.25,78.71,11.28,4.08,11.79,32.6,5.45,0.7,0.02,1.1,19.1,30.55,72.34,4.18,3.65,0.76,0.81,0.78,,
Liuzhou,109.43,24.33,2018,11,2018-11,16.5,26.5,6.66,10.04,12.93,16.42,99.6,3.21,7.72,37.1,4.8,80.79,9.59,2.83,10.17,31.18,4.63,0.59,0.01,0.88,16.22,29.0,60.45,2.4,2.52,0.77,0.81,0.79,,
Liuzhou,109.43,24.33,2018,12,2018-12,11.18,27.59,-3.69,8.57,7.83,11.35,99.96,4.72,8.92,33.1,6.47,80.77,7.32,2.25,5.53,30.65,2.59,0.35,0.01,0.54,13.93,27.02,90.33,0.84,1.75,0.77,0.82,0.79,,
Liuzhou,109.43,24.33,2019,1,2019-01,9.93,24.5,-2.11,8.57,7.04,10.19,100.04,4.1,8.82,33.6,5.67,83.17,6.51,2.49,5.89,30.41,2.74,0.37,0.01,0.59,14.89,26.3,91.59,0.43,1.45,0.79,0.83,0.81,,7.86
Liuzhou,109.43,24.33,2019,2,2019-02,12.0,27.16,2.87,9.31,9.14,12.65,99.58,4.6,10.18,33.3,5.9,83.42,7.59,4.12,5.73,32.81,2.75,0.38,0.01,0.64,17.61,28.57,94.97,0.58,1.81,0.79,0.83,0.81,,
Liuzhou,109.43,24.33,2019,3,2019-03,17.31,29.34,8.34,9.6,14.25,17.71,99.24,4.27,9.58,61.9,5.92,83.23,10.6,5.62,8.39,33.52,3.91,0.5,0.01,0.82,19.34,30.18,88.05,1.01,2.87,0.83,0.88,0.86,,
Liuzhou,109.43,24.33,2019,4,2019-04,22.63,31.49,11.58,8.47,20.08,22.85,98.78,3.96,10.59,149.9,5.68,86.2,15.36,9.05,11.15,35.94,5.18,0.65,0.02,1.07,21.44,33.34,83.92,1.86,3.83,0.86,0.9,0.88,23.2,
Liuzhou,109.43,24.33,2019,5,2019-05,23.84,32.09,15.06,7.75,21.03,24.02,98.61,3.49,8.43,95.1,5.14,85.0,16.18,3.72,12.07,36.42,5.7,0.74,0.02,1.25,23.73,34.33,87.01,3.17,4.4,0.86,0.92,0.87,24.5,
Liuzhou,109.43,24.33,2019,6,2019-06,26.89,32.94,19.5,6.24,24.81,26.88,98.16,3.53,8.47,167.2,5.3,88.9,20.21,12.18,14.51,37.34,6.96,0.95,0.03,1.6,26.01,36.03,88.51,3.55,4.47,0.89,0.93,0.9,30.32,
Liuzhou,109.43,24.33,2019,7,2019-07,27.55,33.21,20.77,5.78,25.62,27.48,98.12,3.08,7.17,165.9,4.77,89.64,21.14,14.15,15.55,37.4,7.44,1.01,0.03,1.76,25.86,36.28,89.15,3.37,4.78,0.96,0.97,0.95,32.3,
Liuzhou,109.43,24.33,2019,8,2019-08,28.57,34.72,22.39,7.32,25.13,28.45,98.11,2.46,8.36,63.9,3.79,82.61,20.54,4.62,19.16,37.23,8.98,1.17,0.03,1.99,24.66,36.19,76.76,6.05,5.37,0.87,0.92,0.88,34.08,
Liuzhou,109.43,24.33,2019,9,2019-09,25.84,33.85,15.27,9.72,21.02,25.43,98.88,2.87,6.77,38.5,4.44,76.28,16.18,2.61,19.69,34.6,9.05,1.16,0.03,1.9,22.88,33.63,52.32,6.87,5.48,0.82,0.88,0.83,26.47,
Liuzhou,109.43,24.33,2019,10,2019-10,21.65,31.53,9.51,9.21,18.09,21.63,99.35,3.01,7.22,49.8,4.54,81.36,13.4,2.37,11.95,33.84,5.51,0.71,0.02,1.06,18.5,32.04,64.2,4.51,3.67,0.77,0.82,0.78,21.99,
Liuzhou,109.43,24.33,2019,11,2019-11,16.3,26.83,6.47,10.69,11.71,16.18,99.66,3.67,11.24,39.8,5.47,75.7,8.94,0.75,11.16,30.94,5.03,0.63,0.01,0.86,15.73,28.61,58.74,2.8,2.67,0.74,0.79,0.75,,
Liuzhou,109.43,24.33,2019,12,2019-12,12.26,25.81,1.6,11.23,7.07,11.95,99.93,3.75,8.94,32.9,5.62,73.22,6.67,0.54,9.56,28.64,4.21,0.52,0.01,0.66,14.43,25.98,58.59,1.51,1.79,0.71,0.76,0.73,,
Liuzhou,109.43,24.33,2020,1,2020-01,12.25,25.84,0.01,10.35,8.37,12.57,99.74,4.2,8.75,49.7,5.96,78.83,7.38,2.09,6.94,30.93,3.17,0.42,0.01,0.54,14.82,27.03,82.16,0.91,1.61,0.71,0.75,0.73,,
Liuzhou,109.43,24.33,2020,2,2020-02,14.86,27.37,2.54,10.51,10.97,15.18,99.8,3.93,13.31,80.0,5.72,79.27,8.76,4.78,8.14,32.12,3.72,0.48,0.01,0.7,16.91,28.35,86.1,0.95,2.04,0.76,0.79,0.78,,
Liuzhou,109.43,24.33,2020,3,2020-03,18.4,29.49,7.99,9.53,15.15,18.77,99.2,4.38,9.96,95.2,6.15,82.51,11.3,7.71,8.18,34.16,3.81,0.48,0.01,0.73,19.15,30.76,92.32,1.15,2.69,0.79,0.83,0.82,,
Liuzhou,109.43,24.33,2020,4,2020-04,18.69,30.12,8.42,9.25,14.95,18.84,99.38,3.84,10.38,70.2,5.48,80.49,11.06,5.49,12.26,33.15,5.63,0.72,0.02,1.1,22.52,30.53,84.61,1.88,3.41,0.84,0.89,0.86,,
Liuzhou,109.43,24.33,2020,5,2020-05,25.87,34.21,18.47,8.27,22.83,25.95,98.47,3.77,9.12,171.7,5.59,84.15,17.89,10.8,15.75,36.73,7.42,0.99,0.03,1.62,25.53,34.99,79.02,4.0,4.71,0.83,0.87,0.86,26.71,
Liuzhou,109.43,24.33,2020,6,2020-06,27.26,32.06,23.09,5.55,25.56,27.13,98.21,4.39,8.06,176.1,6.52,90.71,21.03,14.02,13.45,37.61,6.51,0.9,0.03,1.53,26.11,36.17,93.13,2.87,5.07,0.96,0.97,0.95,31.58,
Liuzhou,109.43,24.33,2020,7,2020-07,27.9,33.14,23.47,6.32,25.59,27.78,98.27,3.85,8.47,180.6,5.81,87.79,21.04,6.64,17.32,37.21,8.23,1.11,0.03,1.97,26.21,36.16,89.66,5.04,5.41,0.9,0.94,0.9,33.06,
Liuzhou,109.43,24.33,2020,8,2020-08,27.4,34.0,22.51,6.67,24.62,27.29,98.32,2.97,6.93,153.6,4.53,85.58,19.86,7.3,18.74,36.8,8.85,1.18,0.03,2.07,25.32,35.75,72.4,5.43,5.32,0.88,0.93,0.89,31.33,
Liuzhou,109.43,24.33,2020,9,2020-09,25.15,32.76,17.03,7.28,22.79,25.21,98.7,2.96,9.14,79.7,4.45,87.42,17.84,7.19,12.51,36.66,5.97,0.81,0.02,1.37,22.02,35.15,83.74,3.93,4.4,0.87,0.92,0.89,26.0,
Liuzhou,109.43,24.33,2020,10,2020-10,19.57,30.68,11.5,8.42,16.62,19.58,99.39,4.23,8.06,30.0,6.35,83.84,12.22,2.12,12.0,33.56,5.57,0.73,0.02,1.13,18.88,31.34,77.97,2.98,3.77,0.86,0.92,0.87,,
Liuzhou,109.43,24.33,2020,11,2020-11,16.83,28.28,5.57,9.82,13.12,16.8,99.74,4.12,8.28,33.6,6.22,80.03,9.9,0.18,10.48,31.43,4.76,0.6,0.01,0.84,15.97,29.06,61.99,2.59,2.95,0.8,0.86,0.82,,
Liuzhou,109.43,24.33,2020,12,2020-12,9.54,22.91,-1.7,10.17,5.27,9.78,100.06,4.39,10.78,28.5,6.39,76.34,5.83,0.52,8.24,28.86,3.64,0.46,0.01,0.6,14.02,25.16,72.59,0.86,1.77,0.78,0.83,0.79,,7.25
Liuzhou,109.43,24.33,2021,1,2021-01,9.93,22.59,-1.77,11.87,4.07,9.69,99.93,3.76,10.59,34.6,5.52,69.24,5.47,0.28,9.86,28.19,4.3,0.53,0.01,0.68,14.85,24.94,61.47,0.8,1.71,0.75,0.8,0.76,,8.01
Liuzhou,109.43,24.33,2021,2,2021-02,15.98,27.34,7.05,10.81,11.63,16.22,99.49,3.47,8.99,52.1,5.02,77.27,8.78,3.3,10.96,31.68,4.94,0.62,0.01,0.84,17.51,28.63,67.61,1.25,2.22,0.74,0.79,0.77,,
Liuzhou,109.43,24.33,2021,3,2021-03,18.66,33.47,7.69,10.03,15.01,19.17,99.23,4.54,10.9,122.2,6.3,80.69,11.28,3.2,8.49,34.67,3.92,0.49,0.01,0.77,18.95,31.1,90.71,1.53,2.73,0.77,0.81,0.78,,
Liuzhou,109.43,24.33,2021,4,2021-04,21.3,32.69,12.7,8.81,17.92,21.72,99.08,3.85,8.12,67.4,5.41,82.18,13.26,5.55,8.68,35.54,4.13,0.54,0.01,0.85,21.92,32.75,90.88,2.45,3.3,0.77,0.8,0.79,21.63,
Liuzhou,109.43,24.33,2021,5,2021-05,25.52,33.06,17.92,8.31,22.91,25.69,98.53,4.05,9.72,172.8,5.85,86.23,18.0,11.26,12.95,37.08,6.25,0.86,0.02,1.42,25.72,35.17,88.56,3.83,4.9,0.84,0.87,0.87,26.38,
Liuzhou,109.43,24.33,2021,6,2021-06,27.25,33.11,18.27,7.42,24.25,27.22,98.23,3.24,7.94,157.8,4.83,84.65,19.59,10.07,16.2,36.98,7.66,1.03,0.03,1.72,26.26,35.83,84.55,5.43,5.42,0.85,0.9,0.88,30.82,
Liuzhou,109.43,24.33,2021,7,2021-07,28.3,34.52,23.39,7.57,25.09,28.29,98.18,2.96,7.1,168.6,4.61,83.61,20.44,3.89,20.48,37.11,9.65,1.28,0.04,2.21,26.31,36.14,78.65,7.21,6.15,0.85,0.91,0.86,33.5,
Liuzhou,109.43,24.33,2021,8,2021-08,28.14,34.39,22.44,7.42,24.96,28.22,98.35,2.78,6.37,172.5,4.35,83.82,20.26,3.62,18.86,37.23,8.92,1.19,0.03,2.07,25.11,36.27,84.89,7.58,5.67,0.79,0.85,0.81,33.09,
Liuzhou,109.43,24.33,2021,9,2021-09,27.66,34.04,21.62,8.24,23.69,27.64,98.76,2.05,5.16,120.3,3.2,79.99,18.67,2.68,19.79,36.49,9.29,1.21,0.03,1.95,22.95,35.58,59.01,7.67,5.06,0.74,0.8,0.76,31.26,
Liuzhou,109.43,24.33,2021,10,2021-10,20.6,32.33,10.49,9.6,16.39,20.71,99.35,4.82,11.34,32.8,6.92,77.96,12.2,2.61,12.49,33.62,5.84,0.77,0.02,1.15,19.29,31.73,70.25,4.65,3.73,0.69,0.75,0.71,20.75,
Liuzhou,109.43,24.33,2021,11,2021-11,15.87,29.13,6.64,9.99,11.13,15.85,99.65,3.78,10.69,33.2,5.74,75.63,8.87,2.76,9.15,31.08,4.23,0.55,0.01,0.77,16.41,28.41,74.3,2.4,2.53,0.72,0.75,0.74,,
Liuzhou,109.43,24.33,2021,12,2021-12,11.75,24.29,-0.27,11.66,6.4,11.72,100.06,3.86,8.89,31.9,5.77,71.99,6.22,0.31,10.15,28.08,4.5,0.56,0.01,0.7,14.44,25.65,54.16,1.44,1.72,0.68,0.73,0.69,,
Liuzhou,109.43,24.33,2022,1,2022-01,11.05,23.23,-0.42,9.3,7.8,11.41,99.75,4.01,7.54,35.7,5.57,81.49,6.83,3.2,5.5,30.52,2.58,0.35,0.01,0.47,14.74,26.36,91.52,0.57,1.32,0.7,0.72,0.72,,
Liuzhou,109.43,24.33,2022,2,2022-02,8.55,24.39,-0.81,10.05,5.19,9.2,99.88,4.6,9.63,32.5,6.18,80.64,5.73,5.9,7.39,29.22,3.41,0.46,0.01,0.68,18.18,25.28,84.06,0.46,1.66,0.76,0.78,0.8,,5.93
Liuzhou,109.43,24.33,2022,3,2022-03,19.8,30.58,8.35,10.82,16.06,20.23,99.06,4.15,10.42,152.3,5.8,80.52,11.89,4.09,10.64,33.78,4.92,0.64,0.02,0.98,20.63,30.94,81.15,1.76,3.02,0.77,0.81,0.79,,
Liuzhou,109.43,24.33,2022,4,2022-04,20.75,32.38,7.47,10.64,16.08,20.92,99.11,4.07,9.99,87.7,5.8,76.85,12.08,5.85,15.34,32.84,6.98,0.88,0.02,1.37,23.4,31.0,63.58,2.96,3.99,0.78,0.82,0.8,20.89,
Liuzhou,109.43,24.33,2022,5,2022-05,22.72,30.8,11.79,8.23,19.57,22.83,98.73,3.3,8.72,69.6,4.83,83.6,14.87,14.36,11.74,34.86,5.6,0.76,0.02,1.22,25.26,32.94,89.09,2.91,4.11,0.85,0.88,0.87,23.23,
Liuzhou,109.43,24.33,2022,6,2022-06,26.63,32.52,20.21,5.63,24.79,26.53,98.17,3.67,8.25,172.0,5.37,90.04,20.14,20.04,11.89,37.18,5.82,0.8,0.02,1.3,25.56,35.85,93.41,2.3,4.71,0.98,0.98,0.96,29.7,
Liuzhou,109.43,24.33,2022,7,2022-07,27.83,33.41,22.77,7.14,25.2,27.83,98.26,3.23,11.88,188.3,5.02,86.38,20.57,5.58,19.49,37.01,9.25,1.24,0.04,2.13,26.81,36.03,67.47,5.89,6.19,0.93,0.96,0.91,32.63,
Liuzhou,109.43,24.33,2022,8,2022-08,28.0,34.93,23.28,7.66,24.81,28.11,98.4,2.72,9.42,151.6,4.21,83.74,20.05,3.8,18.99,37.32,9.06,1.22,0.04,2.12,25.49,36.27,71.9,7.73,5.96,0.82,0.88,0.84,32.69,
Liuzhou,109.43,24.33,2022,9,2022-09,26.48,33.81,19.34,9.18,21.61,26.37,98.78,2.66,5.91,38.5,4.1,75.9,16.5,0.55,18.02,35.93,8.34,1.07,0.03,1.76,22.21,34.7,63.44,7.93,5.21,0.73,0.8,0.74,28.37,
Liuzhou,109.43,24.33,2022,10,2022-10,21.52,31.86,10.41,11.66,14.71,21.51,99.45,3.95,9.77,35.6,6.14,67.82,11.09,0.47,16.63,32.27,7.58,0.96,0.03,1.47,20.0,30.77,49.06,4.93,3.77,0.66,0.72,0.66,21.5,
Liuzhou,109.43,24.33,2022,11,2022-11,19.76,30.07,4.49,10.6,15.37,19.94,99.33,3.69,9.81,57.0,5.46,77.65,11.33,3.65,9.41,32.95,4.35,0.56,0.01,0.84,16.13,30.7,70.49,2.14,2.36,0.64,0.68,0.66,,
Liuzhou,109.43,24.33,2022,12,2022-12,9.54,20.85,0.16,11.34,2.96,9.63,100.05,4.28,11.25,31.2,6.31,66.38,4.83,0.64,9.62,27.85,4.23,0.53,0.01,0.7,14.55,24.49,66.95,1.06,1.58,0.67,0.7,0.68,,7.3
Liuzhou,109.43,24.33,2023,1,2023-01,11.08,26.27,-1.0,12.0,4.92,11.21,99.94,4.28,10.24,36.9,6.25,68.72,5.91,0.86,9.86,28.34,4.35,0.55,0.01,0.75,15.72,25.07,64.96,0.75,1.42,0.65,0.68,0.66,,
Liuzhou,109.43,24.33,2023,2,2023-02,14.4,29.04,4.22,11.14,9.52,14.98,99.69,4.43,9.99,50.1,6.23,74.57,7.84,2.48,8.84,30.82,4.02,0.51,0.01,0.77,17.46,27.59,75.21,0.87,1.74,0.67,0.69,0.69,,
Liuzhou,109.43,24.33,2023,3,2023-03,18.8,34.52,7.83,11.87,13.36,19.4,99.36,4.05,11.65,76.4,5.69,73.11,9.94,3.03,10.05,32.89,4.59,0.57,0.02,0.91,19.21,29.83,81.13,1.31,2.23,0.64,0.68,0.66,,
Liuzhou,109.43,24.33,2023,4,2023-04,22.67,32.71,10.83,10.51,17.84,23.04,98.81,4.73,10.65,141.0,6.63,76.18,13.42,4.4,12.16,34.98,5.57,0.69,0.02,1.08,21.54,32.37,79.76,2.96,3.38,0.67,0.69,0.69,22.98,
Liuzhou,109.43,24.33,2023,5,2023-05,25.54,35.24,15.11,10.04,21.14,25.83,98.61,4.07,11.4,150.1,5.8,78.22,16.26,7.55,14.24,36.36,6.75,0.9,0.03,1.5,25.21,34.47,78.4,6.13,5.16,0.7,0.72,0.73,26.19,
Liuzhou,109.43,24.33,2023,6,2023-06,27.62,34.9,21.28,8.0,24.06,27.77,98.32,3.08,8.39,146.0,4.76,82.2,19.23,9.91,15.94,37.38,7.66,1.04,0.03,1.77,26.39,35.95,86.62,6.89,5.41,0.72,0.74,0.76,31.46,
Liuzhou,109.43,24.33,2023,7,2023-07,28.7,34.77,23.56,7.73,24.9,28.82,98.28,3.88,10.16,170.4,5.75,81.08,20.19,2.03,18.75,37.72,8.96,1.21,0.04,2.11,26.53,36.62,85.25,8.74,5.61,0.68,0.75,0.7,34.13,
Liuzhou,109.43,24.33,2023,8,2023-08,28.03,35.1,20.35,7.73,24.51,28.37,98.22,2.46,6.63,127.6,3.73,82.39,19.78,6.75,15.8,37.6,7.58,1.03,0.03,1.78,24.86,36.39,84.82,7.28,5.27,0.68,0.71,0.71,32.55,
Liuzhou,109.43,24.33,2023,9,2023-09,26.6,33.11,19.68,7.88,23.31,26.69,98.67,3.1,7.91,54.3,4.73,83.08,18.3,4.5,15.79,36.77,7.5,1.0,0.03,1.63,22.86,35.46,67.84,6.79,4.82,0.71,0.74,0.73,29.1,
Liuzhou,109.43,24.33,2023,10,2023-10,22.74,32.73,13.19,9.89,18.0,22.84,99.36,3.24,10.22,44.9,4.83,76.15,13.29,1.64,13.8,34.03,6.41,0.83,0.02,1.27,19.44,32.36,64.11,4.7,3.56,0.65,0.7,0.66,23.06,
Liuzhou,109.43,24.33,2023,11,2023-11,18.14,30.29,6.64,11.11,13.15,18.06,99.71,3.39,9.47,49.7,5.03,74.72,9.97,1.45,11.05,31.24,5.0,0.63,0.01,0.86,16.34,29.24,58.58,2.56,2.39,0.64,0.68,0.66,,
Liuzhou,109.43,24.33,2023,12,2023-12,12.83,28.69,-1.73,12.12,7.06,12.95,99.98,4.22,11.44,41.5,6.08,70.54,7.12,0.73,9.72,29.06,4.33,0.54,0.01,0.66,14.49,26.7,62.95,1.01,1.51,0.62,0.66,0.63,,
Liuzhou,109.43,24.33,2024,1,2024-01,12.31,24.74,-2.87,9.63,8.72,12.68,99.94,3.91,10.46,48.9,5.54,79.99,7.6,4.53,5.5,30.98,2.58,0.35,0.01,0.47,14.56,26.82,91.79,0.68,1.46,0.67,0.68,0.71,,
Liuzhou,109.43,24.33,2024,2,2024-02,12.52,31.32,1.57,10.71,8.03,12.98,99.74,5.36,11.49,58.4,7.04,76.07,7.45,2.39,7.32,30.83,3.39,0.45,0.01,0.69,17.94,27.14,86.06,0.79,1.69,0.68,0.71,0.7,,
Liuzhou,109.43,24.33,2024,3,2024-03,18.58,32.06,3.83,11.38,13.85,19.13,99.3,4.59,11.2,116.7,6.45,76.09,10.58,2.54,10.38,33.28,4.8,0.62,0.02,0.93,20.34,29.86,88.34,1.78,2.57,0.69,0.71,0.71,,
Liuzhou,109.43,24.33,2024,4,2024-04,24.2,34.33,14.33,9.18,20.92,24.56,98.57,4.02,9.91,135.9,5.83,83.1,15.97,11.09,11.84,36.07,5.51,0.68,0.02,1.01,21.49,33.91,84.36,2.87,3.74,0.74,0.76,0.79,24.85,
Liuzhou,109.43,24.33,2024,5,2024-05,24.41,33.0,15.43,8.87,21.04,24.61,98.72,3.38,7.82,91.3,4.94,82.71,16.01,8.37,12.75,35.67,6.04,0.8,0.02,1.23,24.81,33.95,84.92,4.45,4.54,0.79,0.83,0.82,25.07,
Liuzhou,109.43,24.33,2024,6,2024-06,26.95,32.28,20.37,6.37,24.85,27.03,98.35,3.39,7.33,154.6,5.1,88.8,20.18,18.29,11.6,37.42,5.7,0.79,0.02,1.35,25.9,36.01,95.58,3.9,5.06,0.89,0.92,0.91,30.47,
Liuzhou,109.43,24.33,2024,7,2024-07,28.15,35.17,23.96,6.8,25.58,28.16,98.23,3.25,7.9,169.7,4.98,86.67,21.03,6.37,17.86,37.55,8.58,1.16,0.03,2.0,26.64,36.43,79.82,6.12,6.01,0.89,0.93,0.89,33.62,
Liuzhou,109.43,24.33,2024,8,2024-08,28.15,34.05,23.45,7.38,25.1,28.22,98.38,2.51,7.07,173.6,3.84,84.39,20.41,4.76,17.23,37.52,8.24,1.1,0.03,1.92,24.91,36.38,75.44,6.75,5.76,0.85,0.91,0.86,33.22,
Liuzhou,109.43,24.33,2024,9,2024-09,26.85,33.19,16.98,7.98,23.45,26.72,98.54,3.08,9.33,39.2,4.77,82.43,18.58,2.14,17.23,36.69,8.14,1.08,0.03,1.79,22.73,35.56,72.44,6.04,4.9,0.8,0.86,0.82,29.62,
Liuzhou,109.43,24.33,2024,10,2024-10,21.11,29.83,10.68,10.75,16.59,21.07,99.3,3.79,8.46,32.0,5.88,76.98,12.18,2.05,15.54,32.6,7.13,0.91,0.02,1.37,19.71,31.01,55.07,5.49,4.24,0.74,0.8,0.76,21.29,
Liuzhou,109.43,24.33,2024,11,2024-11,17.81,29.7,6.47,11.44,12.66,17.72,99.66,3.71,8.58,35.6,5.81,73.75,9.55,0.11,14.07,30.45,6.35,0.79,0.02,1.1,16.59,28.83,43.26,3.64,2.86,0.69,0.75,0.7,,
Liuzhou,109.43,24.33,2024,12,2024-12,11.21,24.95,1.83,11.42,4.75,11.18,100.0,4.02,8.58,32.4,6.03,66.95,5.6,0.27,9.11,28.62,4.0,0.49,0.01,0.62,14.01,25.32,65.66,1.23,1.64,0.67,0.71,0.68,,
Liuzhou,109.43,24.33,2025,1,2025-01,12.0,23.65,0.1,13.24,4.71,11.9,99.9,3.66,11.82,39.7,5.6,64.35,5.66,0.74,11.3,27.61,4.82,0.57,0.01,0.71,15.04,25.03,50.22,0.96,1.53,0.64,0.68,0.65,,
Liuzhou,109.43,24.33,2025,2,2025-02,11.65,28.03,-0.29,9.89,6.96,12.32,99.9,4.29,9.21,35.8,5.89,74.76,6.51,1.64,5.05,30.9,2.4,0.33,0.01,0.49,17.09,26.25,95.69,0.57,1.43,0.66,0.68,0.68,,
Liuzhou,109.43,24.33,2025,3,2025-03,17.14,33.43,5.32,12.55,10.7,17.86,99.44,4.83,10.8,56.3,6.59,68.65,8.7,1.8,11.57,31.97,5.25,0.66,0.02,0.97,20.26,28.79,74.0,1.51,2.44,0.65,0.68,0.66,,
Liuzhou,109.43,24.33,2025,4,2025-04,23.34,36.16,7.21,12.7,16.13,23.93,98.93,3.65,16.46,133.3,5.36,67.09,12.06,2.55,14.37,34.35,6.58,0.83,0.02,1.26,22.8,32.06,78.64,2.39,3.13,0.62,0.65,0.62,23.48,
Liuzhou,109.43,24.33,2025,5,2025-05,24.68,33.24,13.57,9.17,20.84,24.88,98.71,3.48,11.62,146.2,5.16,80.74,15.96,13.79,13.11,35.65,6.22,0.84,0.02,1.31,25.59,33.86,85.37,4.31,4.5,0.73,0.72,0.78,25.31,
Liuzhou,109.43,24.33,2025,6,2025-06,27.08,33.35,19.34,7.09,24.25,27.16,98.31,3.54,8.95,162.7,5.34,85.36,19.46,11.84,14.73,37.29,7.12,0.98,0.03,1.67,26.42,35.95,88.93,5.84,5.39,0.8,0.83,0.83,30.46,
Liuzhou,109.43,24.33,2025,7,2025-07,28.82,34.33,23.22,7.64,25.07,28.82,97.97,2.25,8.92,41.3,3.45,81.17,20.46,5.5,19.64,37.71,9.36,1.25,0.04,2.16,26.3,36.8,76.97,8.23,6.06,0.8,0.85,0.82,34.49,
Liuzhou,109.43,24.33,2025,8,2025-08,27.48,33.3,21.8,6.95,24.46,27.49,98.48,2.71,7.59,157.8,4.1,84.45,19.63,7.36,17.55,37.02,8.38,1.12,0.03,1.93,25.19,35.91,81.27,6.4,5.27,0.82,0.87,0.85,31.4,
Liuzhou,109.43,24.33,2025,9,2025-09,26.72,32.58,20.08,7.77,23.55,26.73,98.72,3.15,11.21,85.9,4.75,83.57,18.57,4.5,16.36,36.52,7.78,1.03,0.03,1.71,23.0,35.49,72.2,6.26,4.99,0.8,0.85,0.82,29.41,
Liuzhou,109.43,24.33,2025,10,2025-10,22.8,32.24,10.33,8.81,18.92,22.79,99.33,3.57,9.87,46.1,5.24,79.65,14.43,1.39,15.26,34.2,7.09,0.91,0.02,1.38,19.48,32.82,61.35,5.17,3.99,0.75,0.81,0.77,23.22,
Liuzhou,109.43,24.33,2025,11,2025-11,15.7,26.12,4.04,10.8,10.59,15.42,99.79,3.9,9.32,26.9,5.93,73.84,8.47,1.65,11.95,29.58,5.4,0.69,0.02,0.97,16.68,27.85,56.95,2.66,2.64,0.73,0.78,0.75,,
Liuzhou,109.43,24.33,2025,12,2025-12,14.15,24.5,2.32,10.83,9.47,13.98,99.73,3.26,10.7,38.9,4.87,75.1,7.69,1.57,9.31,30.04,4.15,0.51,0.01,0.65,13.88,27.09,65.28,1.6,1.88,0.71,0.75,0.73,,
Nanning,108.37,22.82,2005,1,2005-01,11.18,29.26,-0.97,11.46,5.28,11.91,99.92,3.82,7.97,40.9,5.4,69.76,5.95,0.87,6.93,30.28,3.34,0.49,0.01,0.7,15.01,27.11,67.68,0.01,0.69,0.49,0.49,0.47,,
Nanning,108.37,22.82,2005,2,2005-02,15.25,31.52,2.1,13.13,9.06,16.56,99.65,4.59,10.71,59.7,6.17,69.1,7.92,1.09,8.25,32.38,4.07,0.6,0.02,0.96,17.63,29.45,66.47,0.03,1.12,0.5,0.49,0.48,,
Nanning,108.37,22.82,2005,3,2005-03,18.43,34.7,4.6,13.39,11.15,19.68,99.68,4.42,12.05,92.8,6.02,65.99,9.01,2.03,9.64,32.98,4.62,0.63,0.02,0.96,20.03,30.16,72.1,0.08,1.32,0.49,0.49,0.47,,
Nanning,108.37,22.82,2005,4,2005-04,24.68,40.34,13.19,12.77,17.13,26.01,99.16,3.88,9.53,145.5,5.33,66.4,12.64,2.08,13.32,35.71,6.28,0.8,0.02,1.29,22.11,33.65,71.68,0.23,2.09,0.51,0.5,0.49,24.94,
Nanning,108.37,22.82,2005,5,2005-05,28.16,40.56,19.95,10.09,22.8,28.78,98.47,3.88,9.99,168.0,5.63,75.45,17.83,5.75,18.12,36.86,8.74,1.19,0.03,2.0,25.78,35.62,68.28,2.25,3.57,0.58,0.57,0.59,31.78,
Nanning,108.37,22.82,2005,6,2005-06,27.29,33.18,23.01,5.22,25.57,27.24,98.16,3.04,6.86,170.6,4.66,90.66,21.05,15.29,12.53,37.59,6.27,0.88,0.03,1.5,25.41,36.53,93.83,2.04,3.62,0.89,0.86,0.89,31.66,
Nanning,108.37,22.82,2005,7,2005-07,27.63,34.68,22.91,6.81,25.06,27.62,98.49,3.17,10.17,152.7,4.81,86.67,20.34,4.47,18.23,36.97,8.81,1.2,0.03,2.09,26.19,35.98,64.28,5.02,5.54,0.89,0.86,0.88,32.11,
Nanning,108.37,22.82,2005,8,2005-08,27.49,34.08,21.78,7.03,24.83,27.63,98.4,2.51,7.91,100.3,3.91,86.15,20.09,5.13,16.66,37.36,8.17,1.15,0.03,1.99,24.72,36.14,79.17,5.72,5.25,0.78,0.76,0.81,31.65,
Nanning,108.37,22.82,2005,9,2005-09,26.28,34.15,19.55,8.84,22.54,26.32,98.96,3.65,9.93,56.7,5.57,81.21,17.41,3.79,16.29,36.48,7.89,1.11,0.03,1.85,22.46,35.16,65.63,6.03,5.05,0.67,0.66,0.7,28.28,
Nanning,108.37,22.82,2005,10,2005-10,23.56,33.87,12.98,11.46,16.86,24.09,99.57,3.25,8.42,43.7,4.9,68.62,12.45,0.36,15.16,34.01,6.95,0.9,0.02,1.41,18.13,32.78,42.47,2.39,2.87,0.56,0.56,0.54,23.76,
Nanning,108.37,22.82,2005,11,2005-11,19.95,33.14,7.34,11.32,13.9,20.56,99.66,3.64,7.85,56.9,5.35,70.7,10.71,1.1,11.71,32.39,5.57,0.81,0.02,1.28,16.78,30.62,53.72,0.34,1.47,0.52,0.52,0.5,,
Nanning,108.37,22.82,2005,12,2005-12,12.68,26.85,2.17,11.07,4.16,13.17,100.18,4.14,10.53,38.0,6.01,59.92,5.67,0.89,8.66,29.24,3.97,0.54,0.01,0.78,14.12,26.97,61.17,0.04,0.87,0.49,0.49,0.47,,
Nanning,108.37,22.82,2006,1,2006-01,13.86,29.37,1.12,13.27,7.05,14.66,99.8,4.12,10.04,57.1,5.91,66.58,6.99,0.22,9.48,29.97,4.38,0.61,0.02,0.96,15.86,27.24,56.69,0.02,0.74,0.49,0.49,0.45,,
Nanning,108.37,22.82,2006,2,2006-02,15.54,31.06,5.55,11.2,9.71,16.75,99.92,4.52,9.93,51.7,5.94,70.22,7.8,2.01,7.04,32.69,3.5,0.53,0.01,0.9,18.19,29.18,88.24,0.02,0.84,0.49,0.49,0.45,,
Nanning,108.37,22.82,2006,3,2006-03,19.42,34.34,3.13,13.13,12.95,20.8,99.35,4.02,11.21,92.1,5.54,69.38,10.05,1.18,9.93,34.05,4.79,0.65,0.02,1.12,19.86,30.86,84.55,0.14,1.54,0.52,0.51,0.5,,
Nanning,108.37,22.82,2006,4,2006-04,25.42,40.15,10.41,13.24,17.57,26.8,98.92,4.65,10.78,161.4,6.27,65.56,13.2,1.83,14.59,35.44,6.95,0.93,0.03,1.58,23.19,33.53,71.64,0.24,1.99,0.5,0.5,0.47,25.73,
Nanning,108.37,22.82,2006,5,2006-05,26.17,38.69,15.64,10.78,19.56,27.01,98.86,4.03,10.53,136.7,5.69,70.83,14.94,4.81,15.87,35.8,7.78,1.14,0.03,1.9,26.17,34.31,75.18,0.75,2.58,0.53,0.53,0.54,26.69,
Nanning,108.37,22.82,2006,6,2006-06,27.35,35.82,22.12,7.57,24.21,27.57,98.45,3.06,6.53,166.9,4.7,84.16,19.34,6.32,15.35,37.14,7.61,1.06,0.03,1.78,25.84,36.1,86.21,3.93,3.99,0.64,0.63,0.68,31.02,
Nanning,108.37,22.82,2006,7,2006-07,27.65,34.11,23.06,6.13,25.25,27.62,98.17,3.18,9.26,153.4,4.81,87.46,20.64,12.48,15.99,37.42,7.89,1.12,0.03,1.95,25.8,36.45,79.24,4.53,4.76,0.8,0.77,0.83,32.28,
Nanning,108.37,22.82,2006,8,2006-08,26.93,32.84,20.41,6.43,24.48,26.83,98.42,2.8,15.05,79.0,4.22,86.98,19.66,7.53,15.86,36.9,7.65,1.03,0.03,1.75,23.71,35.91,75.95,3.65,4.65,0.93,0.9,0.9,30.24,
Nanning,108.37,22.82,2006,9,2006-09,24.52,31.97,15.84,8.6,21.0,24.41,99.02,3.15,8.21,41.4,4.88,81.86,16.05,1.17,17.23,35.02,8.12,1.09,0.03,1.77,22.25,33.98,57.0,5.48,4.86,0.78,0.76,0.79,25.17,
Nanning,108.37,22.82,2006,10,2006-10,24.87,32.98,16.18,10.37,19.87,25.33,99.45,2.8,7.41,75.8,4.41,75.79,14.74,0.86,14.64,34.86,6.64,0.86,0.02,1.29,17.02,34.01,31.4,2.67,3.01,0.58,0.58,0.57,25.39,
Nanning,108.37,22.82,2006,11,2006-11,20.28,31.76,9.46,11.9,13.79,20.74,99.54,3.56,8.83,55.7,5.28,69.86,10.26,1.69,11.38,32.86,5.33,0.77,0.02,1.11,16.35,30.92,54.78,0.44,1.56,0.53,0.52,0.51,20.19,
Nanning,108.37,22.82,2006,12,2006-12,13.83,29.16,3.31,13.28,6.13,14.19,100.13,3.91,8.58,40.0,5.88,63.31,6.15,0.14,11.0,28.89,4.95,0.67,0.02,0.93,14.73,26.87,48.52,0.16,1.08,0.52,0.52,0.49,,
Nanning,108.37,22.82,2007,1,2007-01,11.7,24.74,2.45,12.38,3.72,12.29,100.28,4.12,9.09,34.7,5.78,61.82,5.17,0.46,9.19,29.44,4.24,0.6,0.01,0.87,15.56,26.27,66.67,0.01,0.74,0.49,0.49,0.45,,
Nanning,108.37,22.82,2007,2,2007-02,19.59,32.49,5.45,13.18,12.33,20.62,99.48,4.25,9.19,139.1,5.9,66.94,9.56,0.88,10.68,32.8,4.95,0.66,0.02,0.99,16.89,30.27,65.25,0.01,0.75,0.48,0.48,0.4,,
Nanning,108.37,22.82,2007,3,2007-03,20.28,36.43,6.56,12.1,14.43,21.46,99.28,4.84,9.48,125.2,6.46,71.92,10.92,1.78,8.71,34.74,4.15,0.54,0.01,0.89,18.48,31.57,85.82,0.1,1.33,0.5,0.5,0.48,20.24,
Nanning,108.37,22.82,2007,4,2007-04,22.2,39.29,8.14,12.72,14.57,23.48,99.3,3.91,11.76,72.0,5.27,65.45,10.95,1.58,12.61,34.71,5.99,0.79,0.02,1.23,22.55,32.17,85.37,0.07,1.51,0.49,0.49,0.47,22.18,
Nanning,108.37,22.82,2007,5,2007-05,26.73,39.32,15.38,11.97,19.19,27.84,98.79,3.39,9.15,161.8,4.82,67.36,14.5,4.04,17.71,36.02,8.41,1.14,0.03,1.87,26.07,34.65,71.88,0.89,2.79,0.53,0.53,0.52,28.23,
Nanning,108.37,22.82,2007,6,2007-06,27.73,36.08,21.45,8.14,23.99,28.02,98.39,3.18,6.86,170.2,4.79,81.59,19.12,6.23,17.09,37.01,8.32,1.14,0.03,1.95,26.07,36.05,77.6,3.85,3.95,0.61,0.6,0.64,31.66,
Nanning,108.37,22.82,2007,7,2007-07,27.57,33.7,22.51,6.82,25.14,27.66,98.4,3.61,8.72,165.2,5.5,87.36,20.46,5.93,17.89,37.14,8.82,1.22,0.04,2.19,26.69,36.1,76.77,5.91,4.89,0.7,0.68,0.74,32.04,
Nanning,108.37,22.82,2007,8,2007-08,27.56,34.63,22.42,7.31,24.23,27.59,98.37,2.45,5.75,94.3,3.78,83.09,19.38,7.71,17.43,36.99,8.35,1.12,0.03,1.92,24.0,36.02,72.67,5.5,4.69,0.69,0.67,0.73,31.43,
Nanning,108.37,22.82,2007,9,2007-09,24.67,31.93,14.98,8.15,21.53,24.67,98.82,3.41,8.43,33.9,5.18,83.66,16.51,5.23,15.47,35.97,7.39,1.05,0.03,1.75,22.31,34.71,70.92,5.39,4.9,0.76,0.74,0.79,25.38,
Nanning,108.37,22.82,2007,10,2007-10,22.4,31.72,12.62,10.58,17.01,22.5,99.45,3.69,9.22,40.7,5.55,73.53,12.55,0.88,15.0,33.75,6.87,0.92,0.02,1.44,18.07,32.63,42.21,3.38,3.33,0.61,0.61,0.61,22.62,
Nanning,108.37,22.82,2007,11,2007-11,16.99,29.53,3.37,13.96,8.04,17.19,99.85,3.92,9.88,29.1,6.08,60.07,7.06,0.58,14.72,28.82,6.54,0.86,0.02,1.26,16.46,27.94,29.01,0.61,1.66,0.54,0.53,0.51,,
Nanning,108.37,22.82,2007,12,2007-12,15.64,29.25,4.32,11.48,9.11,16.2,99.79,3.95,8.24,57.9,5.8,68.08,7.66,0.7,7.8,32.1,3.7,0.53,0.01,0.8,13.99,28.66,77.13,0.03,0.77,0.49,0.49,0.46,,
Nanning,108.37,22.82,2008,1,2008-01,9.87,31.02,0.91,11.01,3.23,10.67,100.03,4.51,8.19,34.8,5.9,66.17,5.26,1.91,7.71,29.38,3.62,0.53,0.01,0.8,16.14,26.38,67.17,0.01,0.73,0.49,0.49,0.47,,7.61
Nanning,108.37,22.82,2008,2,2008-02,9.74,26.74,-1.27,10.67,3.68,10.5,100.19,4.08,9.61,34.8,5.71,68.69,5.33,2.1,7.27,30.15,3.53,0.51,0.01,0.87,17.76,25.99,83.19,0.35,1.47,0.59,0.58,0.59,,7.63
Nanning,108.37,22.82,2008,3,2008-03,19.86,35.84,5.27,12.47,13.69,20.84,99.38,3.56,9.6,130.0,5.01,70.96,10.3,1.17,11.76,33.28,5.49,0.73,0.02,1.21,20.09,30.73,72.66,0.49,1.88,0.56,0.55,0.53,,
Nanning,108.37,22.82,2008,4,2008-04,24.17,38.28,12.9,12.01,17.98,25.5,99.01,3.92,9.39,136.2,5.32,71.35,13.31,2.0,13.08,35.79,6.24,0.81,0.02,1.38,22.74,33.62,75.95,0.53,2.21,0.53,0.53,0.51,24.51,
Nanning,108.37,22.82,2008,5,2008-05,26.36,36.22,17.47,10.96,19.89,27.43,98.63,3.52,10.28,120.6,4.98,70.97,15.1,4.35,15.63,36.32,7.54,1.03,0.03,1.75,25.23,34.82,72.64,1.14,2.74,0.55,0.54,0.53,26.9,
Nanning,108.37,22.82,2008,6,2008-06,26.71,33.61,19.67,7.17,23.88,26.98,98.38,2.96,7.31,166.8,4.41,85.6,19.0,10.71,13.42,37.2,6.64,0.92,0.03,1.54,25.46,35.82,91.73,4.01,4.5,0.73,0.71,0.77,29.55,
Nanning,108.37,22.82,2008,7,2008-07,26.95,34.18,22.93,6.23,24.8,26.94,98.35,3.01,7.07,163.8,4.68,88.66,20.05,8.75,15.18,36.94,7.56,1.05,0.03,1.82,25.92,35.85,86.27,3.87,4.48,0.88,0.85,0.88,30.46,
Nanning,108.37,22.82,2008,8,2008-08,26.9,34.02,22.52,6.57,24.72,26.88,98.47,3.12,12.42,140.1,4.79,88.42,19.93,10.32,15.81,36.88,7.78,1.08,0.03,1.88,25.24,35.71,86.4,3.94,4.96,0.92,0.89,0.9,30.3,
Nanning,108.37,22.82,2008,9,2008-09,26.09,33.76,18.74,7.39,23.19,26.02,98.78,2.96,15.95,64.1,4.46,84.86,18.15,7.71,16.6,36.16,7.96,1.1,0.03,1.81,22.48,35.15,61.64,4.65,4.88,0.87,0.84,0.87,26.97,
Nanning,108.37,22.82,2008,10,2008-10,23.11,30.17,15.34,8.99,19.78,22.99,99.42,2.92,7.97,48.3,4.53,82.55,14.68,3.8,14.38,34.82,6.87,0.99,0.03,1.59,19.31,33.47,59.4,4.37,4.25,0.79,0.76,0.81,23.63,
Nanning,108.37,22.82,2008,11,2008-11,16.24,28.31,3.98,10.0,12.41,15.92,99.89,3.41,7.8,32.4,5.29,79.47,9.53,3.04,12.42,30.13,5.72,0.81,0.02,1.2,17.15,28.77,43.95,1.95,3.03,0.84,0.81,0.84,,
Nanning,108.37,22.82,2008,12,2008-12,12.65,23.37,2.64,11.09,7.88,12.19,100.02,3.32,9.61,32.3,4.85,74.36,6.88,0.58,10.81,28.73,4.89,0.68,0.02,0.97,14.95,26.67,46.91,1.39,2.11,0.7,0.69,0.73,,
Nanning,108.37,22.82,2009,1,2009-01,10.6,23.62,0.77,11.67,4.73,10.72,100.2,3.77,10.38,41.8,5.61,69.64,5.69,0.27,11.22,27.97,4.99,0.67,0.02,0.97,15.79,25.51,49.72,0.69,1.63,0.63,0.62,0.64,,
Nanning,108.37,22.82,2009,2,2009-02,20.45,34.39,8.96,12.76,15.59,21.24,99.25,4.04,9.76,163.8,5.69,76.47,11.42,0.21,12.77,33.16,6.01,0.84,0.02,1.4,18.92,30.79,55.4,0.55,1.7,0.56,0.55,0.53,20.55,
Nanning,108.37,22.82,2009,3,2009-03,18.41,35.37,5.05,11.17,12.95,19.56,99.36,4.36,12.36,78.4,5.86,73.11,10.05,1.43,9.68,33.8,4.61,0.61,0.02,1.01,19.32,30.92,87.25,0.16,1.41,0.52,0.52,0.51,,
Nanning,108.37,22.82,2009,4,2009-04,23.49,35.27,11.86,11.31,17.74,24.6,99.03,4.23,8.68,133.1,5.79,72.94,13.17,3.6,12.47,35.54,5.99,0.79,0.02,1.27,22.91,33.18,80.22,0.93,2.64,0.56,0.55,0.55,23.8,
Nanning,108.37,22.82,2009,5,2009-05,25.44,35.4,17.67,9.46,20.85,26.27,98.88,3.91,8.6,132.3,5.49,77.66,15.78,5.7,13.74,36.59,6.82,0.95,0.03,1.58,25.82,34.64,82.64,2.34,3.44,0.59,0.58,0.6,26.07,
Nanning,108.37,22.82,2009,6,2009-06,27.14,33.62,19.18,6.84,24.37,27.21,98.25,2.96,7.25,159.7,4.46,85.84,19.64,6.0,16.68,37.11,8.17,1.12,0.03,1.88,25.97,35.99,83.67,4.61,4.13,0.69,0.67,0.73,30.67,
Nanning,108.37,22.82,2009,7,2009-07,27.76,33.93,22.56,7.21,24.99,27.93,98.29,3.23,7.31,163.6,4.89,85.75,20.28,8.33,16.59,37.36,8.2,1.14,0.03,1.99,26.29,36.29,76.74,6.61,5.53,0.71,0.7,0.76,32.34,
Nanning,108.37,22.82,2009,8,2009-08,27.77,34.99,20.76,7.54,24.56,27.78,98.49,2.69,8.72,95.5,4.17,83.63,19.75,3.29,19.28,37.04,9.3,1.25,0.04,2.19,24.76,36.21,66.7,6.12,4.83,0.71,0.7,0.74,32.05,
Nanning,108.37,22.82,2009,9,2009-09,27.56,35.87,19.09,9.32,22.74,27.94,98.77,3.24,9.4,52.1,4.87,76.64,17.71,2.89,17.14,36.59,8.12,1.07,0.03,1.77,22.37,35.55,59.63,4.2,4.12,0.61,0.6,0.61,30.61,
Nanning,108.37,22.82,2009,10,2009-10,24.24,34.79,17.12,11.08,17.65,24.75,99.26,3.28,8.74,53.1,4.93,70.07,12.87,1.83,13.9,34.4,6.52,0.9,0.02,1.44,18.38,33.11,50.3,1.43,2.46,0.55,0.55,0.53,24.55,
Nanning,108.37,22.82,2009,11,2009-11,16.93,33.16,3.75,12.45,8.6,17.49,99.82,4.28,10.9,41.9,6.1,61.51,7.87,0.5,12.59,30.58,5.78,0.79,0.02,1.19,16.86,28.66,47.5,0.25,1.33,0.51,0.51,0.48,,
Nanning,108.37,22.82,2009,12,2009-12,14.61,27.62,3.29,10.71,8.19,15.35,99.85,3.93,10.32,65.7,5.55,67.96,7.29,0.26,7.73,31.28,3.68,0.53,0.01,0.71,14.14,28.16,76.93,0.03,0.48,0.48,0.48,0.4,,
Nanning,108.37,22.82,2010,1,2010-01,13.44,27.85,2.62,10.58,9.02,14.03,99.93,3.75,8.76,56.3,5.35,76.63,7.72,3.89,6.7,31.65,3.34,0.52,0.01,0.78,15.79,28.32,82.83,0.28,1.0,0.53,0.53,0.53,,
Nanning,108.37,22.82,2010,2,2010-02,16.84,34.62,3.25,12.29,11.28,17.75,99.4,4.39,11.23,108.8,6.11,72.87,9.29,0.12,11.11,32.43,5.27,0.74,0.02,1.16,18.45,29.58,71.47,0.64,1.79,0.58,0.57,0.56,,
Nanning,108.37,22.82,2010,3,2010-03,19.33,35.43,5.42,12.25,12.44,20.41,99.45,4.66,11.48,119.7,6.29,67.94,9.89,0.25,11.75,33.48,5.33,0.66,0.02,1.03,18.56,30.8,73.95,0.11,1.24,0.51,0.51,0.48,,
Nanning,108.37,22.82,2010,4,2010-04,21.94,37.09,9.3,11.31,16.64,23.1,99.21,4.35,9.07,98.9,5.78,74.16,12.4,3.99,10.49,35.4,5.11,0.68,0.02,1.1,22.21,32.97,83.91,0.52,2.11,0.54,0.53,0.53,22.13,
Nanning,108.37,22.82,2010,5,2010-05,26.44,34.94,18.42,9.82,22.29,27.08,98.58,3.81,9.51,148.6,5.4,79.51,17.31,5.02,14.61,36.9,7.2,1.0,0.03,1.62,25.07,35.37,81.57,3.02,3.81,0.61,0.6,0.62,28.51,
Nanning,108.37,22.82,2010,6,2010-06,26.55,33.58,19.21,6.9,24.0,26.71,98.51,3.33,7.73,146.5,4.93,86.62,19.21,8.72,12.86,37.49,6.45,0.9,0.03,1.5,25.26,36.21,93.14,3.19,3.59,0.68,0.67,0.73,29.24,
Nanning,108.37,22.82,2010,7,2010-07,27.71,33.99,23.56,6.47,25.32,27.64,98.5,3.72,7.91,158.9,5.71,87.53,20.65,8.02,18.6,37.18,9.03,1.23,0.04,2.12,26.51,36.31,83.75,4.92,4.63,0.76,0.74,0.8,32.46,
Nanning,108.37,22.82,2010,8,2010-08,26.81,31.98,20.8,6.45,24.37,26.78,98.72,2.73,6.16,126.5,4.21,87.11,19.48,4.21,17.99,36.83,8.7,1.22,0.04,2.1,25.12,35.87,75.89,4.5,4.59,0.83,0.81,0.84,29.94,
Nanning,108.37,22.82,2010,9,2010-09,26.12,33.44,19.46,7.55,23.39,26.17,98.83,2.46,6.0,125.3,3.85,85.77,18.36,5.89,16.52,36.4,7.93,1.09,0.03,1.78,22.51,35.41,68.77,5.16,4.62,0.77,0.75,0.8,27.03,
Nanning,108.37,22.82,2010,10,2010-10,20.98,30.78,8.21,9.33,16.76,21.0,99.4,4.08,8.16,33.0,6.2,78.17,12.59,0.48,14.41,33.37,6.75,0.93,0.02,1.45,19.34,32.11,59.59,4.1,3.88,0.7,0.69,0.71,21.17,
Nanning,108.37,22.82,2010,11,2010-11,17.71,28.76,8.52,12.77,11.08,17.92,99.74,3.31,7.17,35.7,5.17,68.09,8.36,0.39,12.11,30.55,5.43,0.71,0.02,0.99,15.54,28.75,48.05,1.06,1.82,0.56,0.55,0.54,,
Nanning,108.37,22.82,2010,12,2010-12,14.22,27.79,-0.8,11.84,8.02,14.4,99.62,3.74,11.75,45.9,5.46,69.48,7.23,1.44,9.61,30.17,4.45,0.62,0.01,0.88,14.69,27.88,57.77,0.29,1.21,0.54,0.54,0.53,,
Nanning,108.37,22.82,2011,1,2011-01,7.22,18.96,-0.83,9.83,0.39,8.01,100.26,4.84,10.3,30.0,6.51,64.08,3.97,0.47,5.92,29.3,2.94,0.46,0.01,0.66,15.61,24.79,89.19,0.06,0.91,0.53,0.53,0.51,,4.17
Nanning,108.37,22.82,2011,2,2011-02,15.13,30.78,2.32,12.13,9.62,16.21,99.55,3.97,8.3,93.8,5.52,72.14,7.94,0.83,8.32,32.17,4.08,0.62,0.02,0.97,18.2,28.43,80.45,0.09,1.06,0.52,0.51,0.5,,
Nanning,108.37,22.82,2011,3,2011-03,15.15,29.97,4.18,10.78,9.51,16.2,99.84,4.42,13.86,43.1,5.93,71.42,7.73,3.1,7.54,32.77,3.83,0.58,0.02,0.94,20.8,28.85,95.51,0.46,1.65,0.56,0.55,0.56,,
Nanning,108.37,22.82,2011,4,2011-04,23.01,33.91,11.2,11.73,16.72,24.08,99.22,3.83,8.83,151.8,5.39,70.62,12.21,1.78,13.01,34.88,6.19,0.81,0.02,1.32,22.66,32.55,78.95,0.5,1.99,0.54,0.54,0.52,23.21,
Nanning,108.37,22.82,2011,5,2011-05,25.08,37.44,15.2,11.51,18.94,25.86,98.79,3.92,8.68,116.6,5.52,71.73,14.15,3.06,17.04,35.28,8.14,1.1,0.03,1.83,25.66,33.91,69.89,1.95,3.3,0.57,0.57,0.56,25.52,
Nanning,108.37,22.82,2011,6,2011-06,28.41,36.98,22.4,8.34,23.97,28.97,98.26,3.72,10.63,155.9,5.41,79.0,19.11,8.25,15.04,37.26,7.29,1.0,0.03,1.69,25.87,36.28,85.19,1.92,3.41,0.58,0.57,0.59,32.97,
Nanning,108.37,22.82,2011,7,2011-07,27.81,34.41,23.29,7.7,24.56,27.95,98.32,3.17,9.11,150.9,4.74,83.53,19.76,3.6,18.63,37.07,9.03,1.23,0.04,2.15,25.24,36.17,65.43,6.77,5.31,0.69,0.67,0.72,32.14,
Nanning,108.37,22.82,2011,8,2011-08,27.45,37.51,21.22,8.98,23.22,27.83,98.57,2.68,6.0,142.8,4.1,79.69,18.23,3.82,18.3,36.69,8.83,1.2,0.04,2.1,24.89,35.72,65.63,4.42,4.24,0.61,0.6,0.62,30.73,
Nanning,108.37,22.82,2011,9,2011-09,26.64,36.48,16.34,10.3,21.03,27.26,98.75,3.88,16.34,58.8,5.66,73.81,16.14,5.95,16.57,36.28,7.81,1.03,0.03,1.66,21.94,35.19,63.36,2.19,3.46,0.57,0.56,0.56,28.52,
Nanning,108.37,22.82,2011,10,2011-10,21.25,30.91,14.17,8.24,18.24,21.18,99.44,3.52,8.95,38.8,5.24,83.82,13.42,6.81,12.54,34.1,5.96,0.83,0.02,1.29,19.23,32.54,62.52,3.47,3.95,0.8,0.78,0.82,21.62,
Nanning,108.37,22.82,2011,11,2011-11,19.85,28.33,9.27,10.42,15.96,19.59,99.58,2.78,8.96,49.2,4.23,79.54,11.63,0.65,13.11,32.41,6.09,0.84,0.02,1.22,16.57,30.98,44.99,3.11,2.84,0.67,0.65,0.69,,
Nanning,108.37,22.82,2011,12,2011-12,11.42,23.59,2.14,11.66,4.39,11.6,100.21,4.16,9.04,31.0,6.16,64.58,5.41,0.5,9.63,28.66,4.33,0.57,0.01,0.78,14.07,26.1,56.25,0.6,1.52,0.58,0.58,0.57,,
Nanning,108.37,22.82,2012,1,2012-01,9.59,19.47,-0.44,9.17,5.74,10.24,99.97,3.89,8.81,35.9,5.37,78.3,5.89,2.46,4.86,31.4,2.52,0.41,0.01,0.67,15.69,26.87,95.55,0.29,1.21,0.6,0.59,0.61,,7.54
Nanning,108.37,22.82,2012,2,2012-02,13.0,28.3,3.76,11.17,8.47,13.97,99.61,4.38,9.24,50.3,5.9,75.53,7.34,0.66,6.7,32.85,3.45,0.56,0.01,0.89,18.12,28.32,95.82,0.42,1.49,0.59,0.58,0.58,,
Nanning,108.37,22.82,2012,3,2012-03,19.14,32.09,7.47,11.15,13.77,20.11,99.38,4.38,12.38,110.9,6.03,73.86,10.46,1.28,9.17,34.62,4.42,0.59,0.02,0.97,19.33,31.27,91.24,0.45,1.74,0.56,0.56,0.54,,
Nanning,108.37,22.82,2012,4,2012-04,25.14,40.54,13.54,12.38,18.61,26.32,98.83,4.29,12.05,155.6,5.86,70.5,13.87,1.48,15.05,35.74,7.15,0.94,0.03,1.48,23.17,33.77,71.54,0.44,2.03,0.53,0.52,0.5,25.55,
Nanning,108.37,22.82,2012,5,2012-05,27.68,41.62,19.11,9.26,22.78,28.49,98.54,3.46,7.04,134.0,4.98,77.22,17.79,6.26,16.85,36.98,8.18,1.11,0.03,1.8,25.6,35.85,74.49,1.78,3.21,0.57,0.56,0.59,30.95,
Nanning,108.37,22.82,2012,6,2012-06,27.08,32.85,20.15,6.77,24.45,27.23,98.1,3.27,7.39,136.9,4.88,86.22,19.73,7.31,13.28,37.61,6.58,0.91,0.03,1.51,25.04,36.45,91.56,4.61,4.39,0.69,0.67,0.74,30.56,
Nanning,108.37,22.82,2012,7,2012-07,27.48,33.84,23.08,6.81,24.87,27.56,98.26,3.51,10.77,161.7,5.35,86.53,20.14,5.54,17.21,37.02,8.47,1.17,0.03,1.99,26.43,36.08,78.27,5.63,4.76,0.69,0.67,0.73,31.67,
Nanning,108.37,22.82,2012,8,2012-08,27.43,33.73,21.04,7.08,24.56,27.43,98.34,2.69,15.44,70.9,4.1,85.16,19.78,6.93,17.35,37.07,8.34,1.12,0.03,1.9,24.19,36.12,72.73,5.51,4.77,0.77,0.74,0.8,31.36,
Nanning,108.37,22.82,2012,9,2012-09,24.75,31.95,15.07,8.39,21.18,24.88,99.06,3.08,9.67,60.6,4.77,81.82,16.27,2.37,16.59,35.75,7.99,1.11,0.03,1.83,22.53,34.49,71.2,5.48,4.59,0.69,0.67,0.71,25.42,
Nanning,108.37,22.82,2012,10,2012-10,23.88,32.28,13.43,10.83,18.3,24.45,99.38,3.51,9.81,87.8,5.2,73.62,13.45,3.47,13.54,34.29,6.28,0.86,0.02,1.34,18.31,33.07,45.28,1.66,2.62,0.56,0.56,0.55,24.25,
Nanning,108.37,22.82,2012,11,2012-11,18.63,31.21,8.05,9.77,14.98,18.9,99.48,3.54,10.82,74.8,5.31,80.74,11.18,2.12,8.51,33.85,4.21,0.63,0.02,0.99,16.48,31.34,83.71,1.9,2.36,0.62,0.61,0.63,,
Nanning,108.37,22.82,2012,12,2012-12,13.43,28.72,0.05,10.54,8.77,13.8,99.83,4.3,10.91,44.8,6.16,75.41,7.67,1.3,7.42,31.36,3.58,0.53,0.01,0.81,14.94,28.17,78.15,0.86,1.67,0.6,0.59,0.61,,
Nanning,108.37,22.82,2013,1,2013-01,11.5,25.92,1.71,9.78,7.12,11.98,100.03,3.82,9.05,49.0,5.43,76.2,6.67,0.68,5.82,31.18,2.88,0.44,0.01,0.71,15.37,26.88,89.61,0.24,1.09,0.58,0.57,0.56,,
Nanning,108.37,22.82,2013,2,2013-02,17.28,31.33,4.26,11.49,12.63,18.23,99.65,4.46,10.83,120.2,6.14,76.25,9.67,0.84,7.78,33.29,3.98,0.64,0.02,1.12,19.09,29.86,88.45,0.26,1.39,0.55,0.54,0.53,,
Nanning,108.37,22.82,2013,3,2013-03,21.68,34.28,7.64,12.56,15.3,22.83,99.3,4.26,10.45,129.3,5.81,70.06,11.43,1.96,11.91,34.58,5.53,0.71,0.02,1.15,19.2,31.94,74.15,0.24,1.73,0.53,0.52,0.5,21.73,
Nanning,108.37,22.82,2013,4,2013-04,23.16,38.38,12.05,11.25,17.77,24.22,99.0,4.19,12.4,131.0,5.74,74.34,13.34,4.15,12.4,35.72,5.97,0.78,0.02,1.29,21.85,33.36,83.82,0.7,2.33,0.55,0.55,0.55,23.47,
Nanning,108.37,22.82,2013,5,2013-05,26.23,35.85,17.57,8.48,22.61,26.69,98.63,3.37,7.95,152.5,4.93,81.92,17.66,4.93,14.99,36.79,7.37,1.03,0.03,1.7,25.44,35.32,78.56,3.5,3.91,0.64,0.63,0.67,27.05,
Nanning,108.37,22.82,2013,6,2013-06,27.19,34.76,17.11,7.98,23.66,27.38,98.36,3.66,9.04,146.1,5.41,82.37,18.88,5.99,18.82,36.59,9.02,1.23,0.03,2.07,26.61,35.67,73.58,5.0,4.72,0.66,0.64,0.69,30.42,
Nanning,108.37,22.82,2013,7,2013-07,27.29,33.39,22.77,6.64,24.65,27.46,98.44,3.5,7.4,161.3,5.25,86.34,19.83,8.18,16.7,36.96,8.3,1.18,0.03,2.01,26.57,35.89,78.77,5.4,4.91,0.69,0.67,0.73,31.13,
Nanning,108.37,22.82,2013,8,2013-08,27.22,33.36,22.69,6.59,24.75,27.17,98.35,2.91,12.75,155.7,4.51,87.09,19.99,8.88,17.02,36.95,8.35,1.16,0.03,1.97,25.25,35.99,77.64,4.57,4.64,0.82,0.8,0.84,31.03,
Nanning,108.37,22.82,2013,9,2013-09,25.21,32.1,14.85,7.59,22.35,25.2,98.88,2.68,7.37,33.4,3.99,84.89,17.35,4.88,15.51,36.08,7.47,1.03,0.03,1.67,22.5,34.93,70.97,4.46,4.77,0.86,0.83,0.86,26.0,
Nanning,108.37,22.82,2013,10,2013-10,21.08,31.05,12.06,9.92,16.75,20.95,99.52,3.47,8.66,31.1,5.41,77.78,12.21,1.02,15.14,33.14,7.05,0.94,0.02,1.42,18.64,31.96,48.1,4.28,3.84,0.69,0.68,0.7,21.27,
Nanning,108.37,22.82,2013,11,2013-11,17.74,30.42,6.06,9.65,13.49,17.78,99.76,3.74,12.04,42.3,5.65,77.89,10.03,5.12,11.35,32.25,5.34,0.73,0.02,1.08,16.67,30.1,66.39,2.19,2.67,0.67,0.65,0.69,,
Nanning,108.37,22.82,2013,12,2013-12,10.23,22.56,-0.37,11.37,5.17,9.92,100.06,3.78,10.0,30.5,5.8,73.05,5.72,2.5,11.56,26.32,4.94,0.61,0.01,0.8,13.81,25.14,30.79,1.12,1.92,0.68,0.67,0.71,,
Nanning,108.37,22.82,2014,1,2014-01,12.49,26.06,-0.1,12.19,7.78,12.43,100.04,3.67,8.65,68.0,5.55,75.31,6.94,0.12,11.57,28.26,5.11,0.68,0.02,0.97,15.37,26.19,41.98,0.87,1.68,0.64,0.63,0.65,,
Nanning,108.37,22.82,2014,2,2014-02,13.37,28.37,-0.26,11.17,8.5,14.31,99.66,4.39,10.26,74.9,5.98,74.47,7.66,0.74,7.53,31.66,3.75,0.59,0.02,0.95,18.39,27.81,85.38,0.37,1.39,0.57,0.57,0.56,,
Nanning,108.37,22.82,2014,3,2014-03,18.81,33.29,9.61,10.97,14.34,19.89,99.48,4.11,11.73,100.3,5.57,77.23,10.64,1.64,7.47,34.54,3.74,0.52,0.01,0.85,19.1,31.09,93.45,0.42,1.67,0.56,0.55,0.54,,
Nanning,108.37,22.82,2014,4,2014-04,24.36,33.88,16.54,9.73,19.76,25.2,99.07,4.24,8.26,144.2,5.85,77.45,14.76,2.6,10.27,36.49,5.02,0.67,0.02,1.1,20.94,34.07,91.44,0.87,2.28,0.56,0.56,0.55,24.87,
Nanning,108.37,22.82,2014,5,2014-05,27.41,39.73,15.81,10.51,21.87,28.27,98.66,3.96,8.52,158.7,5.54,74.32,16.96,2.54,16.19,36.8,7.92,1.09,0.03,1.75,25.32,35.49,82.28,1.11,2.74,0.55,0.54,0.53,30.03,
Nanning,108.37,22.82,2014,6,2014-06,27.83,34.89,22.65,6.52,25.04,27.95,98.24,2.92,6.39,144.1,4.4,85.66,20.38,8.08,15.44,37.64,7.67,1.06,0.03,1.77,25.72,36.66,88.7,4.08,3.96,0.68,0.66,0.73,32.52,
Nanning,108.37,22.82,2014,7,2014-07,27.68,34.14,23.39,6.24,25.33,27.7,98.38,2.85,17.78,150.5,4.4,87.67,20.69,8.9,17.75,37.26,8.78,1.23,0.04,2.17,26.39,36.38,80.76,4.55,4.43,0.78,0.76,0.81,32.4,
Nanning,108.37,22.82,2014,8,2014-08,27.12,33.63,21.76,6.45,24.72,27.18,98.55,2.51,8.72,166.3,3.94,87.4,19.94,5.28,16.23,37.04,7.98,1.1,0.03,1.91,25.18,36.11,83.58,4.56,4.41,0.81,0.78,0.83,30.79,
Nanning,108.37,22.82,2014,9,2014-09,26.4,32.72,16.56,7.68,23.59,26.37,98.77,2.99,20.73,107.0,4.56,85.31,18.64,8.53,17.71,36.21,8.49,1.16,0.03,1.93,23.21,35.38,56.26,5.0,4.98,0.83,0.8,0.84,28.78,
Nanning,108.37,22.82,2014,10,2014-10,23.1,31.31,15.19,8.94,19.52,22.95,99.45,2.72,6.98,68.1,4.24,81.32,14.5,2.35,15.43,33.83,7.18,1.01,0.03,1.59,18.85,32.82,42.16,4.7,4.17,0.75,0.73,0.77,23.59,
Nanning,108.37,22.82,2014,11,2014-11,18.21,29.75,9.8,8.61,15.37,18.28,99.67,3.52,9.7,51.8,5.35,84.25,11.25,2.64,9.5,33.15,4.56,0.67,0.02,0.97,16.37,30.86,70.47,2.45,2.75,0.71,0.69,0.74,,
Nanning,108.37,22.82,2014,12,2014-12,11.39,22.84,2.39,10.74,5.59,11.36,100.23,3.98,10.21,33.7,5.86,70.11,5.84,1.11,9.97,28.44,4.55,0.62,0.01,0.83,14.91,26.14,56.93,1.05,1.93,0.64,0.63,0.65,,
Nanning,108.37,22.82,2015,1,2015-01,13.19,25.14,3.31,10.79,8.94,13.29,100.03,3.96,8.4,62.3,5.76,77.12,7.41,1.6,10.13,29.4,4.68,0.67,0.02,0.93,16.05,26.75,59.41,0.7,1.54,0.62,0.61,0.63,,
Nanning,108.37,22.82,2015,2,2015-02,16.86,32.66,2.55,11.15,12.24,17.53,99.69,3.81,10.73,132.8,5.46,76.63,9.59,0.93,9.68,32.37,4.62,0.67,0.02,1.06,17.57,29.16,77.56,0.63,1.76,0.59,0.58,0.58,,
Nanning,108.37,22.82,2015,3,2015-03,20.23,36.22,7.75,11.54,15.28,21.49,99.49,4.18,10.06,113.6,5.55,75.6,11.33,1.2,9.02,34.73,4.37,0.59,0.02,0.93,19.52,31.73,87.87,0.34,1.66,0.54,0.54,0.52,20.28,
Nanning,108.37,22.82,2015,4,2015-04,24.35,40.93,11.58,13.18,16.24,25.68,99.18,4.58,10.16,150.3,6.2,64.54,12.09,1.09,16.3,34.29,7.58,0.97,0.03,1.53,22.86,32.66,60.42,0.2,1.81,0.5,0.5,0.47,24.53,
Nanning,108.37,22.82,2015,5,2015-05,27.98,37.94,18.52,9.51,23.21,28.78,98.53,3.83,10.49,162.4,5.41,77.43,18.28,5.07,15.72,37.31,7.64,1.04,0.03,1.69,24.91,36.06,77.79,1.24,2.7,0.55,0.54,0.56,31.66,
Nanning,108.37,22.82,2015,6,2015-06,28.09,35.8,22.25,6.95,25.23,28.14,98.4,3.93,10.28,170.9,5.92,85.43,20.56,5.58,18.02,37.37,8.76,1.2,0.03,1.99,26.46,36.51,76.4,4.69,4.33,0.66,0.65,0.7,33.23,
Nanning,108.37,22.82,2015,7,2015-07,27.63,36.61,20.06,7.39,23.84,27.92,98.31,3.32,9.25,104.9,4.87,81.39,19.0,8.98,15.04,37.19,7.48,1.08,0.03,1.85,25.72,36.1,88.4,3.82,4.13,0.65,0.63,0.67,31.38,
Nanning,108.37,22.82,2015,8,2015-08,27.13,33.5,21.97,6.88,24.38,27.04,98.57,2.69,6.92,128.9,4.15,85.74,19.54,7.12,17.69,36.83,8.55,1.15,0.03,1.97,24.57,35.92,80.79,5.02,4.79,0.81,0.79,0.84,30.63,
Nanning,108.37,22.82,2015,9,2015-09,25.85,31.99,18.56,6.85,23.67,25.89,98.92,2.99,6.19,96.8,4.67,88.36,18.7,6.22,13.78,36.98,6.76,0.94,0.03,1.56,22.61,35.7,82.1,3.94,4.58,0.87,0.84,0.87,26.8,
Nanning,108.37,22.82,2015,10,2015-10,22.56,31.07,14.67,9.16,18.95,22.29,99.44,3.11,15.33,34.3,4.65,81.2,13.99,2.39,14.52,34.17,6.86,0.95,0.03,1.51,19.64,32.95,54.32,4.39,4.25,0.78,0.76,0.8,22.99,
Nanning,108.37,22.82,2015,11,2015-11,19.67,29.84,7.14,8.08,17.33,19.84,99.66,3.36,9.38,87.7,5.1,87.0,12.96,4.95,9.72,34.23,4.81,0.73,0.02,1.13,16.97,31.95,80.49,2.37,2.94,0.75,0.73,0.78,,
Nanning,108.37,22.82,2015,12,2015-12,12.69,25.93,3.96,8.52,10.06,12.81,100.12,3.8,8.42,35.4,5.62,84.92,7.99,3.82,6.86,31.33,3.39,0.52,0.01,0.74,14.84,27.94,87.3,0.86,2.13,0.8,0.77,0.82,,
Nanning,108.37,22.82,2016,1,2016-01,11.54,24.68,-1.2,8.67,9.11,11.79,100.0,3.76,10.16,43.1,5.26,85.61,7.62,3.95,6.97,30.95,3.48,0.54,0.01,0.77,16.0,27.52,86.42,0.57,1.95,0.81,0.78,0.82,,
Nanning,108.37,22.82,2016,2,2016-02,11.59,27.96,0.68,11.64,7.13,11.61,100.2,4.21,9.83,35.0,6.06,75.93,6.57,0.52,10.93,29.29,5.04,0.69,0.02,1.08,18.71,26.2,66.53,0.83,2.71,0.79,0.77,0.8,,
Nanning,108.37,22.82,2016,3,2016-03,17.88,30.6,4.81,10.66,14.25,18.44,99.54,3.92,10.78,113.4,5.57,80.7,10.65,1.25,9.8,33.38,4.6,0.59,0.02,0.95,19.15,30.26,85.78,1.27,2.55,0.68,0.67,0.7,,
Nanning,108.37,22.82,2016,4,2016-04,24.44,35.29,14.35,10.23,20.65,24.99,98.84,3.66,11.03,158.6,5.3,81.33,15.58,4.09,13.57,36.1,6.28,0.76,0.02,1.26,20.74,34.25,74.36,2.34,3.29,0.65,0.63,0.66,25.06,
Nanning,108.37,22.82,2016,5,2016-05,25.86,35.37,15.55,8.6,22.33,26.15,98.73,3.85,9.77,153.2,5.68,82.4,17.4,6.19,17.06,36.41,8.15,1.09,0.03,1.88,24.98,35.11,75.04,3.58,3.95,0.66,0.65,0.7,26.65,
Nanning,108.37,22.82,2016,6,2016-06,27.53,33.29,20.31,6.66,25.25,27.56,98.52,3.1,7.7,175.6,4.82,88.04,20.59,9.82,18.22,37.31,8.81,1.21,0.04,2.13,26.57,36.32,82.09,4.1,4.86,0.86,0.83,0.86,32.02,
Nanning,108.37,22.82,2016,7,2016-07,27.57,33.73,22.58,5.61,25.58,27.49,98.48,3.32,7.17,167.8,5.13,89.41,20.99,4.65,17.8,37.15,8.75,1.2,0.04,2.14,26.62,36.26,78.72,3.71,3.89,0.83,0.81,0.84,32.33,
Nanning,108.37,22.82,2016,8,2016-08,27.45,33.68,20.56,6.41,24.86,27.31,98.23,2.82,10.72,53.0,4.35,86.39,20.22,11.07,16.71,37.42,8.11,1.11,0.03,1.94,24.28,36.4,84.83,3.65,4.64,0.9,0.87,0.9,31.57,
Nanning,108.37,22.82,2016,9,2016-09,25.74,33.27,17.94,7.99,22.67,25.61,98.78,2.83,7.09,32.2,4.46,84.04,17.64,3.42,16.95,36.15,8.07,1.09,0.03,1.83,22.79,35.15,68.26,4.83,5.14,0.87,0.84,0.86,26.56,
Nanning,108.37,22.82,2016,10,2016-10,23.72,31.59,12.98,9.22,20.09,23.71,99.13,3.64,10.57,42.2,5.55,81.23,15.08,3.9,16.0,34.85,7.52,1.02,0.03,1.66,20.14,33.77,51.87,5.0,4.27,0.7,0.68,0.73,24.27,
Nanning,108.37,22.82,2016,11,2016-11,18.05,29.55,5.6,9.84,14.53,18.26,99.72,3.95,10.33,51.9,5.86,81.01,11.16,1.76,10.65,32.71,5.11,0.73,0.02,1.18,17.24,30.6,63.59,2.69,2.88,0.66,0.65,0.68,,
Nanning,108.37,22.82,2016,12,2016-12,15.54,28.12,4.47,12.1,9.75,15.77,99.93,3.97,10.04,50.6,5.95,71.1,8.01,0.3,11.53,30.1,5.23,0.69,0.02,1.01,15.51,28.05,56.43,0.88,1.7,0.58,0.58,0.57,,
Nanning,108.37,22.82,2017,1,2017-01,15.11,28.16,5.05,10.76,10.75,15.6,99.91,3.55,8.8,56.1,5.12,77.02,8.32,2.54,9.79,31.47,4.68,0.69,0.02,1.12,16.44,28.54,73.09,0.65,1.59,0.6,0.59,0.6,,
Nanning,108.37,22.82,2017,2,2017-02,15.63,30.91,3.84,12.58,9.52,16.58,99.92,4.2,9.98,77.8,5.93,69.74,7.9,0.52,10.87,31.75,5.16,0.75,0.02,1.21,19.06,28.14,74.38,0.48,1.67,0.57,0.56,0.55,,
Nanning,108.37,22.82,2017,3,2017-03,19.82,35.11,10.09,11.32,14.98,20.84,99.4,4.44,10.57,108.8,6.04,76.06,11.12,4.41,8.83,34.7,4.41,0.64,0.02,1.07,20.69,31.42,88.25,0.69,2.08,0.57,0.56,0.57,,
Nanning,108.37,22.82,2017,4,2017-04,23.24,37.99,9.56,11.79,17.5,24.14,99.09,4.31,10.81,154.1,6.03,72.59,13.0,1.12,13.86,35.24,6.63,0.87,0.02,1.43,23.41,32.92,77.97,1.47,2.83,0.58,0.58,0.57,23.51,
Nanning,108.37,22.82,2017,5,2017-05,25.64,37.25,16.71,10.05,20.88,26.08,98.91,3.27,7.93,120.8,4.74,76.99,15.86,7.54,17.06,36.19,8.21,1.12,0.03,1.87,25.28,34.64,77.99,4.16,4.52,0.65,0.63,0.68,26.27,
Nanning,108.37,22.82,2017,6,2017-06,27.33,35.71,21.24,6.64,24.91,27.41,98.42,3.16,6.78,160.9,4.87,87.45,20.21,6.88,14.94,37.48,7.43,1.04,0.03,1.8,26.05,36.38,94.34,3.62,3.75,0.7,0.68,0.74,31.37,
Nanning,108.37,22.82,2017,7,2017-07,27.46,33.9,23.62,5.79,25.2,27.36,98.5,2.86,6.52,151.6,4.41,88.05,20.5,10.26,16.29,37.26,8.09,1.16,0.03,2.04,26.14,36.21,89.4,3.46,4.43,0.9,0.87,0.89,31.82,
Nanning,108.37,22.82,2017,8,2017-08,27.34,34.2,23.07,5.65,25.43,27.21,98.45,2.85,9.11,168.1,4.45,89.76,20.82,9.72,16.97,37.13,8.36,1.17,0.04,2.12,25.47,36.21,84.73,2.9,3.93,0.93,0.89,0.9,31.69,
Nanning,108.37,22.82,2017,9,2017-09,27.21,32.93,21.63,6.77,24.92,27.22,98.82,2.54,7.17,132.5,4.04,87.87,20.11,3.81,17.19,37.02,8.41,1.19,0.03,2.05,23.25,36.05,77.35,4.05,4.78,0.91,0.88,0.89,31.09,
Nanning,108.37,22.82,2017,10,2017-10,22.06,30.93,10.66,8.02,19.11,21.95,99.41,3.59,10.64,37.1,5.48,84.13,14.43,4.95,14.98,34.19,7.19,1.02,0.03,1.61,20.03,32.77,66.15,3.35,4.26,0.86,0.83,0.86,22.52,
Nanning,108.37,22.82,2017,11,2017-11,17.81,29.64,7.64,8.8,14.64,17.79,99.72,3.58,8.22,35.6,5.34,82.67,10.94,2.0,8.51,33.05,4.23,0.64,0.02,1.0,16.47,30.65,81.39,2.4,2.98,0.75,0.73,0.77,,
Nanning,108.37,22.82,2017,12,2017-12,12.5,21.31,0.95,9.92,7.63,12.42,100.14,3.74,10.16,33.2,5.73,74.63,6.78,1.53,9.31,29.55,4.3,0.6,0.01,0.87,14.76,26.9,70.05,1.28,2.12,0.69,0.68,0.72,,
Nanning,108.37,22.82,2018,1,2018-01,12.64,25.54,0.75,10.16,8.76,12.96,99.77,3.99,10.63,61.6,5.66,78.89,7.68,1.53,8.0,31.52,3.95,0.62,0.02,0.95,16.56,27.74,86.5,0.86,1.9,0.68,0.66,0.71,,
Nanning,108.37,22.82,2018,2,2018-02,13.88,29.36,-0.53,11.9,8.25,14.63,99.86,4.0,9.05,72.0,5.82,71.48,7.63,0.41,9.32,31.48,4.51,0.69,0.02,1.09,18.54,27.58,86.58,0.61,1.8,0.61,0.6,0.6,,
Nanning,108.37,22.82,2018,3,2018-03,20.5,34.11,6.23,12.79,14.94,21.43,99.39,4.08,10.46,153.4,5.78,73.38,11.17,2.4,13.48,33.33,6.33,0.86,0.02,1.36,21.46,30.71,68.06,0.84,2.32,0.58,0.57,0.57,20.52,
Nanning,108.37,22.82,2018,4,2018-04,23.36,35.32,10.18,11.71,16.91,24.41,99.18,4.36,12.18,148.7,5.97,70.12,12.67,2.25,13.9,34.67,6.68,0.89,0.02,1.42,23.56,32.62,74.98,0.8,2.44,0.55,0.55,0.53,23.58,
Nanning,108.37,22.82,2018,5,2018-05,26.97,34.96,20.92,8.59,23.21,27.28,98.79,3.74,7.94,171.4,5.55,81.52,18.15,5.82,18.2,36.73,8.88,1.22,0.03,1.98,26.19,35.41,74.41,3.62,3.98,0.63,0.62,0.66,29.82,
Nanning,108.37,22.82,2018,6,2018-06,27.72,34.17,21.76,7.12,24.59,27.91,98.33,3.26,6.73,145.9,4.87,84.06,19.82,8.29,16.2,37.56,7.98,1.1,0.03,1.87,25.97,36.34,87.8,5.5,4.94,0.67,0.66,0.72,31.98,
Nanning,108.37,22.82,2018,7,2018-07,27.67,34.35,23.47,6.08,25.26,27.64,98.18,3.17,7.16,123.0,4.85,87.45,20.66,10.27,15.66,37.46,7.81,1.12,0.03,1.9,26.35,36.32,90.1,4.98,4.72,0.76,0.74,0.8,32.34,
Nanning,108.37,22.82,2018,8,2018-08,27.63,33.75,23.59,6.42,25.14,27.52,98.15,2.52,7.18,53.4,3.99,86.94,20.51,7.31,16.19,37.35,7.94,1.1,0.03,1.91,24.66,36.35,90.24,3.74,4.33,0.88,0.85,0.88,32.15,
Nanning,108.37,22.82,2018,9,2018-09,25.91,32.74,18.35,7.6,23.07,25.86,98.83,3.29,18.2,76.8,5.02,85.13,18.09,5.17,16.4,36.21,7.95,1.09,0.03,1.81,23.03,35.0,70.09,4.68,5.2,0.88,0.86,0.87,26.78,
Nanning,108.37,22.82,2018,10,2018-10,21.05,29.05,13.56,8.95,17.52,20.93,99.57,3.2,7.83,41.1,4.99,81.74,12.78,2.8,13.1,33.7,6.31,0.91,0.03,1.51,19.93,31.99,66.37,3.91,3.95,0.76,0.74,0.78,21.34,
Nanning,108.37,22.82,2018,11,2018-11,18.66,28.61,8.96,10.6,14.94,18.67,99.69,3.13,8.1,55.4,4.65,80.36,10.95,1.06,11.4,32.53,5.38,0.77,0.02,1.22,17.28,30.67,59.97,2.85,2.84,0.66,0.65,0.69,,
Nanning,108.37,22.82,2018,12,2018-12,13.91,29.1,-0.81,9.49,9.93,14.33,100.01,4.53,9.01,42.0,6.29,78.09,8.41,1.25,6.75,31.68,3.35,0.52,0.01,0.84,15.37,28.6,82.05,0.9,1.74,0.61,0.6,0.61,,
Nanning,108.37,22.82,2019,1,2019-01,12.33,25.81,0.85,9.76,8.87,12.78,100.11,3.86,8.08,43.8,5.37,80.61,7.37,1.46,6.88,31.53,3.44,0.55,0.01,0.9,16.18,27.97,85.62,0.46,1.33,0.61,0.6,0.62,,
Nanning,108.37,22.82,2019,2,2019-02,17.03,31.71,5.45,10.8,13.21,17.94,99.6,3.9,9.63,87.4,5.36,79.75,9.94,2.41,8.53,34.25,4.3,0.68,0.02,1.2,18.67,30.55,85.99,0.59,1.69,0.59,0.58,0.59,,
Nanning,108.37,22.82,2019,3,2019-03,19.45,32.21,9.97,10.41,15.94,20.1,99.35,3.95,8.7,83.6,5.52,81.49,11.75,3.8,9.18,34.71,4.41,0.58,0.02,0.98,18.79,31.71,84.25,1.45,2.67,0.66,0.64,0.69,,
Nanning,108.37,22.82,2019,4,2019-04,24.73,35.76,13.6,10.12,21.06,25.25,98.91,3.82,8.63,156.4,5.44,81.59,16.12,3.24,13.83,36.6,6.52,0.84,0.02,1.4,21.88,34.44,74.61,2.76,3.54,0.65,0.64,0.67,25.39,
Nanning,108.37,22.82,2019,5,2019-05,25.98,36.47,17.62,8.94,21.87,26.63,98.71,3.59,8.56,111.2,5.05,79.69,16.93,4.92,13.28,37.11,6.45,0.87,0.03,1.47,23.48,35.41,80.9,2.51,3.37,0.61,0.6,0.62,26.71,
Nanning,108.37,22.82,2019,6,2019-06,27.86,33.3,20.95,6.03,25.75,27.85,98.32,3.37,8.0,166.1,5.12,88.81,21.29,9.41,16.11,37.82,7.91,1.1,0.03,1.91,26.04,36.7,91.62,3.7,4.01,0.77,0.74,0.81,33.11,
Nanning,108.37,22.82,2019,7,2019-07,27.66,33.3,22.15,5.58,25.85,27.55,98.28,3.16,8.68,151.8,4.98,90.23,21.4,8.66,16.68,37.6,8.27,1.15,0.03,2.05,26.11,36.63,90.32,2.9,4.14,0.91,0.88,0.9,32.72,
Nanning,108.37,22.82,2019,8,2019-08,28.14,34.11,22.84,6.56,25.6,27.98,98.26,2.68,14.0,69.1,4.14,86.75,21.07,8.47,17.21,37.43,8.39,1.15,0.03,2.01,24.89,36.43,83.19,3.85,4.61,0.92,0.89,0.9,33.6,
Nanning,108.37,22.82,2019,9,2019-09,25.98,33.41,16.13,9.03,22.03,25.68,99.02,2.97,7.08,38.3,4.61,80.21,17.14,2.23,19.39,35.07,9.1,1.22,0.03,2.06,23.2,34.21,53.54,5.73,5.51,0.84,0.82,0.84,26.73,
Nanning,108.37,22.82,2019,10,2019-10,22.76,31.37,11.46,9.18,19.24,22.89,99.47,3.07,7.0,63.0,4.68,81.94,14.36,1.99,14.18,34.65,6.82,0.99,0.03,1.58,19.79,32.98,64.42,4.12,3.62,0.66,0.65,0.68,23.23,
Nanning,108.37,22.82,2019,11,2019-11,18.73,29.25,8.97,11.82,13.05,19.07,99.75,3.7,9.91,47.6,5.53,71.84,9.74,0.64,11.96,32.08,5.62,0.78,0.02,1.16,16.9,29.88,57.74,1.37,2.12,0.57,0.57,0.55,,
Nanning,108.37,22.82,2019,12,2019-12,14.94,28.79,3.27,12.86,7.49,15.22,100.02,3.82,9.35,39.5,5.6,64.98,7.03,0.15,11.1,29.69,5.09,0.72,0.02,1.01,15.85,27.24,54.9,0.16,1.03,0.51,0.51,0.48,,
Nanning,108.37,22.82,2020,1,2020-01,15.64,29.36,2.5,11.62,10.22,16.35,99.82,4.26,9.05,89.6,6.01,72.66,8.38,1.79,8.48,32.15,4.05,0.6,0.01,0.86,16.09,28.49,78.63,0.06,0.94,0.5,0.5,0.48,,
Nanning,108.37,22.82,2020,2,2020-02,16.77,30.28,4.51,11.34,12.18,17.42,99.92,4.05,11.36,112.3,5.89,76.78,9.37,2.29,9.33,32.78,4.51,0.64,0.02,1.01,18.13,29.31,79.74,0.48,1.66,0.58,0.57,0.57,,
Nanning,108.37,22.82,2020,3,2020-03,20.49,32.85,10.12,10.65,16.53,21.12,99.3,4.33,10.02,115.1,6.05,79.82,12.21,5.13,8.85,35.41,4.3,0.57,0.01,0.89,18.89,32.26,88.24,1.09,2.48,0.62,0.61,0.64,20.68,
Nanning,108.37,22.82,2020,4,2020-04,19.78,31.54,10.84,9.35,16.08,20.12,99.51,3.8,9.47,70.2,5.43,80.76,11.84,4.21,11.96,34.49,5.67,0.73,0.02,1.17,21.96,31.9,86.16,2.26,3.2,0.7,0.68,0.74,,
Nanning,108.37,22.82,2020,5,2020-05,26.79,34.77,19.36,8.53,23.47,26.99,98.64,3.5,8.19,173.2,5.22,83.24,18.52,5.47,18.86,36.93,9.09,1.21,0.03,2.02,25.66,35.75,72.36,4.38,4.34,0.68,0.66,0.71,29.55,
Nanning,108.37,22.82,2020,6,2020-06,27.96,33.36,24.49,5.76,25.88,27.84,98.38,4.1,8.17,174.0,6.23,88.95,21.37,7.29,16.82,37.69,8.27,1.13,0.03,1.95,26.39,36.58,89.04,3.93,4.2,0.78,0.75,0.81,33.44,
Nanning,108.37,22.82,2020,7,2020-07,28.43,35.93,23.43,7.11,25.51,28.42,98.46,3.59,7.42,177.5,5.5,85.22,20.89,2.69,19.86,37.33,9.67,1.33,0.04,2.4,26.75,36.48,83.43,5.59,4.72,0.7,0.69,0.72,34.18,
Nanning,108.37,22.82,2020,8,2020-08,27.39,33.71,23.06,6.73,24.88,27.4,98.46,3.18,8.22,146.3,4.83,86.96,20.13,8.18,17.04,37.04,8.35,1.16,0.03,2.08,25.43,36.04,79.59,5.29,4.87,0.75,0.73,0.79,31.48,
Nanning,108.37,22.82,2020,9,2020-09,26.37,33.58,18.16,7.86,23.8,26.5,98.82,2.95,8.86,112.6,4.49,86.56,18.88,5.82,15.25,37.04,7.55,1.07,0.03,1.85,22.99,35.85,81.58,5.25,4.7,0.73,0.71,0.77,28.79,
Nanning,108.37,22.82,2020,10,2020-10,20.61,30.83,12.29,8.15,17.82,20.63,99.45,4.59,10.91,31.7,6.78,84.8,13.17,7.42,12.92,34.27,6.27,0.92,0.03,1.5,19.99,32.28,78.99,3.36,4.14,0.81,0.79,0.83,20.94,
Nanning,108.37,22.82,2020,11,2020-11,18.28,28.58,6.62,10.15,14.65,18.31,99.83,3.97,7.25,35.7,6.03,80.46,10.85,0.25,12.05,32.5,5.61,0.75,0.02,1.11,17.0,30.33,60.26,3.0,3.11,0.7,0.69,0.72,,
Nanning,108.37,22.82,2020,12,2020-12,12.04,25.64,1.2,11.17,6.58,12.45,100.11,4.49,10.85,31.4,6.45,71.49,6.46,0.17,9.85,29.38,4.46,0.59,0.01,0.83,14.91,26.69,60.2,0.7,1.51,0.59,0.59,0.58,,
Nanning,108.37,22.82,2021,1,2021-01,12.56,26.52,0.57,12.78,5.26,13.05,100.02,3.81,10.57,46.5,5.52,64.25,6.0,0.09,10.13,29.57,4.67,0.65,0.02,0.91,15.84,26.23,62.6,0.17,1.06,0.53,0.53,0.5,,
Nanning,108.37,22.82,2021,2,2021-02,18.34,29.41,7.94,12.42,12.56,19.26,99.6,3.51,8.73,111.2,5.05,71.99,9.29,2.5,13.47,31.72,6.26,0.87,0.02,1.25,18.8,29.37,53.39,0.39,1.57,0.55,0.54,0.53,,
Nanning,108.37,22.82,2021,3,2021-03,21.65,37.7,10.38,12.08,16.17,22.85,99.33,4.56,10.55,144.0,6.11,73.51,12.0,0.84,9.44,35.65,4.47,0.57,0.02,0.93,19.04,32.15,88.08,0.25,1.6,0.53,0.53,0.5,21.79,
Nanning,108.37,22.82,2021,4,2021-04,24.22,37.26,14.78,10.53,19.08,25.3,99.17,4.06,8.83,115.7,5.46,75.16,14.16,4.7,10.47,36.44,5.14,0.69,0.02,1.11,22.25,33.99,87.15,0.93,2.51,0.55,0.54,0.55,24.66,
Nanning,108.37,22.82,2021,5,2021-05,27.35,35.26,19.38,9.1,23.71,27.82,98.68,3.98,9.02,174.9,5.73,81.99,18.77,4.22,17.14,37.04,8.41,1.18,0.03,1.99,26.31,35.71,77.75,3.3,3.87,0.61,0.6,0.63,30.76,
Nanning,108.37,22.82,2021,6,2021-06,28.05,35.16,19.21,7.67,24.58,28.12,98.37,3.43,8.03,150.0,5.12,82.75,19.94,7.49,17.51,37.36,8.61,1.2,0.03,2.04,26.4,36.38,84.56,5.26,4.8,0.65,0.63,0.69,32.66,
Nanning,108.37,22.82,2021,7,2021-07,28.67,36.19,23.34,8.1,25.04,28.94,98.34,2.97,7.27,157.3,4.58,82.16,20.35,6.49,20.31,37.25,9.89,1.36,0.04,2.38,26.33,36.43,81.29,6.27,5.2,0.65,0.64,0.69,34.27,
Nanning,108.37,22.82,2021,8,2021-08,28.04,33.74,23.33,6.95,25.39,28.13,98.52,3.09,7.04,159.2,4.79,86.3,20.74,5.37,18.1,37.36,8.88,1.22,0.04,2.15,25.38,36.41,85.33,6.22,5.14,0.71,0.69,0.75,33.23,
Nanning,108.37,22.82,2021,9,2021-09,27.44,34.33,22.32,7.72,24.11,27.57,98.93,2.16,5.04,132.3,3.39,83.21,19.11,4.69,18.36,36.63,8.89,1.24,0.03,2.06,23.64,35.71,69.13,5.15,4.27,0.65,0.64,0.69,31.14,
Nanning,108.37,22.82,2021,10,2021-10,21.78,34.41,12.64,9.33,17.42,21.97,99.4,5.11,12.95,35.0,7.31,77.69,12.93,4.01,12.78,34.18,6.31,0.96,0.03,1.52,20.27,32.61,69.18,3.1,3.61,0.63,0.62,0.64,22.04,
Nanning,108.37,22.82,2021,11,2021-11,17.93,29.94,8.14,10.32,12.3,18.18,99.75,3.93,10.38,34.9,5.98,72.29,9.57,1.03,11.76,31.83,5.68,0.84,0.02,1.24,17.65,29.57,65.45,1.61,2.35,0.6,0.59,0.59,,
Nanning,108.37,22.82,2021,12,2021-12,14.23,26.63,1.8,12.56,7.17,14.55,100.14,3.81,9.22,34.2,5.61,65.77,6.59,0.25,11.81,28.78,5.43,0.75,0.02,1.03,15.59,26.81,47.44,0.27,1.18,0.53,0.53,0.5,,
Nanning,108.37,22.82,2022,1,2022-01,14.11,27.65,2.85,11.0,9.66,14.8,99.82,3.89,7.75,50.6,5.44,76.36,7.79,2.1,6.71,31.85,3.41,0.56,0.01,0.82,16.16,28.02,86.57,0.12,1.04,0.52,0.52,0.52,,
Nanning,108.37,22.82,2022,2,2022-02,11.07,27.43,1.27,10.46,7.35,11.88,99.94,4.56,10.14,37.9,6.08,79.18,6.71,5.51,7.87,30.66,3.92,0.64,0.02,1.01,19.26,27.01,85.79,0.41,1.69,0.64,0.62,0.66,,
Nanning,108.37,22.82,2022,3,2022-03,20.76,31.94,9.48,10.9,17.35,21.35,99.2,4.09,10.2,146.5,5.77,82.23,12.79,2.71,11.82,34.44,5.75,0.82,0.02,1.33,21.27,31.78,77.61,1.98,3.14,0.67,0.66,0.71,21.04,
Nanning,108.37,22.82,2022,4,2022-04,22.49,35.59,8.72,11.53,16.96,23.08,99.24,4.16,10.53,116.1,5.84,73.58,12.69,2.76,15.91,33.96,7.45,0.97,0.03,1.54,23.63,32.32,60.08,2.3,3.44,0.61,0.61,0.62,22.72,
Nanning,108.37,22.82,2022,5,2022-05,23.86,31.85,14.22,8.29,20.57,24.09,98.85,3.57,9.27,99.3,5.19,83.2,15.82,10.36,13.28,35.8,6.57,0.92,0.03,1.51,25.5,34.18,91.52,3.23,4.14,0.73,0.71,0.77,24.47,
Nanning,108.37,22.82,2022,6,2022-06,27.1,32.72,21.88,5.65,25.21,27.04,98.35,3.4,6.94,173.5,5.18,89.83,20.56,7.15,14.68,37.38,7.36,1.05,0.03,1.72,25.66,36.38,93.26,2.95,3.97,0.88,0.85,0.87,31.0,
Nanning,108.37,22.82,2022,7,2022-07,27.8,33.33,22.28,7.0,25.31,27.83,98.45,3.1,8.45,165.5,4.87,87.1,20.67,4.96,19.97,37.13,9.7,1.34,0.04,2.36,26.82,36.25,67.68,5.51,5.58,0.86,0.83,0.86,32.66,
Nanning,108.37,22.82,2022,8,2022-08,27.71,34.11,23.6,6.94,24.94,27.79,98.53,3.0,14.43,137.1,4.58,85.7,20.17,5.3,17.0,37.46,8.38,1.17,0.03,2.07,25.59,36.45,79.07,6.11,5.17,0.73,0.71,0.77,32.19,
Nanning,108.37,22.82,2022,9,2022-09,27.45,35.93,21.4,9.47,22.27,27.7,98.9,2.68,6.63,57.8,4.16,75.39,17.13,2.59,17.93,36.55,8.57,1.15,0.03,1.93,22.8,35.47,70.23,5.08,4.65,0.63,0.62,0.63,30.23,
Nanning,108.37,22.82,2022,10,2022-10,23.38,34.08,13.11,12.27,15.11,23.82,99.53,4.14,10.22,37.8,6.24,63.87,11.38,1.44,17.63,32.97,8.26,1.16,0.03,1.84,20.8,31.92,46.85,1.57,2.68,0.55,0.55,0.52,23.44,
Nanning,108.37,22.82,2022,11,2022-11,22.37,32.87,8.16,11.54,16.52,23.06,99.42,3.6,9.31,78.9,5.28,72.67,12.17,2.37,11.05,34.06,5.42,0.85,0.02,1.32,17.37,32.27,67.35,0.32,1.46,0.51,0.51,0.48,22.56,
Nanning,108.37,22.82,2022,12,2022-12,11.97,23.17,2.34,11.98,4.0,12.41,100.12,4.32,11.91,34.8,6.27,61.56,5.22,0.29,11.43,28.55,5.27,0.75,0.02,1.08,15.85,25.91,56.9,0.19,1.15,0.53,0.53,0.5,,
Nanning,108.37,22.82,2023,1,2023-01,13.12,29.37,1.41,12.44,6.0,13.65,100.03,4.31,11.2,39.0,6.25,65.48,6.35,1.02,10.32,29.64,4.85,0.71,0.02,1.05,16.61,26.6,66.25,0.1,1.02,0.52,0.51,0.5,,
Nanning,108.37,22.82,2023,2,2023-02,17.01,32.35,6.61,11.86,11.7,17.85,99.75,4.26,10.66,82.3,5.98,73.52,9.04,2.04,10.17,32.43,4.9,0.73,0.02,1.16,18.63,29.38,75.21,0.28,1.43,0.55,0.54,0.54,,
Nanning,108.37,22.82,2023,3,2023-03,20.99,37.82,10.93,12.02,14.49,22.03,99.47,4.02,10.98,121.0,5.56,69.55,10.66,1.2,11.78,33.93,5.54,0.72,0.02,1.18,19.46,31.32,76.75,0.1,1.42,0.51,0.51,0.49,20.96,
Nanning,108.37,22.82,2023,4,2023-04,24.9,37.63,14.1,11.94,18.51,25.93,98.93,4.69,9.96,139.6,6.33,70.79,13.89,3.54,11.49,36.22,5.43,0.65,0.02,1.01,20.45,33.91,77.27,0.3,2.1,0.52,0.51,0.5,25.29,
Nanning,108.37,22.82,2023,5,2023-05,27.41,41.03,17.53,11.6,21.47,28.32,98.74,4.22,9.89,146.7,5.89,73.07,16.46,3.07,16.2,37.03,7.88,1.05,0.03,1.74,25.37,35.7,67.88,2.13,3.58,0.57,0.56,0.55,29.89,
Nanning,108.37,22.82,2023,6,2023-06,28.56,40.56,22.23,8.08,24.39,29.04,98.45,3.47,7.4,142.6,5.09,80.6,19.61,10.21,15.56,37.76,7.71,1.08,0.03,1.81,26.24,36.69,84.14,2.72,3.86,0.63,0.62,0.65,33.66,
Nanning,108.37,22.82,2023,7,2023-07,28.63,34.58,24.24,7.19,25.56,28.67,98.43,3.89,18.56,150.5,5.76,84.5,20.98,4.8,19.12,37.77,9.33,1.29,0.04,2.26,26.53,36.88,79.48,7.1,5.61,0.71,0.69,0.74,34.63,
Nanning,108.37,22.82,2023,8,2023-08,27.72,33.6,20.75,6.66,25.23,27.86,98.37,2.59,6.29,119.8,4.03,87.02,20.62,8.58,14.93,37.79,7.48,1.07,0.03,1.89,25.19,36.75,91.02,5.39,5.15,0.77,0.75,0.81,32.42,
Nanning,108.37,22.82,2023,9,2023-09,26.51,32.7,20.02,7.32,23.89,26.47,98.78,3.54,9.33,49.4,5.3,86.2,18.93,6.36,14.24,37.13,7.1,1.02,0.03,1.7,23.35,35.97,78.49,5.14,5.19,0.79,0.77,0.82,29.11,
Nanning,108.37,22.82,2023,10,2023-10,23.24,32.4,15.76,8.55,19.65,23.31,99.47,3.33,11.09,46.2,5.01,81.4,14.64,3.34,14.07,34.95,6.79,0.98,0.03,1.56,20.09,33.57,67.01,4.39,4.08,0.68,0.67,0.71,23.74,
Nanning,108.37,22.82,2023,11,2023-11,19.46,30.29,8.3,10.69,15.17,19.49,99.82,3.24,10.22,62.3,4.88,78.23,11.32,1.13,12.44,32.2,5.89,0.83,0.02,1.2,17.38,30.61,53.13,2.44,2.78,0.65,0.63,0.65,,
Nanning,108.37,22.82,2023,12,2023-12,14.76,30.13,0.29,11.7,9.16,15.06,100.07,4.04,10.95,51.4,5.86,71.73,8.14,0.69,10.39,30.34,4.94,0.72,0.02,0.96,15.74,28.25,62.98,0.6,1.54,0.57,0.57,0.56,,
Nanning,108.37,22.82,2024,1,2024-01,14.25,26.21,-0.86,9.42,10.72,14.71,100.03,3.93,10.37,71.7,5.62,80.57,8.63,3.17,6.64,31.87,3.37,0.54,0.01,0.77,16.31,28.3,85.27,0.45,1.47,0.6,0.59,0.61,,
Nanning,108.37,22.82,2024,2,2024-02,15.21,33.78,4.28,11.29,10.58,15.91,99.81,4.94,10.39,77.7,6.62,75.96,8.66,1.2,8.96,31.94,4.4,0.67,0.02,1.06,18.78,28.94,77.52,0.64,1.83,0.6,0.59,0.6,,
Nanning,108.37,22.82,2024,3,2024-03,20.28,35.39,5.04,11.93,15.18,21.09,99.42,4.51,11.13,119.0,6.29,74.95,11.4,2.0,11.09,34.22,5.33,0.72,0.02,1.13,20.41,31.41,82.24,0.94,2.29,0.59,0.58,0.59,20.32,
Nanning,108.37,22.82,2024,4,2024-04,26.52,38.42,16.9,11.63,21.38,27.29,98.68,4.14,9.26,150.9,5.83,76.21,16.37,4.22,13.94,36.83,6.57,0.8,0.02,1.2,21.17,35.23,69.51,1.76,3.08,0.58,0.57,0.58,28.46,
Nanning,108.37,22.82,2024,5,2024-05,25.51,34.22,17.75,8.14,22.57,25.76,98.86,3.3,7.45,105.6,4.83,84.81,17.53,17.54,12.73,36.86,6.32,0.86,0.02,1.37,24.5,35.25,91.48,3.68,4.99,0.79,0.76,0.83,26.33,
Nanning,108.37,22.82,2024,6,2024-06,27.39,31.84,21.81,5.39,25.81,27.36,98.49,3.43,6.75,146.1,5.24,91.34,21.31,15.21,12.31,37.83,6.28,0.9,0.03,1.55,26.13,36.7,96.13,2.17,4.53,0.97,0.94,0.94,32.05,
Nanning,108.37,22.82,2024,7,2024-07,27.91,34.74,24.24,6.08,25.87,27.88,98.38,3.46,7.52,146.6,5.26,89.23,21.38,8.76,16.13,37.72,8.03,1.13,0.03,1.98,26.49,36.71,83.65,3.9,5.66,0.94,0.91,0.91,33.33,
Nanning,108.37,22.82,2024,8,2024-08,28.03,34.05,23.77,6.57,25.64,28.03,98.55,2.47,6.7,163.6,3.88,87.52,21.05,10.8,16.54,37.67,8.17,1.13,0.03,1.99,25.24,36.72,81.3,4.15,5.31,0.95,0.92,0.92,33.41,
Nanning,108.37,22.82,2024,9,2024-09,26.8,33.35,18.35,7.04,24.26,26.63,98.65,3.33,13.89,49.4,5.06,86.54,19.44,6.32,15.41,37.12,7.59,1.04,0.03,1.78,23.04,36.0,80.38,3.92,5.13,0.93,0.9,0.9,29.86,
Nanning,108.37,22.82,2024,10,2024-10,22.14,30.52,13.29,10.22,18.06,22.02,99.4,3.77,8.75,31.7,5.83,79.13,13.35,1.15,16.87,33.47,8.0,1.13,0.03,1.76,20.61,32.34,52.0,5.08,4.74,0.74,0.72,0.76,22.48,
Nanning,108.37,22.82,2024,11,2024-11,19.96,31.78,8.68,12.54,13.34,20.21,99.74,3.59,8.51,37.7,5.59,68.46,9.99,0.28,15.13,31.56,6.89,0.85,0.02,1.22,17.33,30.33,38.56,1.83,2.39,0.57,0.57,0.55,,
Nanning,108.37,22.82,2024,12,2024-12,14.22,27.49,4.5,12.18,5.6,14.7,100.06,4.12,9.27,39.2,6.06,59.18,6.02,0.13,10.43,29.5,4.63,0.57,0.01,0.75,15.19,26.95,57.31,0.15,0.97,0.5,0.5,0.47,,
Nanning,108.37,22.82,2025,1,2025-01,14.98,27.55,3.11,14.0,4.23,15.71,99.99,3.93,12.33,57.7,5.72,52.51,5.57,0.14,12.34,28.68,5.54,0.76,0.02,1.02,16.33,26.4,44.13,0.02,0.39,0.47,0.47,0.33,,
Nanning,108.37,22.82,2025,2,2025-02,14.89,30.2,3.43,11.68,8.37,16.16,99.96,4.33,10.04,52.3,5.7,67.64,7.22,1.18,6.48,32.52,3.29,0.51,0.01,0.82,18.57,28.15,93.57,0.01,0.75,0.48,0.48,0.43,,
Nanning,108.37,22.82,2025,3,2025-03,19.82,37.43,7.65,14.19,10.93,21.37,99.54,4.98,11.35,71.0,6.59,60.68,8.83,0.73,12.69,33.15,5.95,0.81,0.02,1.23,20.82,30.23,68.49,0.01,1.11,0.48,0.48,0.42,,
Nanning,108.37,22.82,2025,4,2025-04,26.21,39.88,11.23,14.11,15.36,27.96,99.06,4.2,15.08,156.3,5.52,55.9,11.7,1.78,15.41,35.59,7.22,0.93,0.02,1.44,22.95,33.53,79.58,0.01,0.83,0.47,0.47,0.33,26.35,
Nanning,108.37,22.82,2025,5,2025-05,26.04,37.35,15.11,9.83,21.52,26.67,98.85,3.6,12.54,144.2,5.17,78.59,16.59,9.5,14.6,36.63,7.18,1.02,0.03,1.64,25.96,35.05,87.31,2.66,4.05,0.65,0.63,0.68,26.75,
Nanning,108.37,22.82,2025,6,2025-06,27.26,34.29,20.59,6.68,24.89,27.25,98.46,3.47,7.17,148.8,5.29,87.56,20.17,13.7,15.71,37.5,7.86,1.09,0.03,1.88,26.39,36.45,90.7,4.04,4.99,0.83,0.8,0.85,31.19,
Nanning,108.37,22.82,2025,7,2025-07,28.31,33.86,23.59,6.89,25.4,28.27,98.14,2.49,10.24,84.8,3.82,85.01,20.83,8.04,17.07,37.74,8.45,1.17,0.03,2.03,26.16,36.86,83.79,4.82,5.6,0.93,0.9,0.91,33.79,
Nanning,108.37,22.82,2025,8,2025-08,27.19,33.14,22.93,6.22,24.98,27.13,98.62,3.03,7.78,133.0,4.66,88.32,20.24,8.28,15.49,37.22,7.66,1.06,0.03,1.86,25.29,36.16,86.18,3.87,5.04,0.93,0.9,0.91,31.09,
Nanning,108.37,22.82,2025,9,2025-09,26.63,32.66,20.89,6.81,24.21,26.58,98.85,3.07,13.61,89.6,4.73,87.16,19.27,7.9,16.3,36.87,7.99,1.09,0.03,1.84,23.4,35.83,74.49,4.24,4.85,0.88,0.85,0.88,29.48,
Nanning,108.37,22.82,2025,10,2025-10,22.95,31.34,10.98,7.83,20.15,22.85,99.42,3.73,14.36,50.5,5.56,84.8,15.4,4.72,14.26,34.81,6.95,0.99,0.03,1.54,20.26,33.51,63.2,3.41,4.59,0.9,0.88,0.88,23.51,
Nanning,108.37,22.82,2025,11,2025-11,16.56,29.05,5.63,9.91,12.43,16.23,99.89,3.89,9.64,25.2,5.98,78.17,9.5,1.58,12.38,30.6,5.88,0.87,0.02,1.31,17.93,29.05,60.59,2.28,3.28,0.8,0.77,0.81,,
Nanning,108.37,22.82,2025,12,2025-12,15.74,25.33,4.07,10.39,11.89,15.61,99.83,3.09,10.81,50.7,4.73,79.3,9.01,1.09,10.16,31.39,4.82,0.69,0.02,0.97,15.29,28.57,69.33,1.63,2.19,0.69,0.68,0.72,,
Wuzhou,111.28,23.47,2005,1,2005-01,11.84,26.52,-2.43,12.66,5.08,12.52,100.45,3.26,6.46,36.6,4.62,66.45,5.92,0.65,7.45,30.88,3.31,0.41,0.01,0.57,14.03,26.56,87.15,0.0,0.58,0.54,0.54,0.46,,
Wuzhou,111.28,23.47,2005,2,2005-02,15.5,31.09,2.01,13.17,9.2,16.75,100.22,3.84,8.85,44.6,5.11,68.46,7.93,1.42,6.46,33.22,3.04,0.4,0.01,0.64,16.75,28.96,98.3,0.01,0.88,0.54,0.54,0.48,,
Wuzhou,111.28,23.47,2005,3,2005-03,17.94,31.48,3.87,12.53,11.46,18.9,100.26,3.83,9.62,71.7,5.34,68.97,9.22,3.86,9.38,33.12,4.31,0.55,0.01,0.84,19.81,29.76,92.0,0.41,1.88,0.59,0.59,0.59,,
Wuzhou,111.28,23.47,2005,4,2005-04,23.76,35.07,11.3,10.85,18.74,24.46,99.73,3.21,8.58,144.1,4.65,75.73,13.94,5.81,12.11,35.56,5.57,0.69,0.02,1.09,21.46,33.13,85.45,2.66,3.53,0.67,0.66,0.69,24.17,
Wuzhou,111.28,23.47,2005,5,2005-05,26.51,33.19,17.64,7.16,23.86,26.58,99.08,3.06,8.33,165.9,4.74,86.13,18.89,11.46,16.3,36.81,7.69,1.02,0.03,1.68,25.06,35.29,86.08,3.26,4.65,0.85,0.82,0.87,29.1,
Wuzhou,111.28,23.47,2005,6,2005-06,27.14,32.91,22.42,5.19,25.44,27.1,98.74,2.99,6.58,174.2,4.65,90.75,20.77,14.77,12.13,37.46,5.92,0.81,0.02,1.37,25.02,36.21,97.29,2.26,4.17,0.96,0.94,0.95,31.22,
Wuzhou,111.28,23.47,2005,7,2005-07,28.05,34.46,23.48,7.36,25.09,28.1,99.04,2.72,7.03,163.7,4.16,84.79,20.26,3.8,19.94,36.91,9.35,1.22,0.04,2.1,25.9,35.87,63.64,6.66,6.02,0.89,0.87,0.88,33.0,
Wuzhou,111.28,23.47,2005,8,2005-08,27.66,34.2,20.46,7.44,24.63,27.77,98.92,2.68,7.89,96.2,4.16,84.37,19.75,5.1,16.75,37.3,7.86,1.03,0.03,1.75,23.94,36.0,74.06,7.13,5.56,0.77,0.75,0.8,31.86,
Wuzhou,111.28,23.47,2005,9,2005-09,26.7,33.14,19.2,8.43,22.95,26.69,99.44,3.1,9.21,47.8,4.69,80.9,17.75,4.36,16.06,36.52,7.5,0.97,0.03,1.58,21.96,35.21,66.61,6.58,5.12,0.73,0.71,0.75,29.16,
Wuzhou,111.28,23.47,2005,10,2005-10,24.06,34.22,12.9,12.65,16.41,24.8,100.04,3.24,7.85,34.2,4.85,64.96,12.02,0.11,16.02,33.82,7.16,0.87,0.02,1.34,18.09,32.67,36.73,1.67,2.43,0.59,0.59,0.54,24.22,
Wuzhou,111.28,23.47,2005,11,2005-11,20.27,34.93,6.65,12.4,13.49,20.92,100.15,3.14,7.33,29.3,4.63,67.73,10.24,1.65,11.68,32.53,5.23,0.65,0.02,0.97,15.5,30.72,52.47,0.26,1.27,0.56,0.56,0.51,20.12,
Wuzhou,111.28,23.47,2005,12,2005-12,12.75,27.64,1.02,12.61,3.06,13.25,100.68,3.84,10.38,31.3,5.54,55.69,5.27,0.4,9.98,28.68,4.34,0.52,0.01,0.72,13.77,26.53,54.69,0.03,0.78,0.54,0.54,0.48,,
Wuzhou,111.28,23.47,2006,1,2006-01,14.1,29.89,-0.87,13.9,6.67,14.82,100.34,3.52,8.82,29.3,4.89,63.63,6.7,0.6,9.76,29.83,4.27,0.53,0.01,0.81,14.85,27.12,59.44,0.01,0.7,0.54,0.54,0.46,,
Wuzhou,111.28,23.47,2006,2,2006-02,16.05,31.73,2.12,12.16,9.61,17.28,100.47,3.68,8.87,36.1,4.89,67.92,7.67,4.16,8.26,32.4,3.79,0.5,0.01,0.8,17.26,28.93,86.77,0.05,0.78,0.56,0.55,0.47,,
Wuzhou,111.28,23.47,2006,3,2006-03,18.31,30.96,1.5,11.27,13.83,19.07,99.93,3.3,9.38,68.4,4.72,76.95,10.56,4.0,9.54,33.42,4.35,0.55,0.02,0.91,19.35,30.31,84.5,1.49,2.57,0.67,0.66,0.69,,
Wuzhou,111.28,23.47,2006,4,2006-04,23.37,33.36,9.37,9.99,19.31,23.83,99.52,3.47,10.45,167.0,5.0,79.28,14.64,3.7,11.63,35.5,5.42,0.7,0.02,1.18,22.09,33.32,81.81,3.36,3.92,0.7,0.69,0.74,23.83,
Wuzhou,111.28,23.47,2006,5,2006-05,24.65,32.66,14.83,8.11,21.19,24.77,99.41,3.34,9.83,110.1,5.07,82.35,16.23,11.12,13.65,35.79,6.52,0.88,0.02,1.43,25.5,34.13,83.39,3.82,4.34,0.77,0.75,0.81,25.32,
Wuzhou,111.28,23.47,2006,6,2006-06,26.95,32.66,20.44,6.26,24.73,26.99,99.03,2.61,7.23,183.6,4.07,88.14,19.85,12.09,15.06,37.0,7.2,0.96,0.03,1.61,25.39,35.84,82.03,3.48,4.77,0.95,0.93,0.93,30.41,
Wuzhou,111.28,23.47,2006,7,2006-07,27.84,34.13,22.64,6.04,25.47,27.77,98.73,2.9,10.51,167.7,4.44,87.54,20.8,10.72,15.67,37.27,7.47,1.0,0.03,1.71,25.5,36.27,76.49,4.46,4.88,0.93,0.9,0.92,32.85,
Wuzhou,111.28,23.47,2006,8,2006-08,27.44,32.49,21.14,6.61,24.66,27.35,98.93,2.74,15.55,84.5,4.09,85.37,19.78,7.99,16.78,36.81,7.82,1.01,0.03,1.7,23.72,35.83,70.89,4.6,5.01,0.94,0.91,0.92,31.41,
Wuzhou,111.28,23.47,2006,9,2006-09,24.38,31.56,15.81,8.76,21.0,24.21,99.47,3.01,7.97,35.4,4.48,82.31,15.92,3.68,16.1,34.92,7.36,0.93,0.03,1.47,21.27,33.9,57.67,5.26,5.02,0.88,0.86,0.88,25.02,
Wuzhou,111.28,23.47,2006,10,2006-10,24.82,31.44,15.15,9.94,19.98,24.92,99.94,2.36,6.63,30.8,3.59,75.93,14.8,0.56,14.06,34.75,6.18,0.73,0.02,1.06,16.56,33.81,35.46,4.48,3.58,0.68,0.67,0.68,25.34,
Wuzhou,111.28,23.47,2006,11,2006-11,19.76,31.99,9.65,12.84,13.78,20.0,100.06,3.22,9.19,38.9,4.87,72.17,10.18,4.05,10.55,32.43,4.68,0.58,0.01,0.79,15.51,30.3,62.46,1.12,2.05,0.61,0.61,0.6,,
Wuzhou,111.28,23.47,2006,12,2006-12,12.73,26.8,1.11,13.89,6.55,12.76,100.64,3.56,7.68,31.6,5.38,69.09,6.27,0.49,11.34,28.02,4.88,0.58,0.01,0.76,14.15,26.24,42.16,1.26,1.8,0.64,0.64,0.64,,
Wuzhou,111.28,23.47,2007,1,2007-01,11.26,25.06,1.23,13.09,4.72,11.6,100.79,3.55,8.49,27.7,5.01,67.41,5.51,1.29,10.09,28.6,4.36,0.53,0.01,0.73,15.05,25.86,59.59,0.35,1.28,0.61,0.61,0.6,,
Wuzhou,111.28,23.47,2007,2,2007-02,18.49,30.27,2.47,12.5,12.37,18.73,100.09,3.08,7.78,105.3,4.57,70.99,9.46,2.16,9.83,32.32,4.34,0.53,0.01,0.76,16.53,29.7,68.92,0.43,1.58,0.6,0.6,0.59,,
Wuzhou,111.28,23.47,2007,3,2007-03,19.58,33.13,6.81,11.1,15.19,20.28,99.88,3.77,8.58,98.9,5.3,77.5,11.36,3.19,7.86,34.52,3.6,0.44,0.01,0.7,18.3,31.19,92.71,1.18,2.35,0.65,0.64,0.65,,
Wuzhou,111.28,23.47,2007,4,2007-04,20.98,34.01,8.27,10.39,16.34,21.53,99.85,3.01,11.06,45.7,4.26,76.71,12.1,4.83,11.52,34.39,5.3,0.67,0.02,1.04,21.83,31.93,88.82,1.96,2.92,0.67,0.66,0.7,21.14,
Wuzhou,111.28,23.47,2007,5,2007-05,25.64,34.42,14.61,9.33,21.24,25.86,99.34,2.62,7.73,163.8,3.87,78.38,16.23,6.71,16.73,35.83,7.77,1.02,0.03,1.62,25.32,34.42,72.45,4.91,4.64,0.72,0.71,0.76,26.31,
Wuzhou,111.28,23.47,2007,6,2007-06,27.34,33.19,20.94,6.79,24.66,27.41,98.96,2.51,6.51,184.1,3.88,86.1,19.78,9.27,16.55,37.03,7.86,1.04,0.03,1.76,25.61,35.92,79.58,4.83,4.84,0.84,0.82,0.87,31.23,
Wuzhou,111.28,23.47,2007,7,2007-07,28.33,34.49,23.02,7.87,24.96,28.49,98.99,2.81,7.69,173.8,4.36,83.12,20.12,2.71,20.98,36.83,9.88,1.3,0.04,2.31,26.53,35.95,61.4,7.71,5.85,0.77,0.76,0.79,33.5,
Wuzhou,111.28,23.47,2007,8,2007-08,28.22,36.49,23.32,7.91,24.38,28.43,98.83,2.47,7.96,62.2,3.74,81.05,19.46,6.3,17.69,36.98,8.27,1.08,0.03,1.83,23.87,35.95,72.41,5.43,4.64,0.68,0.67,0.71,32.83,
Wuzhou,111.28,23.47,2007,9,2007-09,25.79,32.99,16.78,8.74,21.68,25.87,99.26,2.97,10.98,35.3,4.56,79.31,16.6,3.76,14.96,36.17,6.91,0.88,0.02,1.41,21.13,34.81,70.3,5.62,4.55,0.71,0.7,0.73,26.5,
Wuzhou,111.28,23.47,2007,10,2007-10,23.91,34.35,13.16,12.81,15.9,24.55,99.91,3.64,8.98,37.3,5.39,63.9,11.67,0.36,14.81,33.87,6.54,0.79,0.02,1.19,17.93,32.54,47.93,1.26,2.25,0.58,0.58,0.53,24.03,
Wuzhou,111.28,23.47,2007,11,2007-11,18.27,31.75,3.49,15.39,5.88,18.8,100.28,3.79,9.62,31.0,5.83,48.55,6.12,0.33,14.67,29.12,6.37,0.76,0.02,1.03,16.09,28.1,31.93,0.05,0.73,0.53,0.54,0.4,,
Wuzhou,111.28,23.47,2007,12,2007-12,16.37,29.74,3.34,13.02,7.73,17.04,100.31,3.27,7.27,33.3,4.75,60.02,6.89,1.44,8.7,31.07,3.78,0.46,0.01,0.65,13.04,28.04,68.67,0.06,0.47,0.54,0.54,0.36,,
Wuzhou,111.28,23.47,2008,1,2008-01,10.16,30.05,0.03,11.89,3.49,10.63,100.56,3.9,8.41,23.6,5.07,66.4,5.28,3.69,8.02,29.12,3.56,0.45,0.01,0.66,15.35,26.0,67.63,0.06,0.99,0.58,0.58,0.58,,
Wuzhou,111.28,23.47,2008,2,2008-02,9.17,25.46,-3.21,11.29,4.17,9.74,100.71,3.6,8.03,27.6,5.1,73.14,5.48,2.13,8.28,29.44,3.71,0.47,0.01,0.77,17.22,25.49,79.12,1.0,2.08,0.72,0.71,0.75,,7.17
Wuzhou,111.28,23.47,2008,3,2008-03,19.38,30.76,3.71,11.66,13.84,19.85,99.95,2.98,8.52,105.6,4.3,73.18,10.36,3.26,11.66,32.74,5.14,0.63,0.02,1.0,19.31,30.4,69.39,1.49,2.56,0.66,0.65,0.67,,
Wuzhou,111.28,23.47,2008,4,2008-04,22.79,33.08,12.08,8.97,19.46,23.33,99.59,3.0,8.88,116.2,4.41,82.67,14.52,5.08,10.3,35.9,4.84,0.63,0.02,1.04,21.9,33.43,88.1,3.2,3.7,0.73,0.72,0.77,23.28,
Wuzhou,111.28,23.47,2008,5,2008-05,24.84,32.18,16.4,8.42,21.37,25.02,99.18,2.85,8.2,111.3,4.26,82.3,16.38,10.28,12.97,36.22,6.1,0.8,0.02,1.35,24.09,34.45,85.25,4.13,4.64,0.78,0.77,0.82,25.53,
Wuzhou,111.28,23.47,2008,6,2008-06,26.42,33.48,20.65,6.17,24.39,26.48,98.94,2.88,8.93,182.3,4.42,89.1,19.47,17.45,13.02,36.95,6.27,0.85,0.02,1.41,25.24,35.5,90.71,3.01,4.79,0.95,0.92,0.94,29.07,
Wuzhou,111.28,23.47,2008,7,2008-07,27.38,35.01,23.08,6.89,24.87,27.37,98.92,2.59,6.2,181.4,4.12,86.92,20.02,5.84,18.83,36.76,8.87,1.17,0.03,2.04,25.79,35.7,74.98,4.71,5.3,0.95,0.93,0.93,31.44,
Wuzhou,111.28,23.47,2008,8,2008-08,27.45,33.57,22.75,7.04,24.61,27.45,99.0,2.73,12.54,145.5,4.17,85.23,19.69,4.29,17.69,36.76,8.31,1.09,0.03,1.87,24.58,35.69,78.24,6.02,5.09,0.85,0.83,0.86,31.42,
Wuzhou,111.28,23.47,2008,9,2008-09,26.76,34.03,17.54,7.74,23.17,26.69,99.28,2.66,16.4,52.0,3.99,81.57,18.06,4.42,17.54,36.2,8.07,1.02,0.03,1.64,21.61,35.29,56.42,5.89,4.58,0.76,0.74,0.79,29.34,
Wuzhou,111.28,23.47,2008,10,2008-10,24.22,31.92,15.88,10.13,19.74,24.42,99.9,2.81,10.79,47.8,4.3,77.58,14.54,1.87,14.07,35.3,6.41,0.8,0.02,1.23,18.57,33.86,55.02,4.45,3.65,0.67,0.66,0.68,24.72,
Wuzhou,111.28,23.47,2008,11,2008-11,17.68,29.72,2.08,13.05,10.66,17.86,100.36,3.35,9.2,31.8,5.1,66.93,8.77,1.66,13.32,29.91,5.89,0.72,0.02,1.05,16.43,28.73,39.53,1.33,2.05,0.62,0.61,0.6,,
Wuzhou,111.28,23.47,2008,12,2008-12,13.93,27.78,1.01,14.37,5.24,13.96,100.51,3.24,9.91,33.9,4.56,60.06,5.81,0.61,11.25,27.97,4.87,0.58,0.01,0.8,14.71,26.14,41.66,0.1,0.91,0.55,0.55,0.51,,
Wuzhou,111.28,23.47,2009,1,2009-01,11.0,26.76,-0.88,13.69,1.94,11.41,100.71,3.41,10.17,32.4,4.94,57.92,4.71,0.55,11.28,27.42,4.83,0.58,0.01,0.83,15.34,24.95,49.83,0.03,0.72,0.55,0.55,0.5,,
Wuzhou,111.28,23.47,2009,2,2009-02,22.14,35.88,10.14,13.74,14.44,23.28,99.82,3.11,9.47,160.4,4.39,65.08,10.56,0.05,12.22,33.56,5.42,0.67,0.02,1.08,17.58,31.08,56.56,0.01,0.63,0.53,0.54,0.4,22.11,
Wuzhou,111.28,23.47,2009,3,2009-03,18.43,32.82,4.08,11.02,13.51,19.32,99.92,3.66,11.99,69.8,5.0,74.93,10.36,4.59,9.22,33.69,4.21,0.52,0.01,0.85,19.15,30.62,90.52,0.55,1.83,0.61,0.6,0.61,,
Wuzhou,111.28,23.47,2009,4,2009-04,21.83,32.6,12.15,9.87,17.75,22.34,99.62,3.5,10.33,101.6,5.07,79.01,13.03,5.79,12.46,35.01,5.77,0.74,0.02,1.17,22.56,32.61,81.7,2.99,3.6,0.7,0.68,0.73,22.13,
Wuzhou,111.28,23.47,2009,5,2009-05,25.22,35.12,17.46,9.11,20.92,25.86,99.44,2.97,7.94,110.0,4.36,79.16,15.78,8.6,13.72,36.24,6.45,0.86,0.02,1.4,25.03,34.32,79.71,3.45,4.22,0.72,0.71,0.74,25.86,
Wuzhou,111.28,23.47,2009,6,2009-06,27.0,32.89,19.5,6.71,24.43,27.02,98.83,2.6,7.08,177.2,3.94,86.58,19.59,8.28,16.64,36.97,7.88,1.05,0.03,1.75,25.76,35.77,80.56,4.29,4.89,0.9,0.87,0.9,30.38,
Wuzhou,111.28,23.47,2009,7,2009-07,27.93,33.28,22.95,7.02,25.26,27.98,98.86,2.94,11.12,158.2,4.52,86.14,20.51,6.62,17.79,37.18,8.45,1.12,0.03,1.93,25.99,36.14,73.17,6.46,5.82,0.87,0.84,0.87,32.88,
Wuzhou,111.28,23.47,2009,8,2009-08,28.37,35.01,20.22,7.54,24.96,28.3,98.95,2.43,10.16,54.4,3.63,82.59,20.14,5.61,19.2,36.99,9.0,1.16,0.03,2.0,24.32,36.18,61.36,6.77,5.3,0.81,0.79,0.84,33.51,
Wuzhou,111.28,23.47,2009,9,2009-09,27.45,34.12,18.27,8.24,23.71,27.48,99.24,3.01,11.51,52.9,4.49,80.98,18.67,4.09,16.08,36.73,7.46,0.95,0.03,1.54,21.71,35.71,54.44,6.72,5.06,0.73,0.72,0.76,30.89,
Wuzhou,111.28,23.47,2009,10,2009-10,24.33,33.1,16.34,12.11,17.21,24.67,99.74,2.81,6.17,34.7,4.35,67.33,12.45,0.52,14.85,34.34,6.66,0.81,0.02,1.23,18.02,33.14,42.13,2.17,2.74,0.6,0.6,0.58,24.58,
Wuzhou,111.28,23.47,2009,11,2009-11,16.37,33.43,1.51,13.03,8.53,16.66,100.32,3.79,11.37,27.0,5.29,63.12,7.71,2.56,12.42,30.15,5.5,0.67,0.02,0.97,16.1,28.41,45.46,0.61,1.68,0.59,0.59,0.57,,
Wuzhou,111.28,23.47,2009,12,2009-12,13.7,26.35,1.09,11.76,8.23,14.07,100.41,3.15,10.04,43.6,4.64,72.09,7.18,1.45,8.1,30.49,3.56,0.44,0.01,0.56,13.29,27.41,72.8,0.28,1.13,0.59,0.59,0.58,,
Wuzhou,111.28,23.47,2010,1,2010-01,13.14,26.84,0.59,10.56,9.88,13.36,100.48,3.22,8.15,50.6,4.6,81.89,8.06,4.16,6.47,31.21,2.99,0.4,0.01,0.58,14.9,27.69,84.92,0.98,1.69,0.69,0.67,0.72,,
Wuzhou,111.28,23.47,2010,2,2010-02,16.36,32.19,2.63,10.84,12.49,16.81,100.0,3.85,11.07,104.8,5.39,79.2,10.01,1.29,9.0,32.4,4.1,0.53,0.01,0.81,17.66,29.36,77.66,1.69,2.43,0.7,0.68,0.72,,
Wuzhou,111.28,23.47,2010,3,2010-03,19.27,32.51,3.36,11.96,13.32,19.99,100.03,4.05,10.63,104.8,5.65,71.19,10.43,0.68,11.13,33.24,4.91,0.58,0.01,0.88,18.33,30.57,75.56,0.68,1.88,0.62,0.61,0.6,,
Wuzhou,111.28,23.47,2010,4,2010-04,20.87,34.06,9.07,10.0,17.14,21.41,99.79,3.9,8.95,104.4,5.44,80.44,12.68,6.95,9.12,35.08,4.36,0.57,0.02,0.92,22.09,32.46,91.95,1.61,2.73,0.68,0.67,0.71,21.11,
Wuzhou,111.28,23.47,2010,5,2010-05,25.46,32.17,16.36,8.36,22.6,25.62,99.17,3.14,7.51,155.7,4.68,85.05,17.57,9.32,13.49,36.55,6.36,0.84,0.02,1.33,24.43,34.92,84.52,3.74,4.45,0.81,0.79,0.84,26.28,
Wuzhou,111.28,23.47,2010,6,2010-06,26.07,31.39,19.31,6.01,24.29,26.08,99.09,3.02,7.05,157.9,4.64,90.23,19.41,13.57,10.51,37.13,5.14,0.7,0.02,1.15,24.53,35.68,95.78,2.52,4.07,0.95,0.92,0.93,27.09,
Wuzhou,111.28,23.47,2010,7,2010-07,27.85,33.17,23.62,6.99,25.32,27.82,99.12,3.08,10.36,164.8,4.83,86.79,20.52,5.44,18.38,37.02,8.73,1.16,0.03,1.97,26.16,36.08,81.13,5.58,5.5,0.88,0.86,0.89,32.76,
Wuzhou,111.28,23.47,2010,8,2010-08,27.42,32.67,21.49,6.88,24.56,27.45,99.25,2.18,5.73,126.7,3.36,85.1,19.6,4.36,19.28,36.84,9.06,1.19,0.03,2.02,24.59,35.9,68.52,5.83,4.96,0.84,0.82,0.86,31.32,
Wuzhou,111.28,23.47,2010,9,2010-09,26.55,32.94,19.42,6.85,23.95,26.55,99.32,2.43,7.03,122.8,3.78,86.31,18.88,8.27,14.61,36.71,6.82,0.88,0.02,1.41,21.23,35.55,73.75,4.83,4.45,0.86,0.83,0.87,29.21,
Wuzhou,111.28,23.47,2010,10,2010-10,21.02,30.67,6.63,9.34,17.27,21.02,99.85,3.71,7.59,33.1,5.72,80.16,12.95,0.87,13.62,33.38,6.21,0.79,0.02,1.2,18.71,31.95,63.02,4.62,4.15,0.8,0.78,0.81,21.27,
Wuzhou,111.28,23.47,2010,11,2010-11,17.63,28.12,7.53,13.58,11.4,17.58,100.21,2.95,6.09,31.7,4.61,69.32,8.51,0.1,13.11,30.13,5.71,0.68,0.02,0.94,15.56,28.34,47.61,2.13,2.26,0.63,0.63,0.62,,
Wuzhou,111.28,23.47,2010,12,2010-12,13.87,27.38,-4.93,13.53,6.66,13.91,100.14,3.39,10.32,34.1,4.93,65.67,6.64,1.49,10.24,28.96,4.46,0.54,0.01,0.72,14.19,26.84,52.14,0.44,1.35,0.59,0.59,0.57,,
Wuzhou,111.28,23.47,2011,1,2011-01,7.61,18.34,-0.89,11.23,0.94,8.47,100.75,4.14,9.64,23.9,5.63,65.12,4.14,0.74,7.33,28.7,3.27,0.42,0.01,0.59,15.1,24.41,83.96,0.14,1.02,0.59,0.59,0.58,,4.98
Wuzhou,111.28,23.47,2011,2,2011-02,15.19,29.52,2.54,12.09,9.84,16.04,100.12,3.04,7.15,58.4,4.32,72.91,7.99,1.95,8.69,32.02,3.94,0.51,0.01,0.78,17.47,28.1,82.63,0.32,1.3,0.59,0.59,0.58,,
Wuzhou,111.28,23.47,2011,3,2011-03,15.39,29.97,6.46,10.87,9.64,16.46,100.36,3.8,12.62,34.1,5.04,70.78,7.78,2.58,7.92,32.72,3.7,0.49,0.01,0.78,20.12,28.65,96.43,0.71,1.86,0.63,0.62,0.63,,
Wuzhou,111.28,23.47,2011,4,2011-04,23.07,32.58,10.61,11.2,16.79,24.04,99.77,2.82,7.68,142.6,4.04,70.39,12.22,2.38,13.98,35.2,6.28,0.78,0.02,1.22,21.96,32.72,81.49,0.88,2.24,0.61,0.6,0.59,23.27,
Wuzhou,111.28,23.47,2011,5,2011-05,24.39,33.23,13.29,9.38,20.53,24.64,99.33,2.94,9.3,111.6,4.26,80.36,15.51,8.48,15.11,35.41,7.05,0.93,0.03,1.51,25.18,33.89,71.23,4.59,4.67,0.74,0.72,0.78,24.98,
Wuzhou,111.28,23.47,2011,6,2011-06,27.57,33.5,22.34,7.02,24.7,27.65,98.87,3.07,10.61,151.6,4.71,85.17,19.82,9.93,15.9,37.29,7.55,1.01,0.03,1.71,25.44,36.13,85.39,5.54,4.94,0.75,0.73,0.8,31.73,
Wuzhou,111.28,23.47,2011,7,2011-07,27.99,33.92,23.07,7.12,24.99,28.05,98.85,2.42,7.65,168.9,3.72,84.55,20.17,5.0,18.34,37.08,8.54,1.1,0.03,1.9,24.53,36.11,66.66,6.74,5.48,0.83,0.81,0.85,32.79,
Wuzhou,111.28,23.47,2011,8,2011-08,28.03,35.39,22.21,8.54,23.84,28.34,99.06,2.27,5.75,167.3,3.52,79.48,18.81,1.89,20.13,36.68,9.33,1.2,0.03,2.05,24.41,35.76,62.28,6.5,4.87,0.7,0.69,0.71,32.09,
Wuzhou,111.28,23.47,2011,9,2011-09,27.33,36.39,16.28,10.55,21.23,28.13,99.25,3.5,14.66,54.3,5.04,71.65,16.27,3.14,16.45,36.09,7.56,0.96,0.03,1.51,21.25,35.02,58.64,1.84,3.2,0.6,0.6,0.59,29.59,
Wuzhou,111.28,23.47,2011,10,2011-10,22.3,32.58,13.92,10.28,17.71,22.55,99.92,3.27,9.26,42.6,4.82,76.78,12.94,3.99,12.25,34.52,5.62,0.72,0.02,1.08,18.4,32.77,64.4,3.32,3.3,0.65,0.64,0.66,22.59,
Wuzhou,111.28,23.47,2011,11,2011-11,20.66,31.41,9.7,11.92,15.24,20.96,100.07,3.0,8.93,44.1,4.6,73.45,11.07,1.95,12.58,32.46,5.69,0.7,0.02,0.99,16.21,30.92,50.24,1.6,2.28,0.62,0.61,0.61,20.7,
Wuzhou,111.28,23.47,2011,12,2011-12,11.72,25.51,0.65,13.78,2.64,12.16,100.69,4.13,8.85,28.0,6.0,56.92,4.79,0.11,10.94,27.93,4.69,0.56,0.01,0.73,14.11,25.63,50.68,0.11,1.0,0.56,0.56,0.53,,
Wuzhou,111.28,23.47,2012,1,2012-01,10.05,20.61,-0.46,9.86,6.06,10.74,100.5,3.38,7.84,31.6,4.69,77.66,6.02,3.22,5.21,30.54,2.43,0.33,0.01,0.52,14.69,26.26,95.3,0.24,1.09,0.61,0.6,0.61,,
Wuzhou,111.28,23.47,2012,2,2012-02,13.57,30.01,3.73,11.56,8.75,14.46,100.17,3.7,9.25,42.8,4.94,74.5,7.5,1.84,6.8,32.23,3.16,0.42,0.01,0.65,17.26,28.03,92.85,0.47,1.51,0.63,0.62,0.62,,
Wuzhou,111.28,23.47,2012,3,2012-03,18.61,29.82,6.52,10.48,14.67,19.13,99.95,3.44,11.06,84.4,4.87,79.56,10.97,3.6,9.34,33.98,4.25,0.52,0.01,0.85,19.27,30.89,90.21,1.73,2.74,0.71,0.7,0.74,,
Wuzhou,111.28,23.47,2012,4,2012-04,23.43,33.03,13.38,9.34,20.24,23.65,99.43,3.45,10.06,153.5,5.15,83.39,15.27,9.59,12.59,35.79,5.85,0.75,0.02,1.18,22.39,33.58,84.28,2.54,3.86,0.77,0.75,0.81,24.01,
Wuzhou,111.28,23.47,2012,5,2012-05,26.48,33.69,19.89,6.9,23.82,26.59,99.12,2.87,7.24,131.0,4.38,86.08,18.78,7.13,14.38,37.05,6.82,0.9,0.02,1.44,24.46,35.56,81.87,3.45,4.52,0.85,0.82,0.87,29.03,
Wuzhou,111.28,23.47,2012,6,2012-06,27.15,33.91,21.44,6.57,24.75,27.18,98.63,3.1,9.38,135.8,4.72,87.27,19.96,9.09,13.69,37.57,6.54,0.88,0.02,1.44,24.41,36.24,89.73,4.2,4.96,0.88,0.85,0.89,30.86,
Wuzhou,111.28,23.47,2012,7,2012-07,27.6,33.43,22.8,6.82,24.93,27.62,98.84,2.82,17.43,157.6,4.32,86.07,20.1,5.82,18.3,36.93,8.68,1.16,0.03,1.98,26.38,35.95,75.29,5.83,5.33,0.86,0.83,0.87,31.94,
Wuzhou,111.28,23.47,2012,8,2012-08,27.96,34.18,22.01,7.15,24.7,27.91,98.82,2.35,11.35,57.1,3.6,83.22,19.84,4.62,17.28,36.97,8.03,1.03,0.03,1.73,23.51,36.03,72.94,6.38,5.18,0.83,0.81,0.85,32.5,
Wuzhou,111.28,23.47,2012,9,2012-09,25.47,32.58,15.42,8.76,21.12,25.55,99.54,2.63,8.17,49.3,4.05,78.32,16.14,2.83,15.64,35.62,7.23,0.93,0.03,1.49,21.67,34.27,68.15,5.91,4.72,0.72,0.7,0.73,26.12,
Wuzhou,111.28,23.47,2012,10,2012-10,24.42,34.15,12.16,12.03,17.19,25.02,99.89,2.71,9.24,49.9,4.15,67.18,12.47,2.97,14.83,33.63,6.55,0.79,0.02,1.18,17.9,32.6,35.05,1.59,2.33,0.59,0.59,0.55,24.67,
Wuzhou,111.28,23.47,2012,11,2012-11,18.51,29.46,7.61,10.25,14.92,18.65,100.03,3.13,9.51,67.0,4.66,80.97,11.02,5.18,8.47,33.46,3.92,0.51,0.01,0.78,15.78,30.81,84.54,2.49,2.69,0.68,0.67,0.71,,
Wuzhou,111.28,23.47,2012,12,2012-12,12.86,26.2,-2.36,10.51,9.21,13.07,100.37,3.73,10.69,41.9,5.4,79.84,7.82,2.0,8.07,30.46,3.64,0.46,0.01,0.68,14.14,27.51,72.26,1.71,2.29,0.75,0.73,0.78,,
Wuzhou,111.28,23.47,2013,1,2013-01,11.47,24.52,1.49,10.11,7.66,11.66,100.56,3.0,7.22,38.2,4.37,78.62,6.79,0.54,7.8,30.62,3.5,0.45,0.01,0.68,14.76,26.48,84.38,1.02,1.57,0.7,0.69,0.72,,
Wuzhou,111.28,23.47,2013,2,2013-02,17.22,29.68,4.35,11.21,12.96,18.01,100.24,3.28,9.17,72.1,4.52,77.39,9.83,0.78,8.04,33.37,3.78,0.51,0.01,0.87,18.21,29.76,89.99,0.94,1.84,0.64,0.64,0.64,,
Wuzhou,111.28,23.47,2013,3,2013-03,20.95,32.17,5.78,11.79,15.08,21.72,99.89,3.46,10.93,107.6,4.88,71.91,11.2,6.89,11.04,34.04,4.94,0.6,0.02,0.94,18.91,31.55,74.41,0.49,1.95,0.61,0.61,0.62,20.98,
Wuzhou,111.28,23.47,2013,4,2013-04,21.57,31.7,9.51,9.17,18.62,21.92,99.58,3.4,10.09,122.1,4.96,84.22,13.97,6.55,10.6,35.26,4.97,0.64,0.02,1.06,21.57,32.7,89.54,2.22,3.81,0.82,0.8,0.85,21.98,
Wuzhou,111.28,23.47,2013,5,2013-05,25.55,33.01,16.08,7.73,22.95,25.74,99.21,2.76,7.51,164.7,4.17,86.23,17.94,8.94,13.88,36.69,6.63,0.89,0.03,1.46,25.06,34.98,85.88,3.18,4.68,0.89,0.86,0.89,26.41,
Wuzhou,111.28,23.47,2013,6,2013-06,27.11,33.31,16.58,7.46,24.41,27.17,98.92,3.13,7.44,156.8,4.81,85.86,19.55,6.33,17.65,36.84,8.37,1.12,0.03,1.89,26.46,35.67,76.2,5.27,5.78,0.89,0.86,0.89,30.6,
Wuzhou,111.28,23.47,2013,7,2013-07,27.36,32.87,23.03,7.2,24.63,27.47,99.04,3.03,10.79,149.9,4.68,85.82,19.69,6.02,17.79,36.81,8.49,1.15,0.03,1.95,26.55,35.65,73.29,6.58,5.55,0.79,0.77,0.82,31.25,
Wuzhou,111.28,23.47,2013,8,2013-08,27.55,33.27,23.16,6.31,24.91,27.46,98.82,3.46,16.76,134.7,5.07,86.25,20.08,13.06,16.52,36.86,7.83,1.05,0.03,1.74,24.98,35.91,72.88,4.94,4.78,0.85,0.83,0.87,31.83,
Wuzhou,111.28,23.47,2013,9,2013-09,25.83,32.22,16.44,7.61,22.89,25.78,99.33,2.72,10.26,42.5,4.08,84.45,17.79,6.56,16.06,36.12,7.47,0.97,0.03,1.53,21.92,34.92,63.35,4.88,5.12,0.93,0.9,0.91,26.67,
Wuzhou,111.28,23.47,2013,10,2013-10,21.66,31.01,9.99,10.21,16.93,21.44,99.96,2.93,7.22,31.6,4.63,75.83,12.39,0.04,15.5,32.83,6.92,0.85,0.02,1.25,18.24,31.73,42.93,5.02,4.06,0.76,0.74,0.77,21.86,
Wuzhou,111.28,23.47,2013,11,2013-11,17.79,31.65,3.57,10.25,13.19,17.73,100.26,3.46,9.91,43.7,5.22,76.21,9.87,4.69,10.95,31.78,4.96,0.62,0.01,0.88,16.22,29.74,66.08,2.66,2.79,0.7,0.69,0.72,,
Wuzhou,111.28,23.47,2013,12,2013-12,9.89,22.04,-0.78,12.17,4.51,9.45,100.53,3.51,8.09,25.8,5.44,71.65,5.44,4.21,11.05,26.16,4.61,0.53,0.01,0.66,13.62,24.64,36.63,1.45,2.17,0.76,0.74,0.78,,8.09
Wuzhou,111.28,23.47,2014,1,2014-01,12.47,25.62,-0.14,12.59,7.1,12.02,100.57,3.03,7.87,48.8,4.59,72.18,6.62,0.05,12.06,27.63,5.09,0.6,0.01,0.81,14.85,25.72,40.49,1.51,2.03,0.73,0.71,0.74,,
Wuzhou,111.28,23.47,2014,2,2014-02,12.89,27.19,-2.05,11.13,8.59,13.49,100.23,3.59,8.43,49.8,5.0,76.78,7.63,1.53,7.93,31.07,3.61,0.47,0.01,0.73,17.79,27.25,83.46,0.78,1.67,0.66,0.65,0.67,,
Wuzhou,111.28,23.47,2014,3,2014-03,18.54,31.06,8.7,10.34,14.63,19.3,100.07,3.47,10.03,79.7,4.78,79.37,10.81,5.53,8.13,34.02,3.79,0.48,0.01,0.77,19.01,30.74,92.38,1.02,2.24,0.66,0.65,0.68,,
Wuzhou,111.28,23.47,2014,4,2014-04,23.02,31.05,15.94,8.04,20.18,23.38,99.68,3.03,6.51,121.3,4.54,84.89,15.04,6.32,10.22,36.01,4.72,0.58,0.02,0.94,20.65,33.6,91.33,2.35,3.57,0.81,0.78,0.83,23.59,
Wuzhou,111.28,23.47,2014,5,2014-05,25.55,32.78,15.21,7.22,23.39,25.64,99.26,3.01,9.12,164.8,4.57,88.28,18.46,11.16,12.75,36.99,6.12,0.83,0.02,1.32,24.75,35.33,92.75,2.41,4.39,0.92,0.89,0.92,26.47,
Wuzhou,111.28,23.47,2014,6,2014-06,28.06,33.78,23.24,6.19,25.41,28.03,98.77,2.25,5.49,158.5,3.49,86.22,20.72,7.61,16.36,37.47,7.7,1.01,0.03,1.67,24.79,36.45,81.61,3.99,4.8,0.93,0.9,0.92,33.27,
Wuzhou,111.28,23.47,2014,7,2014-07,28.38,33.37,24.02,6.48,25.66,28.35,98.93,2.32,9.79,162.4,3.59,85.81,20.98,6.99,18.94,37.14,8.95,1.19,0.03,2.05,25.84,36.29,74.78,4.96,4.98,0.92,0.9,0.91,34.15,
Wuzhou,111.28,23.47,2014,8,2014-08,27.75,32.91,22.57,6.37,25.13,27.77,99.07,2.15,6.14,183.2,3.35,86.2,20.31,8.15,17.31,37.08,8.14,1.07,0.03,1.83,24.26,36.1,81.09,4.74,4.75,0.91,0.88,0.91,32.38,
Wuzhou,111.28,23.47,2014,9,2014-09,27.17,32.92,19.08,7.52,23.83,27.17,99.29,2.62,14.25,79.5,4.03,82.77,18.8,2.73,17.94,36.35,8.34,1.08,0.03,1.76,22.6,35.38,56.84,6.49,5.13,0.82,0.8,0.84,30.41,
Wuzhou,111.28,23.47,2014,10,2014-10,24.07,33.11,15.56,10.58,18.43,24.16,99.93,2.57,6.59,55.7,3.98,72.48,13.48,0.7,15.73,33.75,7.02,0.86,0.02,1.29,18.41,32.6,44.38,4.03,3.45,0.66,0.65,0.65,24.43,
Wuzhou,111.28,23.47,2014,11,2014-11,19.47,33.0,10.04,10.57,14.79,19.87,100.18,3.07,9.84,44.4,4.61,76.3,10.76,2.63,10.02,32.86,4.55,0.57,0.01,0.79,15.36,30.83,63.74,1.51,2.1,0.63,0.62,0.63,,
Wuzhou,111.28,23.47,2014,12,2014-12,11.78,23.82,1.35,11.6,4.37,11.75,100.72,3.63,9.81,33.2,5.33,64.19,5.44,1.71,10.0,28.06,4.38,0.53,0.01,0.69,14.31,25.57,59.14,0.53,1.45,0.61,0.61,0.6,,
Wuzhou,111.28,23.47,2015,1,2015-01,13.35,26.49,2.73,12.4,7.81,13.43,100.56,3.28,7.13,47.8,4.92,71.72,6.88,2.23,10.89,28.7,4.76,0.58,0.01,0.77,15.15,26.25,54.45,0.93,1.61,0.64,0.63,0.64,,
Wuzhou,111.28,23.47,2015,2,2015-02,17.27,32.31,3.25,12.1,11.71,18.0,100.26,3.13,10.47,101.9,4.64,72.41,9.2,0.76,9.34,32.09,4.17,0.52,0.01,0.8,16.56,28.83,79.7,0.54,1.65,0.61,0.61,0.59,,
Wuzhou,111.28,23.47,2015,3,2015-03,20.34,34.73,8.3,11.19,15.4,21.51,100.07,3.59,9.1,103.3,4.91,75.27,11.32,1.34,7.84,34.63,3.67,0.47,0.01,0.75,19.12,31.36,93.89,0.3,1.64,0.59,0.59,0.57,20.39,
Wuzhou,111.28,23.47,2015,4,2015-04,23.88,37.64,11.18,12.66,16.2,25.14,99.74,3.77,10.28,114.5,5.28,65.45,12.0,1.73,15.56,34.18,7.03,0.87,0.02,1.35,22.55,32.37,67.55,0.21,1.97,0.56,0.56,0.54,24.03,
Wuzhou,111.28,23.47,2015,5,2015-05,26.67,35.41,16.85,7.48,23.93,26.91,99.14,3.08,9.24,165.1,4.69,85.98,18.99,14.89,12.79,37.27,6.14,0.82,0.02,1.31,24.37,35.77,89.55,2.38,3.77,0.78,0.76,0.82,29.49,
Wuzhou,111.28,23.47,2015,6,2015-06,27.91,33.35,23.21,6.51,25.6,27.84,99.02,3.13,6.47,172.8,4.9,87.83,20.89,5.99,17.23,37.32,8.22,1.1,0.03,1.8,26.09,36.3,78.44,4.42,5.41,0.93,0.9,0.91,33.1,
Wuzhou,111.28,23.47,2015,7,2015-07,27.28,34.39,19.62,6.86,24.66,27.31,98.83,3.19,8.94,154.6,4.9,86.26,19.86,7.63,16.28,37.2,7.72,1.03,0.03,1.76,25.28,36.0,86.25,5.94,5.22,0.82,0.8,0.85,31.09,
Wuzhou,111.28,23.47,2015,8,2015-08,27.78,34.2,21.67,7.55,24.21,27.82,99.06,2.22,5.25,335.7,3.44,81.93,19.24,3.95,18.13,36.8,8.47,1.1,0.03,1.85,24.16,35.75,76.12,6.71,5.11,0.76,0.75,0.79,31.83,
Wuzhou,111.28,23.47,2015,9,2015-09,26.65,32.24,20.11,7.7,23.76,26.74,99.44,2.58,6.3,90.9,3.97,84.85,18.66,6.09,14.51,36.93,6.81,0.9,0.02,1.44,21.82,35.46,78.83,6.1,5.07,0.79,0.78,0.82,29.35,
Wuzhou,111.28,23.47,2015,10,2015-10,23.31,31.83,14.95,9.21,19.16,23.0,99.92,3.13,13.49,50.3,4.64,78.76,14.18,5.99,14.04,34.14,6.45,0.82,0.02,1.26,19.12,32.75,62.27,5.05,4.3,0.76,0.75,0.79,23.75,
Wuzhou,111.28,23.47,2015,11,2015-11,19.59,29.4,5.83,9.2,16.75,19.78,100.22,2.94,8.18,66.7,4.45,84.51,12.47,4.27,9.9,33.51,4.6,0.6,0.01,0.88,16.12,31.26,78.01,3.1,2.99,0.74,0.73,0.77,,
Wuzhou,111.28,23.47,2015,12,2015-12,12.8,24.85,2.07,8.76,9.99,12.95,100.62,3.39,8.86,31.7,4.94,84.0,7.94,4.43,6.57,30.86,3.0,0.39,0.01,0.52,13.79,27.57,86.25,1.16,2.09,0.79,0.77,0.82,,
Wuzhou,111.28,23.47,2016,1,2016-01,11.85,24.47,-3.19,8.99,9.27,11.98,100.54,3.48,9.6,42.4,4.96,84.95,7.69,9.65,6.75,30.39,3.13,0.42,0.01,0.59,15.44,26.9,88.04,0.81,2.14,0.87,0.84,0.88,,
Wuzhou,111.28,23.47,2016,2,2016-02,11.63,27.11,-0.73,11.05,7.76,11.5,100.7,3.63,8.85,36.8,5.2,78.45,6.91,0.81,10.38,29.14,4.64,0.58,0.01,0.88,18.12,25.96,68.9,0.82,2.95,0.91,0.89,0.9,,
Wuzhou,111.28,23.47,2016,3,2016-03,17.55,28.2,3.73,9.85,14.34,17.85,100.11,3.19,9.28,91.6,4.59,82.62,10.71,4.48,9.99,32.92,4.53,0.57,0.01,0.88,19.51,29.77,85.22,1.29,3.09,0.85,0.82,0.86,,
Wuzhou,111.28,23.47,2016,4,2016-04,23.98,31.58,14.17,8.2,21.65,24.11,99.43,3.19,11.34,160.2,4.85,87.36,16.46,7.94,10.57,36.22,4.9,0.6,0.02,0.98,20.5,34.03,85.72,1.8,3.79,0.89,0.86,0.89,24.71,
Wuzhou,111.28,23.47,2016,5,2016-05,25.54,32.29,14.11,7.64,23.1,25.63,99.29,3.07,8.95,148.8,4.76,86.98,18.08,9.74,14.68,36.38,6.93,0.91,0.03,1.54,24.52,34.76,80.77,2.73,4.71,0.93,0.9,0.92,26.42,
Wuzhou,111.28,23.47,2016,6,2016-06,27.73,33.02,21.45,6.71,25.31,27.74,99.09,2.54,6.09,186.4,3.99,87.26,20.53,7.02,17.5,37.08,8.39,1.13,0.03,1.95,26.47,36.05,79.31,4.14,5.15,0.95,0.92,0.92,32.48,
Wuzhou,111.28,23.47,2016,7,2016-07,27.99,34.09,23.3,6.68,25.43,27.91,99.05,2.67,6.32,186.5,4.25,86.62,20.67,5.39,20.07,37.01,9.5,1.26,0.04,2.23,26.36,36.07,77.23,5.11,4.77,0.88,0.86,0.88,33.14,
Wuzhou,111.28,23.47,2016,8,2016-08,27.87,34.17,20.41,6.75,25.01,27.72,98.69,2.96,12.09,60.2,4.43,85.17,20.33,8.94,15.83,37.36,7.49,0.99,0.03,1.71,24.18,36.26,84.92,5.11,4.99,0.87,0.85,0.88,32.56,
Wuzhou,111.28,23.47,2016,9,2016-09,26.12,33.73,17.11,7.62,23.02,26.12,99.22,2.74,8.1,24.5,4.28,83.77,17.96,4.66,16.18,36.27,7.56,0.99,0.03,1.63,22.08,35.13,67.88,5.78,5.05,0.83,0.81,0.84,26.97,
Wuzhou,111.28,23.47,2016,10,2016-10,24.4,32.16,13.99,9.84,20.33,24.67,99.62,3.53,8.3,38.4,5.29,79.29,15.24,2.37,14.35,35.23,6.7,0.87,0.02,1.4,19.64,33.85,59.4,4.59,3.91,0.67,0.67,0.68,24.97,
Wuzhou,111.28,23.47,2016,11,2016-11,18.4,31.16,3.95,10.5,14.19,18.7,100.22,3.37,9.04,37.4,4.79,78.04,10.84,4.61,10.37,32.59,4.81,0.62,0.02,0.95,16.27,30.49,64.18,1.75,2.44,0.65,0.64,0.67,,
Wuzhou,111.28,23.47,2016,12,2016-12,14.68,27.06,2.74,11.89,9.72,14.67,100.45,3.45,9.87,41.3,5.3,74.22,7.89,0.32,12.24,29.36,5.44,0.67,0.02,0.95,15.02,27.57,52.33,1.78,2.03,0.67,0.66,0.68,,
Wuzhou,111.28,23.47,2017,1,2017-01,15.31,27.62,4.64,11.48,10.34,15.77,100.45,3.1,7.16,44.0,4.45,74.35,8.07,1.13,9.61,30.91,4.34,0.55,0.01,0.85,15.31,28.19,67.09,0.69,1.54,0.62,0.62,0.61,,
Wuzhou,111.28,23.47,2017,2,2017-02,15.39,31.55,2.65,13.16,8.98,16.3,100.47,3.44,9.11,49.9,4.85,68.62,7.56,1.27,11.22,31.11,5.02,0.63,0.02,0.97,17.95,27.83,70.53,0.42,1.56,0.6,0.6,0.59,,
Wuzhou,111.28,23.47,2017,3,2017-03,19.26,32.31,8.98,10.85,14.68,20.0,99.99,3.63,9.48,89.4,5.07,77.14,10.88,5.81,8.53,34.13,4.01,0.53,0.01,0.88,20.32,30.77,91.7,0.99,2.16,0.64,0.63,0.66,,
Wuzhou,111.28,23.47,2017,4,2017-04,22.64,33.71,8.86,10.54,17.96,23.17,99.66,3.44,7.91,134.7,4.98,76.64,13.34,3.58,13.74,34.73,6.38,0.83,0.02,1.34,23.41,32.53,78.21,3.08,3.71,0.69,0.68,0.71,22.96,
Wuzhou,111.28,23.47,2017,5,2017-05,25.31,32.64,17.32,8.89,21.34,25.56,99.44,2.72,9.98,117.7,4.01,79.87,16.17,7.15,15.81,35.9,7.4,0.97,0.03,1.61,24.99,34.19,81.95,5.07,4.8,0.75,0.73,0.78,25.98,
Wuzhou,111.28,23.47,2017,6,2017-06,27.45,33.65,22.49,6.04,25.0,27.49,99.01,2.62,7.68,176.9,4.15,87.08,20.17,6.28,15.34,37.28,7.35,1.0,0.03,1.71,25.66,36.08,93.04,4.15,3.92,0.75,0.73,0.79,31.66,
Wuzhou,111.28,23.47,2017,7,2017-07,27.77,34.33,23.32,6.73,25.21,27.79,99.06,2.59,6.54,137.0,4.04,86.65,20.39,8.53,17.7,37.12,8.4,1.13,0.03,1.97,26.09,36.0,85.2,5.55,5.23,0.86,0.84,0.88,32.5,
Wuzhou,111.28,23.47,2017,8,2017-08,28.01,34.26,23.22,6.57,25.31,27.9,99.01,2.72,15.2,172.2,4.16,85.85,20.54,7.19,18.07,37.05,8.57,1.14,0.03,2.03,25.04,36.09,82.04,5.21,4.79,0.84,0.82,0.86,33.07,
Wuzhou,111.28,23.47,2017,9,2017-09,28.03,33.81,22.27,7.32,24.75,28.01,99.33,2.06,5.88,114.9,3.19,83.19,19.81,3.94,17.35,36.98,8.12,1.06,0.03,1.77,22.33,35.94,72.08,6.22,5.04,0.82,0.8,0.84,32.68,
Wuzhou,111.28,23.47,2017,10,2017-10,23.02,32.99,9.93,10.99,17.9,23.25,99.85,3.87,11.81,34.5,5.81,74.81,13.46,1.53,15.59,33.71,7.12,0.9,0.02,1.38,19.56,32.42,56.96,4.41,3.95,0.68,0.67,0.68,23.33,
Wuzhou,111.28,23.47,2017,11,2017-11,18.31,30.47,8.21,9.59,13.88,18.57,100.21,3.42,8.59,36.6,5.07,77.73,10.33,3.4,8.53,33.18,3.96,0.52,0.01,0.79,15.62,30.63,85.06,1.16,2.03,0.63,0.62,0.64,,
Wuzhou,111.28,23.47,2017,12,2017-12,13.05,24.22,-0.36,11.83,6.03,13.15,100.62,3.61,9.88,27.6,5.47,65.64,6.13,0.44,11.01,28.87,4.8,0.58,0.01,0.79,14.35,26.29,65.33,0.84,1.57,0.63,0.62,0.62,,
Wuzhou,111.28,23.47,2018,1,2018-01,12.67,26.1,0.21,11.3,7.52,13.02,100.33,3.55,9.52,43.5,4.97,73.07,7.0,2.86,8.59,30.62,3.87,0.5,0.01,0.71,15.27,27.07,79.59,0.87,1.7,0.65,0.64,0.66,,
Wuzhou,111.28,23.47,2018,2,2018-02,14.24,29.17,-1.63,12.87,7.57,14.85,100.4,3.31,7.7,35.4,4.8,67.22,7.33,0.85,10.44,30.99,4.65,0.59,0.01,0.9,17.89,27.31,80.56,0.52,1.59,0.62,0.61,0.6,,
Wuzhou,111.28,23.47,2018,3,2018-03,20.58,33.47,4.49,12.93,14.1,21.34,99.96,3.3,9.56,116.4,4.65,69.4,10.59,2.74,13.19,33.13,5.93,0.75,0.02,1.18,20.84,30.48,70.8,0.94,2.33,0.62,0.61,0.61,20.51,
Wuzhou,111.28,23.47,2018,4,2018-04,23.35,34.24,8.97,11.21,16.87,24.17,99.75,3.28,10.0,131.8,4.71,70.03,12.62,4.4,12.33,34.96,5.71,0.74,0.02,1.16,23.02,32.57,83.28,0.99,2.47,0.61,0.61,0.61,23.57,
Wuzhou,111.28,23.47,2018,5,2018-05,26.86,34.34,19.85,8.48,23.35,27.03,99.38,3.06,6.66,180.2,4.61,82.29,18.19,5.12,17.89,36.64,8.46,1.12,0.03,1.8,25.79,35.14,73.65,5.03,4.63,0.73,0.72,0.76,29.63,
Wuzhou,111.28,23.47,2018,6,2018-06,27.24,33.23,22.02,7.2,24.25,27.31,98.87,3.04,11.04,110.4,4.61,84.59,19.33,9.57,16.67,37.18,7.93,1.07,0.03,1.79,26.03,35.81,84.09,5.67,5.12,0.78,0.76,0.82,30.79,
Wuzhou,111.28,23.47,2018,7,2018-07,28.09,34.47,23.84,7.11,25.24,28.14,98.76,2.86,8.19,124.1,4.45,85.34,20.49,6.34,17.3,37.22,8.24,1.11,0.03,1.87,26.27,36.05,85.55,6.77,5.42,0.76,0.75,0.8,33.21,
Wuzhou,111.28,23.47,2018,8,2018-08,27.94,33.9,22.85,6.32,25.01,27.83,98.62,2.38,8.13,55.6,3.68,84.85,20.25,9.27,15.62,37.42,7.41,0.99,0.03,1.7,24.26,36.25,88.5,5.24,4.49,0.78,0.76,0.83,32.7,
Wuzhou,111.28,23.47,2018,9,2018-09,26.33,32.8,17.3,7.72,23.09,26.23,99.33,3.04,22.03,52.9,4.59,83.11,18.03,6.58,16.06,36.18,7.51,0.98,0.03,1.59,22.27,34.95,68.97,5.71,5.28,0.87,0.85,0.88,28.49,
Wuzhou,111.28,23.47,2018,10,2018-10,21.28,29.39,11.58,9.54,17.06,21.06,100.06,2.77,8.1,35.2,4.33,78.47,12.38,3.21,13.55,33.04,6.22,0.8,0.02,1.26,19.36,31.46,58.63,4.88,4.1,0.76,0.75,0.79,21.51,
Wuzhou,111.28,23.47,2018,11,2018-11,19.01,28.49,8.83,11.14,15.11,19.13,100.21,2.69,7.55,43.0,4.02,79.55,11.01,1.44,11.68,32.84,5.34,0.68,0.02,1.05,16.61,30.71,63.2,3.01,2.79,0.68,0.68,0.7,,
Wuzhou,111.28,23.47,2018,12,2018-12,13.91,28.69,-0.22,11.05,9.54,14.38,100.54,4.02,8.04,31.5,5.48,76.19,8.12,1.27,6.94,31.45,3.23,0.42,0.01,0.67,14.1,28.24,83.97,1.07,1.79,0.64,0.64,0.64,,
Wuzhou,111.28,23.47,2019,1,2019-01,13.48,27.92,1.15,11.8,8.61,14.03,100.63,3.28,7.93,28.4,4.51,74.51,7.2,0.47,7.71,31.2,3.53,0.47,0.01,0.75,15.07,27.72,81.01,0.36,1.21,0.61,0.61,0.6,,
Wuzhou,111.28,23.47,2019,2,2019-02,17.74,31.57,6.16,12.23,13.1,18.67,100.19,3.41,8.98,49.7,4.54,76.16,9.78,4.39,7.92,34.19,3.68,0.48,0.01,0.83,17.42,30.46,89.34,0.53,1.55,0.61,0.6,0.6,,
Wuzhou,111.28,23.47,2019,3,2019-03,19.33,30.5,9.83,10.4,16.24,19.85,99.91,3.49,8.18,70.3,4.98,83.27,11.88,6.58,9.24,34.37,4.27,0.53,0.01,0.89,18.99,31.31,85.42,1.79,3.31,0.79,0.77,0.82,,
Wuzhou,111.28,23.47,2019,4,2019-04,24.1,31.93,13.47,8.57,21.54,24.35,99.5,3.28,8.77,157.3,4.86,86.34,16.48,8.73,10.88,36.55,5.06,0.63,0.02,1.04,20.91,34.01,85.65,2.23,3.79,0.83,0.81,0.86,24.82,
Wuzhou,111.28,23.47,2019,5,2019-05,25.06,33.32,16.28,7.29,22.5,25.26,99.3,2.84,6.47,105.1,4.23,86.35,17.46,8.39,11.92,36.97,5.64,0.73,0.02,1.22,22.96,35.09,86.18,2.96,4.59,0.91,0.88,0.9,25.88,
Wuzhou,111.28,23.47,2019,6,2019-06,27.63,33.91,21.1,6.39,25.43,27.62,98.91,2.83,5.74,180.2,4.47,88.28,20.73,7.92,15.5,37.36,7.43,1.01,0.03,1.71,25.95,36.11,88.38,3.6,4.98,0.95,0.92,0.93,32.34,
Wuzhou,111.28,23.47,2019,7,2019-07,28.08,33.29,22.88,6.23,25.81,28.03,98.84,2.65,8.01,164.3,4.22,87.94,21.2,6.27,17.3,37.42,8.22,1.1,0.03,1.93,25.66,36.35,89.23,4.34,4.75,0.92,0.89,0.91,33.63,
Wuzhou,111.28,23.47,2019,8,2019-08,28.55,34.28,23.77,6.57,25.7,28.42,98.75,2.75,11.45,88.7,4.16,85.26,21.09,9.6,17.94,37.31,8.44,1.11,0.03,1.91,24.58,36.25,78.94,5.48,5.02,0.87,0.85,0.88,34.55,
Wuzhou,111.28,23.47,2019,9,2019-09,26.39,33.8,16.02,9.38,21.55,25.99,99.47,2.64,6.97,32.0,4.05,76.4,16.68,2.31,19.76,34.68,9.1,1.16,0.03,1.93,23.08,33.89,46.43,6.71,5.43,0.82,0.8,0.82,28.23,
Wuzhou,111.28,23.47,2019,10,2019-10,23.95,32.88,10.65,11.27,18.2,24.38,99.96,2.67,7.49,34.9,4.02,72.7,13.4,1.01,14.26,34.23,6.48,0.82,0.02,1.24,18.82,32.75,51.2,3.06,3.07,0.63,0.62,0.62,24.3,
Wuzhou,111.28,23.47,2019,11,2019-11,19.91,31.49,8.24,14.36,11.05,20.57,100.23,3.47,8.84,28.9,5.05,59.72,8.45,0.04,14.52,31.08,6.49,0.79,0.02,1.09,16.52,29.59,42.2,0.39,1.14,0.55,0.56,0.46,,
Wuzhou,111.28,23.47,2019,12,2019-12,15.74,30.82,2.51,14.5,5.42,16.33,100.52,3.6,8.58,23.4,5.16,55.01,6.14,0.07,11.55,29.3,5.06,0.62,0.01,0.82,15.01,26.95,51.01,0.01,0.3,0.52,0.53,0.31,,
Wuzhou,111.28,23.47,2020,1,2020-01,16.25,31.45,1.98,13.13,8.23,17.16,100.37,3.46,8.17,48.2,4.84,61.92,7.19,1.33,10.0,31.29,4.49,0.57,0.01,0.77,15.19,28.01,71.04,0.03,0.46,0.53,0.54,0.36,,
Wuzhou,111.28,23.47,2020,2,2020-02,16.81,29.56,3.29,12.05,11.73,17.24,100.48,3.33,14.24,74.9,4.78,74.26,9.1,4.28,10.17,32.26,4.58,0.58,0.01,0.87,17.12,28.96,76.57,1.12,2.1,0.64,0.63,0.66,,
Wuzhou,111.28,23.47,2020,3,2020-03,20.23,31.17,9.95,10.06,16.61,20.71,99.89,3.72,9.67,97.2,5.27,80.97,12.2,7.02,8.34,35.23,3.9,0.49,0.01,0.77,18.74,31.97,92.43,1.58,2.89,0.71,0.7,0.75,20.42,
Wuzhou,111.28,23.47,2020,4,2020-04,19.89,31.51,9.11,9.42,16.02,20.11,100.05,3.11,10.14,60.8,4.44,79.87,11.75,4.77,12.9,33.85,5.92,0.75,0.02,1.18,22.15,31.36,84.71,2.3,3.7,0.83,0.81,0.85,,
Wuzhou,111.28,23.47,2020,5,2020-05,26.77,35.55,18.96,8.39,23.34,26.87,99.2,2.93,6.8,188.1,4.49,82.51,18.26,6.61,16.06,37.29,7.56,1.0,0.03,1.64,24.91,35.64,79.04,4.73,4.66,0.76,0.74,0.8,29.44,
Wuzhou,111.28,23.47,2020,6,2020-06,27.78,33.94,22.87,7.0,25.29,27.73,99.03,3.33,7.53,175.6,5.3,87.06,20.49,6.67,16.68,37.44,7.95,1.07,0.03,1.83,26.39,36.23,88.17,5.31,5.29,0.84,0.82,0.86,32.6,
Wuzhou,111.28,23.47,2020,7,2020-07,29.49,37.93,23.42,8.98,24.83,29.8,99.03,2.91,7.05,188.1,4.55,78.04,19.96,2.66,20.28,38.04,9.52,1.26,0.04,2.23,26.47,37.04,83.98,6.05,5.14,0.69,0.68,0.69,35.66,
Wuzhou,111.28,23.47,2020,8,2020-08,28.13,35.43,23.2,7.4,24.57,28.2,99.02,2.66,10.33,139.6,3.99,82.19,19.64,7.14,18.47,37.5,8.71,1.16,0.03,2.06,25.27,36.33,76.91,5.53,4.65,0.7,0.69,0.73,32.79,
Wuzhou,111.28,23.47,2020,9,2020-09,27.09,34.95,19.52,8.05,23.77,27.29,99.35,2.48,8.12,86.6,3.7,83.11,18.7,5.6,14.59,37.63,6.87,0.91,0.03,1.53,21.89,36.13,80.65,6.02,4.85,0.7,0.69,0.74,30.26,
Wuzhou,111.28,23.47,2020,10,2020-10,22.18,32.61,12.49,11.0,16.88,22.59,99.91,4.25,8.7,34.2,6.15,73.9,12.38,1.42,13.14,34.65,6.05,0.79,0.02,1.23,19.37,32.4,75.36,2.98,3.24,0.64,0.63,0.63,22.38,
Wuzhou,111.28,23.47,2020,11,2020-11,20.57,33.18,7.88,13.59,12.99,21.31,100.3,3.78,7.62,32.5,5.5,64.93,9.75,0.06,13.2,32.54,5.95,0.74,0.02,1.04,16.54,30.56,52.73,0.42,1.36,0.56,0.56,0.5,20.38,
Wuzhou,111.28,23.47,2020,12,2020-12,13.17,28.83,1.32,12.98,5.33,14.03,100.59,4.26,10.4,24.5,5.83,61.72,5.92,0.37,10.76,28.88,4.74,0.58,0.01,0.78,14.5,26.49,57.26,0.01,0.5,0.53,0.53,0.41,,
Wuzhou,111.28,23.47,2021,1,2021-01,13.54,27.91,-0.86,14.37,1.9,14.11,100.53,3.49,9.22,32.7,4.9,49.22,4.89,0.26,11.41,28.71,4.94,0.6,0.01,0.81,15.55,25.7,55.87,0.0,0.35,0.53,0.53,0.35,,
Wuzhou,111.28,23.47,2021,2,2021-02,19.11,31.08,8.56,13.31,11.3,19.84,100.13,2.87,7.27,43.9,4.02,64.22,8.53,3.37,13.57,31.24,6.03,0.74,0.02,1.01,18.14,29.03,51.92,0.53,1.44,0.59,0.59,0.52,,
Wuzhou,111.28,23.47,2021,3,2021-03,21.3,35.22,10.61,11.51,16.07,22.27,99.92,3.51,11.42,121.1,4.99,74.1,11.84,1.86,10.01,35.57,4.53,0.55,0.01,0.88,18.49,32.01,88.91,0.73,2.12,0.62,0.61,0.6,21.42,
Wuzhou,111.28,23.47,2021,4,2021-04,23.99,35.38,14.41,10.48,18.88,24.9,99.74,3.05,6.95,87.1,4.29,75.11,13.88,4.51,11.37,36.44,5.26,0.67,0.02,1.05,21.45,33.87,86.88,1.64,2.86,0.63,0.62,0.64,24.41,
Wuzhou,111.28,23.47,2021,5,2021-05,27.53,37.26,19.15,8.85,23.6,27.77,99.27,3.32,7.95,192.6,5.02,80.65,18.54,5.22,16.45,37.13,7.83,1.05,0.03,1.75,25.88,35.64,82.8,4.11,4.26,0.67,0.66,0.69,31.04,
Wuzhou,111.28,23.47,2021,6,2021-06,28.12,36.5,18.17,8.08,24.4,28.33,98.96,2.75,6.68,166.9,4.27,81.57,19.56,8.49,16.78,37.53,7.95,1.06,0.03,1.8,26.09,36.33,86.73,6.22,5.36,0.7,0.69,0.74,32.66,
Wuzhou,111.28,23.47,2021,7,2021-07,29.29,36.99,23.78,8.97,24.65,29.7,98.88,2.72,7.55,157.1,4.2,77.87,19.76,3.13,20.42,37.71,9.59,1.26,0.04,2.19,26.27,36.73,79.27,6.16,5.25,0.66,0.65,0.67,35.07,
Wuzhou,111.28,23.47,2021,8,2021-08,28.51,34.32,23.1,8.23,24.68,28.84,99.06,2.15,4.71,174.4,3.35,81.16,19.78,6.33,18.08,37.23,8.59,1.15,0.03,2.0,25.07,36.21,88.99,6.62,5.22,0.68,0.67,0.71,33.63,
Wuzhou,111.28,23.47,2021,9,2021-09,29.47,38.85,23.0,9.98,23.33,30.21,99.41,1.97,5.16,120.1,3.01,72.14,18.18,1.95,19.58,36.86,9.12,1.18,0.03,1.91,23.09,35.95,59.53,2.06,3.25,0.6,0.6,0.58,34.24,
Wuzhou,111.28,23.47,2021,10,2021-10,23.52,37.06,12.44,11.47,17.31,24.23,99.86,4.68,13.58,39.2,6.53,70.54,12.77,2.82,12.76,34.68,5.98,0.78,0.02,1.18,19.45,32.94,69.81,0.74,2.44,0.58,0.58,0.57,23.77,
Wuzhou,111.28,23.47,2021,11,2021-11,18.63,32.53,7.57,12.82,11.09,19.23,100.23,3.43,10.34,28.2,5.18,65.15,8.92,1.17,11.42,32.09,5.24,0.67,0.02,0.95,16.7,29.6,66.26,0.36,1.68,0.58,0.57,0.55,,
Wuzhou,111.28,23.47,2021,12,2021-12,14.67,28.92,2.54,14.1,6.63,15.15,100.63,3.53,8.12,31.0,5.12,62.61,6.36,0.64,11.83,28.53,5.21,0.64,0.01,0.82,15.03,26.69,43.31,0.04,0.91,0.55,0.55,0.51,,
Wuzhou,111.28,23.47,2022,1,2022-01,14.86,27.26,2.52,12.81,9.31,15.69,100.35,3.15,6.74,38.3,4.44,71.78,7.51,1.64,7.75,31.53,3.54,0.46,0.01,0.65,15.01,27.57,87.01,0.02,0.99,0.55,0.54,0.53,,
Wuzhou,111.28,23.47,2022,2,2022-02,10.76,25.21,1.7,10.17,7.45,11.46,100.49,3.91,9.38,33.7,5.2,81.1,6.67,7.61,8.02,30.22,3.7,0.49,0.01,0.75,18.18,26.52,87.4,0.62,1.82,0.7,0.69,0.74,,
Wuzhou,111.28,23.47,2022,3,2022-03,20.86,31.23,8.15,10.93,17.18,21.22,99.78,3.23,10.32,124.1,4.59,80.87,12.63,5.34,12.39,34.1,5.69,0.73,0.02,1.13,20.72,31.48,78.79,2.34,3.64,0.77,0.76,0.8,21.11,
Wuzhou,111.28,23.47,2022,4,2022-04,21.84,33.2,8.42,10.61,17.07,22.01,99.79,3.18,9.25,85.0,4.59,76.24,12.67,4.02,16.15,33.44,7.35,0.93,0.03,1.46,23.16,31.64,63.91,3.55,4.41,0.77,0.75,0.79,22.07,
Wuzhou,111.28,23.47,2022,5,2022-05,23.87,31.45,13.43,7.87,20.81,24.04,99.39,2.88,8.72,82.6,4.21,83.89,15.86,11.09,13.81,35.41,6.59,0.88,0.02,1.43,25.03,33.79,87.95,3.2,4.45,0.86,0.83,0.88,24.5,
Wuzhou,111.28,23.47,2022,6,2022-06,27.04,32.59,22.47,6.16,25.1,27.0,98.96,2.86,6.04,183.2,4.55,89.54,20.28,13.44,13.7,37.19,6.63,0.9,0.03,1.47,25.7,36.02,91.94,3.04,4.9,0.97,0.94,0.95,30.8,
Wuzhou,111.28,23.47,2022,7,2022-07,28.22,33.51,23.56,6.86,25.43,28.2,98.96,2.98,17.77,175.5,4.46,85.53,20.69,6.13,19.46,37.14,9.28,1.24,0.04,2.15,26.66,36.32,63.92,5.96,5.59,0.91,0.88,0.9,33.62,
Wuzhou,111.28,23.47,2022,8,2022-08,28.07,35.43,22.75,7.35,25.06,28.17,99.09,2.75,12.95,125.9,4.15,84.55,20.21,5.48,17.65,37.47,8.49,1.15,0.03,2.02,25.52,36.42,74.22,6.96,5.51,0.78,0.77,0.81,33.02,
Wuzhou,111.28,23.47,2022,9,2022-09,27.69,34.78,20.93,9.42,22.38,27.71,99.37,2.4,5.53,35.5,3.71,74.51,17.17,3.7,19.19,36.3,8.86,1.13,0.03,1.87,22.36,35.34,56.88,6.45,4.99,0.68,0.67,0.7,30.62,
Wuzhou,111.28,23.47,2022,10,2022-10,23.93,34.98,12.56,13.17,14.33,24.49,99.99,3.95,10.32,33.1,5.81,58.53,10.79,0.55,18.19,32.77,8.31,1.05,0.03,1.63,20.43,31.81,40.15,1.41,2.43,0.58,0.58,0.53,23.91,
Wuzhou,111.28,23.47,2022,11,2022-11,22.01,32.74,7.44,10.79,16.95,22.58,99.96,3.14,10.03,49.7,4.61,75.68,12.34,5.03,9.19,34.32,4.31,0.57,0.01,0.87,16.44,32.16,78.12,0.6,1.82,0.58,0.58,0.59,22.24,
Wuzhou,111.28,23.47,2022,12,2022-12,10.84,21.72,0.46,12.67,4.44,11.09,100.62,3.98,11.45,26.9,5.83,67.6,5.36,0.31,11.32,27.62,4.98,0.61,0.01,0.83,15.12,25.28,52.33,1.04,1.74,0.65,0.64,0.64,,
Wuzhou,111.28,23.47,2023,1,2023-01,12.61,26.66,0.05,11.68,7.44,12.87,100.56,3.8,9.73,31.7,5.55,72.97,6.92,3.11,9.97,29.22,4.46,0.57,0.01,0.81,16.01,26.34,67.57,1.02,1.81,0.67,0.66,0.68,,
Wuzhou,111.28,23.47,2023,2,2023-02,16.82,29.6,5.25,12.11,11.96,17.39,100.33,3.36,8.34,57.2,4.78,75.17,9.11,1.53,10.74,31.34,4.83,0.61,0.02,0.94,17.83,28.72,67.97,1.25,2.1,0.66,0.65,0.67,,
Wuzhou,111.28,23.47,2023,3,2023-03,20.72,34.5,10.23,12.01,14.59,21.61,100.04,3.13,9.26,70.1,4.42,70.81,10.65,4.99,11.35,33.41,5.11,0.62,0.02,0.98,19.04,30.84,74.32,0.48,1.85,0.61,0.6,0.61,20.7,
Wuzhou,111.28,23.47,2023,4,2023-04,23.13,32.9,10.96,10.11,19.3,23.51,99.54,3.61,10.95,127.4,5.28,80.46,14.45,4.51,11.49,35.49,5.31,0.65,0.02,1.03,20.88,33.05,82.21,3.07,3.78,0.72,0.71,0.75,23.6,
Wuzhou,111.28,23.47,2023,5,2023-05,26.33,35.72,16.73,9.67,22.52,26.67,99.34,3.05,7.48,143.0,4.52,80.87,17.44,5.55,14.4,36.82,6.87,0.91,0.03,1.52,24.8,35.13,76.5,5.95,5.31,0.74,0.72,0.77,28.37,
Wuzhou,111.28,23.47,2023,6,2023-06,28.56,35.95,23.25,7.64,24.7,28.82,99.03,2.24,5.7,149.2,3.45,81.08,19.8,7.91,17.01,37.67,8.16,1.1,0.03,1.89,26.23,36.49,82.46,5.85,4.98,0.7,0.69,0.74,33.75,
Wuzhou,111.28,23.47,2023,7,2023-07,29.03,36.05,24.17,7.8,25.3,29.17,98.99,2.88,11.7,158.0,4.4,81.47,20.52,6.28,19.55,37.74,9.37,1.25,0.04,2.19,26.59,36.88,73.08,8.05,5.93,0.72,0.71,0.76,35.15,
Wuzhou,111.28,23.47,2023,8,2023-08,28.42,34.52,21.29,7.59,24.83,28.73,98.9,2.04,5.57,139.0,3.17,82.05,20.0,6.32,16.58,37.82,7.97,1.08,0.03,1.89,24.91,36.64,86.5,6.35,5.09,0.69,0.68,0.73,33.55,
Wuzhou,111.28,23.47,2023,9,2023-09,27.21,32.82,22.04,7.38,24.37,27.22,99.28,3.03,10.04,61.7,4.57,85.17,19.35,9.38,14.6,37.17,6.98,0.93,0.03,1.52,22.87,36.0,69.76,6.28,5.46,0.83,0.81,0.86,30.78,
Wuzhou,111.28,23.47,2023,10,2023-10,23.29,32.23,15.69,8.54,19.89,23.25,99.96,2.97,8.07,37.2,4.51,82.15,14.78,4.4,12.94,34.76,6.07,0.79,0.02,1.22,19.5,33.27,68.17,5.42,4.29,0.76,0.74,0.79,23.82,
Wuzhou,111.28,23.47,2023,11,2023-11,19.59,30.08,6.24,11.08,14.87,19.26,100.34,2.84,9.13,41.3,4.17,75.78,11.01,0.76,12.43,31.73,5.65,0.71,0.02,0.99,16.62,30.14,53.31,3.61,3.08,0.7,0.69,0.71,,
Wuzhou,111.28,23.47,2023,12,2023-12,14.57,29.64,-0.1,12.61,8.5,14.8,100.6,3.59,9.95,32.1,5.12,69.61,7.71,0.9,10.0,29.96,4.54,0.57,0.01,0.74,14.91,27.67,64.6,0.78,1.62,0.61,0.61,0.6,,
Wuzhou,111.28,23.47,2024,1,2024-01,14.57,28.24,-1.0,11.88,9.86,15.08,100.58,3.26,9.11,47.1,4.63,75.3,8.05,1.96,8.27,31.01,3.79,0.48,0.01,0.66,15.05,27.72,77.4,0.46,1.43,0.61,0.6,0.6,,
Wuzhou,111.28,23.47,2024,2,2024-02,15.25,33.06,2.26,12.48,9.91,16.1,100.39,4.14,8.58,48.4,5.5,72.8,8.25,1.27,7.71,31.77,3.58,0.47,0.01,0.73,17.94,28.47,82.69,0.5,1.61,0.61,0.61,0.6,,
Wuzhou,111.28,23.47,2024,3,2024-03,20.24,32.69,4.91,11.87,14.86,21.0,100.0,3.82,10.72,99.1,5.42,73.51,11.18,3.14,10.04,34.15,4.67,0.6,0.02,0.93,20.13,30.89,90.66,1.1,2.33,0.63,0.63,0.63,20.24,
Wuzhou,111.28,23.47,2024,4,2024-04,25.73,36.05,16.73,9.39,22.2,25.96,99.29,3.24,9.54,159.6,4.8,82.3,17.07,15.17,11.3,36.9,5.28,0.64,0.02,0.96,20.82,34.88,88.09,2.03,3.59,0.75,0.74,0.78,26.51,
Wuzhou,111.28,23.47,2024,5,2024-05,24.88,32.12,17.03,7.35,22.2,24.97,99.42,3.04,8.2,90.3,4.52,85.74,17.03,8.51,12.3,36.17,5.89,0.78,0.02,1.22,24.17,34.56,87.37,2.83,4.79,0.93,0.9,0.92,25.66,
Wuzhou,111.28,23.47,2024,6,2024-06,27.24,32.37,21.27,5.85,25.37,27.18,99.08,2.79,6.62,155.4,4.35,89.82,20.63,14.05,13.36,37.5,6.55,0.91,0.03,1.56,25.84,36.36,93.57,2.54,4.56,0.98,0.95,0.95,31.41,
Wuzhou,111.28,23.47,2024,7,2024-07,28.37,33.61,23.99,6.99,25.77,28.43,98.97,2.81,6.71,153.3,4.48,86.5,21.11,7.17,18.49,37.55,8.89,1.2,0.03,2.09,26.56,36.61,75.33,6.32,5.92,0.88,0.85,0.88,34.25,
Wuzhou,111.28,23.47,2024,8,2024-08,28.5,33.91,23.87,7.37,25.14,28.52,99.09,1.96,5.93,208.5,2.94,82.86,20.32,6.12,18.08,37.57,8.64,1.15,0.03,2.03,24.99,36.57,76.31,6.94,5.81,0.85,0.83,0.87,33.93,
Wuzhou,111.28,23.47,2024,9,2024-09,27.42,33.67,18.52,7.23,24.45,27.32,99.11,2.78,9.52,46.4,4.21,84.55,19.55,5.16,15.62,37.19,7.46,0.99,0.03,1.65,22.74,36.13,72.12,5.73,4.96,0.82,0.8,0.85,31.25,
Wuzhou,111.28,23.47,2024,10,2024-10,22.99,32.22,11.25,11.65,17.22,23.18,99.84,3.63,8.81,28.4,5.52,71.94,12.63,0.8,16.45,33.41,7.55,0.96,0.03,1.47,19.93,32.11,52.17,4.72,4.08,0.67,0.66,0.66,23.22,
Wuzhou,111.28,23.47,2024,11,2024-11,20.29,33.52,7.26,13.0,12.95,20.82,100.22,3.66,8.59,31.1,5.52,66.26,9.82,0.92,13.62,31.92,6.24,0.78,0.02,1.13,17.03,30.27,51.63,0.57,1.72,0.57,0.57,0.55,20.1,
Wuzhou,111.28,23.47,2024,12,2024-12,14.24,28.45,3.53,14.16,4.11,14.91,100.56,3.81,7.75,27.7,5.5,53.8,5.37,0.01,11.62,28.46,5.07,0.61,0.01,0.78,14.74,26.3,48.38,0.03,0.57,0.54,0.54,0.41,,
Wuzhou,111.28,23.47,2025,1,2025-01,14.66,28.3,1.35,15.5,2.65,15.35,100.51,3.57,12.22,37.5,5.32,48.9,4.99,0.33,13.54,27.58,5.79,0.69,0.02,0.89,15.9,25.68,39.04,0.0,0.28,0.52,0.53,0.31,,
Wuzhou,111.28,23.47,2025,2,2025-02,16.26,32.01,3.49,13.64,7.45,17.78,100.49,3.82,10.43,32.3,4.99,58.71,6.75,0.36,8.59,32.13,3.93,0.51,0.01,0.79,17.6,27.83,87.77,0.0,0.35,0.52,0.53,0.34,,
Wuzhou,111.28,23.47,2025,3,2025-03,19.2,35.21,6.93,13.46,11.56,20.3,100.09,3.94,9.6,33.6,5.3,64.7,9.07,2.88,12.99,32.44,5.87,0.73,0.02,1.1,20.61,29.8,65.85,0.32,1.85,0.58,0.58,0.56,,
Wuzhou,111.28,23.47,2025,4,2025-04,25.37,38.01,8.04,13.35,16.09,26.46,99.62,3.15,14.47,175.8,4.47,61.04,12.19,2.45,14.43,35.08,6.62,0.83,0.02,1.27,22.6,32.91,78.13,0.27,2.04,0.56,0.56,0.53,25.56,
Wuzhou,111.28,23.47,2025,5,2025-05,25.58,36.12,13.65,8.85,21.76,25.88,99.42,2.91,9.28,139.3,4.34,81.13,16.75,11.86,13.11,36.14,6.23,0.84,0.02,1.33,25.35,34.45,87.03,3.43,4.67,0.78,0.76,0.81,26.31,
Wuzhou,111.28,23.47,2025,6,2025-06,27.52,33.57,20.66,7.09,24.94,27.62,99.03,3.06,13.96,149.3,4.7,86.53,20.1,11.06,16.18,37.4,7.83,1.07,0.03,1.82,26.5,36.3,85.4,4.88,5.45,0.88,0.86,0.89,31.78,
Wuzhou,111.28,23.47,2025,7,2025-07,28.53,33.95,23.31,6.66,25.68,28.49,98.6,2.51,10.41,10.4,3.79,85.22,21.09,7.11,18.52,37.79,8.88,1.19,0.03,2.07,26.12,36.9,79.11,5.62,5.28,0.88,0.86,0.89,34.48,
Wuzhou,111.28,23.47,2025,8,2025-08,27.7,32.81,22.38,6.89,24.78,27.66,99.18,2.45,6.03,133.3,3.77,84.95,19.88,10.5,16.48,37.11,7.89,1.06,0.03,1.86,25.28,36.03,82.61,5.53,5.71,0.94,0.91,0.92,32.06,
Wuzhou,111.28,23.47,2025,9,2025-09,27.3,33.03,21.14,7.38,23.98,27.21,99.34,2.97,16.28,71.1,4.39,82.95,18.91,4.96,16.17,36.73,7.7,1.02,0.03,1.7,23.15,35.76,70.36,6.63,5.29,0.81,0.8,0.84,30.75,
Wuzhou,111.28,23.47,2025,10,2025-10,24.27,33.05,12.14,9.42,19.66,24.37,99.91,3.39,11.33,46.2,4.87,76.54,14.91,0.96,15.33,34.83,7.15,0.92,0.02,1.41,19.91,33.56,55.72,5.28,4.15,0.7,0.69,0.7,24.75,
Wuzhou,111.28,23.47,2025,11,2025-11,17.89,29.45,5.03,12.36,10.51,18.12,100.33,3.86,9.56,28.4,5.79,65.73,8.6,1.02,12.05,30.73,5.47,0.7,0.02,1.04,17.18,28.89,65.09,1.13,2.01,0.6,0.6,0.59,,
Wuzhou,111.28,23.47,2025,12,2025-12,16.79,28.39,4.09,12.97,10.19,17.08,100.34,2.9,9.62,30.1,4.3,67.82,8.02,1.1,11.08,30.55,4.95,0.61,0.01,0.8,14.62,28.17,58.84,0.25,1.24,0.57,0.57,0.55,,

# 数据来源: NASA POWER (https://power.larc.nasa.gov/)
# 变量说明: 2m气温/最高最低气温/露点/地表温度/气压/10m和50m风/相对湿度/比湿/降水/辐射(短波/长波/光合有效/UVA/UVB)/总云量/蒸散发/土壤湿度/高温指数/风寒指数
# 时间范围: 2005-2025 | 空间范围: 广西8个代表性城市(南宁/桂林/柳州/梧州/北海/百色/河池/防城港)
# 数据说明: NASA卫星遥感与GMAO同化模型产品, 全球0.5°×0.625°格点, 月均值
# 获取方式: NASA POWER REST API按站点坐标提取
