station,year,month,longitude,latitude,气温_2m_℃,最高气温_℃,最低气温_℃,气温日较差_℃,露点温度_℃,地表温度_℃,气压_kPa,风速_10m_ms,最大风速_10m_ms,风速_50m_ms,风向_10m_度,相对湿度_%,比湿_gkg,降水量_mm_day,短波辐射_全天空_kWhm2day,长波辐射_全天空_kWhm2day,光合有效辐射_kWhm2day,紫外线指数,总云量_%,蒸散发_mm_day,陆地蒸发_mm_day,根区土壤湿度_01,剖面土壤湿度_01,表层土壤湿度_01,短波辐射_晴空_kWhm2day,SPI_1m,SPI_3m,SPEI_1m,SPEI_3m,NDVI,K指数_℃,Showalter指数_℃,整层水汽通量_kg_ms,温度_℃_850hPa,温度_℃_500hPa,比湿_gkg_850hPa,比湿_gkg_700hPa,month_sin,month_cos,日期
Baise,2005,1,106.62,23.9,9.2,28.51,-2.77,11.21,4.45,9.56,96.43,2.66,6.97,4.27,74.3,75.14,5.73,1.02,6.73,28.67,3.1,0.58,66.45,0.11,0.81,0.53,0.53,0.53,15.02,0.0777,-0.1906,-0.0162,0.1518,0.089,9.39,9.21,0.013903,6.18,-9.76,5.792,3.465,0.49999999999999994,0.8660254037844387,2005-01-01
Baise,2005,2,106.62,23.9,13.86,34.23,0.52,14.5,7.36,14.61,96.16,3.42,7.46,5.13,92.2,68.26,7.25,0.62,10.04,30.58,4.64,0.96,61.3,0.14,1.08,0.52,0.52,0.5,18.26,-0.2548,-0.1906,-0.1885,0.1518,0.1196,21.5,-0.84,0.021194,10.04,-11.19,7.918,4.447,0.8660254037844386,0.5000000000000001,2005-02-01
Baise,2005,3,106.62,23.9,16.78,33.88,3.54,13.89,9.53,17.46,96.22,3.33,8.11,5.12,106.6,66.15,8.29,1.7,11.19,31.08,5.15,1.04,74.28,0.17,1.31,0.51,0.52,0.5,20.58,0.2375,-0.1906,0.4715,0.1518,0.1358,22.74,-0.35,0.016748,10.03,-10.57,7.979,4.926,1.0,6.123233995736766e-17,2005-03-01
Baise,2005,4,106.62,23.9,22.73,38.85,11.41,13.43,14.99,23.39,95.78,2.98,7.07,4.76,135.5,65.96,11.42,3.05,14.76,33.0,6.78,1.4,63.68,0.54,2.06,0.53,0.53,0.52,22.96,0.3819,0.076,0.1623,0.3112,0.2082,28.59,-8.7,0.018512,15.78,-7.45,10.438,6.008,0.8660254037844387,-0.4999999999999998,2005-04-01
Baise,2005,5,106.62,23.9,26.95,39.99,18.4,11.79,20.83,27.34,95.11,2.75,6.87,4.69,159.2,73.49,16.43,8.19,19.11,34.76,8.99,2.01,65.91,2.71,4.16,0.62,0.61,0.65,26.06,0.6099,0.5817,0.4337,0.5294,0.2073,34.69,-17.98,0.027237,19.54,-5.08,13.628,7.542,0.49999999999999994,-0.8660254037844387,2005-05-01
Baise,2005,6,106.62,23.9,26.34,33.72,21.35,7.33,23.86,26.38,94.86,2.15,4.97,3.72,129.8,87.24,19.68,6.119999999999999,13.81,35.97,6.74,1.64,91.3,3.49,4.79,0.88,0.87,0.89,25.55,2.2476,1.658,1.7623,1.3396,0.1988,37.78,-20.0,0.018498,20.09,-2.47,15.796,10.043,1.2246467991473532e-16,-1.0,2005-06-01
Baise,2005,7,106.62,23.9,26.58,33.6,21.11,8.14,23.46,26.56,95.17,2.35,6.34,4.01,151.5,84.35,19.12,4.05,18.13,35.18,8.61,2.08,65.77,5.36,5.54,0.86,0.86,0.86,26.54,-1.1892,0.9876,-1.0842,0.8355,0.2216,33.67,-18.57,0.023499,20.72,-2.92,14.239,7.908,-0.4999999999999997,-0.8660254037844388,2005-07-01
Baise,2005,8,106.62,23.9,25.95,35.58,19.51,8.35,22.95,26.01,95.13,1.94,4.53,3.46,103.5,84.91,18.56,6.31,14.47,35.76,6.96,1.65,85.24,5.36,4.98,0.81,0.8,0.83,24.31,0.0239,0.7302,-0.164,0.6879,0.2602,34.32,-17.13,0.016817,19.99,-2.7,14.053,8.75,-0.8660254037844385,-0.5000000000000004,2005-08-01
Baise,2005,9,106.62,23.9,24.81,33.01,16.83,9.99,20.92,24.82,95.69,2.39,6.7,4.23,71.3,80.91,16.32,2.75,16.09,34.21,7.51,1.69,59.8,5.89,4.9,0.72,0.73,0.75,22.85,-1.1889,-1.1278,-1.1041,-1.0013,0.2177,30.39,-12.33,0.012927,18.43,-3.77,12.338,7.022,-1.0,-1.8369701987210297e-16,2005-09-01
Baise,2005,10,106.62,23.9,20.98,32.73,10.21,10.94,16.03,21.15,96.25,2.28,4.98,4.04,63.5,75.68,12.16,1.2,12.14,32.79,5.54,1.15,60.91,3.38,3.05,0.62,0.63,0.64,18.03,-1.1354,-0.8899,-1.0074,-0.8006,0.1664,26.72,-4.71,0.013353,14.22,-5.53,10.213,6.905,-0.8660254037844386,0.5000000000000001,2005-10-01
Baise,2005,11,106.62,23.9,17.56,31.32,4.79,11.2,12.86,17.77,96.28,2.34,4.66,4.12,74.4,76.25,10.33,0.85,10.31,30.88,4.71,0.97,60.54,1.43,1.91,0.59,0.59,0.59,16.15,-0.4705,-1.5785,-0.5796,-1.5978,0.1888,21.78,-0.12,0.014959,11.31,-6.62,9.024,5.382,-0.5000000000000004,0.8660254037844384,2005-11-01
Baise,2005,12,106.62,23.9,10.46,24.71,-0.3,11.03,3.84,10.66,96.74,2.66,6.95,4.5,54.6,66.89,5.57,0.9,8.44,27.65,3.76,0.67,59.79,0.36,1.04,0.55,0.56,0.55,14.13,0.4446,-0.9074,0.6469,-0.796,0.1236,6.86,14.19,0.013363,5.31,-7.52,4.964,4.138,-2.4492935982947064e-16,1.0,2005-12-01
Baise,2006,1,106.62,23.9,11.75,27.19,-1.26,13.07,6.07,12.11,96.33,2.81,6.25,4.67,77.7,71.0,6.61,0.11,9.17,28.73,4.1,0.83,60.16,0.25,0.9,0.54,0.55,0.53,15.42,-1.8333,-1.1417,-1.5159,-1.2036,0.1196,4.59,10.14,0.011351,7.17,-7.1,6.139,2.938,0.49999999999999994,0.8660254037844387,2006-01-01
Baise,2006,2,106.62,23.9,13.54,30.04,4.13,11.31,8.31,14.17,96.45,3.17,7.02,4.79,82.8,73.19,7.34,1.19,7.53,31.19,3.57,0.83,86.85,0.15,1.03,0.52,0.53,0.52,18.03,0.5096,-0.6896,0.4709,-0.4464,0.1611,22.09,1.98,0.016541,8.44,-10.36,7.718,5.106,0.8660254037844386,0.5000000000000001,2006-02-01
Baise,2006,3,106.62,23.9,18.38,35.41,2.51,14.68,10.99,19.22,95.91,3.2,9.34,4.97,104.2,66.09,9.05,0.57,11.77,32.6,5.36,1.18,80.91,0.26,1.31,0.52,0.52,0.49,20.05,-1.0212,-1.449,-0.8849,-1.115,0.1396,24.71,-3.55,0.019142,11.78,-9.46,9.082,5.31,1.0,6.123233995736766e-17,2006-03-01
Baise,2006,4,106.62,23.9,24.67,40.18,9.63,14.64,15.33,25.47,95.51,3.4,7.38,5.34,151.6,60.81,11.81,2.88,16.94,33.26,7.76,1.75,64.93,0.44,2.08,0.51,0.52,0.49,23.71,0.229,-0.3842,-0.5903,-0.6099,0.1988,29.94,-10.6,0.022693,16.89,-6.91,10.99,6.474,0.8660254037844387,-0.4999999999999998,2006-04-01
Baise,2006,5,106.62,23.9,24.78,39.75,14.2,11.82,18.11,25.2,95.52,2.75,8.49,4.58,128.3,70.82,14.06,6.33,17.25,33.6,8.1,1.8,67.93,1.95,3.37,0.58,0.58,0.61,26.38,-0.0818,-0.4323,0.0984,-0.4254,0.2212,31.11,-12.73,0.015598,17.52,-5.23,12.277,6.921,0.49999999999999994,-0.8660254037844387,2006-05-01
Baise,2006,6,106.62,23.9,25.93,34.88,20.07,7.91,23.12,26.02,95.11,2.22,4.4,3.89,154.8,85.78,18.75,10.2,15.28,35.54,7.36,1.72,87.26,4.22,4.56,0.76,0.75,0.81,25.75,0.0564,-0.0292,0.3121,0.133,0.2266,36.96,-19.69,0.026088,19.77,-2.8,15.114,9.695,1.2246467991473532e-16,-1.0,2006-06-01
Baise,2006,7,106.62,23.9,26.64,33.8,21.3,7.88,23.75,26.64,94.87,2.14,7.66,3.75,127.9,85.41,19.53,9.34,16.37,35.76,7.87,1.91,81.3,4.8,5.04,0.86,0.85,0.87,26.31,1.0006,0.4198,0.9854,0.445,0.2155,36.0,-20.0,0.01575,21.01,-2.12,15.335,9.222,-0.4999999999999997,-0.8660254037844388,2006-07-01
Baise,2006,8,106.62,23.9,25.63,32.8,19.6,7.62,22.78,25.5,95.18,2.12,6.675000000000001,3.63,72.8,85.42,18.35,8.12,15.55,34.96,7.34,1.69,75.24,4.32,4.5,0.91,0.9,0.89,24.2,0.6243,0.7992,0.5875,0.8138,0.2772,33.96,-16.34,0.013435,20.38,-3.32,13.336,8.436,-0.8660254037844385,-0.5000000000000004,2006-08-01
Baise,2006,9,106.62,23.9,23.21,32.78,13.74,9.77,19.32,23.09,95.72,2.25,5.69,3.97,64.2,80.43,14.99,2.54,16.9,33.25,7.76,1.65,57.03,5.51,4.75,0.8,0.8,0.81,22.01,-1.3423,0.378,-0.8454,0.3725,0.2214,26.64,-8.41,0.009465,17.46,-3.79,11.139,6.509,-1.0,-1.8369701987210297e-16,2006-09-01
Baise,2006,10,106.62,23.9,22.5,30.08,13.74,9.65,19.02,22.56,96.12,1.96,4.33,3.62,103.2,82.33,14.46,2.78,11.08,33.83,5.07,1.0,63.98,4.12,3.57,0.68,0.69,0.72,17.45,0.145,-0.1209,-0.1495,-0.0898,0.2135,32.2,-10.3,0.012865,15.96,-5.59,11.778,7.7,-0.8660254037844386,0.5000000000000001,2006-10-01
Baise,2006,11,106.62,23.9,17.44,29.2,7.2,11.14,12.91,17.37,96.18,2.31,5.04,4.06,68.5,77.09,9.89,1.37,10.62,31.09,4.78,0.85,58.51,2.3,2.29,0.63,0.63,0.65,15.65,0.0379,-0.8009,0.0405,-0.6793,0.1242,21.53,-1.8,0.013024,12.37,-8.5,8.517,4.269,-0.5000000000000004,0.8660254037844384,2006-11-01
Baise,2006,12,106.62,23.9,11.62,26.69,2.07,12.32,5.99,11.59,96.7,2.5,6.01,4.3,56.0,71.33,6.23,0.23,9.51,27.6,4.13,0.68,51.87,0.85,1.37,0.59,0.6,0.6,13.71,-0.877,-0.2084,-0.4557,-0.3946,0.1355,11.95,9.0,0.008549,7.39,-9.52,5.508,3.514,-2.4492935982947064e-16,1.0,2006-12-01
Baise,2007,1,106.62,23.9,9.54,22.34,-0.1,11.95,3.48,9.72,96.82,2.77,6.47,4.5,51.1,69.28,5.21,0.7,7.62,28.7,3.41,0.64,77.63,0.31,1.05,0.57,0.57,0.56,14.93,-0.3318,-0.788,-0.4556,-0.6647,0.1324,9.98,11.81,0.009707,5.22,-9.7,5.086,3.596,0.49999999999999994,0.8660254037844387,2007-01-01
Baise,2007,2,106.62,23.9,17.39,30.73,5.66,13.43,11.44,17.63,96.03,2.98,7.62,4.93,152.2,71.85,9.17,1.06,11.71,31.06,5.23,0.98,63.58,0.39,1.37,0.55,0.55,0.54,17.57,0.3618,-0.9135,-0.4482,-1.0104,0.1402,25.23,-3.4,0.018235,11.49,-12.49,7.87,4.125,0.8660254037844386,0.5000000000000001,2007-02-01
Baise,2007,3,106.62,23.9,19.09,37.65,5.45,13.8,12.18,19.74,95.83,3.45,7.39,5.41,135.7,68.76,9.73,0.75,12.46,32.55,5.55,1.12,73.86,0.4,1.54,0.53,0.54,0.51,19.42,-0.7421,-0.8431,-0.8779,-1.0559,0.1623,21.73,-3.21,0.020351,13.25,-7.72,9.077,4.529,1.0,6.123233995736766e-17,2007-03-01
Baise,2007,4,106.62,23.9,20.65,38.86,6.85,13.37,12.75,21.28,95.91,2.8,9.24,4.43,86.8,64.77,9.97,2.37,14.18,32.58,6.5,1.31,80.55,0.45,1.75,0.52,0.53,0.51,22.65,-0.2694,-0.6625,0.1353,-0.5795,0.1822,24.16,-4.06,0.012504,13.23,-9.05,8.885,5.184,0.8660254037844387,-0.4999999999999998,2007-04-01
Baise,2007,5,106.62,23.9,24.87,40.34,14.21,13.39,17.0,25.31,95.46,2.45,6.41,4.14,146.6,66.3,13.13,4.16,18.28,33.38,8.54,1.87,66.14,1.49,3.0,0.56,0.56,0.56,26.39,-1.0916,-1.4023,-0.9846,-1.0085,0.1988,28.91,-11.54,0.016353,18.1,-4.65,11.801,6.568,0.49999999999999994,-0.8660254037844387,2007-05-01
Baise,2007,6,106.62,23.9,26.39,35.23,18.92,9.22,22.57,26.55,95.07,2.24,5.06,3.91,154.9,81.34,18.17,8.37,17.83,35.39,8.49,2.0,81.6,4.89,4.62,0.66,0.65,0.71,26.22,-0.6821,-1.0931,-0.5227,-0.8391,0.2048,35.15,-19.82,0.027118,19.74,-2.86,15.153,8.735,1.2246467991473532e-16,-1.0,2007-06-01
Baise,2007,7,106.62,23.9,26.51,33.7,21.56,7.66,23.51,26.6,95.04,2.64,6.04,4.55,163.4,84.9,19.2,6.84,16.6,35.55,8.0,2.03,89.71,5.53,4.89,0.72,0.71,0.77,26.65,0.1131,-0.8533,-0.0587,-0.8012,0.2744,35.81,-20.0,0.0165425,20.52,-2.15,15.884,8.876,-0.4999999999999997,-0.8660254037844388,2007-07-01
Baise,2007,8,106.62,23.9,26.4,34.72,19.94,8.97,22.53,26.38,95.1,1.95,5.26,3.44,98.5,81.03,18.1,7.83,17.42,35.07,8.2,1.9,70.96,5.87,4.9,0.71,0.71,0.75,24.44,0.5345,-0.0659,0.3411,-0.1409,0.2276,33.33,-17.49,0.005967,20.75,-2.88,13.818,7.759,-0.8660254037844385,-0.5000000000000004,2007-08-01
Baise,2007,9,106.62,23.9,22.82,31.71,13.66,9.35,19.55,22.8,95.57,2.44,5.5,4.25,45.0,83.28,15.12,6.48,13.89,33.63,6.53,1.47,69.18,5.11,4.6,0.79,0.78,0.81,22.58,0.7337,0.5698,0.9269,0.5566,0.2274,27.08,-9.13,0.014816,17.04,-3.39,11.759,6.733,-1.0,-1.8369701987210297e-16,2007-09-01
Baise,2007,10,106.62,23.9,20.22,31.25,11.07,10.45,15.86,20.23,96.15,2.36,5.62,4.16,57.5,77.98,12.03,0.78,12.15,32.3,5.45,1.07,56.02,4.16,3.44,0.68,0.68,0.7,17.7,-1.6801,0.2032,-1.2173,0.2941,0.16,23.26,-2.84,0.013224,14.26,-4.88,9.698,5.867,-0.8660254037844386,0.5000000000000001,2007-10-01
Baise,2007,11,106.62,23.9,14.94,27.28,2.86,13.07,8.33,14.75,96.49,2.55,7.05,4.47,39.2,68.48,7.36,0.95,13.72,27.3,6.03,1.03,67.08,1.99,2.17,0.6,0.61,0.61,16.63,-0.3585,-0.3153,0.079,0.1091,0.1904,10.06,8.45,0.007924,10.39,-8.62,4.961,3.536,-0.5000000000000004,0.8660254037844384,2007-11-01
Baise,2007,12,106.62,23.9,13.27,27.25,1.76,11.76,8.24,13.48,96.35,2.54,5.38,4.4,79.1,74.25,7.37,0.53,6.73,30.38,3.04,0.58,78.14,0.39,1.02,0.55,0.56,0.54,13.69,-0.1336,-1.3413,-0.2488,-0.9856,0.0934,12.23,7.38,0.012549,8.27,-7.13,6.866,3.588,-2.4492935982947064e-16,1.0,2007-12-01
Baise,2008,1,106.62,23.9,7.93,29.24,-1.43,11.71,2.07,8.29,96.52,2.97,6.61,4.43,57.4,69.44,4.9,1.09,7.35,28.21,3.32,0.64,67.17,0.17,0.87,0.54,0.54,0.53,15.82,0.1551,-0.5762,0.1999,-0.2038,0.0702,3.52,12.16,0.012706,5.56,-8.75,5.207,3.21,0.49999999999999994,0.8660254037844387,2008-01-01
Baise,2008,2,106.62,23.9,8.32,25.68,-1.61,11.13,2.32,8.74,96.69,2.7,6.59,4.36,57.3,68.93,4.97,1.39,7.34,28.84,3.4,0.8,88.19,0.3,1.16,0.58,0.57,0.58,17.58,0.7661,0.1238,1.2117,0.5368,0.1306,4.32,18.47,0.01064,2.01,-8.45,4.015,3.833,0.8660254037844386,0.5000000000000001,2008-02-01
Baise,2008,3,106.62,23.9,18.47,36.99,5.16,13.53,11.99,18.88,95.95,2.75,6.66,4.51,124.7,70.39,9.54,1.87,12.49,31.65,5.64,1.23,75.39,0.69,1.93,0.57,0.57,0.57,20.32,0.3691,0.4144,0.3133,0.7778,0.144,24.24,-2.12,0.015147,11.72,-10.97,7.878,4.737,1.0,6.123233995736766e-17,2008-03-01
Baise,2008,4,106.62,23.9,22.88,39.52,10.81,13.06,16.39,23.52,95.61,3.04,7.71,4.81,129.1,70.77,12.5,2.33,14.52,33.82,6.68,1.48,77.9,0.9,2.38,0.56,0.56,0.55,23.22,-0.3114,0.1939,-0.5293,0.4765,0.2048,27.78,-9.08,0.020279,15.75,-6.63,10.941,6.055,0.8660254037844387,-0.4999999999999998,2008-04-01
Baise,2008,5,106.62,23.9,24.14,35.27,14.54,11.21,18.55,24.51,95.3,2.58,7.38,4.39,111.1,74.06,14.35,6.23,15.71,34.21,7.37,1.69,78.07,2.6,3.55,0.6,0.6,0.63,25.19,-0.1226,-0.201,0.1501,0.054,0.2136,31.52,-12.39,0.015434,17.12,-4.7,12.515,7.435,0.49999999999999994,-0.8660254037844387,2008-05-01
Baise,2008,6,106.62,23.9,25.45,33.11,18.06,9.59,21.57,25.52,95.07,2.16,5.19,3.63,114.3,81.05,17.11,8.74,14.78,35.41,7.04,1.6,85.09,5.07,4.82,0.73,0.72,0.77,25.43,-0.5246,-0.4963,-0.1476,-0.0909,0.2437,34.03,-17.29,0.015098,19.04,-3.42,14.214,8.121,1.2246467991473532e-16,-1.0,2008-06-01
Baise,2008,7,106.62,23.9,26.13,35.86,20.72,7.89,22.99,26.16,95.02,2.13,5.96,3.68,154.2,84.37,18.6,8.17,15.94,35.27,7.67,1.85,87.79,5.38,4.99,0.8,0.79,0.83,26.1,0.6077,-0.0809,0.5585,0.0794,0.2484,35.09,-19.56,0.024329,20.3,-3.19,14.691,8.186,-0.4999999999999997,-0.8660254037844388,2008-07-01
Baise,2008,8,106.62,23.9,25.75,35.52,19.79,7.62,23.08,25.78,95.17,2.2,7.42,3.89,127.3,86.34,18.67,9.02,14.7,35.18,7.07,1.7,89.45,4.73,4.75,0.84,0.84,0.86,24.96,0.8903,0.492,0.9685,0.562,0.2341,33.76,-18.02,0.013551,19.93,-3.06,14.285,8.087,-0.8660254037844385,-0.5000000000000004,2008-08-01
Baise,2008,9,106.62,23.9,24.75,33.99,16.8,8.95,21.48,24.7,95.5,2.19,10.02,3.81,82.2,83.5,16.9,6.55,15.73,34.31,7.31,1.61,61.49,5.19,4.63,0.83,0.83,0.84,22.38,0.7615,1.0288,0.7443,1.0807,0.2365,29.94,-12.92,0.011769,18.8,-3.38,12.583,6.94,-1.0,-1.8369701987210297e-16,2008-09-01
Baise,2008,10,106.62,23.9,21.45,29.62,13.76,9.79,18.23,21.43,96.1,2.09,5.29,3.73,76.4,83.4,13.78,4.93,11.65,33.45,5.39,1.15,71.5,4.29,3.75,0.78,0.78,0.81,18.55,1.2428,1.2022,1.0769,1.1483,0.2159,26.65,-7.61,0.013983,15.5,-5.29,10.987,6.319,-0.8660254037844386,0.5000000000000001,2008-10-01
Baise,2008,11,106.62,23.9,14.4,26.91,4.09,10.32,11.22,14.24,96.51,2.32,4.99,4.1,50.2,82.84,8.99,4.54,11.42,28.82,5.1,0.95,51.74,2.22,2.78,0.89,0.88,0.88,16.53,1.7369,1.6417,1.7607,1.4658,0.2142,14.06,5.83,0.009893,9.66,-7.99,6.606,3.938,-0.5000000000000004,0.8660254037844384,2008-11-01
Baise,2008,12,106.62,23.9,11.0,21.13,0.8,10.74,7.21,10.59,96.58,2.3,7.31,3.85,50.0,79.1,6.77,0.34,9.11,27.96,3.99,0.7,57.12,1.48,1.97,0.78,0.78,0.8,14.15,-0.5506,1.5255,-0.068,1.4544,0.1168,6.13,11.11,0.006858,6.82,-9.28,4.939,2.91,-2.4492935982947064e-16,1.0,2008-12-01
Baise,2009,1,106.62,23.9,8.83,21.66,-0.31,11.48,4.31,8.75,96.71,2.62,7.09,4.38,65.8,75.56,5.65,0.43,9.5,27.71,4.17,0.77,66.56,1.04,1.78,0.72,0.72,0.75,15.39,-0.7982,0.8776,-0.7162,1.0982,0.1348,6.21,13.75,0.007616,4.69,-10.08,4.298,3.299,0.49999999999999994,0.8660254037844387,2009-01-01
Baise,2009,2,106.62,23.9,18.52,32.97,7.01,12.05,14.4,18.67,95.79,3.13,7.87,5.24,165.2,79.45,10.93,0.13,13.87,31.09,6.17,1.26,48.96,1.38,2.24,0.64,0.65,0.66,18.38,-1.5958,-2.4133,-2.7976,-1.9743,0.1803,18.5,-1.23,0.023341,13.78,-6.55,8.533,3.947,0.8660254037844386,0.5000000000000001,2009-02-01
Baise,2009,3,106.62,23.9,17.07,34.99,3.04,13.18,11.36,17.64,95.91,3.1,10.48,4.85,96.6,72.61,9.25,1.07,12.59,31.79,5.65,1.17,77.46,0.8,1.94,0.59,0.59,0.58,20.24,-0.3467,-1.5964,-0.067,-1.4,0.1679,18.99,-1.01,0.017444,12.55,-8.81,7.991,4.329,1.0,6.123233995736766e-17,2009-03-01
Baise,2009,4,106.62,23.9,22.02,34.16,9.51,12.21,15.95,22.54,95.64,3.16,6.66,5.01,129.1,71.94,12.23,2.95,13.35,33.83,6.21,1.35,81.51,1.36,2.7,0.58,0.58,0.58,23.27,0.2927,-0.635,0.2911,-0.6483,0.1937,28.12,-6.48,0.020497,14.23,-7.24,10.234,6.486,0.8660254037844387,-0.4999999999999998,2009-04-01
Baise,2009,5,106.62,23.9,23.87,33.71,14.2,10.02,19.5,24.26,95.52,2.84,6.74,4.6,130.4,78.93,15.03,6.6,14.16,34.71,6.77,1.57,80.83,3.08,3.75,0.63,0.63,0.66,25.71,0.0263,-0.1437,0.3169,0.2974,0.206,31.68,-12.14,0.023597,16.42,-4.41,12.818,7.932,0.49999999999999994,-0.8660254037844387,2009-05-01
Baise,2009,6,106.62,23.9,26.14,34.24,17.47,8.96,22.4,26.2,94.93,2.06,4.64,3.56,144.0,81.91,18.1,7.35,16.72,35.28,7.98,1.82,81.4,4.57,4.39,0.68,0.68,0.73,26.1,-1.1424,-0.5861,-1.2369,-0.1571,0.2072,35.48,-19.81,0.022541,20.08,-2.83,15.022,8.797,1.2246467991473532e-16,-1.0,2009-06-01
Baise,2009,7,106.62,23.9,26.52,34.87,20.67,8.41,23.45,26.63,94.96,2.24,5.66,3.9,154.3,84.62,19.15,8.82,16.49,35.81,7.96,1.96,80.61,5.83,5.29,0.78,0.78,0.82,26.63,0.8302,-0.1442,0.7708,-0.0439,0.2532,35.36,-20.0,0.026628,20.39,-1.43,15.675,9.254,-0.4999999999999997,-0.8660254037844388,2009-07-01
Baise,2009,8,106.62,23.9,26.79,34.9,18.79,9.43,22.82,26.84,95.21,2.14,4.93,3.8,114.6,80.69,18.4,1.9,18.75,35.03,8.81,2.05,61.15,6.16,5.08,0.72,0.72,0.74,24.83,-2.2659,-1.1452,-1.6262,-1.0757,0.2385,32.85,-17.71,0.011225,20.63,-2.83,13.971,7.644,-0.8660254037844385,-0.5000000000000004,2009-08-01
Baise,2009,9,106.62,23.9,25.89,36.6,16.76,10.28,20.78,26.12,95.5,2.26,5.89,3.99,70.9,75.7,16.24,3.58,15.08,34.65,7.06,1.57,57.84,4.23,4.01,0.63,0.63,0.65,22.39,-0.6522,-0.841,-0.781,-0.9247,0.2305,31.32,-13.83,0.011592,19.14,-3.12,12.915,7.601,-1.0,-1.8369701987210297e-16,2009-09-01
Baise,2009,10,106.62,23.9,22.22,32.35,14.82,11.15,16.58,22.53,95.95,2.32,5.02,4.11,66.3,73.37,12.42,0.8,10.92,33.59,5.02,1.05,68.92,1.83,2.39,0.57,0.58,0.57,17.82,-1.6498,-2.1446,-1.8604,-2.0018,0.2158,27.29,-5.49,0.016898,15.41,-4.15,10.624,7.223,-0.8660254037844386,0.5000000000000001,2009-10-01
Baise,2009,11,106.62,23.9,15.54,32.76,2.2,12.59,7.32,15.81,96.39,2.82,7.5,4.62,60.3,61.89,7.28,0.2,11.79,29.11,5.3,1.01,51.4,0.45,1.16,0.52,0.53,0.49,16.31,-1.6618,-1.6859,-1.1962,-2.0023,0.1898,11.48,8.64,0.010019,9.22,-5.9,6.475,4.33,-0.5000000000000004,0.8660254037844384,2009-11-01
Baise,2009,12,106.62,23.9,12.95,27.99,1.7,11.52,6.45,13.37,96.38,2.67,8.0,4.39,81.5,67.46,6.6,0.13,7.74,29.85,3.47,0.59,79.37,0.1,0.45,0.5,0.51,0.42,13.72,-1.2986,-2.3048,-0.31975,-2.3066,0.0892,14.56,6.44,0.012672,7.14,-9.99,6.498,3.839,-2.4492935982947064e-16,1.0,2009-12-01
Baise,2010,1,106.62,23.9,12.34,28.88,1.87,12.84,6.76,12.77,96.43,2.71,6.49,4.39,87.3,71.83,6.8,1.83,8.79,29.71,3.98,0.76,73.29,0.18,0.73,0.52,0.52,0.47,15.66,0.8221,-0.8689,0.5567,-0.8691,0.0983,10.27,6.0,0.012943,8.51,-8.35,6.837,3.077,0.49999999999999994,0.8660254037844387,2010-01-01
Baise,2010,2,106.62,23.9,15.74,34.33,2.11,14.55,7.94,16.29,95.92,3.4,8.38,5.33,127.3,65.06,7.57,0.11,13.75,29.42,6.1,1.15,58.09,0.19,1.21,0.53,0.53,0.5,18.68,-1.7115,-0.7176,-1.3994,-1.024,0.1505,13.79,2.03,0.015555,11.41,-10.06,6.648,3.137,0.8660254037844386,0.5000000000000001,2010-02-01
Baise,2010,3,106.62,23.9,18.97,35.69,5.0,14.2,9.27,19.73,95.98,3.69,8.18,5.57,128.9,58.18,8.32,0.07,13.65,31.81,6.01,1.14,68.43,0.03,0.5,0.49,0.5,0.36,19.43,-2.6482,-1.2059,-1.9276,-1.3401,0.1372,19.82,-0.88,0.01773,12.97,-8.94,7.718,4.49,1.0,6.123233995736766e-17,2010-03-01
Baise,2010,4,106.62,23.9,21.3,39.62,8.68,13.39,14.14,22.11,95.8,3.28,6.8,4.95,105.0,67.66,10.91,3.29,14.37,33.71,6.69,1.48,81.26,0.32,1.91,0.52,0.52,0.52,23.67,0.5885,-1.1223,0.8959,-0.894,0.1972,27.64,-7.3,0.022711,14.36,-7.33,10.483,6.484,0.8660254037844387,-0.4999999999999998,2010-04-01
Baise,2010,5,106.62,23.9,25.36,36.95,16.27,11.18,20.58,25.81,95.23,2.99,6.95,4.77,140.2,77.42,16.14,7.44,14.39,35.42,6.89,1.53,85.32,2.72,3.79,0.61,0.6,0.64,25.11,0.345,-0.0874,0.4051,0.1251,0.2135,33.7,-18.02,0.032637,18.65,-3.66,14.566,8.27,0.49999999999999994,-0.8660254037844387,2010-05-01
Baise,2010,6,106.62,23.9,24.85,35.15,16.99,7.96,22.01,24.99,95.2,2.44,5.29,4.16,119.5,85.54,17.64,9.65,12.31,35.8,6.05,1.43,93.09,3.77,4.0,0.71,0.7,0.76,25.73,-0.1555,0.1815,0.2776,0.5451,0.2402,36.47,-18.61,0.02887,18.83,-2.72,15.102,9.972,1.2246467991473532e-16,-1.0,2010-06-01
Baise,2010,7,106.62,23.9,26.65,33.75,22.41,7.4,23.97,26.7,95.15,2.64,6.78,4.58,154.0,86.41,19.72,5.88,17.09,35.45,8.2,1.97,89.51,4.99,4.81,0.79,0.78,0.81,26.51,-0.2854,-0.1196,-0.4479,-0.0421,0.2122,36.51,-20.0,0.039255,20.97,-2.19,15.865,9.18,-0.4999999999999997,-0.8660254037844388,2010-07-01
Baise,2010,8,106.62,23.9,25.75,32.62,18.73,7.88,22.79,25.79,95.41,2.1,4.62,3.65,130.2,84.95,18.32,4.56,17.04,35.15,8.15,1.96,76.52,5.56,4.79,0.78,0.77,0.81,25.43,-0.6796,-0.6983,-0.7267,-0.5494,0.2061,33.43,-16.92,0.016798,20.15,-2.59,13.947,8.289,-0.8660254037844385,-0.5000000000000004,2010-08-01
Baise,2010,9,106.62,23.9,24.68,34.72,15.39,8.93,21.55,24.75,95.53,2.06,6.37,3.71,92.5,84.35,17.03,5.94,14.74,34.71,6.94,1.54,72.09,4.79,4.28,0.74,0.74,0.78,22.26,0.5129,-0.3825,0.5424,-0.4407,0.2323,33.8,-15.58,0.010764,18.98,-3.12,13.677,8.645,-1.0,-1.8369701987210297e-16,2010-09-01
Baise,2010,10,106.62,23.9,19.3,30.59,6.61,10.19,15.09,19.36,96.09,2.68,5.69,4.72,42.9,78.5,11.67,0.85,13.31,31.56,6.14,1.28,64.15,4.26,3.74,0.71,0.71,0.73,19.39,-1.5764,-0.6361,-0.9313,-0.4705,0.2418,22.8,-0.61,0.015672,13.42,-5.27,8.95,6.625,-0.8660254037844386,0.5000000000000001,2010-10-01
Baise,2010,11,106.62,23.9,15.63,26.52,6.9,11.7,10.52,15.58,96.37,2.21,5.64,3.94,45.9,74.32,8.31,0.67,10.86,29.16,4.79,0.84,54.02,1.78,1.99,0.6,0.61,0.61,15.36,-0.6984,-0.5571,-0.316,-0.224,0.1788,15.93,5.47,0.008857,10.06,-8.16,6.531,4.352,-0.5000000000000004,0.8660254037844384,2010-11-01
Baise,2010,12,106.62,23.9,12.26,26.9,0.09,11.51,7.27,12.19,96.19,2.62,7.38,4.4,62.7,74.26,6.98,1.88,8.41,29.19,3.82,0.69,66.26,0.85,1.45,0.6,0.6,0.62,14.45,1.4456,-0.6604,1.1901,-0.3253,0.1767,12.86,8.76,0.011981,8.09,-7.86,6.042,4.228,-2.4492935982947064e-16,1.0,2010-12-01
Baise,2011,1,106.62,23.9,5.18,29.509999999999998,-2.21,9.3,-0.05,5.62,96.76,2.96,7.13,4.56,48.2,70.99,3.98,0.64,4.49,28.42,2.13,0.44,96.76,0.28,1.06,0.6,0.6,0.6,14.77,-0.4226,-0.1587,-0.1586,0.2409,0.0859,4.71,17.01,0.011982,1.31,-10.15,4.185,3.797,0.49999999999999994,0.8660254037844387,2011-01-01
Baise,2011,2,106.62,23.9,13.52,32.12,1.49,12.29,8.43,14.01,96.06,2.98,6.69,4.73,117.5,74.12,7.57,0.34,9.93,30.74,4.54,0.94,78.35,0.38,1.24,0.57,0.57,0.56,18.37,-0.8363,0.0415,-0.4695,0.314,0.1235,13.93,3.14,0.015013,9.03,-10.09,7.105,3.322,0.8660254037844386,0.5000000000000001,2011-02-01
Baise,2011,3,106.62,23.9,13.66,30.12,3.94,11.93,7.96,14.26,96.39,3.14,8.83,4.8,66.0,71.56,7.19,2.78,8.96,30.88,4.23,0.93,91.08,0.69,1.73,0.58,0.58,0.59,21.16,0.965,0.0985,1.4681,0.8071,0.1174,16.11,6.18,0.013835,7.59,-9.52,6.629,4.588,1.0,6.123233995736766e-17,2011-03-01
Baise,2011,4,106.62,23.9,21.71,34.42,9.42,12.42,15.59,22.21,95.8,2.99,7.1,4.84,142.7,71.59,11.78,1.52,12.58,33.49,5.9,1.28,88.94,0.88,2.19,0.57,0.57,0.56,23.45,-1.2956,-0.3062,-0.868,0.4504,0.1334,27.19,-7.2,0.019487,15.06,-7.17,10.227,5.849,0.8660254037844387,-0.4999999999999998,2011-04-01
Baise,2011,5,106.62,23.9,23.82,38.03,13.98,12.28,17.44,24.19,95.43,2.71,6.47,4.43,118.7,71.01,13.28,4.11,18.11,33.32,8.44,1.91,68.9,2.41,3.39,0.59,0.59,0.61,26.14,-1.1188,-0.9258,-0.7614,-0.1024,0.2126,26.27,-9.57,0.014028,17.11,-4.74,11.364,6.105,0.49999999999999994,-0.8660254037844387,2011-05-01
Baise,2011,6,106.62,23.9,26.69,36.39,19.71,8.33,23.04,26.92,94.94,2.45,6.33,4.22,150.1,82.18,18.7,8.83,15.41,35.83,7.45,1.77,91.9,3.32,3.92,0.64,0.63,0.68,25.95,-0.487,-1.2067,-0.3471,-1.0727,0.2002,37.2,-20.0,0.026731,20.0,-2.41,15.762,9.833,1.2246467991473532e-16,-1.0,2011-06-01
Baise,2011,7,106.62,23.9,26.85,35.71,21.81,8.91,22.88,26.96,95.01,2.34,5.92,3.99,135.3,80.57,18.48,2.25,17.62,35.31,8.24,1.88,70.47,5.77,4.73,0.68,0.68,0.71,24.73,-2.4242,-1.8494,-1.7042,-1.6625,0.2392,33.22,-18.65,0.016692,20.74,-2.45,14.449,7.936,-0.4999999999999997,-0.8660254037844388,2011-07-01
Baise,2011,8,106.62,23.9,26.65,37.18,18.99,10.67,21.06,26.94,95.25,2.17,5.13,3.73,131.9,74.56,16.59,2.3,18.35,34.53,8.63,2.03,64.31,3.03,3.52,0.59,0.59,0.59,25.11,-1.9523,-2.3946,-1.5016,-2.0019,0.2586,32.3,-16.4,0.012159,20.15,-3.58,13.349,7.284,-0.8660254037844385,-0.5000000000000004,2011-08-01
Baise,2011,9,106.62,23.9,25.22,35.36,14.55,11.08,19.29,25.67,95.48,2.7,9.24,4.56,71.6,72.6,14.98,4.63,14.56,34.58,6.81,1.49,70.1,1.94,3.12,0.57,0.57,0.57,22.12,-0.0845,-2.2722,-0.0629,-1.7138,0.3048,31.72,-12.01,0.01586,17.84,-3.29,12.642,8.529,-1.0,-1.8369701987210297e-16,2011-09-01
Baise,2011,10,106.62,23.9,19.62,30.94,12.51,9.11,16.37,19.65,96.11,2.39,6.46,4.1,55.8,83.05,12.32,5.31,10.77,32.71,5.05,1.07,72.12,3.7,3.3,0.68,0.68,0.73,19.03,1.4021,-0.41,1.4129,-0.4081,0.2352,27.79,-4.74,0.014354,13.67,-6.19,10.175,7.277,-0.8660254037844386,0.5000000000000001,2011-10-01
Baise,2011,11,106.62,23.9,17.94,27.7,7.27,10.89,14.33,17.75,96.22,2.05,5.64,3.6,96.2,81.33,10.79,1.61,11.71,30.18,5.21,0.94,44.17,2.57,2.3,0.64,0.64,0.67,15.98,0.2278,0.6518,0.152,0.6153,0.2155,22.63,-2.88,0.010374,12.41,-9.23,8.647,4.234,-0.5000000000000004,0.8660254037844384,2011-11-01
Baise,2011,12,106.62,23.9,9.74,23.11,0.64,11.42,3.89,9.94,96.77,2.66,6.05,4.59,48.3,69.68,5.39,0.32,7.96,28.05,3.5,0.59,69.94,0.86,1.4,0.59,0.6,0.6,13.38,-0.6035,0.8285,0.101,0.8416,0.17,4.73,16.25,0.011378,4.77,-6.33,4.805,3.746,-2.4492935982947064e-16,1.0,2011-12-01
Baise,2012,1,106.62,23.9,7.76,25.439999999999998,-1.73,8.42,4.37,8.17,96.49,2.64,5.68,4.09,63.8,80.5,5.55,2.47,4.6,30.06,2.22,0.53,96.48,0.41,1.07,0.62,0.61,0.64,15.21,1.2675,0.4931,1.8791,0.634,0.0402,7.57,11.33,0.014544,4.93,-8.27,6.019,3.264,0.49999999999999994,0.8660254037844387,2012-01-01
Baise,2012,2,106.62,23.9,11.32,27.77,0.95,11.75,6.78,11.92,96.13,3.23,6.0,4.9,81.1,75.54,6.76,0.32,7.82,30.96,3.65,0.79,92.27,0.57,1.41,0.6,0.6,0.6,18.31,-0.859,0.2685,-0.1358,0.7357,0.125,12.46,5.82,0.017439,7.84,-8.58,7.083,3.713,0.8660254037844386,0.5000000000000001,2012-02-01
Baise,2012,3,106.62,23.9,17.96,33.36,5.86,12.97,11.81,18.55,95.93,3.4,8.85,5.26,121.1,71.12,9.54,0.82,10.94,32.56,4.94,0.99,82.49,0.49,1.66,0.56,0.56,0.55,19.45,-0.6466,0.012,-0.4949,0.3855,0.1495,21.14,-1.5,0.020188,12.14,-8.2,8.61,4.62,1.0,6.123233995736766e-17,2012-03-01
Baise,2012,4,106.62,23.9,24.44,41.05,11.01,14.3,16.04,25.19,95.43,3.35,8.34,5.21,142.1,64.38,12.21,1.12,18.04,33.49,8.25,1.75,66.94,0.43,1.92,0.52,0.53,0.49,23.99,-1.9254,-2.1219,-1.8045,-1.899,0.2025,30.45,-12.2,0.021892,16.84,-7.58,11.386,5.989,0.8660254037844387,-0.4999999999999998,2012-04-01
Baise,2012,5,106.62,23.9,25.76,41.7,17.14,9.89,20.64,26.21,95.23,2.5,6.53,4.19,119.8,77.14,16.24,7.74,15.39,35.05,7.33,1.62,79.05,1.99,3.16,0.6,0.59,0.63,25.45,0.4529,-0.4476,0.448,-0.5244,0.1828,35.14,-17.1,0.025389,18.45,-3.86,14.203,9.038,0.49999999999999994,-0.8660254037844387,2012-05-01
Baise,2012,6,106.62,23.9,25.85,32.69,19.23,8.27,22.78,25.96,94.8,2.23,4.8,3.88,114.0,84.47,18.47,11.33,13.49,35.87,6.48,1.46,87.69,4.52,4.72,0.75,0.74,0.8,24.5,0.4689,0.1444,0.6453,0.2351,0.2762,36.83,-19.12,0.017945,19.61,-2.38,15.118,10.093,1.2246467991473532e-16,-1.0,2012-06-01
Baise,2012,7,106.62,23.9,26.37,32.58,21.69,7.43,23.67,26.45,94.93,2.58,8.66,4.45,154.4,86.25,19.4,7.27,15.46,35.49,7.51,1.83,87.17,5.13,5.1,0.81,0.81,0.83,26.76,0.2795,0.4974,0.1386,0.4784,0.2562,36.78,-20.0,0.027828,20.36,-2.48,15.697,9.452,-0.4999999999999997,-0.8660254037844388,2012-07-01
Baise,2012,8,106.62,23.9,26.33,34.53,19.34,8.83,22.83,26.29,95.08,2.05,10.75,3.58,68.5,82.54,18.44,3.44,16.9,35.11,7.9,1.78,72.34,5.81,4.94,0.82,0.82,0.83,24.23,-1.2348,-0.2906,-1.1381,-0.2869,0.247,33.99,-17.45,0.015526,20.57,-2.74,13.93,8.208,-0.8660254037844385,-0.5000000000000004,2012-08-01
Baise,2012,9,106.62,23.9,23.08,31.91,12.85,8.75,19.61,23.17,95.75,2.21,5.41,3.95,83.2,82.49,15.26,3.39,13.45,33.96,6.36,1.43,81.33,4.85,4.18,0.72,0.72,0.75,22.05,-0.7668,-0.8877,-0.3048,-0.7497,0.2192,30.88,-9.69,0.013359,16.77,-3.92,11.88,8.332,-1.0,-1.8369701987210297e-16,2012-09-01
Baise,2012,10,106.62,23.9,21.63,30.6,11.23,10.28,17.5,21.77,96.03,2.38,6.03,4.18,104.6,79.48,13.25,1.77,11.71,33.25,5.36,1.12,68.56,3.43,3.07,0.64,0.64,0.66,18.21,-0.5839,-1.3644,-0.6741,-1.1174,0.255,28.68,-7.37,0.015045,14.81,-4.94,11.312,7.203,-0.8660254037844386,0.5000000000000001,2012-10-01
Baise,2012,11,106.62,23.9,16.92,30.5,7.47,10.3,13.26,17.11,96.07,2.46,8.03,4.24,97.3,80.84,10.27,1.79,8.67,31.81,4.04,0.82,76.82,1.98,2.17,0.62,0.62,0.65,16.11,0.3581,-0.7209,0.4263,-0.4632,0.1756,22.07,-2.07,0.018971,11.84,-7.8,9.136,5.089,-0.5000000000000004,0.8660254037844384,2012-11-01
Baise,2012,12,106.62,23.9,11.92,28.54,0.2,11.28,6.99,12.13,96.37,2.9,6.47,4.71,67.7,74.31,6.88,1.13,7.54,29.73,3.44,0.67,76.93,0.76,1.4,0.59,0.59,0.59,14.51,0.7262,-0.0825,0.701,-0.1459,0.1188,11.56,8.01,0.011578,7.12,-8.27,6.571,3.58,-2.4492935982947064e-16,1.0,2012-12-01
Baise,2013,1,106.62,23.9,9.83,25.2,0.27,10.26,5.68,10.06,96.54,2.65,6.87,4.36,77.1,77.39,6.25,0.64,5.68,29.86,2.66,0.58,89.49,0.37,1.04,0.59,0.59,0.59,14.78,-0.4226,0.0403,-0.5663,0.1503,0.0459,8.91,10.42,0.010823,5.68,-8.75,5.904,3.336,0.49999999999999994,0.8660254037844387,2013-01-01
Baise,2013,2,106.62,23.9,16.28,31.66,3.84,13.16,11.0,16.84,96.15,3.45,8.13,5.39,134.4,73.95,9.01,0.35,9.96,31.52,4.63,1.05,81.53,0.4,1.38,0.55,0.56,0.54,18.82,-0.8105,-0.6882,-1.1574,-0.7399,0.1496,16.22,-0.15,0.022236,11.46,-7.39,8.656,4.002,0.8660254037844386,0.5000000000000001,2013-02-01
Baise,2013,3,106.62,23.9,20.57,34.58,5.84,14.09,13.14,21.16,95.87,3.15,7.08,5.0,130.3,66.65,10.28,1.87,14.17,32.27,6.28,1.24,67.3,0.4,1.73,0.53,0.53,0.52,19.83,0.3691,-0.5127,-0.1236,-0.9179,0.1728,26.25,-5.48,0.016055,13.28,-10.12,9.014,5.158,1.0,6.123233995736766e-17,2013-03-01
Baise,2013,4,106.62,23.9,22.4,37.83,10.03,13.14,15.69,23.09,95.59,3.12,8.07,4.85,130.7,69.71,12.08,1.95,14.83,33.71,6.81,1.47,76.63,0.5,1.95,0.53,0.54,0.52,22.79,-0.7376,-0.6145,-0.704,-0.9788,0.2348,28.33,-8.7,0.01973,14.57,-7.9,10.741,6.146,0.8660254037844387,-0.4999999999999998,2013-04-01
Baise,2013,5,106.62,23.9,25.04,37.71,15.38,10.67,20.23,25.44,95.29,2.5,5.59,4.08,139.2,77.43,15.83,5.14,16.43,34.86,7.81,1.75,77.01,2.37,3.36,0.6,0.59,0.62,25.65,-0.5995,-0.7203,-0.4547,-0.6917,0.2019,32.27,-15.07,0.022685,17.94,-4.76,13.239,7.374,0.49999999999999994,-0.8660254037844387,2013-05-01
Baise,2013,6,106.62,23.9,26.05,34.9,15.44,9.1,22.0,26.18,95.04,2.36,5.66,4.03,141.6,80.44,17.7,6.69,18.02,34.85,8.59,2.0,80.49,4.26,4.21,0.64,0.64,0.68,26.98,-1.4641,-1.3772,-0.5932999999999999,-2.1225,0.2248,33.83,-18.52,0.018787,19.68,-2.77,14.701,8.475,1.2246467991473532e-16,-1.0,2013-06-01
Baise,2013,7,106.62,23.9,26.47,35.11,21.39,8.2,23.05,26.67,95.07,2.71,6.22,4.56,157.6,83.1,18.64,5.02,16.35,35.5,7.96,1.96,82.99,5.14,4.74,0.65,0.65,0.69,26.99,-0.6817,-1.4181,-0.7319,-1.2937,0.2408,35.98,-20.0,0.03614,20.24,-2.6,15.462,8.994,-0.4999999999999997,-0.8660254037844388,2013-07-01
Baise,2013,8,106.62,23.9,26.43,35.26,21.27,8.41,23.0,26.47,95.07,2.23,7.55,3.9,105.8,83.06,18.6,8.28,17.11,35.15,8.19,1.93,76.09,4.97,4.49,0.69,0.68,0.74,25.65,0.673,-0.6993,0.5197,-0.6762,0.2467,35.45,-18.67,0.010546,20.39,-3.34,14.248,8.717,-0.8660254037844385,-0.5000000000000004,2013-08-01
Baise,2013,9,106.62,23.9,23.58,32.94,13.44,9.22,20.12,23.59,95.6,2.22,5.08,3.84,52.9,82.51,15.68,3.59,14.24,33.96,6.74,1.5,69.33,5.33,4.44,0.74,0.74,0.78,22.97,-0.6463,-0.2558,-0.2903,-0.3038,0.248,29.36,-10.01,0.011405,17.48,-3.97,11.707,7.359,-1.0,-1.8369701987210297e-16,2013-09-01
Baise,2013,10,106.62,23.9,19.52,31.21,10.96,10.66,14.91,19.45,96.2,2.32,5.52,4.15,46.0,77.09,11.18,2.19,12.71,31.54,5.8,1.14,60.66,3.86,3.29,0.65,0.65,0.68,18.66,-0.2531,0.0066,-0.0129,0.0992,0.2387,22.17,-0.65,0.012242,13.62,-6.17,8.512,5.587,-0.8660254037844386,0.5000000000000001,2013-10-01
Baise,2013,11,106.62,23.9,16.25,29.24,4.62,10.65,12.08,16.34,96.38,2.46,7.28,4.35,62.6,78.54,9.48,2.78,9.37,30.97,4.31,0.85,71.14,2.47,2.41,0.64,0.64,0.67,16.44,0.9527,-0.1929,1.0084,0.1334,0.2054,19.72,2.71,0.010843,10.71,-7.53,7.699,5.017,-0.5000000000000004,0.8660254037844384,2013-11-01
Baise,2013,12,106.62,23.9,9.23,23.7,-2.17,11.55,4.41,9.14,96.61,2.43,6.02,4.32,46.0,74.49,5.63,2.57,9.65,26.35,4.09,0.63,50.24,1.27,1.59,0.65,0.65,0.69,13.38,1.9611,0.9091,1.711,1.0144,0.1722,3.96,15.2,0.008211,4.0,-9.22,4.314,3.038,-2.4492935982947064e-16,1.0,2013-12-01
Baise,2014,1,106.62,23.9,11.22,26.69,-2.07,12.23,6.51,11.01,96.55,2.65,6.59,4.46,99.9,75.49,6.6,0.22,10.68,27.28,4.6,0.79,48.88,1.01,1.49,0.63,0.63,0.65,14.94,-1.3482,1.0162,-1.2917,1.0781,0.1495,5.48,10.38,0.008248,6.81,-9.43,5.188,2.63,0.49999999999999994,0.8660254037844387,2014-01-01
Baise,2014,2,106.62,23.9,12.05,30.04,-0.65,11.72,7.05,12.57,96.15,3.34,7.39,5.12,100.7,74.11,7.18,0.78,9.38,30.27,4.27,0.9,79.72,0.47,1.34,0.58,0.58,0.58,18.59,-0.0037,0.5954,0.2754,0.7762,0.2036,12.11,8.13,0.015686,7.5,-7.76,6.586,3.798,0.8660254037844386,0.5000000000000001,2014-02-01
Baise,2014,3,106.62,23.9,17.56,34.6,8.05,12.17,12.54,18.2,96.03,3.17,9.29,4.86,112.0,75.29,9.81,1.72,11.05,32.9,5.04,1.06,87.8,0.52,1.68,0.56,0.56,0.56,19.82,0.2535,-0.6516,0.3626,-0.2717,0.1698,25.07,-4.37,0.020162,11.64,-10.25,9.151,5.198,1.0,6.123233995736766e-17,2014-03-01
Baise,2014,4,106.62,23.9,23.48,35.94,14.08,11.1,18.27,24.03,95.67,3.41,6.57,5.24,142.7,75.28,13.98,1.91,12.56,34.71,5.77,1.21,88.79,0.94,2.31,0.57,0.57,0.57,21.84,-0.7857,-0.4847,-1.0155,-0.2501,0.1703,30.07,-11.93,0.025385,15.48,-6.87,12.113,6.43,0.8660254037844387,-0.4999999999999998,2014-04-01
Baise,2014,5,106.62,23.9,26.14,40.37,14.74,11.6,20.18,26.68,95.3,2.75,5.92,4.45,137.0,73.24,15.89,3.84,17.29,34.88,8.12,1.77,81.39,1.4,2.88,0.57,0.57,0.57,25.35,-1.2697,-1.3143,-1.7233,-1.4615,0.2197,34.78,-17.21,0.027142,18.09,-4.26,14.232,8.548,0.49999999999999994,-0.8660254037844387,2014-05-01
Baise,2014,6,106.62,23.9,26.43,33.5,20.37,7.39,23.5,26.54,94.94,2.11,4.8,3.69,127.5,85.17,19.24,11.01,14.85,35.86,7.15,1.64,88.18,4.03,4.17,0.72,0.71,0.77,25.28,0.3549,-0.6404,0.491,-0.6802,0.2408,37.13,-20.0,0.019051,19.88,-2.13,15.577,10.497,1.2246467991473532e-16,-1.0,2014-06-01
Baise,2014,7,106.62,23.9,26.51,36.28,22.11,7.16,23.83,26.54,95.08,2.08,4.8,3.65,142.1,86.46,19.57,9.86,17.67,35.4,8.51,2.1,79.55,4.52,4.65,0.86,0.85,0.87,26.7,1.165,0.203,1.2605,0.1063,0.2548,36.17,-19.46,0.021594,20.75,-2.56,14.72,9.408,-0.4999999999999997,-0.8660254037844388,2014-07-01
Baise,2014,8,106.62,23.9,25.97,33.69,19.43,7.88,23.12,26.0,95.24,1.89,4.8,3.35,138.9,85.55,18.76,4.96,16.42,35.19,7.87,1.89,83.98,5.03,4.66,0.84,0.83,0.85,25.26,-0.5045,0.4596,-0.6263,0.4028,0.2712,34.88,-16.85,0.013706,19.77,-2.53,14.099,9.26,-0.8660254037844385,-0.5000000000000004,2014-08-01
Baise,2014,9,106.62,23.9,25.18,33.24,15.63,8.51,22.14,25.13,95.46,2.32,5.0,4.05,120.7,84.59,17.7,7.37,16.75,34.4,7.87,1.79,64.62,4.85,4.76,0.84,0.84,0.86,23.29,1.0728,0.7534,0.9513,0.6412,0.2865,32.3,-14.58,0.015116,18.9,-3.2,13.2808,8.1865,-1.0,-1.8369701987210297e-16,2014-09-01
Baise,2014,10,106.62,23.9,21.51,30.44,13.84,9.53,18.06,21.43,96.1,2.11,5.2,3.78,106.0,82.24,13.69,2.35,13.68,32.55,6.2,1.24,57.58,4.35,3.87,0.78,0.78,0.8,18.67,-0.1387,0.1122,-0.2411,0.0239,0.1984,24.95,-7.0,0.010704,15.33,-5.72,10.6319,5.4336,-0.8660254037844386,0.5000000000000001,2014-10-01
Baise,2014,11,106.62,23.9,16.29,28.89,8.82,8.81,13.58,16.39,96.28,2.41,5.85,4.27,78.4,85.09,10.33,3.15,7.68,31.68,3.57,0.69,78.86,2.35,2.62,0.77,0.77,0.8,15.65,1.1391,0.9444,1.1612,0.822,0.1445,21.62,1.25,0.014192,10.46,-6.96,8.6512,5.3503,-0.5000000000000004,0.8660254037844384,2014-11-01
Baise,2014,12,106.62,23.9,9.77,20.61,1.22,10.94,5.01,9.77,96.78,2.59,6.64,4.49,50.0,74.71,5.76,0.36,9.1,27.8,4.02,0.68,66.43,1.59,2.0,0.7,0.7,0.73,14.41,-0.4999,0.3518,0.1519,0.373,0.1896,2.95,15.89,0.009242,5.01,-6.81,4.6574,3.3781,-2.4492935982947064e-16,1.0,2014-12-01
Baise,2015,1,106.62,23.9,11.58,25.4,1.38,10.55,7.99,11.5,96.55,2.73,6.73,4.56,89.2,80.23,7.2,1.88,9.23,28.65,4.1,0.72,67.24,1.13,1.68,0.67,0.67,0.71,15.29,0.8602,0.9329,0.734,0.9755,0.1531,10.75,8.46,0.011142,6.61,-9.83,5.9157,3.505,0.49999999999999994,0.8660254037844387,2015-01-01
Baise,2015,2,106.62,23.9,14.82,31.13,1.37,11.41,10.69,15.03,96.22,2.77,8.6,4.65,141.5,78.84,8.86,1.44,11.86,29.79,5.29,1.02,64.55,1.22,2.12,0.65,0.65,0.68,17.6,0.7664,0.631,0.5108,0.5023,0.1478,20.18,0.82,0.015363,9.04,-11.73,7.3911,3.7861,0.8660254037844386,0.5000000000000001,2015-02-01
Baise,2015,3,106.62,23.9,18.63,35.41,6.3,12.65,13.54,19.24,96.04,3.17,7.04,4.94,120.3,75.57,10.45,0.66,11.25,33.05,5.15,1.05,82.67,0.86,2.01,0.59,0.6,0.59,20.34,-0.8747,0.1682,-0.8485,0.0169,0.2262,23.18,-4.93,0.023023,13.15,-7.76,9.8148,4.9357,1.0,6.123233995736766e-17,2015-03-01
Baise,2015,4,106.62,23.9,23.25,41.16,10.53,13.91,14.45,23.88,95.77,3.24,7.6,5.17,162.4,62.46,11.11,0.94,17.38,32.44,7.95,1.65,65.3,0.75,2.07,0.53,0.54,0.5,23.93,-2.2629,-1.507,-1.6426,-1.5015,0.2322,25.95,-5.43,0.017248,15.57,-7.68,9.0927,5.6888,0.8660254037844387,-0.4999999999999998,2015-04-01
Baise,2015,5,106.62,23.9,27.07,38.06,17.2,11.41,21.01,27.64,95.2,2.79,6.37,4.45,133.7,73.08,16.64,7.12,17.6,35.48,8.28,1.82,75.61,2.09,3.17,0.58,0.57,0.6,25.35,0.2266,-0.7987,0.0408,-1.0616,0.323,35.69,-18.91,0.028656,18.94,-3.64,14.8131,8.9562,0.49999999999999994,-0.8660254037844387,2015-05-01
Baise,2015,6,106.62,23.9,26.3,34.44,19.61,7.13,23.84,26.36,95.05,2.6,5.62,4.53,163.0,87.32,19.61,10.31,17.27,35.73,8.29,1.91,81.49,3.87,4.34,0.78,0.77,0.82,26.35,0.0978,-0.2488,0.2972,-0.2368,0.261,37.66,-20.0,0.038148,20.51,-2.03,16.4719,10.0662,1.2246467991473532e-16,-1.0,2015-06-01
Baise,2015,7,106.62,23.9,25.92,34.24,18.51,8.16,22.51,25.86,95.04,2.06,5.57,3.55,65.7,82.95,18.14,7.9,16.77,35.1,7.98,1.89,85.76,5.38,4.95,0.79,0.79,0.82,25.73,0.5119,0.3213,0.4781,0.2065,0.2498,34.22,-16.81,0.00992,19.64,-2.42,14.1763,8.8061,-0.4999999999999997,-0.8660254037844388,2015-07-01
Baise,2015,8,106.62,23.9,25.66,33.48,19.83,7.93,22.65,25.6,95.27,2.03,4.71,3.55,125.0,84.8,18.22,7.44,15.87,35.08,7.55,1.76,81.36,4.89,4.7,0.83,0.83,0.85,24.41,0.4103,0.4301,0.3042,0.4542,0.3208,35.46,-17.69,0.009878,19.81,-3.19,14.1506,8.8881,-0.8660254037844385,-0.5000000000000004,2015-08-01
Baise,2015,9,106.62,23.9,24.43,31.71,16.79,7.93,22.08,24.51,95.61,2.19,5.72,3.94,104.7,87.73,17.58,8.13,12.22,35.39,5.89,1.38,88.68,4.0,4.6,0.9,0.89,0.89,22.46,1.342,0.9737,1.247,1.0563,0.2162,35.2,-15.94,0.015934,18.19,-2.88,14.2364,9.8404,-1.0,-1.8369701987210297e-16,2015-09-01
Baise,2015,10,106.62,23.9,20.87,30.7,12.7,9.51,17.24,20.6,96.13,2.19,7.83,3.77,53.4,81.37,12.99,3.87,13.19,32.48,6.12,1.28,61.54,4.2,3.94,0.83,0.83,0.84,19.63,0.7521,1.0126,0.682,1.0049,0.2294,26.95,-5.62,0.010798,15.23,-5.33,10.2665,6.6231,-0.8660254037844386,0.5000000000000001,2015-10-01
Baise,2015,11,106.62,23.9,17.93,28.75,5.78,8.74,15.71,18.02,96.25,2.33,7.18,4.14,122.4,87.84,12.06,5.26,9.24,32.49,4.34,0.89,75.96,2.27,2.85,0.85,0.84,0.85,16.32,2.0024,1.8782,1.7797,1.5901,0.2438,23.98,-4.89,0.02081,12.86,-7.11,10.1833,5.1299,-0.5000000000000004,0.8660254037844384,2015-11-01
Baise,2015,12,106.62,23.9,11.36,24.34,2.2,9.03,8.89,11.46,96.67,2.32,5.34,4.0,60.2,85.81,7.59,3.17,6.5,30.03,3.02,0.58,86.84,1.13,2.05,0.86,0.86,0.86,14.18,2.3446,2.1145,1.8762,1.8665,0.1856,13.08,8.36,0.012056,6.32,-9.4,6.2607,3.9744,-2.4492935982947064e-16,1.0,2015-12-01
Baise,2016,1,106.62,23.9,9.94,23.86,-1.99,8.78,7.56,10.13,96.52,2.57,7.18,4.11,71.6,85.95,7.05,1.41,7.22,29.85,3.36,0.64,85.05,0.73,1.74,0.83,0.83,0.84,15.82,0.4717,2.5012,0.3793,2.1572,0.0618,14.59,6.05,0.012279,5.71,-11.95,6.398,3.3394,0.49999999999999994,0.8660254037844387,2016-01-01
Baise,2016,2,106.62,23.9,10.57,26.76,-0.75,11.94,5.58,10.49,96.72,2.89,6.92,4.74,51.3,73.93,6.08,0.37,11.8,27.83,5.27,1.05,65.38,1.22,2.48,0.76,0.76,0.78,18.25,-0.7282,1.5833,0.026,1.665,0.213,5.58,15.22,0.007985,5.69,-7.65,4.3232,3.4706,0.8660254037844386,0.5000000000000001,2016-02-01
Baise,2016,3,106.62,23.9,16.94,32.39,2.88,11.87,12.74,17.31,96.07,3.09,6.99,4.96,120.0,78.52,10.03,0.71,12.53,31.84,5.64,1.14,77.18,1.6,2.6,0.67,0.67,0.69,20.08,-0.7995,-0.7945,-0.3747,-0.1371,0.2028,23.31,-2.13,0.016471,11.24,-10.07,8.446,4.9402,1.0,6.123233995736766e-17,2016-03-01
Baise,2016,4,106.62,23.9,23.2,37.52,11.81,11.5,18.8,23.51,95.46,2.75,9.09,4.6,142.5,79.12,14.38,4.31,15.68,34.28,7.1,1.5,74.37,2.39,3.37,0.65,0.65,0.68,22.31,1.3706,0.0847,1.3879,0.4049,0.2387,31.83,-12.96,0.02437,16.56,-7.33,11.9088,6.7336,0.8660254037844387,-0.4999999999999998,2016-04-01
Baise,2016,5,106.62,23.9,25.04,37.8,13.73,9.78,20.75,25.24,95.36,2.75,6.4,4.69,148.2,79.76,16.36,6.52,17.41,34.61,8.16,1.9,73.22,3.49,4.13,0.67,0.67,0.71,25.56,-0.0054,0.142,0.1293,0.3147,0.2336,32.24,-15.1,0.026074,18.09,-4.09,13.4601,7.926,0.49999999999999994,-0.8660254037844387,2016-05-01
Baise,2016,6,106.62,23.9,26.64,35.36,18.8,8.95,23.35,26.74,95.17,2.43,4.91,4.19,165.4,83.73,19.03,7.58,19.54,35.43,9.31,2.3,85.09,5.11,5.25,0.78,0.77,0.81,27.1,-1.035,-0.2444,-1.2208,-0.0565,0.2246,35.83,-20.0,0.028734,20.34,-2.68,15.2281,9.0448,1.2246467991473532e-16,-1.0,2016-06-01
Baise,2016,7,106.62,23.9,26.89,35.57,21.88,7.61,23.77,26.94,95.12,2.43,5.22,4.23,159.5,84.47,19.5,3.14,18.47,35.29,8.84,2.19,81.47,4.38,4.2,0.72,0.72,0.75,26.71,-1.7496,-1.3319,-1.427,-1.3078,0.2336,36.23,-20.0,0.032371,21.4,-2.69,15.1433,9.0286,-0.4999999999999997,-0.8660254037844388,2016-07-01
Baise,2016,8,106.62,23.9,26.68,35.1,19.04,8.05,23.35,26.6,94.98,2.0,6.83,3.49,65.4,83.4,19.09,11.17,16.84,35.41,8.04,1.94,84.45,4.83,4.87,0.8,0.79,0.83,25.2,1.4625,-0.2967,1.8963,-0.4228,0.2448,36.28,-18.81,0.019336,20.72,-2.01,14.6965,9.8685,-0.8660254037844385,-0.5000000000000004,2016-08-01
Baise,2016,9,106.62,23.9,24.53,33.18,16.97,9.51,20.79,24.48,95.51,2.08,5.18,3.74,53.0,81.34,16.24,3.75,16.26,34.62,7.62,1.74,72.95,5.76,4.91,0.79,0.79,0.81,22.59,-0.5532,-0.0124,-0.3746,-0.1962,0.3403,31.06,-11.3,0.016094,17.92,-2.75,12.5437,8.1732,-1.0,-1.8369701987210297e-16,2016-09-01
Baise,2016,10,106.62,23.9,22.23,31.79,11.36,10.15,18.42,22.39,95.84,2.42,6.17,4.26,58.5,80.78,14.05,3.28,12.47,33.73,5.87,1.34,72.66,4.2,3.6,0.68,0.68,0.71,19.65,0.4399,0.818,0.1939,0.6642,0.2258,28.52,-9.28,0.015534,16.15,-3.88,11.9797,7.2179,-0.8660254037844386,0.5000000000000001,2016-10-01
Baise,2016,11,106.62,23.9,16.77,29.54,4.9,11.06,12.86,16.97,96.3,2.62,5.85,4.48,76.4,79.72,10.24,1.12,10.82,31.1,5.03,1.06,62.98,2.49,2.55,0.65,0.65,0.67,16.75,-0.1858,-0.308,-0.0623,-0.2781,0.2395,18.69,0.58,0.013854,11.2,-6.37,8.8806,5.0422,-0.5000000000000004,0.8660254037844384,2016-11-01
Baise,2016,12,106.62,23.9,13.92,26.99,2.76,12.83,8.46,14.01,96.5,2.54,6.5,4.44,69.5,72.52,7.51,0.3,10.99,28.77,4.92,0.92,58.16,0.89,1.45,0.59,0.59,0.58,15.08,-0.6589,-0.0694,0.4664999999999999,-0.2971,0.2191,12.14,8.17,0.009384,8.74,-7.28,6.285,3.911,-2.4492935982947064e-16,1.0,2016-12-01
Baise,2017,1,106.62,23.9,13.49,26.33,3.59,10.36,9.53,13.79,96.45,2.63,6.44,4.3,87.4,78.94,7.91,2.35,7.6,30.7,3.54,0.79,83.51,0.65,1.38,0.6,0.6,0.62,15.58,1.1901,0.1709,0.9953,-0.1003,0.1553,14.58,5.12,0.015087,8.57,-8.32,7.2018,4.0194,0.49999999999999994,0.8660254037844387,2017-01-01
Baise,2017,2,106.62,23.9,14.1,29.65,2.46,11.94,8.47,14.59,96.44,3.12,7.66,4.96,103.3,71.63,7.57,0.42,10.04,30.61,4.61,0.98,79.79,0.52,1.46,0.58,0.59,0.57,18.33,-0.643,0.2178,-0.4842,-0.3034,0.1648,15.68,5.69,0.012483,7.42,-10.53,6.4701,4.0903,0.8660254037844386,0.5000000000000001,2017-02-01
Baise,2017,3,106.62,23.9,18.28,34.41,8.59,12.45,13.1,18.88,95.96,3.32,8.11,5.1,116.7,74.85,10.19,3.31,11.46,32.71,5.31,1.17,81.99,0.66,1.9,0.57,0.57,0.58,20.93,1.2551,1.3106,1.257,1.0435,0.2109,24.22,-2.74,0.02011,11.2,-9.65,8.8998,5.111,1.0,6.123233995736766e-17,2017-03-01
Baise,2017,4,106.62,23.9,22.4,39.45,7.71,13.1,15.76,22.95,95.68,3.16,7.09,5.07,154.2,69.93,12.04,2.29,15.1,33.31,7.03,1.55,77.05,1.56,2.81,0.58,0.59,0.59,24.15,-0.3539,0.4483,-0.4249,0.506,0.2491,27.3,-6.54,0.019432,15.01,-6.56,10.2298,6.2973,0.8660254037844387,-0.4999999999999998,2017-04-01
Baise,2017,5,106.62,23.9,24.24,38.63,15.09,11.09,18.9,24.42,95.57,2.49,5.1,4.19,118.1,75.09,14.54,6.1,17.9,33.91,8.37,1.9,74.23,3.81,4.19,0.64,0.64,0.68,26.05,-0.1764,0.2131,0.0897,0.443,0.2607,29.56,-11.11,0.014139,17.4,-4.79,11.8545,6.8214,0.49999999999999994,-0.8660254037844387,2017-05-01
Baise,2017,6,106.62,23.9,25.86,37.66,19.64,7.15,23.26,25.96,95.09,2.24,5.92,3.91,143.1,86.93,18.96,13.21,14.03,35.79,6.84,1.67,94.91,3.36,4.03,0.77,0.76,0.82,26.04,1.0987,0.419,1.0842,0.6751,0.1574,37.79,-20.0,0.029166,19.55,-2.7,15.7517,10.2402,1.2246467991473532e-16,-1.0,2017-06-01
Baise,2017,7,106.62,23.9,26.31,34.95,22.24,6.91,23.77,26.25,95.19,2.01,4.75,3.48,142.5,87.04,19.48,9.96,16.22,35.46,7.88,1.97,89.57,3.77,4.56,0.94,0.93,0.92,26.75,1.1959,0.9904,1.3519,1.075,0.3056,36.97,-20.0,0.020618,20.68,-2.84,14.9913,9.4458,-0.4999999999999997,-0.8660254037844388,2017-07-01
Baise,2017,8,106.62,23.9,26.29,33.92,21.18,7.08,23.91,26.27,95.13,2.14,9.1,3.74,148.1,87.77,19.67,8.93,15.75,35.41,7.6,1.92,86.85,4.0,4.56,0.91,0.9,0.89,25.38,0.8645,1.5383,0.8251,1.6399,0.2752,37.21,-20.0,0.021198,20.88,-2.61,15.2656,9.7168,-0.8660254037844385,-0.5000000000000004,2017-08-01
Baise,2017,9,106.62,23.9,25.78,33.63,20.66,7.76,23.34,25.82,95.52,1.99,4.18,3.65,125.1,87.46,18.93,4.39,15.21,35.36,7.25,1.73,75.55,4.18,4.54,0.9,0.89,0.88,23.0,-0.2059,0.9618,-0.2812,0.8415,0.2546,36.04,-18.96,0.018286,19.63,-2.76,14.8922,9.5434,-1.0,-1.8369701987210297e-16,2017-09-01
Baise,2017,10,106.62,23.9,20.48,30.53,8.48,8.26,17.62,20.48,96.1,2.37,6.54,4.21,58.3,84.78,13.59,4.17,11.89,33.09,5.58,1.24,79.32,3.48,3.7,0.84,0.84,0.85,19.65,0.8989,0.6843,0.8645,0.5646,0.1996,25.02,-4.05,0.015816,14.32,-3.53,10.7261,7.2027,-0.8660254037844386,0.5000000000000001,2017-10-01
Baise,2017,11,106.62,23.9,16.32,30.1,5.44,9.68,13.05,16.26,96.34,2.37,5.69,4.1,57.9,82.34,10.24,1.43,10.06,30.96,4.63,0.92,71.24,2.59,2.75,0.76,0.76,0.78,16.04,0.0874,0.237,0.2599,0.2406,0.2598,19.88,2.05,0.013355,11.14,-6.93,8.0538,5.4283,-0.5000000000000004,0.8660254037844384,2017-11-01
Baise,2017,12,106.62,23.9,10.78,19.81,0.23,10.3,6.48,10.72,96.71,2.44,6.51,4.27,49.6,77.25,6.46,0.77,7.95,28.69,3.55,0.67,75.23,1.47,1.84,0.7,0.71,0.73,14.56,0.2638,0.5487,0.4976,0.5961,0.1949,3.97,15.68,0.009316,6.01,-4.81,5.209,3.7109,-2.4492935982947064e-16,1.0,2017-12-01
Baise,2018,1,106.62,23.9,11.03,25.81,-0.02,10.08,7.45,11.18,96.29,2.92,6.88,4.72,93.2,80.21,7.26,1.55,6.44,30.51,3.03,0.63,90.51,0.97,1.71,0.69,0.69,0.72,15.79,0.5953,0.1543,0.4092,0.307,0.116,10.71,11.23,0.015435,6.35,-5.96,6.4882,4.0647,0.49999999999999994,0.8660254037844387,2018-01-01
Baise,2018,2,106.62,23.9,12.66,30.3,-1.2,12.42,7.3,13.07,96.37,2.86,7.16,4.74,94.3,72.68,7.31,0.22,10.39,29.88,4.71,0.98,81.56,0.97,1.85,0.63,0.64,0.64,18.29,-1.2022,-0.2442,-0.461,-0.0096,0.1889,9.72,9.2,0.0115,6.57,-8.84,6.0386,3.3683,0.8660254037844386,0.5000000000000001,2018-02-01
Baise,2018,3,106.62,23.9,19.41,32.57,5.08,12.79,13.71,19.85,95.93,3.08,7.38,5.03,147.3,73.36,10.63,2.57,14.3,31.79,6.45,1.28,66.06,1.05,2.35,0.59,0.6,0.6,20.81,0.8403,0.4474,0.644,0.354,0.2454,26.22,-4.99,0.017537,12.44,-11.53,8.5568,4.8423,1.0,6.123233995736766e-17,2018-03-01
Baise,2018,4,106.62,23.9,22.3,37.32,9.24,12.44,15.86,22.76,95.76,3.17,8.95,5.02,149.3,70.45,12.23,2.31,15.8,32.95,7.29,1.54,71.35,1.32,2.7,0.59,0.59,0.59,23.67,-0.3326,-0.0416,-0.3803,0.0568,0.2562,28.25,-8.16,0.021083,14.96,-7.64,10.4687,6.1626,0.8660254037844387,-0.4999999999999998,2018-04-01
Baise,2018,5,106.62,23.9,25.38,35.02,18.24,9.2,21.55,25.6,95.43,2.76,6.18,4.66,167.0,81.3,17.0,7.81,17.4,34.85,8.26,1.86,76.55,3.65,4.04,0.66,0.65,0.7,26.19,0.4777,0.5149,0.5199,0.5163,0.2766,34.75,-18.06,0.03627,18.75,-4.35,14.2692,8.116,0.49999999999999994,-0.8660254037844387,2018-05-01
Baise,2018,6,106.62,23.9,25.95,33.21,18.91,8.12,22.88,26.02,95.03,2.38,5.7,4.09,136.7,84.56,18.53,8.27,15.66,35.6,7.64,1.85,87.3,4.72,4.82,0.76,0.76,0.81,26.58,-0.7255,-0.2394,-0.4739,0.0507,0.243,35.52,-18.54,0.019271,19.42,-2.24,15.0244,9.4749,1.2246467991473532e-16,-1.0,2018-06-01
Baise,2018,7,106.62,23.9,26.54,34.73,22.08,7.31,23.84,26.54,94.89,2.1,4.85,3.72,127.2,86.29,19.63,9.88,17.29,35.64,8.32,2.0,89.0,4.66,4.83,0.82,0.81,0.84,26.58,1.1712,0.4471,1.264,0.4362,0.257,36.41,-20.0,0.026953,20.88,-1.98,15.4252,9.5766,-0.4999999999999997,-0.8660254037844388,2018-07-01
Baise,2018,8,106.62,23.9,26.56,33.94,21.38,7.62,23.6,26.44,94.91,1.86,4.86,3.31,67.8,85.04,19.34,8.14,16.14,35.31,7.76,1.86,86.38,4.41,4.68,0.89,0.88,0.89,25.28,0.6304,0.5616,0.4398,0.4972,0.2956,37.15,-19.98,0.020391,20.78,-2.72,14.848,9.5232,-0.8660254037844385,-0.5000000000000004,2018-08-01
Baise,2018,9,106.62,23.9,24.45,32.86,16.7,8.37,21.41,24.45,95.55,2.44,4.77,4.27,90.1,84.5,16.93,6.79,15.81,34.51,7.47,1.7,71.47,4.89,5.01,0.88,0.88,0.88,23.1,0.8551,1.2077,0.8529,1.2301,0.2779,32.19,-12.56,0.0124,17.91,-3.19,12.8748,8.7703,-1.0,-1.8369701987210297e-16,2018-09-01
Baise,2018,10,106.62,23.9,19.35,28.81,12.98,9.23,16.16,19.35,96.24,2.23,4.68,4.0,61.7,83.44,12.09,3.25,10.54,33.0,4.99,1.14,85.46,3.69,3.64,0.81,0.81,0.82,19.47,0.4231,0.7967,0.5744,0.7933,0.2726,25.94,-2.32,0.016289,13.38,-6.04,9.3557,6.8006,-0.8660254037844386,0.5000000000000001,2018-10-01
Baise,2018,11,106.62,23.9,16.55,27.61,6.91,10.7,13.22,16.41,96.31,2.29,5.16,3.94,82.2,82.25,10.12,0.6,11.18,30.89,5.09,1.05,59.43,2.68,2.65,0.75,0.75,0.77,16.86,-0.799,0.4026,-0.6627,0.542,0.2563,20.96,-1.56,0.014827,11.97,-7.92,8.8175,4.4649,-0.5000000000000004,0.8660254037844384,2018-11-01
Baise,2018,12,106.62,23.9,11.82,27.67,-3.39,9.47,8.52,11.97,96.56,2.79,5.85,4.5,61.6,81.3,7.82,0.96,7.44,30.22,3.47,0.73,78.97,1.37,1.83,0.68,0.68,0.71,14.49,0.5222,-0.0174,0.5639,0.1546,0.1608,13.04,6.77,0.017672,7.99,-7.43,7.109,4.2428,-2.4492935982947064e-16,1.0,2018-12-01
Baise,2019,1,106.62,23.9,10.78,24.14,-1.27,9.86,8.12,11.03,96.62,2.61,6.72,4.26,79.5,84.62,7.24,1.88,6.67,30.77,3.13,0.73,90.21,0.83,1.49,0.68,0.68,0.72,15.71,0.8602,-0.0072,0.8459,0.0979,0.0684,11.76,6.33,0.014911,7.32,-8.89,6.9446,3.5369,0.49999999999999994,0.8660254037844387,2019-01-01
Baise,2019,2,106.62,23.9,15.02,30.4,4.43,11.24,11.49,15.44,96.13,3.06,6.64,4.75,114.1,81.16,9.11,1.96,10.49,31.88,4.83,1.09,74.68,1.15,2.01,0.65,0.65,0.68,18.54,1.2204,1.3832,0.9463,1.0731,0.2162,18.76,-2.84,0.022439,11.6,-9.92,8.6641,3.5761,0.8660254037844386,0.5000000000000001,2019-02-01
Baise,2019,3,106.62,23.9,18.03,32.56,8.34,11.08,14.27,18.39,95.93,2.97,6.71,4.78,109.2,80.72,10.9,3.61,11.75,32.9,5.39,1.18,80.06,1.67,2.73,0.67,0.67,0.71,20.16,1.4064,1.8303,1.4481,1.6527,0.184,24.32,-4.23,0.019595,12.21,-9.14,9.3282,4.8484,1.0,6.123233995736766e-17,2019-03-01
Baise,2019,4,106.62,23.9,23.74,36.99,12.24,11.51,19.31,24.06,95.52,2.77,6.9,4.59,151.9,79.2,14.95,3.75,15.45,34.61,7.05,1.49,68.9,2.84,3.82,0.67,0.67,0.7,22.3,0.9583,1.8319,0.5192,1.5347,0.2473,31.33,-14.72,0.026535,17.47,-7.36,12.2397,6.2246,0.8660254037844387,-0.4999999999999998,2019-04-01
Baise,2019,5,106.62,23.9,24.68,39.89,16.24,10.42,19.83,25.12,95.38,2.79,6.43,4.49,110.9,77.0,15.46,6.02,12.34,35.45,5.94,1.36,85.56,2.9,3.7,0.63,0.64,0.66,24.24,-0.2098,0.7029,-0.0056,0.7007,0.2182,33.07,-14.93,0.026846,17.42,-3.58,13.8681,8.826,0.49999999999999994,-0.8660254037844387,2019-05-01
Baise,2019,6,106.62,23.9,26.41,32.96,18.16,7.43,23.94,26.44,94.99,2.44,5.48,4.24,154.7,87.27,19.81,10.44,16.33,35.89,7.85,1.89,89.81,3.62,4.1,0.77,0.77,0.82,26.25,0.1464,0.1366,0.3234,0.3139,0.2657,36.51,-20.0,0.033816,20.59,-1.98,16.3834,9.6442,1.2246467991473532e-16,-1.0,2019-06-01
Baise,2019,7,106.62,23.9,26.45,33.31,21.04,6.7,24.26,26.49,94.97,2.18,5.13,3.93,142.3,88.62,20.13,9.43,15.05,35.76,7.31,1.82,92.09,3.59,4.51,0.92,0.91,0.9,26.22,1.0295,0.422,1.0659,0.4334,0.2314,37.63,-20.0,0.020994,20.84,-1.89,15.9965,10.2494,-0.4999999999999997,-0.8660254037844388,2019-07-01
Baise,2019,8,106.62,23.9,27.21,35.68,20.53,8.43,23.72,27.08,95.02,1.9,6.34,3.36,69.4,82.71,19.48,4.96,17.78,35.47,8.48,2.05,80.79,5.26,5.03,0.86,0.86,0.86,25.53,-0.5045,0.2734,-0.7899,0.1248,0.262,34.61,-18.24,0.013612,21.56,-2.24,14.0443,8.5221,-0.8660254037844385,-0.5000000000000004,2019-08-01
Baise,2019,9,106.62,23.9,24.54,33.97,14.19,9.86,20.28,24.36,95.75,2.12,5.13,3.77,71.1,79.23,15.94,2.68,17.21,33.45,8.04,1.84,59.0,5.8,4.81,0.78,0.78,0.8,23.39,-1.2391,-0.2112,-1.0827,-0.3815,0.2128,29.89,-10.47,0.010116,18.34,-4.14,11.4841,6.8987,-1.0,-1.8369701987210297e-16,2019-09-01
Baise,2019,10,106.62,23.9,21.14,31.33,9.94,9.44,17.83,21.23,96.12,2.17,4.46,3.82,94.5,83.06,13.6,2.81,11.4,33.14,5.37,1.15,73.22,3.63,3.3,0.68,0.68,0.71,19.29,0.1636,-0.8392,0.101,-0.8617,0.3691,28.55,-7.58,0.015449,15.34,-5.79,10.8357,6.8677,-0.8660254037844386,0.5000000000000001,2019-10-01
Baise,2019,11,106.62,23.9,16.62,28.06,7.16,10.9,12.43,16.69,96.36,2.52,7.25,4.36,70.5,78.19,9.64,1.53,9.96,31.17,4.57,0.87,71.64,2.45,2.45,0.64,0.65,0.66,15.91,0.1668,-0.6845,0.2904,-0.5294,0.2006,19.81,2.12,0.014033,11.21,-5.97,8.3993,5.5714,-0.5000000000000004,0.8660254037844384,2019-11-01
Baise,2019,12,106.62,23.9,12.68,27.72,1.25,12.29,6.96,12.59,96.59,2.54,6.72,4.28,59.0,71.37,6.83,0.2,9.97,28.52,4.44,0.77,61.52,0.84,1.38,0.59,0.59,0.58,15.04,-0.9858,-0.1419,-1.3563,-0.1661,0.1813,10.48,7.69,0.009506,7.75,-9.78,5.8156,3.124,-2.4492935982947064e-16,1.0,2019-12-01
Baise,2020,1,106.62,23.9,14.1,28.56,1.18,11.85,9.31,14.43,96.33,3.16,6.83,5.15,115.5,75.36,8.14,1.17,8.17,30.68,3.77,0.7,76.73,0.37,1.24,0.56,0.57,0.56,15.45,0.2396,-0.3617,-0.575,-0.6215,0.1714,18.75,1.87,0.017743,8.55,-10.73,7.564,3.8652,0.49999999999999994,0.8660254037844387,2020-01-01
Baise,2020,2,106.62,23.9,15.15,30.07,3.13,11.86,10.4,15.53,96.45,3.02,7.88,4.98,122.8,76.07,8.57,1.47,9.02,31.25,4.12,0.82,81.87,0.45,1.47,0.58,0.58,0.58,17.26,0.8448,-0.0323,0.493,-0.6042,0.2188,23.13,0.63,0.018628,9.58,-10.51,7.7719,4.9124,0.8660254037844386,0.5000000000000001,2020-02-01
Baise,2020,3,106.62,23.9,19.07,33.24,7.94,12.04,14.45,19.47,95.88,3.2,6.61,5.11,120.2,77.35,11.04,4.19,11.65,33.03,5.29,1.03,78.35,1.15,2.37,0.61,0.61,0.64,19.79,1.6781,1.6142,1.612,1.1325,0.1733,27.49,-5.78,0.023361,13.13,-8.57,9.8415,6.0398,1.0,6.123233995736766e-17,2020-03-01
Baise,2020,4,106.62,23.9,19.07,33.66,10.72,10.81,14.4,19.36,96.1,2.85,6.23,4.52,98.0,77.05,11.02,3.19,13.8,32.73,6.36,1.31,85.62,2.13,2.9,0.65,0.65,0.68,22.85,0.5037,1.6903,1.5713,1.7848,0.2261,25.34,-4.19,0.016051,12.63,-9.0,9.1996,5.6229,0.8660254037844387,-0.4999999999999998,2020-04-01
Baise,2020,5,106.62,23.9,26.78,39.85,18.87,11.41,21.43,27.15,95.28,2.74,6.58,4.53,161.5,75.86,16.96,7.3,19.31,35.04,9.09,2.07,72.34,3.08,3.98,0.62,0.62,0.65,26.03,0.2936,1.07,0.1528,1.0406,0.2289,34.4,-17.45,0.026942,19.6,-4.16,13.7602,8.2036,0.49999999999999994,-0.8660254037844387,2020-05-01
Baise,2020,6,106.62,23.9,26.72,32.84,21.89,6.82,24.48,26.77,95.01,2.68,5.42,4.59,168.1,88.31,20.37,13.39,16.77,35.99,8.05,1.96,90.68,3.53,4.63,0.87,0.86,0.88,26.53,1.1559,0.8641,1.044,0.9294,0.2596,38.46,-20.0,0.02673266666666667,20.74,-2.13,16.7169,10.3523,1.2246467991473532e-16,-1.0,2020-06-01
Baise,2020,7,106.62,23.9,27.0,33.88,21.25,7.83,24.14,27.01,95.1,2.58,5.25,4.57,176.2,85.55,19.94,5.34,17.57,35.56,8.44,2.14,91.29,5.21,5.23,0.82,0.82,0.84,26.69,-0.5292,0.4301,-0.698,0.2222,0.2519,37.0,-20.0,0.026523333333333333,21.04,-1.75,16.0121,9.7319,-0.4999999999999997,-0.8660254037844388,2020-07-01
Baise,2020,8,106.62,23.9,26.14,33.28,21.51,7.55,23.44,26.12,95.14,2.39,5.39,4.17,139.3,86.26,19.1,8.92,17.4,35.33,8.38,2.1,77.72,4.75,4.98,0.83,0.83,0.85,25.67,0.8616,0.779,0.8514,0.6619,0.295,36.12,-20.0,0.026314,20.38,-2.46,15.2239,9.3467,-0.8660254037844385,-0.5000000000000004,2020-08-01
Baise,2020,9,106.62,23.9,24.32,33.38,16.0,8.03,22.0,24.36,95.52,2.26,5.43,3.97,112.6,87.83,17.55,10.6,12.25,35.16,5.93,1.45,85.38,3.67,4.38,0.88,0.87,0.88,22.58,2.1192,1.1956,1.8682,1.2213,0.2254,35.15,-15.71,0.020162,17.99,-2.71,14.295,10.1125,-1.0,-1.8369701987210297e-16,2020-09-01
Baise,2020,10,106.62,23.9,18.74,29.67,10.86,8.7,16.23,18.79,96.15,2.68,6.19,4.68,41.0,86.33,12.3,6.16,10.25,32.6,4.85,1.08,81.05,2.96,3.9,0.92,0.91,0.9,19.27,1.7341,1.9883,1.7902,2.0865,0.2645,22.96,-1.69,0.018604,13.14,-3.87,10.0864,7.3394,-0.8660254037844386,0.5000000000000001,2020-10-01
Baise,2020,11,106.62,23.9,16.22,27.8,4.78,10.0,13.15,16.17,96.46,2.56,5.52,4.47,54.3,83.41,10.19,0.57,11.13,30.38,5.08,0.93,52.87,2.62,2.98,0.82,0.82,0.83,16.43,-0.8448,1.9063,-0.604,1.7511,0.1841,16.82,2.78,0.013785,11.78,-5.5,8.092,4.7943,-0.5000000000000004,0.8660254037844384,2020-11-01
Baise,2020,12,106.62,23.9,9.49,24.89,-1.16,10.19,5.7,9.7,96.68,2.74,6.32,4.61,45.2,78.76,6.19,0.1,7.19,29.66,3.27,0.63,84.32,1.29,1.8,0.73,0.73,0.76,14.53,-1.4746,0.7095,-0.2293,0.8945,0.1803,7.35,13.39,0.013653,5.01,-6.8,5.7339,4.0588,-2.4492935982947064e-16,1.0,2020-12-01
Baise,2021,1,106.62,23.9,9.98,23.49,-1.23,11.46,5.2,9.95,96.56,2.66,7.31,4.43,67.6,74.39,6.09,0.15,8.68,28.55,3.87,0.67,69.38,0.97,1.56,0.66,0.66,0.68,15.02,-1.6251,-2.3618,-1.2099,-1.9775,0.2248,4.97,16.05,0.011325,4.57,-6.37,4.9484,3.7677,0.49999999999999994,0.8660254037844387,2021-01-01
Baise,2021,2,106.62,23.9,16.18,28.1,6.77,11.29,12.16,16.43,96.17,2.65,6.99,4.45,115.1,79.18,9.38,2.27,10.55,31.53,4.82,0.92,77.19,1.15,2.0,0.64,0.65,0.67,17.94,1.4554,-0.4612,1.0273,-0.3754,0.1608,22.61,0.92,0.014273,10.1,-9.59,7.8267,4.9187,0.8660254037844386,0.5000000000000001,2021-02-01
Baise,2021,3,106.62,23.9,19.92,37.3,7.76,12.91,14.56,20.4,95.88,3.47,7.31,5.39,140.4,74.87,11.23,0.71,12.14,33.65,5.5,1.13,80.65,1.01,2.22,0.6,0.61,0.6,19.71,-0.7995,-0.4505,-1.2202,-0.7461,0.1781,24.98,-4.89,0.02219,13.43,-8.12,9.5364,5.2818,1.0,6.123233995736766e-17,2021-03-01
Baise,2021,4,106.62,23.9,22.21,37.65,12.13,10.68,17.43,22.68,95.79,2.98,6.01,4.65,117.5,77.19,13.23,3.98,11.95,34.26,5.59,1.19,81.5,1.42,2.68,0.6,0.6,0.62,22.39,1.1321,0.7987,1.3944,0.5154,0.24,30.51,-10.49,0.025251,15.29,-6.33,11.8193,7.0438,0.8660254037844387,-0.4999999999999998,2021-04-01
Baise,2021,5,106.62,23.9,26.15,37.53,17.82,10.92,21.61,26.46,95.32,2.85,6.98,4.77,161.0,78.68,17.15,6.09,18.03,35.28,8.55,1.98,76.54,3.2,4.12,0.63,0.63,0.67,26.21,-0.1806,-0.1014,-0.221,-0.1395,0.247,35.46,-18.79,0.034904,18.9,-3.78,14.7244,8.8379,0.49999999999999994,-0.8660254037844387,2021-05-01
Baise,2021,6,106.62,23.9,26.67,35.54,18.13,8.95,22.99,26.72,95.05,2.34,5.06,4.01,136.4,82.1,18.74,9.07,17.66,35.61,8.51,2.05,86.59,5.16,5.02,0.7,0.7,0.75,26.79,-0.3879,-0.0887,-0.2292,0.0692,0.1745,35.67,-20.0,0.024863,20.35,-1.89,15.4328,9.5336,1.2246467991473532e-16,-1.0,2021-06-01
Baise,2021,7,106.62,23.9,27.34,35.41,22.14,8.73,23.64,27.39,95.04,2.15,5.66,3.8,152.0,82.02,19.36,5.33,18.89,35.37,9.05,2.21,80.96,6.21,5.35,0.73,0.73,0.77,26.87,-0.5338,-0.6179,-0.7565,-0.7806,0.3251,35.99,-20.0,0.021315,21.14,-2.39,15.0353,9.0694,-0.4999999999999997,-0.8660254037844388,2021-07-01
Baise,2021,8,106.62,23.9,27.29,35.1,21.12,8.36,23.87,27.35,95.18,2.38,4.74,4.14,149.7,83.2,19.61,6.03,19.14,35.34,9.14,2.22,80.8,5.89,5.21,0.73,0.73,0.77,25.75,-0.0789,-0.6192,-0.4532,-0.7943,0.2454,37.02,-20.0,0.021726,21.0,-2.25,15.2992,9.6768,-0.8660254037844385,-0.5000000000000004,2021-08-01
Baise,2021,9,106.62,23.9,26.27,35.27,20.94,9.23,22.26,26.38,95.62,1.87,4.7,3.34,129.2,80.59,17.68,2.96,17.91,34.74,8.51,1.94,64.74,4.58,4.12,0.67,0.67,0.69,23.69,-1.0435,-0.8315,-1.4087,-1.0355,0.2622,35.2,-16.51,0.01604,19.89,-3.94,13.3548,8.7566,-1.0,-1.8369701987210297e-16,2021-09-01
Baise,2021,10,106.62,23.9,19.81,33.55,9.09,9.78,15.83,20.02,96.12,3.22,7.93,5.43,45.1,79.63,12.07,4.71,10.93,32.74,5.22,1.14,76.01,3.18,3.4,0.65,0.65,0.68,19.67,1.147,-0.0668,1.163,-0.2407,0.2075,26.48,-3.25,0.018623,13.45,-4.52,10.3402,8.0421,-0.8660254037844386,0.5000000000000001,2021-10-01
Baise,2021,11,106.62,23.9,15.76,29.99,7.83,9.75,11.83,15.89,96.38,2.53,7.01,4.46,48.7,79.63,9.42,1.96,9.63,31.0,4.52,0.9,76.72,2.42,2.52,0.65,0.66,0.69,16.86,0.4733,0.1427,0.653,0.182,0.1903,19.28,5.74,0.014514,9.37,-7.2,7.0894,5.9727,-0.5000000000000004,0.8660254037844384,2021-11-01
Baise,2021,12,106.62,23.9,11.99,23.53,-0.12,11.5,7.13,12.04,96.71,2.49,6.0,4.21,53.3,74.68,6.73,0.56,9.78,28.16,4.41,0.77,58.94,0.91,1.42,0.6,0.61,0.61,15.04,-0.078,0.8219,0.0921,0.8678,0.1522,9.37,11.11,0.010113,7.09,-7.28,5.6827,3.8849,-2.4492935982947064e-16,1.0,2021-12-01
Baise,2022,1,106.62,23.9,11.84,24.52,1.01,9.97,8.51,12.12,96.36,2.76,5.73,4.47,81.6,81.41,7.42,1.73,6.55,30.46,3.07,0.6,87.62,0.43,1.2,0.6,0.6,0.61,15.26,0.7438,0.4116,0.5122,0.4661,0.165,20.84,3.24,0.01666,7.03,-12.15,6.9869,4.56,0.49999999999999994,0.8660254037844387,2022-01-01
Baise,2022,2,106.62,23.9,9.23,27.1,-0.58,10.46,5.83,9.65,96.47,3.06,6.83,4.66,60.8,80.7,6.26,3.04,7.03,30.17,3.36,0.77,93.07,0.59,1.47,0.64,0.64,0.68,18.69,1.9638,1.6509,2.2754,1.6452,0.0876,13.75,9.12,0.015662,4.74,-10.77,5.9685,4.2677,0.8660254037844386,0.5000000000000001,2022-02-01
Baise,2022,3,106.62,23.9,20.12,33.9,10.05,11.82,16.08,20.52,95.75,3.34,7.2,5.24,140.9,79.73,12.2,2.36,12.74,33.15,5.91,1.25,74.65,1.57,2.67,0.64,0.64,0.66,21.44,0.7088,1.6564,0.3675,1.5061,0.231,26.75,-8.44,0.024139,14.52,-7.35,10.8782,5.659,1.0,6.123233995736766e-17,2022-03-01
Baise,2022,4,106.62,23.9,21.48,37.32,6.72,12.75,15.23,21.83,95.84,3.07,7.73,4.93,111.8,71.42,11.8,3.36,17.37,32.72,7.93,1.68,63.67,1.72,3.04,0.61,0.61,0.62,23.99,0.6468,1.5705,0.9128,1.622,0.3706,27.35,-4.7,0.015122,14.19,-7.01,9.6163,6.6119,0.8660254037844387,-0.4999999999999998,2022-04-01
Baise,2022,5,106.62,23.9,22.36,32.57,12.07,9.02,18.71,22.55,95.51,2.63,6.78,4.36,94.4,81.92,14.6,12.14,12.68,34.31,6.16,1.42,92.09,2.92,3.82,0.73,0.72,0.78,25.63,1.793,1.8733,1.8262,1.7519,0.2336,32.55,-10.57,0.021005,15.73,-4.8,12.3009,8.7537,0.49999999999999994,-0.8660254037844387,2022-05-01
Baise,2022,6,106.62,23.9,25.87,32.57,20.08,7.14,23.46,25.89,95.0,2.35,5.17,4.08,155.1,87.59,19.19,7.92,15.88,35.67,7.68,1.76,93.06,3.49,4.64,0.91,0.89,0.89,26.23,-0.8802,0.8084,-0.6618,1.07,0.2468,38.09,-20.0,0.027885,19.84,-2.75,15.5738,10.3057,1.2246467991473532e-16,-1.0,2022-06-01
Baise,2022,7,106.62,23.9,27.15,34.56,21.64,8.36,24.06,27.22,95.13,2.26,4.96,4.0,155.4,84.62,19.84,4.82,20.42,35.57,9.73,2.36,66.8,5.64,5.4,0.82,0.82,0.84,27.34,-0.7804,0.2529,-0.9056,0.4039,0.2829,35.26,-20.0,0.027469,21.28,-2.35,15.1498,8.8704,-0.4999999999999997,-0.8660254037844388,2022-07-01
Baise,2022,8,106.62,23.9,26.89,34.7,22.06,8.5,23.47,26.98,95.22,2.32,7.73,4.06,132.5,83.15,19.1,3.79,18.0,35.8,8.66,2.15,72.84,5.71,5.19,0.74,0.74,0.77,26.07,-1.0493,-1.5277,-1.1054,-1.4011,0.2622,36.18,-19.85,0.024018,20.85,-2.1,15.0115,9.5542,-0.8660254037844385,-0.5000000000000004,2022-08-01
Baise,2022,9,106.62,23.9,25.27,35.04,19.02,9.93,20.83,25.41,95.64,2.08,5.44,3.72,71.0,78.59,16.22,3.01,15.24,34.92,7.24,1.68,74.74,4.63,4.18,0.65,0.66,0.68,22.84,-1.0099,-1.5243,-1.0286,-1.3701,0.3308,33.41,-12.62,0.013124,18.49,-3.4,12.5813,8.62,-1.0,-1.8369701987210297e-16,2022-09-01
Baise,2022,10,106.62,23.9,20.75,32.14,11.31,11.13,14.96,20.98,96.24,2.78,7.27,4.86,46.9,72.71,11.5,1.79,14.61,32.11,6.8,1.49,59.48,2.64,2.88,0.6,0.61,0.61,20.54,-0.5669,-1.3637,-0.481,-1.2876,0.2486,24.49,-1.69,0.013352,14.47,-4.32,9.3719,7.1296,-0.8660254037844386,0.5000000000000001,2022-10-01
Baise,2022,11,106.62,23.9,19.95,32.18,6.58,12.03,14.89,20.16,96.05,2.55,6.03,4.39,99.9,75.76,11.33,1.7,11.59,31.7,5.28,1.03,54.58,0.91,1.7,0.55,0.56,0.55,16.84,0.2941,-0.8816,-0.178,-1.0609,0.2206,21.83,-5.42,0.017802,14.02,-5.83,10.4667,4.6811,-0.5000000000000004,0.8660254037844384,2022-11-01
Baise,2022,12,106.62,23.9,10.45,21.95,1.36,11.04,3.74,10.72,96.67,2.74,7.94,4.54,49.9,66.23,5.3,0.46,8.41,28.56,3.8,0.71,76.21,0.34,1.07,0.55,0.56,0.54,14.87,-0.2727,-0.4069,0.1938,-0.5502,0.2221,7.72,15.14,0.011073,4.71,-7.83,4.6599,4.2905,-2.4492935982947064e-16,1.0,2022-12-01
Baise,2023,1,106.62,23.9,11.34,30.96,-0.85,13.24,4.17,11.56,96.58,2.95,7.41,4.83,55.0,65.22,5.66,0.13,10.33,28.15,4.61,0.87,65.58,0.19,0.87,0.53,0.53,0.51,16.44,-1.7228,-0.8041,-1.4261,-1.2842,0.2183,2.01,14.96,0.009595,5.56,-6.08,5.1552,3.0859,0.49999999999999994,0.8660254037844387,2023-01-01
Baise,2023,2,106.62,23.9,15.46,32.45,4.8,12.83,9.78,15.99,96.29,3.28,7.75,5.18,100.0,72.33,8.19,1.11,9.95,31.29,4.53,0.94,76.8,0.16,1.1,0.52,0.53,0.51,17.87,0.42,-1.2803,0.0592,-1.0205,0.2104,20.17,2.25,0.018041,9.43,-9.1,7.7401,4.8769,0.8660254037844386,0.5000000000000001,2023-02-01
Baise,2023,3,106.62,23.9,19.57,36.85,8.28,12.88,12.6,20.11,96.05,3.24,8.41,5.09,126.8,67.84,9.73,1.61,12.01,32.77,5.52,1.17,83.09,0.21,1.34,0.51,0.52,0.5,19.97,0.1643,-0.5758,-0.1166,-0.8117,0.1995,26.88,-4.23,0.015565,12.27,-10.69,8.6588,5.4758,1.0,6.123233995736766e-17,2023-03-01
Baise,2023,4,106.62,23.9,24.28,37.98,13.19,13.55,16.76,24.9,95.52,3.51,7.78,5.43,143.2,67.17,12.87,3.68,16.29,34.58,7.43,1.52,68.38,0.63,2.26,0.53,0.53,0.52,22.88,0.904,0.5845,0.2522,0.0883,0.1634,30.12,-10.8,0.02626,16.44,-6.44,11.4412,6.8791,0.8660254037844387,-0.4999999999999998,2023-04-01
Baise,2023,5,106.62,23.9,26.78,40.22,16.42,13.09,19.28,27.37,95.37,3.32,8.19,5.25,147.1,67.76,14.89,2.64,17.8,35.6,8.38,1.92,70.28,1.55,3.32,0.56,0.56,0.56,26.1,-2.0494,-1.146,-0.07095000000000001,-1.9276,0.2132,33.83,-15.88,0.032875,18.92,-3.78,13.5573,8.6059,0.49999999999999994,-0.8660254037844387,2023-05-01
Baise,2023,6,106.62,23.9,27.44,39.9,20.04,9.67,22.19,27.79,95.14,2.73,6.34,4.53,126.2,76.28,17.79,9.07,16.2,36.24,7.86,1.89,87.23,2.1,3.44,0.6,0.59,0.62,26.87,-0.3879,-0.9823,-0.3941,-1.71555,0.2078,36.3,-19.84,0.025538,19.87,-2.37,15.3008,9.5146,1.2246467991473532e-16,-1.0,2023-06-01
Baise,2023,7,106.62,23.9,27.68,34.74,21.4,8.88,23.74,27.81,95.12,2.81,8.81,4.82,148.1,80.99,19.48,6.08,19.06,36.08,9.15,2.24,82.92,5.89,5.09,0.68,0.68,0.72,26.86,-0.1989,-1.2142,-0.5416,-1.5035,0.2632,36.65,-20.0,0.026774,21.18,-1.66,15.7852,9.8471,-0.4999999999999997,-0.8660254037844388,2023-07-01
Baise,2023,8,106.62,23.9,26.67,34.92,17.66,8.26,23.44,26.75,95.09,1.95,4.72,3.45,101.8,83.93,19.19,6.89,15.45,35.81,7.52,1.87,90.24,5.71,5.07,0.72,0.72,0.77,25.57,0.2275,-0.2754,-0.0604,-0.5351,0.2228,36.36,-19.45,0.012895,20.48,-1.74,15.1489,9.9377,-0.8660254037844385,-0.5000000000000004,2023-08-01
Baise,2023,9,106.62,23.9,25.4,32.81,18.21,9.24,21.98,25.49,95.53,2.34,5.88,4.2,69.7,83.04,17.44,4.71,15.08,35.1,7.27,1.69,72.62,5.74,5.08,0.7,0.7,0.74,23.73,-0.045,-0.097,-0.0565,-0.394,0.236,34.74,-16.88,0.015886,19.16,-2.77,14.2608,9.1454,-1.0,-1.8369701987210297e-16,2023-09-01
Baise,2023,10,106.62,23.9,22.09,32.84,12.92,10.51,17.62,22.27,96.15,2.29,6.52,4.01,72.9,78.07,13.36,1.86,13.98,33.15,6.53,1.4,66.38,3.27,3.18,0.62,0.62,0.63,20.22,-0.5088,-0.1319,-0.7114,-0.3098,0.2679,27.38,-6.37,0.016421,15.06,-4.44,11.0076,7.2998,-0.8660254037844386,0.5000000000000001,2023-10-01
Baise,2023,11,106.62,23.9,18.43,31.44,7.64,12.05,13.27,18.44,96.42,2.34,6.68,4.04,91.1,74.92,10.36,1.22,11.99,30.86,5.47,1.0,54.6,1.81,2.16,0.59,0.59,0.6,16.82,-0.0926,-0.4375,-0.3232,-0.6033,0.2064,20.77,-1.57,0.013444,12.58,-6.92,8.9982,4.8357,-0.5000000000000004,0.8660254037844384,2023-11-01
Baise,2023,12,106.62,23.9,13.75,30.42,-0.54,12.41,7.68,13.93,96.61,2.76,8.38,4.62,74.1,69.7,7.56,0.47,10.13,29.27,4.57,0.75,61.53,0.41,1.21,0.55,0.55,0.54,14.94,-0.2519,-0.5931,-0.5912,-0.9618,0.1703,19.87,3.19,0.015916,8.45,-8.0,8.2296,5.1657,-2.4492935982947064e-16,1.0,2023-12-01
Baise,2024,1,106.62,23.9,12.84,26.25,-2.77,9.96,9.05,13.16,96.56,2.86,6.98,4.69,94.6,79.59,8.01,2.64,6.07,30.81,2.87,0.55,88.65,0.32,1.26,0.57,0.57,0.58,15.07,1.3732,0.4643,1.4537,0.0886,0.1081,22.39,2.52,0.017217,7.11,-12.12,7.274,4.7,0.49999999999999994,0.8660254037844387,2024-01-01
Baise,2024,2,106.62,23.9,14.3,33.71,3.62,12.22,8.5,14.7,96.31,3.66,8.57,5.54,110.4,71.8,7.74,0.95,10.82,30.33,4.93,1.0,70.09,0.43,1.49,0.56,0.57,0.56,18.53,0.2697,0.969,0.099,0.409,0.1972,20.77,1.83,0.020977,10.13,-9.13,7.6285,4.8561,0.8660254037844386,0.5000000000000001,2024-02-01
Baise,2024,3,106.62,23.9,19.86,35.03,4.7,13.33,13.13,20.45,95.97,3.54,8.17,5.49,131.9,69.01,10.29,1.21,14.28,32.48,6.52,1.3,69.75,0.43,1.78,0.55,0.55,0.53,21.16,-0.1997,0.6763,-0.5825,0.2587,0.1947,24.61,-3.91,0.023682,13.4,-7.26,9.4989,5.6347,1.0,6.123233995736766e-17,2024-03-01
Baise,2024,4,106.62,23.9,25.94,39.62,15.18,13.67,18.56,26.53,95.3,3.11,7.82,4.97,146.4,68.86,14.28,4.24,16.65,34.99,7.6,1.46,68.97,1.03,2.78,0.55,0.55,0.55,23.04,1.321,0.5985,0.1796,-0.1772,0.167,34.73,-16.76,0.032136,18.66,-6.77,12.8172,7.5577,0.8660254037844387,-0.4999999999999998,2024-04-01
Baise,2024,5,106.62,23.9,24.19,35.02,16.2,9.19,20.74,24.37,95.53,2.51,6.35,4.16,114.3,82.72,16.21,5.47,14.49,35.06,6.94,1.5,84.44,3.62,4.69,0.77,0.75,0.81,25.06,2.6397,2.5861,2.3302,1.9176,0.2282,34.73,-14.33,0.023305,17.2,-4.95,13.1668,8.8091,0.49999999999999994,-0.8660254037844387,2024-05-01
Baise,2024,6,106.62,23.9,26.28,33.9,18.91,6.94,24.12,26.35,95.15,2.42,4.9,4.13,140.6,88.77,19.96,6.699999999999999,13.87,36.24,6.84,1.69,95.48,3.06,4.88,0.94,0.93,0.92,26.33,2.2125,2.9826,1.7455,2.1299,0.1861,37.75,-20.0,0.036093,20.15,-1.68,16.3604,10.5088,1.2246467991473532e-16,-1.0,2024-06-01
Baise,2024,7,106.62,23.9,27.09,35.68,22.63,7.9,24.16,27.14,95.06,2.55,5.5,4.34,149.9,85.31,19.97,7.93,16.46,36.06,8.02,2.0,88.57,5.47,6.22,0.89,0.88,0.88,26.97,0.5226,2.6488,0.2817,2.7107,0.2514,35.32,-20.0,0.038714,20.85,-1.38,16.461,9.331,-0.4999999999999997,-0.8660254037844388,2024-07-01
Baise,2024,8,106.62,23.9,26.82,34.08,22.14,7.89,23.96,26.83,95.24,1.95,4.3,3.45,138.7,85.68,19.7,9.94,16.46,35.95,7.98,1.96,78.63,4.9,5.33,0.92,0.91,0.9,25.54,1.1449,1.9585,1.2006,2.0225,0.225,34.8,-19.32,0.01774,20.82,-1.99,14.8654,8.9361,-0.8660254037844385,-0.5000000000000004,2024-08-01
Baise,2024,9,106.62,23.9,25.61,34.58,16.31,8.47,22.51,25.53,95.4,2.42,7.56,4.25,64.4,84.31,18.11,8.11,14.82,35.14,7.12,1.67,74.76,4.78,5.31,0.91,0.9,0.89,23.36,1.3351,1.3921,1.1245,1.3237,0.2264,32.42,-15.42,0.021717,19.54,-2.47,13.6441,8.3669,-1.0,-1.8369701987210297e-16,2024-09-01
Baise,2024,10,106.62,23.9,20.21,29.43,11.54,10.17,16.57,20.17,96.11,2.48,6.19,4.46,46.0,81.35,12.54,2.2,14.67,32.11,6.81,1.42,58.28,4.38,4.21,0.8,0.8,0.82,20.15,-0.2458,1.1516,-0.1104,1.0262,0.2243,22.52,-1.29,0.015361,13.95,-4.45,9.3549,6.8648,-0.8660254037844386,0.5000000000000001,2024-10-01
Baise,2024,11,106.62,23.9,17.39,29.05,6.52,11.31,13.0,17.38,96.4,2.35,5.19,4.22,53.7,77.51,10.02,0.07,13.11,30.36,5.97,1.13,51.04,3.15,2.74,0.67,0.68,0.69,17.12,-2.3165,0.3245,-0.10145,0.3025,0.1423,19.96,0.59,0.012312,11.3,-6.94,8.5988,4.9482,-0.5000000000000004,0.8660254037844384,2024-11-01
Baise,2024,12,106.62,23.9,11.56,23.43,3.02,10.8,6.26,11.72,96.64,2.62,6.47,4.55,57.0,72.36,6.42,0.39,7.76,29.4,3.5,0.63,78.18,0.82,1.39,0.6,0.61,0.61,14.31,-0.4275,-1.0635,-0.0925,-0.8686,0.135,6.95,13.68,0.012284,5.98,-5.5,5.7814,4.0459,-2.4492935982947064e-16,1.0,2024-12-01
Baise,2025,1,106.62,23.9,12.38,27.25,0.72,13.03,5.33,12.43,96.54,2.68,7.5,4.57,74.6,65.75,6.06,0.15,10.8,28.42,4.72,0.78,60.84,0.43,1.1,0.56,0.56,0.54,15.48,-1.6251,-2.7158,-1.5677,-0.91195,0.135,6.95,13.68,0.012284,5.98,-5.5,5.7814,4.0459,0.49999999999999994,0.8660254037844387,2025-01-01
Baise,2025,2,106.62,23.9,12.21,30.86,1.0,10.85,7.27,12.76,96.5,3.1,6.76,4.73,77.0,74.39,6.86,1.02,6.06,31.07,2.89,0.62,95.45,0.21,1.0,0.54,0.54,0.53,17.62,0.3139,-1.4591,0.4918,-0.9553,0.135,6.95,13.68,0.012284,5.98,-5.5,5.7814,4.0459,0.8660254037844386,0.5000000000000001,2025-02-01
Baise,2025,3,106.62,23.9,18.45,37.92,5.89,14.52,10.05,19.21,96.1,3.57,8.34,5.43,85.3,62.51,8.58,0.4,14.61,31.78,6.57,1.26,65.71,0.42,1.39,0.52,0.53,0.48,20.79,-1.3526,-1.7634,-1.131,-1.2632,0.135,6.95,13.68,0.012284,5.98,-5.5,5.7814,4.0459,1.0,6.123233995736766e-17,2025-03-01
Baise,2025,4,106.62,23.9,24.85,40.68,10.25,14.39,13.89,25.62,95.68,2.96,10.16,4.66,138.7,69.55499999999999,11.0,1.98,16.69,33.94,7.68,1.56,77.34,0.45,1.37,0.51,0.51,0.41,23.67,-0.702,-1.2109,-1.3222,-1.3361,0.135,6.95,13.68,0.012284,5.98,-5.5,5.7814,4.0459,0.8660254037844387,-0.4999999999999998,2025-04-01
Baise,2025,5,106.62,23.9,24.69,37.67,14.53,10.84,19.57,25.0,95.5,2.61,6.65,4.29,134.3,76.6,15.26,8.47,15.54,34.64,7.41,1.63,79.54,2.59,3.68,0.63,0.62,0.68,26.15,0.7047,-0.0569,0.7923,-0.0758,0.135,6.95,13.68,0.012284,5.98,-5.5,5.7814,4.0459,0.49999999999999994,-0.8660254037844387,2025-05-01
Baise,2025,6,106.62,23.9,26.23,36.11,20.08,7.88,23.21,26.31,95.14,2.4,5.29,4.11,142.2,84.93,18.87,13.19,13.48,35.96,6.65,1.65,93.78,4.49,4.9,0.77,0.76,0.81,26.64,1.0924,0.8267,1.0467,0.8056,0.135,6.95,13.68,0.012284,5.98,-5.5,5.7814,4.0459,1.2246467991473532e-16,-1.0,2025-06-01
Baise,2025,7,106.62,23.9,27.43,36.17,21.28,8.98,23.48,27.42,94.89,1.95,6.76,3.39,93.0,81.1,19.22,6.33,17.95,35.77,8.67,2.11,83.68,6.45,6.06,0.85,0.85,0.86,26.87,-0.0935,0.7748,-0.4079,0.7219,0.135,6.95,13.68,0.012284,5.98,-5.5,5.7814,4.0459,-0.4999999999999997,-0.8660254037844388,2025-07-01
Baise,2025,8,106.62,23.9,26.13,33.77,21.01,7.76,23.32,26.17,95.31,2.2,4.56,3.82,134.6,85.77,18.94,6.79,15.83,35.48,7.71,1.9,83.72,5.26,4.96,0.83,0.82,0.84,25.85,0.1932,0.5359,-0.016,0.4078,0.135,6.95,13.68,0.012284,5.98,-5.5,5.7814,4.0459,-0.8660254037844385,-0.5000000000000004,2025-08-01
Baise,2025,9,106.62,23.9,25.34,32.88,19.22,8.06,22.42,25.36,95.56,2.36,7.46,4.17,107.2,85.18,17.89,9.7,15.03,35.06,7.23,1.69,77.4,4.99,4.79,0.8,0.8,0.83,23.52,1.8508,0.8518,1.569,0.6479,0.135,6.95,13.68,0.012284,5.98,-5.5,5.7814,4.0459,-1.0,-1.8369701987210297e-16,2025-09-01
Baise,2025,10,106.62,23.9,21.2,31.24,9.0,8.44,18.57,21.19,96.11,2.58,9.2,4.5,78.1,85.98,14.45,4.53,12.44,33.19,5.9,1.27,71.04,3.52,4.01,0.9,0.89,0.88,20.17,1.0664,1.2718,0.9362,1.1671,0.135,6.95,13.68,0.012284,5.98,-5.5,5.7814,4.0459,-0.8660254037844386,0.5000000000000001,2025-10-01
Baise,2025,11,106.62,23.9,14.91,25.95,4.15,10.77,11.16,14.63,96.53,2.51,6.4,4.34,34.9,80.17,8.95,1.93,11.77,28.85,5.34,1.02,52.51,2.59,2.96,0.82,0.81,0.83,17.07,0.4535,1.6671,0.7157,1.4482,0.135,6.95,13.68,0.012284,5.98,-5.5,5.7814,4.0459,-0.5000000000000004,0.8660254037844384,2025-11-01
Baise,2025,12,106.62,23.9,13.5,23.53,2.13,9.95,10.56,13.46,96.42,2.25,7.25,3.98,74.6,83.75,8.48,0.79,7.99,30.45,3.63,0.66,80.07,1.49,1.82,0.74,0.74,0.77,14.55,0.2929,0.8284,0.1306,0.7575,0.135,6.95,13.68,0.012284,5.98,-5.5,5.7814,4.0459,-2.4492935982947064e-16,1.0,2025-12-01
Beihai,2005,1,109.12,21.48,16.48,25.71,5.16,7.79,10.83,18.6,101.72,4.85,11.08,5.8,43.9,71.44,8.46,0.39,9.17,31.41,4.29,0.82,65.85,0.0,0.67,0.56,0.56,0.57,15.21,-0.6855,-1.4257,-0.5948,-3.09,0.2155,5.58,8.72,0.013217,7.89,-7.41,6.326,3.004,0.49999999999999994,0.8660254037844387,2005-01-01
Beihai,2005,2,109.12,21.48,18.94,27.44,7.28,7.41,13.63,21.34,101.46,5.25,13.98,6.24,55.3,72.94,10.17,0.57,9.6,33.32,4.64,1.01,64.04,0.0,0.52,0.55,0.55,0.53,17.78,-0.6699,-1.4257,-0.4869,-3.09,0.2862,16.95,-1.64,0.021481,12.15,-9.13,8.276,3.392,0.8660254037844386,0.5000000000000001,2005-02-01
Beihai,2005,3,109.12,21.48,19.67,29.4,9.76,6.92,14.71,21.38,101.55,4.79,13.78,5.89,79.1,74.63,10.8,1.13,11.54,33.34,5.47,1.13,68.53,0.0,1.15,0.55,0.55,0.6,20.21,-0.6469,-1.4257,-0.1482,-3.09,0.229,22.09,-1.41,0.019842,11.9,-8.81,8.413,4.812,1.0,6.123233995736766e-17,2005-03-01
Beihai,2005,4,109.12,21.48,24.66,31.92,15.77,6.07,20.02,26.48,101.06,4.14,11.67,5.12,164.9,76.5,14.75,2.2,14.51,35.84,6.83,1.42,67.18,0.0,1.51,0.55,0.56,0.6,22.2,-0.4625,-1.0538,-0.3333,-0.8491,0.3291,27.59,-8.07,0.02428,16.32,-6.22,10.471,6.103,0.8660254037844387,-0.4999999999999998,2005-04-01
Beihai,2005,5,109.12,21.48,28.01,32.09,23.26,4.08,24.63,28.87,100.37,4.52,11.11,5.65,179.1,82.59,19.48,5.7,20.43,37.23,9.83,2.21,62.72,0.0,2.59,0.68,0.67,0.75,25.74,0.1664,-0.3731,0.2359,-0.1143,0.3729,32.63,-14.3,0.034852,20.35,-4.7,11.992,7.382,0.49999999999999994,-0.8660254037844387,2005-05-01
Beihai,2005,6,109.12,21.48,28.25,30.4,26.09,1.95,26.52,28.36,100.05,5.4,9.65,6.69,193.7,90.34,21.83,11.41,13.97,37.9,7.04,1.7,92.08,0.0,2.39,0.92,0.88,0.93,25.41,0.5313,0.2611,0.6903,0.4002,0.2066,34.58,-16.07,0.029412,20.19,-2.85,13.493,9.12,1.2246467991473532e-16,-1.0,2005-06-01
Beihai,2005,7,109.12,21.48,28.84,33.15,25.21,3.26,25.98,29.34,100.31,4.65,14.27,5.72,149.3,84.81,21.08,7.48,20.13,37.58,9.73,2.3,62.35,0.0,4.27,0.96,0.92,0.95,26.11,-0.6923,-0.0143,-0.4372,0.0895,0.4904,29.42,-12.36,0.021717,20.08,-3.3,11.883,7.055,-0.4999999999999997,-0.8660254037844388,2005-07-01
Beihai,2005,8,109.12,21.48,28.36,32.12,25.15,3.44,25.79,28.97,100.2,4.55,14.0,5.57,142.7,86.17,20.88,10.1,18.02,37.73,8.83,2.13,73.97,0.0,4.2,0.97,0.94,0.96,24.76,-0.736,-0.3759,-0.7062,-0.0216,0.3038,31.56,-13.82,0.011912,19.59,-3.2,12.698,7.992,-0.8660254037844385,-0.5000000000000004,2005-08-01
Beihai,2005,9,109.12,21.48,27.74,32.42,23.31,4.49,24.65,28.28,100.68,5.45,17.87,6.65,61.3,83.71,19.41,6.57,17.06,37.3,8.21,1.86,70.04,0.0,4.23,0.96,0.92,0.94,22.45,-0.3322,-1.0865,-0.2949,-0.8397,0.4486,29.64,-10.87,0.020952,18.66,-3.79,11.654,7.194,-1.0,-1.8369701987210297e-16,2005-09-01
Beihai,2005,10,109.12,21.48,25.39,32.12,17.82,6.17,20.97,26.62,101.32,4.48,10.91,5.41,49.5,77.3,15.57,0.35,15.8,35.42,7.31,1.45,46.12,0.0,3.54,0.84,0.81,0.86,18.34,-1.9463,-1.3517,-2.034,-1.4244,0.3114,22.36,-3.79,0.014904,15.63,-4.81,9.572,5.665,-0.8660254037844386,0.5000000000000001,2005-10-01
Beihai,2005,11,109.12,21.48,22.41,29.67,12.92,6.82,17.9,24.2,101.44,5.05,10.32,6.08,52.5,76.88,13.2,0.73,14.3,33.68,6.68,1.38,48.83,0.0,2.18,0.71,0.69,0.76,16.99,-0.6731,-1.2822,-1.1591,-1.1932,0.2859,19.65,-0.17,0.014168,13.36,-5.25,8.797,5.262,-0.5000000000000004,0.8660254037844384,2005-11-01
Beihai,2005,12,109.12,21.48,16.55,26.84,6.78,7.69,10.02,18.68,101.94,5.96,11.92,7.08,38.9,67.89,8.13,0.26,9.36,31.53,4.36,0.87,72.92,0.0,1.32,0.63,0.62,0.69,14.43,-0.7013,-2.0293,-0.1737,-1.5457,0.3744,10.13,10.39,0.014956,8.65,-6.25,5.815,4.788,-2.4492935982947064e-16,1.0,2005-12-01
Beihai,2006,1,109.12,21.48,16.81,25.71,6.27,7.87,11.62,18.89,101.64,5.04,12.35,6.09,42.3,73.32,9.02,0.17,10.47,31.48,4.87,1.05,61.79,0.0,0.96,0.58,0.57,0.61,16.21,-1.1573,-1.3509,-3.09,-3.09,0.1928,1.56,7.23,0.011846,9.5,-5.82,6.996,2.183,0.49999999999999994,0.8660254037844387,2006-01-01
Beihai,2006,2,109.12,21.48,19.27,27.91,8.27,7.24,14.56,21.44,101.71,5.18,14.41,6.08,57.1,75.44,10.4,2.23,9.52,33.68,4.62,1.09,83.87,0.0,0.83,0.56,0.56,0.58,18.32,0.8521,-0.6733,0.7112,-0.3995,0.1935,22.04,-0.59,0.018386,10.95,-8.8,8.454,4.711,0.8660254037844386,0.5000000000000001,2006-02-01
Beihai,2006,3,109.12,21.48,20.48,28.62,6.12,6.66,16.53,22.08,101.21,4.35,12.21,5.39,67.6,79.29,12.15,4.02,10.55,34.64,5.09,1.17,84.34,0.0,1.85,0.62,0.62,0.69,20.0,1.791,0.7909,2.3322,0.8733,0.1385,23.29,-3.93,0.022039,13.43,-7.55,9.374,5.123,1.0,6.123233995736766e-17,2006-03-01
Beihai,2006,4,109.12,21.48,24.38,29.66,14.35,5.13,20.81,25.69,100.83,4.48,12.61,5.65,163.3,81.29,15.6,1.64,16.02,35.55,7.64,1.74,67.33,0.0,2.85,0.71,0.69,0.76,23.23,-0.9839,0.7548,-0.6934,0.911,0.3597,27.91,-9.24,0.029307,17.41,-5.69,10.728,6.257,0.8660254037844387,-0.4999999999999998,2006-04-01
Beihai,2006,5,109.12,21.48,26.96,32.63,19.12,5.28,22.46,28.27,100.7,4.62,11.66,5.62,123.5,78.04,17.27,4.58,18.25,36.55,8.83,2.0,71.37,0.0,2.42,0.66,0.64,0.72,25.92,-0.2716,0.0199,0.0807,0.3649,0.3578,28.8,-9.41,0.016798,17.92,-4.7,10.994,6.85,0.49999999999999994,-0.8660254037844387,2006-05-01
Beihai,2006,6,109.12,21.48,28.62,32.39,24.51,3.25,25.49,29.38,100.33,4.42,11.07,5.4,182.9,83.5,20.49,4.07,18.28,37.56,8.97,2.1,81.62,0.0,2.59,0.77,0.74,0.83,25.82,-1.5874,-1.641,-1.5946,-1.3344,0.4302,33.22,-14.69,0.031124,20.14,-3.4,12.748,8.372,1.2246467991473532e-16,-1.0,2006-06-01
Beihai,2006,7,109.12,21.48,29.21,33.28,26.76,2.65,26.25,29.77,100.02,5.75,12.36,6.98,186.9,84.41,21.51,11.03,17.61,37.96,8.65,2.07,76.19,0.0,3.35,0.87,0.83,0.9,25.62,0.4407,-0.7513,0.4696,-0.5277,0.236,32.93,-15.32,0.022034,20.38,-2.62,13.212,8.523,-0.4999999999999997,-0.8660254037844388,2006-07-01
Beihai,2006,8,109.12,21.48,28.41,31.34,25.05,3.52,25.47,28.89,100.2,4.67,11.82,5.68,113.8,84.31,20.47,12.62,16.74,37.54,8.09,1.85,76.91,0.0,3.96,0.99,0.96,0.97,23.66,0.1907,-0.5404,0.1617,-0.2457,0.2876,31.12,-13.56,0.014473,19.56,-3.51,12.486,7.691,-0.8660254037844385,-0.5000000000000004,2006-08-01
Beihai,2006,9,109.12,21.48,26.8,32.23,19.96,5.57,22.89,27.8,100.75,4.97,11.28,6.04,40.5,79.83,17.57,1.63,17.29,36.18,8.19,1.77,62.72,0.0,4.12,0.91,0.87,0.91,22.23,-2.7292,-0.8314,-2.1664,-0.571,0.3663,26.52,-7.58,0.016805,17.43,-3.8,10.812,7.019,-1.0,-1.8369701987210297e-16,2006-09-01
Beihai,2006,10,109.12,21.48,26.9,30.55,20.27,5.69,22.39,28.32,101.23,3.66,9.83,4.45,76.9,77.14,16.87,1.15,15.16,35.82,6.86,1.26,33.01,0.0,3.07,0.75,0.73,0.79,17.34,-1.0924,-1.665,-1.8323,-2.5499,0.3482,27.05,-6.44,0.010065,16.6,-4.6,10.355,6.652,-0.8660254037844386,0.5000000000000001,2006-10-01
Beihai,2006,11,109.12,21.48,23.49,29.93,15.23,7.29,18.53,25.04,101.31,5.06,11.13,6.09,61.3,75.59,13.49,2.07,12.79,34.29,5.95,1.12,56.26,0.0,1.98,0.66,0.65,0.72,16.6,0.2844,-2.0897,0.1054,-2.0009,0.3598,17.71,-0.67,0.014283,14.53,-6.64,7.971,3.908,-0.5000000000000004,0.8660254037844384,2006-11-01
Beihai,2006,12,109.12,21.48,17.63,27.3,9.03,8.9,11.41,19.44,101.89,5.83,11.0,7.07,40.3,69.12,8.61,0.22,12.32,30.78,5.55,0.98,52.44,0.0,1.44,0.64,0.63,0.7,15.08,-0.8122,-0.9581,-0.6999,-1.2839,0.2904,8.02,9.41,0.009793,10.0,-7.06,5.363,3.103,-2.4492935982947064e-16,1.0,2006-12-01
Beihai,2007,1,109.12,21.48,15.6,24.62,8.44,8.5,9.57,17.63,102.05,5.76,10.56,6.82,34.2,69.67,7.61,0.61,10.01,30.85,4.56,0.89,67.52,0.0,1.13,0.59,0.59,0.67,15.84,-0.3896,-0.3925,0.0567,-0.3822,0.4356,5.52,10.3,0.009287,8.44,-7.04,5.601,2.718,0.49999999999999994,0.8660254037844387,2007-01-01
Beihai,2007,2,109.12,21.48,20.61,27.04,9.47,6.89,16.34,21.57,101.37,4.23,9.4,5.52,120.3,78.21,11.77,0.98,12.4,33.33,5.66,1.09,64.08,0.0,1.12,0.56,0.56,0.61,17.22,-0.1421,-1.2354,-0.5471,-3.09,0.1568,21.5,-1.38,0.020214,13.01,-9.95,7.489,3.935,0.8660254037844386,0.5000000000000001,2007-02-01
Beihai,2007,3,109.12,21.48,21.84,29.98,11.7,6.1,18.16,23.5,101.13,4.69,10.39,5.76,88.0,80.5,13.22,2.02,10.68,35.33,4.99,1.0,79.23,0.0,1.58,0.59,0.59,0.67,18.56,0.3397,-0.4364,0.0871,-0.5569,0.298,21.17,-4.09,0.024869,14.42,-6.46,9.496,4.326,1.0,6.123233995736766e-17,2007-03-01
Beihai,2007,4,109.12,21.48,22.94,30.02,12.99,6.35,18.48,24.79,101.14,4.62,14.13,5.56,61.3,77.13,13.52,4.58,13.31,35.18,6.35,1.31,80.03,0.0,2.04,0.61,0.6,0.69,22.53,1.077,0.646,1.359,0.7376,0.2168,24.3,-5.0,0.017462,14.84,-7.89,9.115,5.363,0.8660254037844387,-0.4999999999999998,2007-04-01
Beihai,2007,5,109.12,21.48,26.72,31.31,19.62,5.21,22.97,27.79,100.65,4.26,10.89,5.23,160.3,80.81,17.68,5.94,19.06,36.41,9.15,2.04,71.16,0.0,3.38,0.75,0.73,0.81,25.94,0.2526,0.6527,0.5217,0.9242,0.3485,25.82,-8.95,0.016971,18.17,-4.47,10.802,5.904,0.49999999999999994,-0.8660254037844387,2007-05-01
Beihai,2007,6,109.12,21.48,28.9,32.14,25.06,3.21,25.75,29.6,100.27,4.2,9.86,5.14,189.8,83.45,20.83,8.42,18.4,37.49,8.96,2.1,71.8,0.0,3.4,0.86,0.83,0.9,26.05,-0.1668,0.1983,0.0598,0.5059,0.1854,28.79,-11.7,0.027534,20.14,-3.25,11.614,6.965,1.2246467991473532e-16,-1.0,2007-06-01
Beihai,2007,7,109.12,21.48,29.38,32.39,26.67,3.19,26.06,30.01,100.27,4.89,12.76,5.98,165.5,82.65,21.21,4.63,21.37,37.7,10.39,2.59,56.51,0.0,4.11,0.9,0.86,0.91,26.66,-1.9128,-0.8945,-1.7948,-0.6731,0.5158,27.7,-10.98,0.034319,20.13,-3.08,11.399,6.757,-0.4999999999999997,-0.8660254037844388,2007-07-01
Beihai,2007,8,109.12,21.48,28.77,32.63,25.8,3.36,25.75,29.32,100.15,4.11,8.59,5.04,158.5,84.02,20.83,10.61,16.49,37.68,7.98,1.84,76.61,0.0,3.41,0.95,0.92,0.95,24.0,-0.5368,-1.2554,-0.6263,-1.1094,0.2126,28.51,-11.09,0.0044,20.11,-3.34,11.35,6.859,-0.8660254037844385,-0.5000000000000004,2007-08-01
Beihai,2007,9,109.12,21.48,27.47,31.78,20.8,4.87,23.9,28.51,100.53,4.59,12.73,5.57,44.4,81.48,18.67,6.03,16.45,36.88,7.9,1.76,71.8,0.0,4.32,0.95,0.91,0.94,22.23,-0.5096,-1.6883,-0.4252,-1.4607,0.5026,25.63,-7.22,0.015418,17.82,-3.12,10.788,6.713,-1.0,-1.8369701987210297e-16,2007-09-01
Beihai,2007,10,109.12,21.48,24.86,31.42,16.99,6.44,20.7,25.95,101.16,5.41,14.4,6.55,47.0,78.54,15.37,1.29,14.91,35.02,6.86,1.35,50.66,0.0,3.44,0.83,0.8,0.87,18.25,-0.9967,-1.1624,-0.7336,-1.0488,0.6079,17.85,-1.12,0.019358,15.46,-4.31,8.749,4.638,-0.8660254037844386,0.5000000000000001,2007-10-01
Beihai,2007,11,109.12,21.48,19.78,27.25,9.5,8.71,13.15,21.29,101.59,5.88,11.88,7.18,30.0,67.86,9.61,0.15,15.29,30.66,6.88,1.24,32.31,0.0,2.11,0.69,0.68,0.74,16.78,-1.7114,-1.3196,-0.6232,-0.979,0.3569,4.3,10.6,0.010341,12.07,-6.96,4.125,3.283,-0.5000000000000004,0.8660254037844384,2007-11-01
Beihai,2007,12,109.12,21.48,19.05,25.4,9.59,7.27,14.29,20.44,101.58,5.17,10.23,6.3,54.8,75.57,10.34,0.63,10.03,33.04,4.63,0.92,70.1,0.0,1.25,0.61,0.61,0.68,14.25,-0.0234,-1.5492,-0.4354,-1.1332,0.2441,8.37,7.34,0.011308,10.53,-5.86,6.526,3.172,-2.4492935982947064e-16,1.0,2007-12-01
Beihai,2008,1,109.12,21.48,14.42,25.93,6.25,7.52,9.19,17.2,101.81,5.8,11.07,6.63,25.7,72.98,7.6,2.65,9.52,31.12,4.44,0.93,71.34,0.0,1.03,0.6,0.6,0.66,16.39,0.9077,-0.1597,1.0402,0.2124,0.1124,4.38,8.21,0.012956,8.98,-7.29,6.167,2.998,0.49999999999999994,0.8660254037844387,2008-01-01
Beihai,2008,2,109.12,21.48,13.55,24.02,6.32,7.15,8.01,16.39,102.0,6.08,11.08,7.08,28.2,70.92,6.91,1.04,7.82,31.8,3.77,0.89,87.49,0.0,1.64,0.69,0.67,0.74,17.9,-0.041,0.3391,0.6571,0.7052,0.1723,6.38,15.48,0.012363,5.63,-5.71,5.062,4.229,0.8660254037844386,0.5000000000000001,2008-02-01
Beihai,2008,3,109.12,21.48,20.71,29.24,10.35,6.71,16.5,21.96,101.26,3.84,14.64,4.95,110.1,78.62,11.86,0.99,13.51,33.26,6.23,1.32,61.81,0.0,1.79,0.62,0.62,0.68,20.29,-0.8475,0.1218,-0.6772,0.7864,0.2768,21.9,-1.28,0.01576,12.74,-8.87,8.003,4.645,1.0,6.123233995736766e-17,2008-03-01
Beihai,2008,4,109.12,21.48,24.71,31.45,16.9,5.9,20.77,26.59,100.87,4.36,11.08,5.28,107.4,79.69,15.41,1.79,14.25,36.25,6.8,1.54,75.52,0.0,2.2,0.61,0.6,0.67,22.82,-0.8335,-1.102,-0.701,-0.5653,0.2452,26.52,-8.07,0.023176,16.35,-5.66,10.687,6.035,0.8660254037844387,-0.4999999999999998,2008-04-01
Beihai,2008,5,109.12,21.48,26.98,31.64,20.78,5.02,22.72,28.8,100.47,4.3,10.75,5.1,150.7,78.48,17.43,4.6,17.81,36.88,8.55,1.96,70.91,0.0,2.5,0.63,0.62,0.7,25.16,-0.2631,-0.9583,0.0817,-0.5697,0.3698,28.42,-9.85,0.01761,17.43,-4.4,11.486,6.852,0.49999999999999994,-0.8660254037844387,2008-05-01
Beihai,2008,6,109.12,21.48,27.74,31.77,24.93,2.33,25.4,28.22,100.28,5.1,11.36,6.22,201.6,87.26,20.39,7.55,12.76,37.65,6.42,1.52,88.69,0.0,3.42,0.93,0.89,0.94,25.5,2.1667,1.485,1.8585,1.4623,0.4391,30.95,-12.0,0.026798,18.94,-3.62,12.063,7.725,1.2246467991473532e-16,-1.0,2008-06-01
Beihai,2008,7,109.12,21.48,28.41,31.91,26.1,2.5,25.84,28.6,100.24,4.8,9.72,5.96,184.0,86.15,20.92,10.5,16.55,37.46,8.14,1.94,81.16,0.0,3.43,0.99,0.97,0.97,25.78,0.2888,1.4223,0.4727,1.5028,0.317,29.14,-11.34,0.02691,19.78,-3.7,11.434,6.994,-0.4999999999999997,-0.8660254037844388,2008-07-01
Beihai,2008,8,109.12,21.48,28.6,32.34,25.93,3.27,25.62,29.25,100.29,4.65,15.7,5.68,170.1,84.21,20.65,13.66,18.53,37.29,9.0,2.16,76.0,0.0,4.14,0.97,0.94,0.96,25.26,0.537,1.7545,0.5328,1.6324,0.1351,28.48,-11.76,0.014547,19.73,-3.57,11.675,6.741,-0.8660254037844385,-0.5000000000000004,2008-08-01
Beihai,2008,9,109.12,21.48,28.43,33.18,22.34,4.12,24.53,29.26,100.54,3.87,20.14,4.67,78.4,80.07,19.32,10.21,16.95,37.1,8.12,1.79,67.42,0.0,3.75,0.95,0.91,0.94,22.44,0.6626,0.7128,0.6628,0.812,0.4634,26.41,-9.35,0.013655,19.05,-3.74,10.907,6.121,-1.0,-1.8369701987210297e-16,2008-09-01
Beihai,2008,10,109.12,21.48,26.01,30.23,21.51,5.67,22.7,26.87,101.15,4.98,10.52,6.11,57.7,82.59,17.19,4.81,15.08,36.02,7.2,1.54,56.12,0.0,4.03,0.93,0.89,0.93,19.39,0.3516,0.6377,0.3121,0.7082,0.478,22.64,-5.66,0.019473,16.5,-4.81,9.99,5.511,-0.8660254037844386,0.5000000000000001,2008-10-01
Beihai,2008,11,109.12,21.48,20.43,28.81,9.47,7.5,15.84,21.71,101.62,5.6,11.09,6.81,40.6,76.42,11.68,2.65,14.8,31.8,6.85,1.36,45.35,0.0,2.92,0.89,0.86,0.9,17.5,0.5611,0.5678,0.8133,0.5426,0.3535,9.17,5.95,0.013099,12.42,-6.65,6.042,3.199,-0.5000000000000004,0.8660254037844384,2008-11-01
Beihai,2008,12,109.12,21.48,16.67,24.27,6.31,7.87,11.62,17.88,101.8,5.06,11.61,6.1,36.6,73.9,8.67,1.47,11.43,30.27,5.19,0.98,48.24,0.0,1.91,0.77,0.74,0.82,15.35,0.8225,0.4859,0.8442,0.4515,0.3556,2.86,10.12,0.008875,9.48,-7.4,5.12,2.433,-2.4492935982947064e-16,1.0,2008-12-01
Beihai,2009,1,109.12,21.48,14.13,22.79,6.13,8.16,8.62,15.86,102.01,5.37,11.63,6.57,38.6,71.54,7.21,0.24,12.06,29.01,5.4,1.0,48.14,0.0,1.74,0.73,0.71,0.78,16.16,-0.9719,0.1304,-0.1208,0.5106,0.2796,1.3,13.51,0.006979,7.4,-7.39,4.5,2.551,0.49999999999999994,0.8660254037844387,2009-01-01
Beihai,2009,2,109.12,21.48,21.21,28.15,15.02,6.92,17.92,22.21,101.16,4.05,10.33,5.39,134.6,82.68,12.85,0.25,14.96,33.3,6.94,1.52,52.78,0.0,1.84,0.64,0.63,0.69,19.09,-1.3374,-1.0499,-3.09,-1.5053,0.2626,11.84,0.24,0.022224,14.46,-4.63,8.451,2.811,0.8660254037844386,0.5000000000000001,2009-02-01
Beihai,2009,3,109.12,21.48,20.93,29.15,10.9,5.98,17.24,22.66,101.19,5.0,16.37,6.0,62.0,80.53,12.63,2.46,10.54,34.82,5.02,1.08,84.81,0.0,1.56,0.62,0.61,0.69,19.44,0.7198,-0.7869,0.8468,-0.9366,0.2947,19.76,-2.74,0.021694,14.02,-7.16,8.811,4.53,1.0,6.123233995736766e-17,2009-03-01
Beihai,2009,4,109.12,21.48,24.37,30.52,16.33,6.13,20.4,25.83,100.88,5.5,12.66,6.67,104.6,79.44,15.07,3.2,13.3,36.16,6.44,1.39,82.67,0.0,2.63,0.66,0.65,0.72,22.97,0.2768,-0.0056,0.408,-0.1532,0.3548,27.39,-7.04,0.022895,15.03,-6.53,10.435,6.271,0.8660254037844387,-0.4999999999999998,2009-04-01
Beihai,2009,5,109.12,21.48,26.69,31.31,21.44,5.12,22.73,28.36,100.7,5.05,14.18,6.01,115.0,79.79,17.35,5.36,16.96,36.79,8.24,1.88,74.2,0.0,2.89,0.67,0.66,0.74,25.74,0.0401,0.2385,0.3687,0.545,0.372,29.04,-9.2,0.018701,16.64,-4.58,11.468,7.353,0.49999999999999994,-0.8660254037844387,2009-05-01
Beihai,2009,6,109.12,21.48,28.57,31.9,24.19,3.0,25.66,29.17,100.14,4.65,10.77,5.69,183.0,84.64,20.76,5.34,18.16,37.6,8.87,2.03,79.11,0.0,2.92,0.8,0.77,0.86,25.82,-1.0929,-0.7781,-0.7889,-0.3826,0.3934,30.28,-12.94,0.025868,19.92,-3.19,12.222,7.44,1.2246467991473532e-16,-1.0,2009-06-01
Beihai,2009,7,109.12,21.48,29.18,32.82,26.8,3.24,25.94,29.89,100.15,5.0,13.31,6.08,174.0,82.97,21.06,8.87,18.45,37.86,9.03,2.16,72.5,0.0,4.45,0.91,0.87,0.92,26.19,-0.2128,-0.777,-0.086,-0.5194,0.3426,29.4,-12.47,0.024111,19.86,-2.29,12.416,7.525,-0.4999999999999997,-0.8660254037844388,2009-07-01
Beihai,2009,8,109.12,21.48,29.15,32.91,26.16,3.32,25.84,29.62,100.25,3.92,19.23,4.78,116.6,82.7,20.93,11.89,19.13,37.71,9.24,2.21,68.2,0.0,3.8,0.97,0.94,0.96,24.73,-0.0639,-0.8136,-0.28,-0.5848,0.3555,29.91,-13.63,0.005038,20.41,-3.27,12.269,7.078,-0.8660254037844385,-0.5000000000000004,2009-08-01
Beihai,2009,9,109.12,21.48,28.54,33.54,22.66,4.32,25.07,29.35,100.52,4.89,13.04,5.91,59.2,81.91,19.95,11.67,17.5,37.38,8.39,1.87,63.49,0.0,4.16,0.95,0.92,0.94,22.49,0.9949,0.3904,1.0163,0.3425,0.45,28.22,-11.91,0.023155,19.31,-3.48,11.936,6.529,-1.0,-1.8369701987210297e-16,2009-09-01
Beihai,2009,10,109.12,21.48,25.85,31.44,20.87,5.9,21.63,26.75,101.01,4.62,13.04,5.57,54.1,78.54,16.15,3.57,14.92,35.66,6.94,1.38,49.5,0.0,3.72,0.9,0.86,0.91,18.48,-0.0027,0.3997,-0.0036,0.4536,0.4703,23.32,-2.97,0.014948,16.5,-3.81,9.302,6.474,-0.8660254037844386,0.5000000000000001,2009-10-01
Beihai,2009,11,109.12,21.48,19.25,28.1,7.66,7.41,14.39,21.44,101.61,5.71,13.16,6.84,34.9,74.98,10.84,0.79,13.49,32.53,6.26,1.26,53.99,0.0,2.79,0.79,0.77,0.84,17.18,-0.6102,0.3237,0.1168,0.3419,0.4406,10.42,6.56,0.010167,12.07,-4.78,6.705,3.934,-0.5000000000000004,0.8660254037844384,2009-11-01
Beihai,2009,12,109.12,21.48,17.58,25.8,9.07,6.56,13.7,19.28,101.68,4.92,14.71,5.98,59.7,79.14,10.04,0.65,9.22,32.49,4.28,0.76,71.29,0.0,1.51,0.7,0.68,0.75,14.45,0.0039,-0.425,0.08,-0.3358,0.2035,9.9,5.18,0.013372,9.42,-7.68,7.108,2.845,-2.4492935982947064e-16,1.0,2009-12-01
Beihai,2010,1,109.12,21.48,16.98,24.9,8.32,6.43,13.92,18.48,101.75,5.03,11.27,6.12,53.7,83.04,10.13,2.21,7.31,33.46,3.62,0.82,89.04,0.0,1.48,0.71,0.69,0.77,16.0,0.7114,-0.0875,0.7783,0.2766,0.199,14.21,3.09,0.017445,10.55,-6.5,8.036,3.713,0.49999999999999994,0.8660254037844387,2010-01-01
Beihai,2010,2,109.12,21.48,18.85,28.03,7.29,6.23,15.6,20.72,101.29,5.01,12.5,6.25,89.3,82.35,11.67,0.38,11.39,32.65,5.41,1.15,65.09,0.0,1.71,0.68,0.67,0.73,18.62,-1.0156,-0.2015,-0.793,-0.0001,0.3878,14.48,-0.77,0.02353,13.35,-8.1,7.871,2.998,0.8660254037844386,0.5000000000000001,2010-02-01
Beihai,2010,3,109.12,21.48,20.6,28.84,9.03,6.59,16.0,22.36,101.33,5.02,15.37,6.21,75.7,76.52,11.83,0.15,13.66,33.2,6.13,1.15,61.61,0.0,1.53,0.6,0.6,0.66,18.72,0.025500000000000078,-0.932,-1.7559,-0.9017,0.1316,18.46,-1.54,0.02106,14.22,-7.02,8.293,4.343,1.0,6.123233995736766e-17,2010-03-01
Beihai,2010,4,109.12,21.48,23.42,29.42,14.81,5.6,19.95,24.96,101.04,5.22,11.51,6.37,92.9,81.59,14.73,4.56,12.19,36.02,5.92,1.28,79.28,0.0,2.11,0.63,0.62,0.7,22.28,1.0666,-0.4263,1.2685,-0.0437,0.1756,27.81,-8.41,0.029122,15.94,-5.95,10.87,6.454,0.8660254037844387,-0.4999999999999998,2010-04-01
Beihai,2010,5,109.12,21.48,27.78,32.18,22.41,4.67,24.02,29.29,100.46,4.48,12.16,5.38,161.5,80.82,18.8,2.21,18.05,37.54,8.72,1.92,73.81,0.0,2.6,0.66,0.65,0.71,24.98,-1.533,-1.1748,-1.6505,-0.7366,0.2854,30.39,-13.35,0.034113,19.09,-3.42,12.625,7.403,0.49999999999999994,-0.8660254037844387,2010-05-01
Beihai,2010,6,109.12,21.48,28.58,32.32,23.34,3.24,25.57,29.38,100.39,5.12,10.43,6.22,181.5,84.14,20.63,7.17,15.27,37.84,7.54,1.76,92.28,0.0,2.87,0.76,0.74,0.83,25.21,-0.5088,-0.7921,-0.1903,-0.4481,0.3032,32.12,-14.02,0.032654,19.65,-3.22,12.746,8.271,1.2246467991473532e-16,-1.0,2010-06-01
Beihai,2010,7,109.12,21.48,29.5,33.07,26.0,3.64,26.05,30.1,100.38,5.67,14.65,6.95,163.6,82.19,21.16,6.22,20.33,37.92,9.88,2.35,77.78,0.0,3.42,0.8,0.78,0.85,26.39,-1.1829,-1.5207,-1.0618,-1.2801,0.3174,30.41,-13.54,0.033626,20.31,-3.17,12.313,7.469,-0.4999999999999997,-0.8660254037844388,2010-07-01
Beihai,2010,8,109.12,21.48,28.64,32.59,25.35,3.25,25.65,29.37,100.52,4.13,10.03,5.06,127.6,84.1,20.62,12.17,18.04,37.69,8.83,2.1,74.47,0.0,3.64,0.95,0.91,0.95,25.11,0.035,-0.9151,-0.0614,-0.6735,0.2891,31.36,-13.05,0.017274,19.51,-3.23,12.414,7.968,-0.8660254037844385,-0.5000000000000004,2010-08-01
Beihai,2010,9,109.12,21.48,28.22,32.4,25.11,3.56,25.03,28.89,100.64,3.74,9.93,4.6,154.9,83.21,19.86,11.21,16.39,37.23,7.87,1.72,69.1,0.0,3.91,0.98,0.95,0.96,22.55,0.8933,-0.0901,0.9498,-0.074,0.5226,30.47,-11.74,0.00602,19.36,-3.52,11.832,7.471,-1.0,-1.8369701987210297e-16,2010-09-01
Beihai,2010,10,109.12,21.48,23.87,30.87,13.25,5.93,20.29,25.14,101.08,6.61,11.75,7.92,38.6,81.11,15.24,3.17,15.15,34.68,7.2,1.52,59.71,0.0,3.91,0.93,0.89,0.92,19.61,-0.1347,0.3133,0.1287,0.5622,0.4228,22.98,-2.66,0.023416,15.16,-4.42,9.453,6.57,-0.8660254037844386,0.5000000000000001,2010-10-01
Beihai,2010,11,109.12,21.48,20.45,26.56,14.25,7.69,15.79,21.57,101.5,4.74,8.97,5.85,40.1,75.88,11.17,0.15,13.54,32.41,6.13,1.12,51.25,0.0,2.39,0.78,0.75,0.82,15.85,-1.7114,0.0891,-1.0652,0.2294,0.451,11.4,7.14,0.012258,12.18,-6.0,5.912,4.104,-0.5000000000000004,0.8660254037844384,2010-11-01
Beihai,2010,12,109.12,21.48,17.86,26.8,4.38,7.9,12.41,19.51,101.42,5.06,14.92,6.17,46.5,72.49,9.45,0.7,11.2,31.37,5.14,0.94,53.98,0.0,1.63,0.68,0.67,0.73,15.02,0.0696,-0.7279,0.072,-0.4513,0.3495,10.7,8.47,0.012151,10.83,-5.92,5.913,4.152,-2.4492935982947064e-16,1.0,2010-12-01
Beihai,2011,1,109.12,21.48,12.14,20.77,5.58,7.25,6.44,15.33,102.01,6.71,12.16,7.66,25.6,69.79,6.02,0.24,7.79,30.96,3.71,0.75,87.49,0.0,1.15,0.63,0.63,0.69,15.76,-0.9719,-1.3935,0.1174,-0.6443,0.3622,4.83,12.67,0.012153,5.45,-7.81,5.436,3.278,0.49999999999999994,0.8660254037844387,2011-01-01
Beihai,2011,2,109.12,21.48,17.09,25.18,8.22,6.5,13.37,18.81,101.43,4.42,11.72,5.43,69.4,79.73,9.73,1.27,9.2,32.9,4.41,0.97,80.26,0.0,1.28,0.61,0.6,0.68,18.31,0.1427,-0.9312,0.4667,-0.0763,0.3459,10.81,3.2,0.014814,10.39,-8.2,7.337,2.825,0.8660254037844386,0.5000000000000001,2011-02-01
Beihai,2011,3,109.12,21.48,17.78,26.14,9.79,6.76,13.07,20.06,101.65,5.51,14.52,6.41,40.5,75.2,9.51,1.91,8.54,33.66,4.25,0.99,93.4,0.0,1.59,0.62,0.61,0.69,20.8,0.2363,-0.561,1.1357,0.5694,0.0349,14.89,5.65,0.015278,9.81,-7.68,6.754,4.689,1.0,6.123233995736766e-17,2011-03-01
Beihai,2011,4,109.12,21.48,23.8,29.58,16.84,6.52,19.02,25.67,101.1,4.14,9.26,5.1,132.8,75.99,13.75,0.78,15.91,35.11,7.41,1.54,68.84,0.0,1.66,0.57,0.57,0.61,22.67,-2.1211,-1.0307,-1.343,-0.1181,0.3158,22.87,-4.19,0.016526,14.78,-5.85,9.647,5.277,0.8660254037844387,-0.4999999999999998,2011-04-01
Beihai,2011,5,109.12,21.48,26.37,32.01,18.8,5.52,21.96,27.92,100.63,4.22,10.44,5.09,114.3,77.83,16.65,5.78,18.34,36.27,8.75,1.94,68.68,0.0,3.22,0.69,0.67,0.76,25.5,0.1954,-0.5485,0.5314,0.2524,0.3555,25.12,-8.06,0.015577,17.2,-4.3,10.894,6.109,0.49999999999999994,-0.8660254037844387,2011-05-01
Beihai,2011,6,109.12,21.48,28.91,33.28,25.34,3.27,25.55,29.8,100.14,4.92,15.74,5.98,174.8,82.59,20.61,10.16,17.92,37.76,8.75,2.08,82.27,0.0,2.91,0.74,0.72,0.8,25.92,0.2564,-0.2067,0.4068,0.1536,0.329,33.95,-15.58,0.030428,19.91,-2.76,13.446,9.003,1.2246467991473532e-16,-1.0,2011-06-01
Beihai,2011,7,109.12,21.48,29.08,32.59,26.6,3.26,25.61,29.76,100.15,4.43,15.08,5.38,186.5,81.89,20.66,6.91,19.08,37.79,9.19,2.15,65.07,0.0,4.46,0.94,0.9,0.93,25.06,-0.9066,-0.2702,-0.6856,-0.0832,0.3708,30.48,-13.1,0.013666,20.1,-2.92,12.322,7.641,-0.4999999999999997,-0.8660254037844388,2011-07-01
Beihai,2011,8,109.12,21.48,28.85,33.79,25.2,3.62,25.17,29.77,100.38,3.37,9.46,4.11,158.8,80.97,20.08,7.15,20.02,37.63,9.62,2.26,65.76,0.0,4.26,0.95,0.91,0.94,24.84,-2.0486,-1.1652,-1.656,-0.9666,0.3929,29.19,-12.27,0.009355,19.62,-3.69,11.874,6.852,-0.8660254037844385,-0.5000000000000004,2011-08-01
Beihai,2011,9,109.12,21.48,27.78,33.04,20.23,5.05,23.89,28.91,100.47,5.55,11.600000000000001,6.7,66.7,79.97,18.7,6.57,17.14,37.19,8.15,1.75,66.63,0.0,4.13,0.86,0.83,0.89,22.07,-0.3322,-1.8343,-0.3025,-1.5899,0.5345,30.83,-11.68,0.025033,18.39,-3.5,12.205,7.991,-1.0,-1.8369701987210297e-16,2011-09-01
Beihai,2011,10,109.12,21.48,24.37,30.0,18.08,5.85,20.94,25.38,101.15,5.09,13.74,6.15,51.0,81.92,15.52,5.3,14.37,35.4,6.86,1.46,60.32,0.0,3.79,0.93,0.89,0.93,19.46,0.4746,-0.9518,0.5835,-0.7493,0.3681,24.84,-4.07,0.019575,15.04,-5.42,9.671,6.65,-0.8660254037844386,0.5000000000000001,2011-10-01
Beihai,2011,11,109.12,21.48,22.69,29.05,14.93,6.61,18.84,23.74,101.35,4.54,12.58,5.6,49.1,79.72,13.61,2.02,13.48,33.9,6.3,1.2,54.12,0.0,2.84,0.82,0.8,0.87,16.8,0.2583,-0.0033,0.2451,0.0397,0.4228,20.49,-1.47,0.016502,13.82,-7.7,8.142,4.539,-0.5000000000000004,0.8660254037844384,2011-11-01
Beihai,2011,12,109.12,21.48,15.34,24.04,7.07,7.96,9.25,16.98,101.96,6.2,12.15,7.48,30.7,68.62,7.4,0.82,11.31,30.31,5.07,0.88,58.94,0.0,1.95,0.74,0.72,0.8,14.38,0.215,0.3295,0.5726,0.3525,0.583,5.55,13.14,0.011273,8.59,-5.09,5.164,3.917,-2.4492935982947064e-16,1.0,2011-12-01
Beihai,2012,1,109.12,21.48,14.35,23.19,5.33,6.39,10.88,16.32,101.75,5.27,12.06,6.23,35.7,80.44,8.26,1.69,5.67,32.8,2.87,0.71,96.59,0.0,1.36,0.71,0.69,0.77,15.82,0.4431,0.19,0.7441,0.4435,0.017,10.26,7.41,0.017662,8.58,-6.54,6.979,3.628,0.49999999999999994,0.8660254037844387,2012-01-01
Beihai,2012,2,109.12,21.48,16.37,25.63,7.95,6.66,12.87,18.16,101.42,5.22,10.61,6.23,45.0,80.64,9.46,0.81,7.37,33.62,3.67,0.85,92.11,0.0,1.58,0.68,0.67,0.74,18.15,-0.3022,-0.1651,0.2611,0.5144,0.1479,9.52,4.4,0.017762,10.74,-6.82,7.276,2.992,0.8660254037844386,0.5000000000000001,2012-02-01
Beihai,2012,3,109.12,21.48,20.68,27.55,10.5,6.21,16.94,22.02,101.23,5.04,14.25,6.3,83.9,80.38,12.3,1.32,10.81,34.76,5.13,1.1,84.37,0.0,1.95,0.66,0.65,0.72,19.43,-0.4005,-0.2985,-0.2745,0.4126,0.1329,21.9,-1.82,0.022691,13.83,-6.93,8.598,5.286,1.0,6.123233995736766e-17,2012-03-01
Beihai,2012,4,109.12,21.48,25.4,32.21,17.58,5.6,21.86,26.68,100.72,4.27,13.66,5.29,168.3,81.72,16.52,2.64,16.9,36.01,8.01,1.66,70.99,0.0,2.26,0.64,0.63,0.7,23.25,-0.114,-0.568,-0.2741,-0.4362,0.2981,27.99,-10.38,0.028777,17.83,-6.33,10.763,5.743,0.8660254037844387,-0.4999999999999998,2012-04-01
Beihai,2012,5,109.12,21.48,28.69,32.73,23.75,4.2,25.03,29.91,100.38,4.2,9.25,5.05,150.5,81.27,19.93,8.54,18.5,37.58,8.97,1.96,76.13,0.0,3.05,0.71,0.7,0.78,25.48,1.0658,0.6588,0.8527,0.5117,0.1925,33.1,-14.23,0.022048,19.39,-3.75,12.724,8.327,0.49999999999999994,-0.8660254037844387,2012-05-01
Beihai,2012,6,109.12,21.48,28.63,32.87,24.38,3.17,26.01,29.02,99.93,5.51,12.73,6.76,199.2,85.93,21.21,10.41,14.47,38.28,7.2,1.64,92.45,0.0,3.89,0.93,0.89,0.94,25.02,0.3131,0.6554,0.4846,0.5811,0.3909,35.11,-16.8,0.013803,19.82,-2.48,14.079,9.662,1.2246467991473532e-16,-1.0,2012-06-01
Beihai,2012,7,109.12,21.48,28.9,32.48,26.08,2.82,25.83,29.43,100.13,4.79,14.53,5.89,177.8,83.74,20.94,9.46,18.74,37.57,9.2,2.24,75.75,0.0,4.1,0.95,0.91,0.94,26.42,-0.0246,0.5244,0.1301,0.4795,0.4066,31.79,-13.84,0.025486,19.74,-3.16,12.665,8.182,-0.4999999999999997,-0.8660254037844388,2012-07-01
Beihai,2012,8,109.12,21.48,28.93,32.92,24.93,3.25,25.86,29.39,100.13,3.75,20.33,4.62,198.1,83.8,20.99,14.42,17.25,37.77,8.36,1.91,77.32,0.0,3.93,0.99,0.97,0.97,24.2,0.7792,0.4149,0.7676,0.5569,0.385,31.32,-13.23,0.005273,20.04,-3.0,12.363,7.863,-0.8660254037844385,-0.5000000000000004,2012-08-01
Beihai,2012,9,109.12,21.48,27.33,31.56,21.19,5.02,23.44,28.49,100.81,4.17,11.22,5.03,69.9,80.0,18.14,4.91,18.11,36.54,8.62,1.87,65.59,0.0,4.42,0.94,0.9,0.93,22.47,-0.9157,-0.1976,-0.7962,-0.051,0.4908,27.63,-7.3,0.012173,17.56,-3.84,10.631,7.482,-1.0,-1.8369701987210297e-16,2012-09-01
Beihai,2012,10,109.12,21.48,25.83,30.07,18.07,5.6,21.24,27.3,101.17,4.72,12.58,5.68,84.9,76.79,15.76,7.3,14.82,35.33,6.83,1.36,40.62,0.0,3.34,0.79,0.76,0.84,18.59,0.9111,0.3568,0.8443,0.531,0.431,22.42,-2.52,0.013931,15.77,-4.34,9.189,6.09,-0.8660254037844386,0.5000000000000001,2012-10-01
Beihai,2012,11,109.12,21.48,22.04,27.65,13.57,6.16,19.13,23.42,101.28,5.07,14.62,6.18,72.6,84.22,14.01,3.98,9.96,35.24,4.87,1.08,80.88,0.0,2.91,0.86,0.82,0.89,16.7,1.0717,0.3661,1.0772,0.3745,0.4944,25.67,-5.96,0.022872,14.5,-6.66,10.153,5.854,-0.5000000000000004,0.8660254037844384,2012-11-01
Beihai,2012,12,109.12,21.48,17.38,26.0,4.93,6.74,13.89,19.1,101.61,5.83,15.45,7.04,47.5,80.99,10.34,0.65,9.16,33.26,4.38,0.95,80.81,0.0,2.27,0.83,0.8,0.87,15.2,0.0039,1.015,0.1238,0.896,0.1486,13.96,3.63,0.016312,10.74,-6.47,7.743,3.75,-2.4492935982947064e-16,1.0,2012-12-01
Beihai,2013,1,109.12,21.48,15.1,24.14,7.33,6.26,11.73,16.72,101.85,5.19,11.17,6.31,42.9,81.16,8.72,0.9,8.15,32.41,3.88,0.87,83.53,0.0,1.54,0.75,0.73,0.8,15.61,-0.1015,0.4606,0.3326,0.5925,0.2713,7.12,8.84,0.012061,8.41,-6.3,6.541,3.065,0.49999999999999994,0.8660254037844387,2013-01-01
Beihai,2013,2,109.12,21.48,19.2,25.67,8.77,6.51,16.2,20.56,101.52,4.66,10.57,5.81,80.2,83.49,11.61,0.47,8.88,34.36,4.43,1.17,88.93,0.0,1.86,0.7,0.68,0.75,19.14,-0.839,-1.0189,-0.786,-0.7429,0.1268,13.72,-0.42,0.020806,12.7,-6.26,8.743,3.498,0.8660254037844386,0.5000000000000001,2013-02-01
Beihai,2013,3,109.12,21.48,22.6,29.24,10.62,6.51,18.67,24.09,101.18,4.5,11.61,5.54,108.8,79.51,13.66,2.36,13.29,35.09,6.15,1.26,69.08,0.0,1.99,0.63,0.62,0.69,19.35,0.6376,-0.3432,0.1602,-0.2602,0.3803,24.03,-5.44,0.020045,15.03,-8.13,9.124,4.626,1.0,6.123233995736766e-17,2013-03-01
Beihai,2013,4,109.12,21.48,23.86,30.44,15.31,5.1,20.76,25.21,100.86,4.59,16.31,5.62,104.2,83.43,15.54,5.72,13.51,36.29,6.5,1.44,82.44,0.0,2.73,0.73,0.71,0.8,22.02,1.6265,1.0119,1.6554,0.9933,0.1376,27.13,-8.42,0.025101,15.83,-6.31,10.772,6.155,0.8660254037844387,-0.4999999999999998,2013-04-01
Beihai,2013,5,109.12,21.48,27.31,32.54,20.44,3.99,24.38,28.06,100.5,4.58,10.24,5.62,163.5,84.46,19.25,4.81,16.75,37.22,8.16,1.83,78.23,0.0,3.28,0.81,0.78,0.86,25.37,-0.1762,0.7364,0.0887,0.7835,0.3522,31.49,-12.99,0.030487,18.95,-4.51,12.101,7.437,0.49999999999999994,-0.8660254037844387,2013-05-01
Beihai,2013,6,109.12,21.48,28.75,32.84,21.25,3.79,25.17,29.5,100.21,5.2,14.34,6.31,169.6,81.4,20.18,6.62,19.83,37.41,9.64,2.23,69.98,0.0,4.23,0.88,0.84,0.9,26.55,-0.6723,-0.1318,-0.3776,0.1409,0.5116,31.1,-14.06,0.020935,19.31,-3.05,12.969,7.941,1.2246467991473532e-16,-1.0,2013-06-01
Beihai,2013,7,109.12,21.48,28.57,32.63,26.3,2.98,25.68,29.19,100.3,4.85,11.75,5.93,158.0,84.65,20.71,15.66,17.57,37.61,8.66,2.04,77.92,0.0,3.92,0.94,0.91,0.94,26.41,1.5992,0.3625,1.5045,0.4571,0.1843,31.24,-12.51,0.029897,19.17,-3.49,12.229,8.034,-0.4999999999999997,-0.8660254037844388,2013-07-01
Beihai,2013,8,109.12,21.48,28.81,32.18,25.88,3.04,25.73,29.19,100.15,4.67,18.5,5.7,183.6,83.75,20.81,11.0,16.95,37.63,8.31,1.92,76.53,0.0,3.82,0.99,0.96,0.97,25.18,-0.3889,0.2893,-0.5068,0.4804,0.3063,32.61,-14.86,0.012617,19.94,-3.42,12.888,8.133,-0.8660254037844385,-0.5000000000000004,2013-08-01
Beihai,2013,9,109.12,21.48,27.7,32.23,20.59,4.55,24.54,28.45,100.62,4.71,11.68,5.7,64.9,83.33,19.34,10.33,16.04,37.0,7.73,1.7,77.13,0.0,4.48,0.97,0.94,0.95,22.5,0.6911,1.119,0.8034,1.2362,0.5909,30.06,-11.36,0.021693,18.52,-3.93,11.852,7.414,-1.0,-1.8369701987210297e-16,2013-09-01
Beihai,2013,10,109.12,21.48,24.5,30.86,16.77,6.72,19.9,25.65,101.24,5.17,11.35,6.26,39.6,76.77,14.6,0.63,15.96,34.52,7.38,1.42,48.47,0.0,3.34,0.82,0.79,0.86,18.84,-1.5522,-0.4348,-1.0716,-0.1437,0.3469,22.51,0.08,0.017464,15.04,-5.11,8.092,6.545,-0.8660254037844386,0.5000000000000001,2013-10-01
Beihai,2013,11,109.12,21.48,21.16,29.13,11.65,6.56,16.91,22.4,101.5,6.11,17.32,7.41,48.7,77.78,12.27,8.76,11.06,33.85,5.28,1.08,74.31,0.0,2.69,0.8,0.78,0.85,16.93,2.3145,0.8276,2.1452,0.9274,0.5406,21.16,1.7,0.016919,12.79,-5.94,7.961,5.894,-0.5000000000000004,0.8660254037844384,2013-11-01
Beihai,2013,12,109.12,21.48,14.18,23.51,5.76,8.27,9.08,15.7,101.83,5.61,13.58,6.83,29.5,73.17,7.29,4.45,11.68,28.27,5.05,0.83,37.96,0.0,2.18,0.85,0.82,0.89,14.33,2.4041,1.2894,2.1333,1.4024,0.308,-3.05,15.54,0.011171,6.67,-6.63,4.243,2.472,-2.4492935982947064e-16,1.0,2013-12-01
Beihai,2014,1,109.12,21.48,15.41,22.3,6.4,7.61,11.26,16.17,101.89,4.69,10.3,5.93,55.5,77.95,8.47,0.04,13.29,29.26,5.83,1.06,39.92,0.0,2.11,0.81,0.79,0.86,15.75,-1.8162,1.9698,-3.09,1.7417,0.3824,-4.08,11.47,0.006872,7.98,-7.49,5.095,1.63,0.49999999999999994,0.8660254037844387,2014-01-01
Beihai,2014,2,109.12,21.48,16.19,24.2,5.21,7.27,12.61,18.18,101.51,5.22,12.95,6.28,59.9,80.37,9.5,0.58,8.89,32.73,4.31,0.97,84.72,0.0,1.83,0.72,0.7,0.77,18.42,-0.6542,0.6775,0.1239,0.9835,0.2225,9.95,6.8,0.016145,9.6,-6.03,7.047,3.278,0.8660254037844386,0.5000000000000001,2014-02-01
Beihai,2014,3,109.12,21.48,20.63,28.24,13.5,6.02,17.62,22.01,101.33,4.51,12.18,5.56,83.9,83.52,12.66,1.53,10.33,34.84,4.92,1.04,83.31,0.0,1.9,0.68,0.66,0.73,19.2,-0.1551,-1.3778,-0.0166,-0.6381,0.1647,24.48,-6.0,0.024699,13.9,-8.63,9.595,4.842,1.0,6.123233995736766e-17,2014-03-01
Beihai,2014,4,109.12,21.48,25.23,29.74,20.06,4.96,22.17,26.29,100.94,4.46,7.94,5.58,121.5,83.68,16.7,4.28,12.12,37.02,5.8,1.17,87.12,0.0,2.62,0.71,0.69,0.76,20.92,0.9181,0.1779,0.7654,0.4119,0.0782,29.46,-11.01,0.027241,16.29,-5.97,11.78,6.572,0.8660254037844387,-0.4999999999999998,2014-04-01
Beihai,2014,5,109.12,21.48,28.07,33.27,19.96,4.66,24.32,29.19,100.55,4.43,11.53,5.39,180.1,80.7,19.19,3.21,18.37,37.3,8.89,1.91,77.48,0.0,2.76,0.7,0.69,0.76,25.23,-0.9212,-0.399,-0.8518,-0.3238,0.3404,33.52,-15.17,0.034652,19.35,-4.31,12.891,7.976,0.49999999999999994,-0.8660254037844387,2014-05-01
Beihai,2014,6,109.12,21.48,29.53,33.22,26.06,3.16,26.27,30.12,100.07,4.16,9.16,5.08,190.4,83.04,21.53,12.85,18.35,38.19,8.96,2.04,83.92,0.0,3.59,0.9,0.86,0.91,25.64,0.8245,0.422,0.7765,0.3658,0.429,34.26,-16.84,0.015322,20.52,-2.34,13.865,9.278,1.2246467991473532e-16,-1.0,2014-06-01
Beihai,2014,7,109.12,21.48,29.49,32.52,26.58,2.99,26.27,29.98,100.2,4.21,10.79,5.15,160.5,83.03,21.47,11.29,19.49,38.0,9.53,2.3,78.67,0.0,3.74,0.98,0.95,0.96,26.19,0.5134,0.3706,0.4849,0.265,0.3105,32.37,-15.35,0.020719,20.47,-2.95,13.057,8.167,-0.4999999999999997,-0.8660254037844388,2014-07-01
Beihai,2014,8,109.12,21.48,28.75,32.52,24.98,2.7,25.88,29.19,100.39,4.26,12.42,5.26,188.6,84.67,20.96,16.0,16.89,37.62,8.35,2.01,79.18,0.0,3.54,0.99,0.97,0.97,25.28,1.2571,1.1828,1.5944,1.0538,0.445,33.27,-15.08,0.017531,19.86,-3.13,13.121,8.542,-0.8660254037844385,-0.5000000000000004,2014-08-01
Beihai,2014,9,109.12,21.48,28.41,31.63,22.03,3.78,24.83,29.17,100.55,3.89,10.530000000000001,4.71,113.7,81.38,19.7,9.05,18.57,36.98,8.91,1.99,54.15,0.0,3.91,0.98,0.94,0.95,23.3,0.3757,1.0262,0.3447,0.9926,0.4654,29.96,-11.86,0.010264,18.9,-3.35,12.1315,7.5339,-1.0,-1.8369701987210297e-16,2014-09-01
Beihai,2014,10,109.12,21.48,26.01,31.11,19.43,5.89,21.51,27.06,101.22,4.23,8.64,5.16,67.5,77.23,16.04,2.37,15.96,35.1,7.37,1.46,40.8,0.0,3.64,0.87,0.83,0.89,18.92,-0.4382,0.4564,-0.46,0.539,0.452,20.29,-3.89,0.012305,15.75,-4.89,9.5353,4.8937,-0.8660254037844386,0.5000000000000001,2014-10-01
Beihai,2014,11,109.12,21.48,22.35,29.64,14.79,6.39,19.05,23.8,101.44,4.81,10.71,5.84,58.0,82.41,13.85,1.51,11.89,34.53,5.65,1.1,63.0,0.0,2.51,0.78,0.75,0.83,16.59,-0.0378,-0.182,-0.002,-0.3014,0.3647,22.98,-1.93,0.017325,13.15,-5.18,9.6394,5.6549,-0.5000000000000004,0.8660254037844384,2014-11-01
Beihai,2014,12,109.12,21.48,15.4,22.72,7.5,7.34,10.21,17.34,101.99,6.02,13.5,7.12,35.7,72.98,7.87,2.13,9.22,30.75,4.28,0.79,68.38,0.0,1.86,0.74,0.72,0.8,15.22,1.2789,-0.1587,1.2747,-0.2366,0.4234,6.16,11.48,0.012366,8.72,-5.27,5.7382,3.7881,-2.4492935982947064e-16,1.0,2014-12-01
Beihai,2015,1,109.12,21.48,16.23,24.08,8.5,7.72,12.17,17.25,101.86,4.84,9.82,6.02,57.0,78.32,8.91,1.84,12.29,30.14,5.57,1.03,53.07,0.0,1.82,0.74,0.72,0.79,16.37,0.5255,0.4687,0.6925,0.6109,0.4096,1.67,9.66,0.009644,8.35,-7.81,5.5784,2.3542,0.49999999999999994,0.8660254037844387,2015-01-01
Beihai,2015,2,109.12,21.48,18.72,26.8,8.72,6.46,15.18,20.18,101.58,4.04,9.45,5.08,89.9,80.93,11.03,0.63,11.13,33.31,5.23,1.14,80.79,0.0,1.81,0.68,0.67,0.73,17.71,-0.5785,0.4707,-0.3332,0.6767,0.2216,16.19,0.92,0.017649,10.81,-9.19,7.7155,3.1053,0.8660254037844386,0.5000000000000001,2015-02-01
Beihai,2015,3,109.12,21.48,22.48,29.8,14.33,6.29,18.85,24.08,101.33,4.47,12.39,5.46,100.1,80.79,13.65,0.7,11.9,35.25,5.62,1.16,79.38,0.0,1.82,0.63,0.62,0.68,19.59,-1.3381,-0.6731,-1.8796,-1.0604,0.4876,23.04,-6.13,0.027371,14.57,-6.71,10.1753,4.7649,1.0,6.123233995736766e-17,2015-03-01
Beihai,2015,4,109.12,21.48,25.01,31.14,16.8,6.63,19.58,27.43,101.06,4.83,11.6,5.69,129.1,73.29,14.46,0.79,17.68,34.93,8.19,1.61,55.83,0.0,1.51,0.56,0.56,0.59,22.93,-2.1034,-2.3512,-2.2905,-3.09,0.322,25.2,-6.72,0.019149,16.48,-6.49,9.7434,5.3987,0.8660254037844387,-0.4999999999999998,2015-04-01
Beihai,2015,5,109.12,21.48,28.97,33.21,22.0,4.16,25.29,30.13,100.44,4.63,9.98,5.57,185.2,81.17,20.27,3.83,18.04,37.7,8.72,1.89,73.92,0.0,1.93,0.62,0.61,0.69,24.89,-0.6074,-1.8253,-0.8299,-3.09,0.3525,34.07,-17.0,0.039449,20.03,-3.54,13.6514,8.1191,0.49999999999999994,-0.8660254037844387,2015-05-01
Beihai,2015,6,109.12,21.48,29.85,34.15,27.56,3.11,26.2,30.51,100.3,5.23,14.94,6.37,178.2,81.18,21.38,7.05,19.53,38.04,9.51,2.17,74.01,0.0,3.47,0.78,0.76,0.84,26.39,-0.5437,-1.2982,-0.4856,-1.7367,0.2739,32.65,-15.59,0.040027,20.53,-2.72,13.2189,8.3643,1.2246467991473532e-16,-1.0,2015-06-01
Beihai,2015,7,109.12,21.48,28.83,34.87,24.09,3.42,25.27,29.61,100.16,5.99,12.57,7.22,215.3,81.54,20.29,14.32,15.12,38.0,7.44,1.75,88.84,0.0,3.82,0.82,0.8,0.87,25.47,1.2899,0.095,1.2246,-0.0327,0.4966,33.32,-15.23,0.011888,19.45,-2.67,13.5257,8.9073,-0.4999999999999997,-0.8660254037844388,2015-07-01
Beihai,2015,8,109.12,21.48,29.07,33.54,25.89,3.46,25.65,29.49,100.38,3.63,9.49,4.49,191.0,82.23,20.68,5.99,17.67,37.58,8.52,1.94,76.51,0.0,3.87,0.96,0.93,0.95,24.47,-2.6694,-0.6143,-1.9942,-0.4768,0.5118,30.11,-13.05,0.008207,20.01,-3.35,12.1648,7.211,-0.8660254037844385,-0.5000000000000004,2015-08-01
Beihai,2015,9,109.12,21.48,28.27,32.04,23.51,3.85,25.26,29.03,100.71,4.24,9.56,5.15,121.4,84.09,20.13,7.53,16.78,37.53,8.15,1.83,71.21,0.0,4.23,0.97,0.94,0.95,22.71,-0.0398,-0.3846,-0.0848,-0.3274,0.3105,32.7,-13.86,0.010486,18.97,-3.38,12.8938,8.6088,-1.0,-1.8369701987210297e-16,2015-09-01
Beihai,2015,10,109.12,21.48,25.71,31.74,18.78,5.74,21.44,26.78,101.18,4.35,20.46,5.23,38.2,78.1,16.0,5.46,15.66,35.5,7.43,1.58,54.21,0.0,3.91,0.91,0.88,0.92,19.9,0.5131,-0.9655,0.4922,-1.0565,0.6002,24.8,-3.98,0.013137,16.12,-4.38,9.6311,6.7023,-0.8660254037844386,0.5000000000000001,2015-10-01
Beihai,2015,11,109.12,21.48,23.51,29.23,12.31,5.57,20.58,24.87,101.46,4.94,10.91,6.0,80.5,84.26,15.36,5.29,12.74,35.19,6.13,1.28,65.97,0.0,2.97,0.86,0.83,0.89,17.17,1.4768,0.6556,1.2907,0.5223,0.405,24.63,-4.76,0.021037,14.75,-6.04,9.8156,5.8039,-0.5000000000000004,0.8660254037844384,2015-11-01
Beihai,2015,12,109.12,21.48,17.1,26.29,9.62,5.96,13.97,18.82,101.88,5.84,11.23,6.96,33.9,82.62,10.17,2.27,7.74,33.0,3.78,0.76,84.37,0.0,2.21,0.86,0.83,0.89,15.04,1.3637,1.1816,1.2079,1.0072,0.3452,17.55,4.07,0.017178,10.05,-6.96,7.6276,4.9769,-2.4492935982947064e-16,1.0,2015-12-01
Beihai,2016,1,109.12,21.48,15.94,24.93,3.98,5.87,13.3,17.49,101.78,5.2,13.7,6.25,46.8,84.97,9.82,9.83,7.33,32.41,3.6,0.76,86.12,0.0,2.1,0.87,0.83,0.9,16.17,2.8153,2.5762,2.2483,2.0272,0.405,18.84,2.71,0.019562,9.66,-9.26,7.3877,4.3981,0.49999999999999994,0.8660254037844387,2016-01-01
Beihai,2016,2,109.12,21.48,14.49,23.42,6.07,7.13,10.97,15.97,102.02,5.49,13.17,6.69,32.4,80.36,8.31,0.46,10.65,30.9,4.98,1.1,73.84,0.0,2.79,0.92,0.88,0.92,18.93,-0.8274,2.9761,0.2295,2.1204,0.3567,3.96,13.27,0.009775,8.51,-5.39,5.0117,3.2291,0.8660254037844386,0.5000000000000001,2016-02-01
Beihai,2016,3,109.12,21.48,19.27,27.84,8.48,6.38,16.27,20.26,101.41,4.18,13.67,5.29,80.6,83.55,11.7,1.87,12.56,33.38,5.79,1.18,74.72,0.0,2.82,0.81,0.78,0.85,19.33,0.1977,2.5921,0.7415,2.0985,0.1974,21.55,-1.71,0.020948,12.76,-7.86,8.5946,4.8299,1.0,6.123233995736766e-17,2016-03-01
Beihai,2016,4,109.12,21.48,25.17,30.84,18.54,5.3,22.29,25.9,100.73,3.3,14.21,4.35,143.1,84.7,16.84,2.71,14.95,36.09,6.91,1.4,69.22,0.0,2.87,0.76,0.73,0.81,20.88,-0.0623,-0.4178,-0.1411,0.1265,0.2899,31.31,-12.76,0.03712,18.54,-6.33,11.4413,6.802,0.8660254037844387,-0.4999999999999998,2016-04-01
Beihai,2016,5,109.12,21.48,27.62,32.44,19.59,4.83,24.07,28.7,100.59,4.22,10.53,5.17,148.7,81.85,18.89,6.12,18.92,37.04,9.04,2.09,71.3,0.0,3.44,0.77,0.74,0.82,24.92,0.3157,0.1486,0.4259,0.3656,0.3786,29.55,-11.93,0.029966,18.74,-3.73,12.0748,7.4028,0.49999999999999994,-0.8660254037844387,2016-05-01
Beihai,2016,6,109.12,21.48,29.43,32.42,24.61,3.03,26.34,29.95,100.4,4.97,10.18,6.13,179.7,83.72,21.54,7.56,19.5,37.94,9.53,2.33,76.92,0.0,3.58,0.9,0.86,0.91,26.63,-0.398,-0.2675,-0.243,-0.1988,0.2916,31.97,-14.87,0.031779,20.42,-3.2,12.7864,8.0016,1.2246467991473532e-16,-1.0,2016-06-01
Beihai,2016,7,109.12,21.48,29.63,33.33,26.96,2.6,26.41,29.92,100.35,4.82,11.75,5.98,178.7,83.09,21.64,7.73,18.99,37.86,9.28,2.32,78.05,0.0,3.43,0.95,0.91,0.94,26.54,-0.6018,-0.484,-0.5333,-0.4721,0.4381,30.89,-14.59,0.03105,20.67,-3.4,12.4948,7.3967,-0.4999999999999997,-0.8660254037844388,2016-07-01
Beihai,2016,8,109.12,21.48,29.19,32.77,24.06,3.21,25.98,29.8,100.01,4.27,16.76,5.21,191.3,83.07,21.19,12.41,16.75,38.01,8.2,1.98,82.83,0.0,3.74,0.97,0.93,0.96,24.39,0.1185,-0.5618,-0.1016,-0.4775,0.4346,33.64,-15.72,0.005878,20.15,-2.27,13.6013,9.2391,-0.8660254037844385,-0.5000000000000004,2016-08-01
Beihai,2016,9,109.12,21.48,28.24,32.46,22.11,4.57,24.57,29.02,100.53,3.96,9.07,4.85,38.9,80.99,19.39,5.72,17.32,37.2,8.34,1.9,70.2,0.0,4.44,0.96,0.93,0.95,22.87,-0.6164,-0.7448,-0.6891,-0.7688,0.591,30.44,-10.59,0.013855,18.52,-2.58,12.0807,8.5581,-1.0,-1.8369701987210297e-16,2016-09-01
Beihai,2016,10,109.12,21.48,26.53,31.69,18.45,5.94,22.82,27.6,100.84,5.56,18.46,6.7,49.0,80.78,17.41,5.43,16.79,36.39,8.01,1.79,55.29,0.0,3.85,0.86,0.83,0.89,20.35,0.5059,-0.1365,0.399,-0.0917,0.4285,27.08,-8.9,0.021837,17.13,-3.7,11.5066,6.8727,-0.8660254037844386,0.5000000000000001,2016-10-01
Beihai,2016,11,109.12,21.48,21.3,28.93,9.94,6.44,17.94,23.23,101.49,5.6,13.22,6.71,50.0,82.02,13.26,2.83,11.96,34.3,5.78,1.3,63.23,0.0,2.88,0.81,0.78,0.86,17.57,0.6387,0.0122,0.7883,-0.0764,0.5384,22.04,-1.93,0.017257,14.15,-5.31,9.1867,6.0236,-0.5000000000000004,0.8660254037844384,2016-11-01
Beihai,2016,12,109.12,21.48,18.53,25.98,8.83,7.51,13.91,19.71,101.72,5.65,12.3,6.95,46.6,75.76,10.14,0.32,12.03,32.15,5.64,1.16,68.18,0.0,2.1,0.76,0.74,0.81,15.85,-0.5567,0.4147,-1.1558,0.2069,0.5726,14.92,6.03,0.012565,11.87,-5.84,6.5619,4.6517,-2.4492935982947064e-16,1.0,2016-12-01
Beihai,2017,1,109.12,21.48,18.48,25.5,10.69,6.87,14.82,19.87,101.71,4.74,10.32,5.75,57.7,80.31,10.57,1.08,10.87,32.47,5.13,1.14,64.82,0.0,1.65,0.7,0.68,0.75,16.65,0.0452,0.0868,-0.027,0.1235,0.5751,13.63,3.07,0.015912,10.97,-6.84,7.733,3.9292,0.49999999999999994,0.8660254037844387,2017-01-01
Beihai,2017,2,109.12,21.48,17.85,26.71,8.93,7.53,13.25,19.77,101.77,5.28,12.63,6.4,62.2,76.01,9.73,1.34,12.02,32.58,5.65,1.23,69.99,0.0,1.88,0.67,0.66,0.72,19.19,0.2046,-0.5622,0.4146,-0.6712,0.3014,9.77,4.95,0.011898,9.49,-8.58,6.7977,2.8876,0.8660254037844386,0.5000000000000001,2017-02-01
Beihai,2017,3,109.12,21.48,21.72,29.0,14.54,6.26,17.99,23.14,101.25,4.95,12.85,6.15,101.4,80.32,12.98,2.24,10.82,35.24,5.26,1.19,82.71,0.0,1.99,0.63,0.62,0.7,20.7,0.5359,0.0831,0.3647,0.1988,0.3486,24.64,-5.02,0.024841,13.52,-7.79,9.686,5.1724,1.0,6.123233995736766e-17,2017-03-01
Beihai,2017,4,109.12,21.48,24.22,30.69,14.74,6.17,19.81,26.05,100.97,4.61,11.65,5.62,117.8,77.56,14.6,1.82,15.73,35.41,7.44,1.61,68.49,0.0,2.38,0.63,0.62,0.69,23.38,-0.8044,-0.2743,-0.4751,-0.1372,0.3787,25.57,-6.34,0.024478,15.92,-5.51,10.2135,6.0743,0.8660254037844387,-0.4999999999999998,2017-04-01
Beihai,2017,5,109.12,21.48,27.38,32.12,22.01,5.37,23.02,28.91,100.73,4.19,9.92,5.06,108.5,78.11,17.67,4.49,17.66,37.02,8.51,1.91,77.7,0.0,3.19,0.69,0.67,0.75,25.03,-0.3098,-0.5324,-0.0371,-0.2782,0.4295,29.11,-10.36,0.01742,17.73,-3.85,11.7999,7.2766,0.49999999999999994,-0.8660254037844387,2017-05-01
Beihai,2017,6,109.12,21.48,29.27,33.25,25.26,2.65,26.23,29.94,100.3,5.04,10.8,6.15,181.0,83.95,21.41,8.88,15.96,38.06,7.92,1.91,92.31,0.0,2.6,0.78,0.75,0.83,26.02,-0.0496,-0.515,0.1046,-0.2985,0.2012,33.26,-16.18,0.03917,20.35,-3.09,13.3785,8.5096,1.2246467991473532e-16,-1.0,2017-06-01
Beihai,2017,7,109.12,21.48,28.89,32.48,26.64,2.91,26.14,29.31,100.34,4.83,10.38,5.98,150.0,85.3,21.29,17.2,16.76,37.71,8.27,2.0,87.62,0.0,3.71,0.99,0.96,0.97,25.94,1.9344,0.8116,1.7343,0.7875,0.5188,33.48,-15.08,0.024647,19.75,-3.11,13.1738,8.7924,-0.4999999999999997,-0.8660254037844388,2017-07-01
Beihai,2017,8,109.12,21.48,29.27,32.41,26.11,2.65,26.39,29.52,100.32,4.86,12.05,6.03,186.9,84.64,21.62,14.3,17.41,37.58,8.53,2.11,82.87,0.0,3.46,0.99,0.97,0.97,25.43,0.7415,1.2292,0.6139,1.1116,0.538,33.17,-15.17,0.026038,20.31,-3.23,12.9391,8.5831,-0.8660254037844385,-0.5000000000000004,2017-08-01
Beihai,2017,9,109.12,21.48,29.39,32.39,26.4,3.51,25.96,29.96,100.62,3.63,12.1,4.41,133.9,82.09,20.99,7.36,17.91,37.66,8.71,2.09,76.13,0.0,3.88,0.98,0.95,0.96,23.33,-0.0897,1.4118,-0.3661,1.3046,0.4218,32.59,-15.18,0.014508,20.01,-3.09,13.1168,8.2644,-1.0,-1.8369701987210297e-16,2017-09-01
Beihai,2017,10,109.12,21.48,24.82,31.24,16.61,5.77,21.43,25.87,101.1,5.8,17.26,7.01,41.8,82.04,16.22,7.6,16.18,35.08,7.7,1.64,55.18,0.0,3.91,0.97,0.93,0.95,20.23,0.9696,0.7352,0.9739,0.7289,0.4948,22.53,-2.45,0.023661,15.85,-3.44,9.4973,6.663,-0.8660254037844386,0.5000000000000001,2017-10-01
Beihai,2017,11,109.12,21.48,20.84,28.52,11.7,5.79,17.74,22.29,101.46,5.6,11.19,6.76,40.4,83.13,12.92,2.09,9.04,34.5,4.44,0.97,82.64,0.0,2.78,0.87,0.84,0.89,16.62,0.2948,0.493,0.5578,0.4415,0.5678,24.91,-2.77,0.019107,13.88,-5.71,9.4718,6.8715,-0.5000000000000004,0.8660254037844384,2017-11-01
Beihai,2017,12,109.12,21.48,16.3,23.01,6.17,7.14,11.42,17.55,101.9,5.79,12.25,7.03,33.0,74.29,8.56,0.93,10.24,31.44,4.72,0.91,75.62,0.0,2.05,0.79,0.77,0.84,14.97,0.3361,0.8034,0.5401,0.8531,0.3548,7.83,11.11,0.012297,9.07,-3.79,6.384,4.1583,-2.4492935982947064e-16,1.0,2017-12-01
Beihai,2018,1,109.12,21.48,16.4,25.12,4.8,7.42,12.34,17.93,101.59,5.45,14.22,6.65,60.5,78.44,9.34,0.9,9.5,32.18,4.53,0.97,75.35,0.0,1.83,0.73,0.71,0.78,16.69,-0.1015,-0.0082,0.1891,0.3182,0.4954,11.45,8.18,0.018023,9.45,-4.41,7.2115,4.3185,0.49999999999999994,0.8660254037844387,2018-01-01
Beihai,2018,2,109.12,21.48,16.21,26.01,5.22,7.12,11.27,17.97,101.72,4.66,10.21,5.72,45.6,74.24,8.88,0.47,10.89,32.32,5.13,1.12,83.4,0.0,1.65,0.66,0.65,0.71,18.63,-0.839,-0.8068,0.0329,-0.0533,0.2414,7.86,7.71,0.012308,8.93,-7.02,6.5145,3.0876,0.8660254037844386,0.5000000000000001,2018-02-01
Beihai,2018,3,109.12,21.48,21.68,28.42,10.87,7.11,17.1,23.52,101.29,4.32,13.12,5.44,123.7,76.9,12.41,1.32,16.36,33.59,7.6,1.66,59.14,0.0,2.03,0.61,0.6,0.67,21.82,-0.4005,-0.9717,-0.655,-0.5836,0.2664,20.98,-1.58,0.017831,13.24,-9.41,7.7053,4.2503,1.0,6.123233995736766e-17,2018-03-01
Beihai,2018,4,109.12,21.48,24.41,31.5,15.14,5.88,19.41,26.55,101.07,4.39,12.54,5.23,126.7,75.09,14.41,3.2,15.72,35.4,7.47,1.57,72.35,0.0,2.06,0.6,0.59,0.65,23.52,0.2768,-0.4594,0.3976,-0.2129,0.2551,26.48,-6.22,0.022134,15.33,-6.43,10.0217,6.2506,0.8660254037844387,-0.4999999999999998,2018-04-01
Beihai,2018,5,109.12,21.48,28.87,33.56,24.59,4.01,24.69,30.14,100.68,4.26,8.73,5.16,182.5,78.81,19.47,3.67,20.94,37.25,10.08,2.21,65.18,0.0,2.71,0.68,0.67,0.74,26.2,-0.6848,-0.675,-0.893,-0.8015,0.2965,31.2,-13.51,0.034575,19.37,-4.58,12.1116,7.1486,0.49999999999999994,-0.8660254037844387,2018-05-01
Beihai,2018,6,109.12,21.48,29.64,34.54,25.63,3.51,25.62,30.58,100.17,5.08,10.98,6.15,197.4,79.54,20.7,9.67,18.09,38.29,8.9,2.07,86.22,0.0,3.56,0.78,0.76,0.84,25.92,0.1424,-0.2544,0.2151,-0.299,0.4282,33.44,-13.89,0.014864,19.51,-2.67,12.9711,9.3315,1.2246467991473532e-16,-1.0,2018-06-01
Beihai,2018,7,109.12,21.48,28.86,33.87,26.07,3.0,26.18,29.31,99.98,5.92,12.4,7.21,134.2,85.63,21.41,14.29,16.64,37.99,8.27,1.99,90.03,0.0,3.48,0.93,0.89,0.94,26.2,1.2827,0.4228,1.215,0.2926,0.2987,33.67,-16.01,0.027055,19.59,-2.28,13.9367,9.144,-0.4999999999999997,-0.8660254037844388,2018-07-01
Beihai,2018,8,109.12,21.48,28.94,33.12,26.54,2.95,26.01,29.25,99.92,4.49,15.78,5.49,238.3,84.48,21.21,15.31,16.37,37.86,8.08,1.91,93.34,0.0,3.44,0.99,0.97,0.98,24.66,1.0524,1.0851,1.1738,1.0031,0.2968,35.2,-17.0,0.007643,20.02,-2.71,13.9834,9.4903,-0.8660254037844385,-0.5000000000000004,2018-08-01
Beihai,2018,9,109.12,21.48,28.12,32.49,22.22,4.26,24.38,28.94,100.62,4.29,21.95,5.2,82.5,80.57,19.14,7.48,16.63,36.98,8.01,1.79,65.13,0.0,4.67,0.98,0.94,0.96,22.97,-0.0544,1.1465,-0.0726,1.186,0.4406,29.93,-11.61,0.008182,18.3,-3.48,12.2183,7.7801,-1.0,-1.8369701987210297e-16,2018-09-01
Beihai,2018,10,109.12,21.48,24.91,30.13,17.05,6.51,20.45,26.22,101.32,4.78,10.4,5.78,54.1,77.56,15.06,1.99,15.72,35.03,7.48,1.66,54.65,0.0,3.84,0.86,0.83,0.89,20.18,-0.6084,0.0536,-0.4083,0.2528,0.6207,23.2,-2.18,0.015669,15.36,-5.15,8.8752,6.2444,-0.8660254037844386,0.5000000000000001,2018-10-01
Beihai,2018,11,109.12,21.48,23.04,28.71,15.7,6.82,19.25,24.59,101.47,4.47,11.69,5.42,65.7,80.13,14.01,2.03,12.96,34.5,6.18,1.37,63.24,0.0,2.61,0.76,0.74,0.82,17.46,0.2635,-0.4422,0.1809,-0.4746,0.4378,21.0,-2.49,0.016068,14.18,-6.42,8.9483,4.8295,-0.5000000000000004,0.8660254037844384,2018-11-01
Beihai,2018,12,109.12,21.48,17.87,28.21,4.78,6.57,14.42,20.11,101.78,5.87,11.65,6.95,42.1,81.32,10.72,1.26,8.25,33.37,4.06,0.94,81.0,0.0,1.93,0.74,0.72,0.79,15.63,0.6501,-0.3593,0.5634,-0.459,0.3926,16.97,1.28,0.018464,11.79,-6.19,8.426,4.7398,-2.4492935982947064e-16,1.0,2018-12-01
Beihai,2019,1,109.12,21.48,17.22,24.65,5.97,7.5,13.48,18.95,101.89,5.0,11.5,6.01,43.9,79.79,9.77,0.34,9.45,32.87,4.53,1.04,80.32,0.0,1.46,0.67,0.66,0.72,16.35,-0.7698,-0.1089,-3.09,-0.1275,0.3109,10.7,2.58,0.014598,10.42,-7.15,8.0264,3.0394,0.49999999999999994,0.8660254037844387,2019-01-01
Beihai,2019,2,109.12,21.48,21.51,27.6,11.27,6.59,18.26,23.21,101.43,4.17,10.16,5.07,108.2,82.68,13.19,2.06,11.76,34.78,5.62,1.34,74.99,0.0,1.71,0.62,0.62,0.69,18.74,0.7436,-0.059,0.2505,-0.3164,0.2709,14.68,-3.99,0.02649,13.88,-8.24,8.9348,2.7326,0.8660254037844386,0.5000000000000001,2019-02-01
Beihai,2019,3,109.12,21.48,22.61,30.57,14.35,6.09,19.17,24.24,101.17,4.44,11.1,5.37,71.4,81.7,13.96,3.3,11.25,35.61,5.28,1.13,78.41,0.0,2.32,0.68,0.67,0.74,18.88,1.3375,0.511,1.0968,0.2143,0.4056,25.19,-5.24,0.025888,14.6,-6.76,9.7766,5.3898,1.0,6.123233995736766e-17,2019-03-01
Beihai,2019,4,109.12,21.48,26.69,32.25,18.0,5.14,23.41,27.87,100.78,4.15,8.93,5.1,152.4,82.92,18.07,4.03,15.76,36.99,7.41,1.58,70.34,0.0,3.03,0.72,0.7,0.78,22.06,0.78,1.2695,0.2137,0.5309,0.2509,29.75,-12.14,0.034132,18.53,-6.21,11.2433,6.2091,0.8660254037844387,-0.4999999999999998,2019-04-01
Beihai,2019,5,109.12,21.48,27.78,33.23,21.76,4.51,24.28,29.06,100.54,4.51,9.69,5.4,131.9,81.89,19.11,6.47,14.91,37.84,7.17,1.56,75.46,0.0,2.88,0.74,0.72,0.8,23.32,0.435,0.9859,0.4953,0.6374,0.4116,31.18,-12.5,0.027865,18.36,-3.41,12.5804,8.2753,0.49999999999999994,-0.8660254037844387,2019-05-01
Beihai,2019,6,109.12,21.48,29.73,32.63,25.13,2.48,26.94,30.13,100.21,4.79,9.04,5.92,192.1,85.07,22.37,6.12,17.31,38.29,8.51,2.03,89.9,0.0,3.31,0.92,0.88,0.92,26.03,-0.8292,-0.2213,-0.8002,-0.3589,0.6188,32.91,-15.95,0.037613,20.67,-2.44,13.4138,8.7968,1.2246467991473532e-16,-1.0,2019-06-01
Beihai,2019,7,109.12,21.48,29.89,33.09,25.74,2.89,26.69,30.35,100.11,5.22,15.45,6.4,179.3,83.16,22.05,6.48,17.37,38.28,8.55,2.08,89.34,0.0,3.77,0.91,0.87,0.92,26.0,-1.0764,-0.8676,-1.0697,-0.8859,0.3712,33.28,-16.48,0.022075,20.66,-2.38,13.6511,8.7929,-0.4999999999999997,-0.8660254037844388,2019-07-01
Beihai,2019,8,109.12,21.48,29.44,32.93,26.55,3.05,26.58,29.79,100.04,4.6,15.83,5.66,183.9,84.82,21.93,16.87,16.6,38.0,8.1,1.93,82.13,0.0,3.39,0.98,0.95,0.96,24.89,1.5072,-0.2744,1.8278,-0.2792,0.4458,32.99,-15.5,0.006194,20.58,-2.45,13.2676,8.4977,-0.8660254037844385,-0.5000000000000004,2019-08-01
Beihai,2019,9,109.12,21.48,28.4,32.67,21.82,5.38,23.53,29.09,100.76,3.92,13.29,4.72,43.2,76.07,18.36,3.88,19.52,36.39,9.21,2.08,52.56,0.0,4.58,0.94,0.91,0.93,23.2,-1.351,-0.4752,-1.483,-0.5985,0.6092,26.04,-7.3,0.019,18.29,-3.71,10.3971,6.4437,-1.0,-1.8369701987210297e-16,2019-09-01
Beihai,2019,10,109.12,21.48,26.25,31.58,16.91,5.8,21.78,27.67,101.24,4.35,10.02,5.23,71.4,77.3,16.35,2.37,16.01,35.85,7.56,1.58,51.07,0.0,3.58,0.81,0.78,0.86,19.81,-0.4382,-0.2001,-0.5113,-0.1877,0.4987,23.5,-5.08,0.013218,16.07,-5.11,9.7978,5.6415,-0.8660254037844386,0.5000000000000001,2019-10-01
Beihai,2019,11,109.12,21.48,21.94,28.78,13.04,8.29,16.62,23.61,101.5,5.16,11.48,6.25,45.3,73.16,11.89,0.53,14.82,33.29,6.85,1.3,46.88,0.0,2.32,0.7,0.69,0.75,17.28,-0.9151,-1.4907,-1.4662,-1.5176,0.537,12.15,3.8,0.01081,13.05,-4.81,7.4565,3.9005,-0.5000000000000004,0.8660254037844384,2019-11-01
Beihai,2019,12,109.12,21.48,18.54,26.92,8.61,8.55,12.25,20.16,101.8,4.92,12.03,6.03,36.0,69.46,9.29,0.04,13.2,31.47,6.02,1.13,55.42,0.0,1.39,0.61,0.61,0.67,16.15,-1.7402,-1.139,-3.09,-1.2194,0.3792,5.3,6.91,0.010021,10.33,-7.66,6.0322,2.5627,-2.4492935982947064e-16,1.0,2019-12-01
Beihai,2020,1,109.12,21.48,19.2,26.47,9.15,7.39,14.35,21.21,101.65,5.16,12.98,6.23,78.1,75.1,10.53,1.63,10.61,33.05,5.03,1.01,73.1,0.0,0.92,0.57,0.57,0.6,16.42,0.4088,-0.6916,0.2907,-2.069,0.3184,12.25,2.39,0.015696,10.82,-8.51,7.3769,2.9873,0.49999999999999994,0.8660254037844387,2020-01-01
Beihai,2020,2,109.12,21.48,19.29,26.98,8.85,7.14,15.37,20.65,101.78,4.86,14.11,6.08,87.1,79.39,11.11,3.2,11.88,33.61,5.59,1.18,75.63,0.0,1.99,0.67,0.66,0.74,18.33,1.4433,0.5263,1.1382,0.2737,0.315,18.15,2.01,0.017466,11.42,-7.54,7.7058,4.1668,0.8660254037844386,0.5000000000000001,2020-02-01
Beihai,2020,3,109.12,21.48,23.15,29.46,15.64,5.96,19.69,24.35,101.13,4.99,11.29,6.1,98.3,81.78,14.37,2.08,11.24,36.16,5.3,1.05,79.37,0.0,2.32,0.69,0.68,0.74,19.0,0.3946,0.9772,-0.3934,0.6012,0.2709,27.33,-7.2,0.028298,14.96,-6.78,10.4256,5.9063,1.0,6.123233995736766e-17,2020-03-01
Beihai,2020,4,109.12,21.48,23.09,30.63,15.21,5.95,18.86,24.68,101.32,4.75,11.65,5.75,69.1,78.41,13.81,4.78,12.47,35.74,5.97,1.25,86.87,0.0,2.77,0.73,0.71,0.79,22.05,1.1793,1.4809,1.4137,1.4669,0.3778,24.73,-4.9,0.019285,14.02,-7.41,9.5962,5.7922,0.8660254037844387,-0.4999999999999998,2020-04-01
Beihai,2020,5,109.12,21.48,28.61,32.71,23.6,4.34,24.75,29.82,100.52,4.06,9.81,4.93,197.1,80.34,19.61,1.87,20.46,37.54,9.79,2.18,69.28,0.0,2.77,0.7,0.69,0.75,25.58,-1.7865,-0.5032,-3.09,-0.5411,0.1883,32.54,-16.35,0.035076,20.24,-3.74,13.2292,7.6826,0.49999999999999994,-0.8660254037844387,2020-05-01
Beihai,2020,6,109.12,21.48,30.57,34.37,27.73,3.31,26.2,31.44,100.32,5.73,11.34,7.0,189.1,78.02,21.38,4.78,19.88,38.24,9.66,2.3,82.5,0.0,2.94,0.7,0.68,0.76,26.46,-1.2993,-1.373,-3.09,-1.6394,0.2482,33.15,-15.71,0.035656,20.58,-3.02,13.1267,8.5467,1.2246467991473532e-16,-1.0,2020-06-01
Beihai,2020,7,109.12,21.48,30.44,33.86,27.95,3.0,26.39,31.06,100.35,4.7,10.11,5.77,185.9,79.29,21.6,7.15,21.03,38.16,10.18,2.51,79.31,0.0,3.82,0.85,0.81,0.89,26.62,-0.8149,-1.8804,-0.96,-2.0649,0.3594,30.68,-14.15,0.036236,20.61,-2.63,12.6462,7.8012,-0.4999999999999997,-0.8660254037844388,2020-07-01
Beihai,2020,8,109.12,21.48,29.29,32.6,26.82,2.7,26.0,29.84,100.29,4.27,14.43,5.24,157.2,82.74,21.12,12.2,16.79,37.85,8.25,2.06,82.53,0.0,3.46,0.96,0.92,0.95,25.39,0.0455,-1.1504,-0.2007,-1.5373,0.4143,31.99,-13.89,0.017594,19.56,-3.07,12.7912,8.3148,-0.8660254037844385,-0.5000000000000004,2020-08-01
Beihai,2020,9,109.12,21.48,29.06,33.01,23.75,3.59,25.76,29.84,100.61,3.49,12.74,4.25,127.8,82.69,20.75,12.33,16.77,37.89,8.19,1.94,80.15,0.0,4.07,0.98,0.95,0.96,23.01,1.1362,0.2616,1.1015,0.0033,0.2726,32.58,-13.85,0.015484,19.13,-3.25,12.8784,8.5849,-1.0,-1.8369701987210297e-16,2020-09-01
Beihai,2020,10,109.12,21.48,24.06,30.49,17.22,5.97,20.86,25.12,101.1,4.465,13.34,5.45,42.8,82.79,15.58,12.38,15.02,35.49,7.21,1.6,76.12,0.0,4.25,0.97,0.94,0.95,20.02,1.7522,1.7334,1.6957,1.5602,0.5048,23.92,-4.62,0.030968,15.35,-3.6,10.5194,7.1394,-0.8660254037844386,0.5000000000000001,2020-10-01
Beihai,2020,11,109.12,21.48,22.0,28.12,12.37,7.02,18.14,23.09,101.56,5.44,10.97,6.65,42.9,79.81,13.13,0.38,14.26,33.92,6.71,1.32,54.45,0.0,3.03,0.84,0.81,0.87,17.41,-1.147,1.5236,-3.09,1.5356,0.4876,17.52,1.8,0.017198,13.7,-4.98,7.959,5.3649,-0.5000000000000004,0.8660254037844384,2020-11-01
Beihai,2020,12,109.12,21.48,16.05,25.1,6.56,7.85,11.13,18.15,101.86,6.4,13.47,7.61,29.6,73.99,8.5,0.21,10.55,31.63,4.91,0.95,72.53,0.0,1.8,0.72,0.7,0.77,15.28,-0.8423,1.1984,-0.1205,1.2563,0.4288,4.04,8.9,0.011935,8.86,-5.44,6.7021,3.0047,-2.4492935982947064e-16,1.0,2020-12-01
Beihai,2021,1,109.12,21.48,15.5,23.92,5.85,7.94,9.13,17.03,101.85,4.79,12.33,5.92,43.6,67.95,7.54,0.25,11.62,30.5,5.27,0.99,57.42,0.0,1.43,0.64,0.63,0.69,16.16,-0.949,-1.6334,-0.4999,-3.09,0.5032,0.12,14.43,0.010133,7.45,-4.32,5.389,2.8912,0.49999999999999994,0.8660254037844387,2021-01-01
Beihai,2021,2,109.12,21.48,20.01,25.99,12.63,7.33,15.74,21.52,101.47,3.96,13.9,4.9,95.8,77.76,11.14,3.61,14.87,31.79,6.82,1.27,44.22,0.0,1.92,0.65,0.64,0.71,18.98,1.5828,0.0778,1.1978,0.3326,0.4412,15.7,2.37,0.012097,11.35,-7.39,7.6459,3.7512,0.8660254037844386,0.5000000000000001,2021-02-01
Beihai,2021,3,109.12,21.48,22.92,29.61,14.18,5.84,19.07,24.53,101.21,4.88,12.23,6.02,120.9,79.85,13.92,1.24,12.12,35.74,5.67,1.17,76.84,0.0,1.99,0.63,0.63,0.69,19.26,-0.501,0.1853,-1.3379,0.1415,0.3544,24.72,-5.36,0.024918,14.55,-6.35,10.0117,5.4159,1.0,6.123233995736766e-17,2021-03-01
Beihai,2021,4,109.12,21.48,26.28,31.44,19.62,5.77,21.88,28.16,100.99,4.72,9.55,5.59,125.0,77.57,16.41,3.14,13.95,37.1,6.67,1.37,82.76,0.0,2.14,0.6,0.59,0.66,22.23,0.2373,0.7237,-0.2329,0.0791,0.3353,28.78,-9.63,0.023794,16.18,-5.41,11.4895,6.6768,0.8660254037844387,-0.4999999999999998,2021-04-01
Beihai,2021,5,109.12,21.48,29.14,34.43,24.8,3.41,25.6,29.96,100.57,4.49,8.29,5.45,177.1,81.73,20.6,5.82,20.08,37.6,9.72,2.24,71.43,0.0,3.1,0.76,0.74,0.82,26.23,0.2098,-0.0073,0.0346,-0.6051,0.4106,31.3,-13.84,0.039773,19.88,-3.69,12.3943,7.7536,0.49999999999999994,-0.8660254037844387,2021-05-01
Beihai,2021,6,109.12,21.48,29.8,33.67,23.99,3.46,25.94,30.49,100.23,5.62,11.79,6.88,183.4,80.34,21.16,6.42,18.95,38.14,9.24,2.16,86.22,0.0,3.66,0.79,0.77,0.85,26.18,-0.734,-0.4678,-0.6981,-0.7933,0.5036,31.7,-14.59,0.02635,20.19,-2.35,13.1035,8.4244,1.2246467991473532e-16,-1.0,2021-06-01
Beihai,2021,7,109.12,21.48,30.22,34.16,27.55,3.57,26.1,31.09,100.18,4.35,10.89,5.33,182.5,79.17,21.29,7.07,19.65,38.17,9.54,2.26,78.23,0.0,3.72,0.81,0.79,0.86,26.13,-0.8452,-0.8277,-0.9291,-1.0341,0.2966,31.69,-14.89,0.015301,20.49,-2.59,13.0094,8.0991,-0.4999999999999997,-0.8660254037844388,2021-07-01
Beihai,2021,8,109.12,21.48,29.54,32.82,26.69,2.97,26.5,30.13,100.37,4.2,7.65,5.22,170.4,83.95,21.75,11.13,17.51,37.95,8.61,2.11,82.21,0.0,4.0,0.97,0.94,0.96,25.39,-0.3403,-1.0734,-0.6238,-1.2771,0.3979,33.74,-15.68,0.017032,20.39,-2.93,13.2263,8.7968,-0.8660254037844385,-0.5000000000000004,2021-08-01
Beihai,2021,9,109.12,21.48,29.1,32.91,25.83,3.63,25.29,29.86,100.72,3.09,6.89,3.79,112.9,80.4,20.16,6.19,18.7,37.41,9.08,2.07,66.92,0.0,3.33,0.95,0.91,0.94,23.72,-0.4559,-1.0358,-0.7134,-1.2605,0.3178,31.55,-13.92,0.013387,19.58,-3.99,12.4294,7.5016,-1.0,-1.8369701987210297e-16,2021-09-01
Beihai,2021,10,109.12,21.48,24.66,32.7,16.54,6.22,21.25,25.87,101.05,4.305,20.51,5.285,45.0,81.9,16.0,5.61,14.13,35.67,6.89,1.52,69.22,0.0,4.17,0.94,0.9,0.93,20.27,0.5486,-0.2448,0.6218,-0.1923,0.5038,27.54,-5.84,0.028248,15.67,-4.2,10.6453,8.041,-0.8660254037844386,0.5000000000000001,2021-10-01
Beihai,2021,11,109.12,21.48,21.03,29.0,12.28,7.25,16.05,22.34,101.51,5.52,13.31,6.78,39.8,74.52,11.75,0.43,14.49,33.03,6.87,1.36,54.03,0.0,3.08,0.81,0.79,0.85,17.88,-1.063,-0.2863,-0.7493,-0.2966,0.5414,20.42,2.02,0.016483,12.76,-5.58,7.9898,6.1071,-0.5000000000000004,0.8660254037844384,2021-11-01
Beihai,2021,12,109.12,21.48,17.64,25.44,7.77,8.39,11.86,19.14,101.9,5.09,11.75,6.13,34.1,70.75,8.8,0.5,12.61,30.77,5.78,1.05,53.53,0.0,1.73,0.69,0.68,0.74,15.91,-0.2171,-0.0181,-0.1246,0.0288,0.4376,6.83,9.34,0.012535,9.73,-5.55,6.1318,3.3619,-2.4492935982947064e-16,1.0,2021-12-01
Beihai,2022,1,109.12,21.48,18.04,24.9,8.94,7.18,14.3,19.57,101.62,4.63,11.38,5.64,56.5,79.85,10.25,1.28,8.57,33.11,4.16,0.88,80.5,0.0,1.41,0.64,0.63,0.7,16.28,0.1896,-0.6849,0.2332,-0.5678,0.3676,17.36,1.85,0.016977,9.58,-9.38,7.7313,3.7917,0.49999999999999994,0.8660254037844387,2022-01-01
Beihai,2022,2,109.12,21.48,15.32,24.43,6.63,7.31,12.0,17.55,101.72,6.07,12.22,7.13,38.7,81.46,8.94,6.41,8.42,32.35,4.13,0.98,87.3,0.0,1.91,0.74,0.71,0.8,19.25,2.6511,1.6154,2.2439,1.3079,0.2782,14.16,5.2,0.020516,8.88,-8.13,7.1237,4.1823,0.8660254037844386,0.5000000000000001,2022-02-01
Beihai,2022,3,109.12,21.48,22.32,29.56,13.73,6.42,19.1,23.32,101.08,4.39,10.93,5.65,118.9,82.8,13.92,2.07,13.74,34.86,6.57,1.47,72.81,0.0,3.03,0.76,0.74,0.81,21.39,0.3855,1.7771,-0.0442,1.4475,0.3734,23.9,-6.43,0.023211,15.12,-6.38,10.2107,5.2922,1.0,6.123233995736766e-17,2022-03-01
Beihai,2022,4,109.12,21.48,23.98,30.58,14.22,6.47,19.76,25.47,101.08,4.64,11.97,5.69,93.7,78.53,14.65,3.34,17.23,34.58,8.06,1.68,55.83,0.0,3.27,0.73,0.71,0.79,23.62,0.3673,1.9128,0.5804,2.0967,0.4213,25.3,-4.52,0.016661,15.23,-5.56,9.7169,6.3583,0.8660254037844387,-0.4999999999999998,2022-04-01
Beihai,2022,5,109.12,21.48,25.99,30.36,17.58,4.95,22.75,27.18,100.66,4.71,12.29,5.7,110.5,82.98,17.54,9.72,15.42,36.57,7.59,1.73,87.17,0.0,3.87,0.83,0.8,0.88,25.32,1.3817,1.317,1.4004,1.3836,0.252,31.39,-9.95,0.021984,16.59,-4.25,11.9257,8.8307,0.49999999999999994,-0.8660254037844387,2022-05-01
Beihai,2022,6,109.12,21.48,28.74,32.21,25.79,2.44,26.33,28.97,100.26,5.26,9.51,6.53,188.5,86.9,21.54,10.73,15.28,37.84,7.56,1.72,89.32,0.0,3.26,0.97,0.94,0.96,25.52,0.3844,1.0022,0.527,1.1334,0.2222,34.7,-16.47,0.04053,19.9,-3.4,13.5463,8.9792,1.2246467991473532e-16,-1.0,2022-06-01
Beihai,2022,7,109.12,21.48,29.52,32.8,26.86,3.15,26.33,30.1,100.27,4.77,16.59,5.83,170.5,83.24,21.54,9.16,19.74,37.79,9.61,2.33,64.67,0.0,4.12,0.96,0.92,0.95,26.64,-0.1193,0.6808,-0.0711,0.7519,0.2881,30.59,-13.93,0.020576,20.54,-2.99,12.4466,7.7666,-0.4999999999999997,-0.8660254037844388,2022-07-01
Beihai,2022,8,109.12,21.48,29.32,32.83,26.4,3.23,25.88,30.09,100.33,4.3,18.23,5.22,148.0,82.08,20.95,13.29,17.0,38.0,8.41,2.13,78.71,0.0,4.11,0.97,0.93,0.96,25.77,0.4159,0.256,0.1912,0.3384,0.5903,32.76,-14.25,0.020008,19.64,-3.02,12.9241,8.7509,-0.8660254037844385,-0.5000000000000004,2022-08-01
Beihai,2022,9,109.12,21.48,29.04,33.16,24.63,4.95,24.52,29.92,100.66,4.15,9.81,5.03,59.1,77.4,19.27,6.96,18.46,37.34,8.81,1.98,59.94,0.0,4.6,0.92,0.88,0.92,22.88,-0.2101,-0.0994,-0.4264,-0.2433,0.5107,30.66,-9.67,0.018048,19.11,-3.56,11.0872,8.0828,-1.0,-1.8369701987210297e-16,2022-09-01
Beihai,2022,10,109.12,21.48,24.42,31.05,16.55,6.7,19.72,25.41,101.26,5.74,11.72,7.05,43.5,76.17,14.57,2.12,18.12,34.05,8.57,1.87,46.85,0.0,4.11,0.89,0.86,0.9,20.92,-0.5478,-0.3447,-0.2751,-0.2485,0.4416,20.37,1.03,0.021324,15.62,-4.19,7.8543,6.5966,-0.8660254037844386,0.5000000000000001,2022-10-01
Beihai,2022,11,109.12,21.48,23.76,28.74,14.77,5.79,20.72,24.85,101.22,4.65,12.0,5.71,67.9,83.86,15.32,2.52,11.98,35.04,5.82,1.27,66.81,0.0,2.53,0.77,0.75,0.83,17.46,0.5029,-0.4227,0.3059,-0.5654,0.465,26.47,-7.25,0.020138,15.31,-4.89,11.0841,6.594,-0.5000000000000004,0.8660254037844384,2022-11-01
Beihai,2022,12,109.12,21.48,15.22,22.11,7.85,8.2,9.41,17.44,101.89,6.34,14.13,7.58,30.9,70.34,7.44,0.21,12.1,29.65,5.57,1.1,55.95,0.0,1.92,0.73,0.71,0.78,16.16,-0.8423,-0.4886,0.0478,-0.4642,0.4832,7.43,12.27,0.01257,8.41,-5.71,5.3419,4.0764,-2.4492935982947064e-16,1.0,2022-12-01
Beihai,2023,1,109.12,21.48,15.75,24.43,6.98,7.31,11.35,16.98,101.83,5.66,14.38,6.93,33.7,76.57,8.66,3.09,9.69,31.16,4.58,0.99,74.01,0.0,1.88,0.74,0.72,0.8,16.78,1.0842,0.5504,1.1041,0.5966,0.2984,4.57,10.1,0.013019,8.3,-4.89,6.6475,3.4384,0.49999999999999994,0.8660254037844387,2023-01-01
Beihai,2023,2,109.12,21.48,19.41,27.98,10.98,7.11,15.57,20.33,101.58,5.03,11.74,6.47,86.9,79.69,11.18,1.06,11.91,32.93,5.63,1.23,69.06,0.0,2.14,0.72,0.7,0.77,18.8,-0.0583,0.3413,-0.0606,0.5836,0.3508,16.29,1.43,0.016634,11.58,-7.01,8.1076,3.9931,0.8660254037844386,0.5000000000000001,2023-02-01
Beihai,2023,3,109.12,21.48,22.16,30.12,15.49,6.35,18.19,23.66,101.34,4.31,10.85,5.29,103.0,79.44,13.13,2.19,14.06,34.08,6.53,1.36,64.17,0.0,1.85,0.64,0.63,0.7,19.67,0.4925,0.8036,0.1494,0.7792,0.4354,24.5,-4.88,0.016977,13.58,-8.75,9.2088,4.9946,1.0,6.123233995736766e-17,2023-03-01
Beihai,2023,4,109.12,21.48,25.31,30.99,17.63,6.08,21.49,26.54,100.8,4.85,10.47,6.02,119.6,80.33,16.17,2.07,13.57,36.58,6.37,1.2,74.49,0.0,2.34,0.66,0.65,0.71,20.56,-0.5746,-0.3042,-0.7026,-0.7322,0.5334,27.5,-10.02,0.028133,17.03,-5.28,11.36,6.2923,0.8660254037844387,-0.4999999999999998,2023-04-01
Beihai,2023,5,109.12,21.48,28.37,34.57,21.73,5.54,24.3,29.9,100.59,4.97,10.21,5.95,141.6,79.52,19.09,3.93,18.8,37.4,9.03,2.01,61.78,0.0,3.25,0.7,0.68,0.75,25.24,-0.5602,-0.6619,-0.5412,-0.8944,0.4949,30.78,-13.26,0.029608,19.25,-3.5,12.4925,7.7096,0.49999999999999994,-0.8660254037844387,2023-05-01
Beihai,2023,6,109.12,21.48,29.46,34.02,26.87,3.03,26.35,30.16,100.3,4.14,7.96,5.07,161.9,83.76,21.57,7.5600000000000005,16.84,38.16,8.32,1.99,79.85,0.0,3.31,0.9,0.87,0.91,26.19,2.3332,1.5899,1.8614,1.3027,0.5147,33.34,-15.23,0.0242,20.07,-2.69,13.2722,8.9676,1.2246467991473532e-16,-1.0,2023-06-01
Beihai,2023,7,109.12,21.48,30.36,34.27,27.03,3.31,26.61,30.92,100.25,4.97,9.09,6.07,177.9,80.75,21.91,11.19,20.3,38.39,9.92,2.42,69.14,0.0,4.84,0.95,0.92,0.94,26.54,0.4856,1.5541,0.3067,1.2768,0.3582,31.42,-15.1,0.021809,20.6,-2.41,13.1177,8.2333,-0.4999999999999997,-0.8660254037844388,2023-07-01
Beihai,2023,8,109.12,21.48,29.33,31.91,24.74,3.01,26.31,29.83,100.18,4.39,10.22,5.4,193.4,83.94,21.53,14.34,14.08,38.34,7.05,1.74,90.57,0.0,4.4,0.99,0.97,0.97,25.2,0.7541,2.0447,0.6138,1.5956,0.5397,34.83,-16.77,0.012723,19.62,-2.03,14.3235,10.0854,-0.8660254037844385,-0.5000000000000004,2023-08-01
Beihai,2023,9,109.12,21.48,28.6,33.07,24.23,4.18,25.7,29.29,100.52,4.75,13.96,5.76,95.2,84.7,20.69,16.05,15.68,37.8,7.72,1.8,73.98,0.0,4.44,0.98,0.95,0.97,23.46,1.8539,1.762,1.9868,1.576,0.5971,33.19,-14.7,0.020535,18.93,-2.88,13.4428,9.001,-1.0,-1.8369701987210297e-16,2023-09-01
Beihai,2023,10,109.12,21.48,25.79,32.5,19.25,5.26,22.52,26.92,101.19,5.18,15.92,6.24,46.0,82.74,17.07,14.88,14.73,36.07,7.11,1.57,65.87,0.0,4.07,0.95,0.92,0.94,20.21,2.0874,2.6887,1.8995,2.1878,0.4295,27.5,-7.74,0.022198,16.21,-3.82,11.3576,7.471,-0.8660254037844386,0.5000000000000001,2023-10-01
Beihai,2023,11,109.12,21.48,22.48,29.51,12.74,6.68,18.76,23.68,101.6,4.7,13.32,5.73,57.1,80.43,13.76,1.29,14.52,33.3,6.82,1.33,45.79,0.0,3.31,0.91,0.87,0.91,17.64,-0.1871,2.2654,-0.2162,2.2564,0.2619,16.86,0.3,0.016034,13.88,-5.31,8.3773,4.6218,-0.5000000000000004,0.8660254037844384,2023-11-01
Beihai,2023,12,109.12,21.48,17.9,27.53,5.83,7.19,13.84,19.79,101.88,5.53,13.74,6.64,38.5,78.44,10.37,0.84,10.61,32.3,5.07,0.97,72.02,0.0,2.31,0.79,0.76,0.84,15.96,0.2378,1.7642,0.2108,1.6709,0.612,19.68,0.73,0.017413,11.15,-6.33,8.8559,5.1599,-2.4492935982947064e-16,1.0,2023-12-01
Beihai,2024,1,109.12,21.48,17.5,24.62,4.35,6.61,14.28,19.29,101.87,5.14,12.63,6.28,64.4,82.33,10.44,1.4,9.28,32.42,4.47,0.89,73.31,0.0,1.74,0.72,0.7,0.78,16.49,0.2689,-0.1365,0.3801,-0.1078,0.4889,20.94,2.11,0.01816,9.88,-8.66,7.7998,4.8001,0.49999999999999994,0.8660254037844387,2024-01-01
Beihai,2024,2,109.12,21.48,18.46,28.25,7.58,7.42,14.86,20.24,101.64,5.21,11.45,6.38,56.6,80.71,10.82,0.5,10.0,33.3,4.82,1.06,75.67,0.0,1.84,0.68,0.67,0.73,18.79,-0.7551,-0.4993,-0.4708,-0.3982,0.224,18.63,-0.1,0.022735,12.72,-6.76,8.3986,4.3206,0.8660254037844386,0.5000000000000001,2024-02-01
Beihai,2024,3,109.12,21.48,21.69,30.78,9.65,6.18,18.02,22.98,101.29,4.86,12.09,6.07,95.4,80.59,13.18,2.21,11.14,34.94,5.36,1.11,82.28,0.0,2.01,0.66,0.65,0.72,20.46,0.5099,-0.1376,0.3396,-0.0005,0.4042,23.73,-3.43,0.026082,14.62,-5.38,9.5877,5.8309,1.0,6.123233995736766e-17,2024-03-01
Beihai,2024,4,109.12,21.48,27.37,33.48,21.83,5.38,23.82,28.53,100.56,4.38,10.37,5.48,164.4,81.78,18.52,3.28,15.87,37.02,7.41,1.36,62.49,0.0,2.52,0.65,0.64,0.71,21.27,0.3288,0.0258,-0.6097,-0.7615,0.2642,32.65,-14.49,0.043737,20.16,-5.48,11.8346,7.4027,0.8660254037844387,-0.4999999999999998,2024-04-01
Beihai,2024,5,109.12,21.48,27.6,32.04,21.88,4.52,24.55,28.42,100.66,4.61,11.23,5.56,103.2,83.93,19.35,17.03,14.15,37.58,6.99,1.52,87.12,0.0,4.18,0.88,0.85,0.91,24.39,2.94,2.8533,2.3348,2.1652,0.1104,32.88,-13.47,0.026277,17.83,-4.08,12.914,8.593,0.49999999999999994,-0.8660254037844387,2024-05-01
Beihai,2024,6,109.12,21.48,29.27,32.64,25.06,2.78,26.71,29.66,100.35,5.06,10.53,6.23,168.9,86.22,22.03,12.97,16.57,38.27,8.25,1.98,92.33,0.0,4.09,0.98,0.96,0.97,26.06,0.8479,2.3056,0.8212,1.808,0.1872,33.21,-15.67,0.038013,20.01,-2.24,13.6468,9.0765,1.2246467991473532e-16,-1.0,2024-06-01
Beihai,2024,7,109.12,21.48,29.67,32.75,27.39,3.08,26.74,30.23,100.21,5.77,13.69,7.07,149.8,84.51,22.08,11.39,17.83,38.28,8.84,2.17,81.72,0.0,4.24,0.95,0.91,0.94,26.41,0.5411,2.0358,0.4797,1.8425,0.3344,30.08,-13.12,0.031188,20.07,-2.24,12.6108,8.0277,-0.4999999999999997,-0.8660254037844388,2024-07-01
Beihai,2024,8,109.12,21.48,29.83,33.23,27.26,2.91,26.45,30.27,100.4,3.86,11.11,4.76,197.6,82.27,21.67,10.4,17.63,38.16,8.65,2.1,75.42,0.0,4.08,0.98,0.95,0.96,25.3,-0.618,0.469,-0.9139,0.4227,0.4042,31.16,-14.04,0.021273,20.5,-2.82,12.576,7.9301,-0.8660254037844385,-0.5000000000000004,2024-08-01
Beihai,2024,9,109.12,21.48,28.76,33.11,22.74,4.26,25.26,29.47,100.36,4.39,11.79,5.3,56.7,81.79,20.25,12.18,16.75,37.71,8.22,1.95,74.08,0.0,4.45,0.98,0.96,0.96,23.39,1.1045,0.6387,1.1103,0.4413,0.5097,30.52,-12.78,0.023018,19.53,-2.55,12.5669,7.9848,-1.0,-1.8369701987210297e-16,2024-09-01
Beihai,2024,10,109.12,21.48,25.27,31.05,17.61,6.9,20.78,26.46,101.1,5.91,12.47,7.16,35.8,77.15,15.46,2.37,17.21,34.84,8.17,1.71,51.52,0.0,4.03,0.85,0.82,0.88,20.69,-0.4382,0.0566,-0.3176,0.0834,0.5689,23.45,-4.68,0.02395,16.01,-3.93,10.1427,6.6739,-0.8660254037844386,0.5000000000000001,2024-10-01
Beihai,2024,11,109.12,21.48,22.28,29.43,13.69,7.33,17.43,23.46,101.48,5.17,10.59,6.34,30.3,75.33,12.65,2.02,14.98,33.19,7.01,1.34,48.39,0.0,2.94,0.8,0.78,0.85,17.69,0.2583,0.398,0.3205,0.3101,0.5204,22.38,-3.15,0.021858,13.64,-5.43,9.8471,5.5117,-0.5000000000000004,0.8660254037844384,2024-11-01
Beihai,2024,12,109.12,21.48,17.33,25.88,9.39,8.32,11.07,18.95,101.82,5.65,11.13,6.84,36.6,68.39,8.42,0.03,12.23,30.72,5.6,0.99,57.13,0.0,1.8,0.69,0.68,0.74,15.67,-1.8699,-0.6165,-1.8816,-0.6255,0.3155,3.49,11.55,0.0116,9.02,-4.28,6.0104,3.3944,-2.4492935982947064e-16,1.0,2024-12-01
Beihai,2025,1,109.12,21.48,16.67,23.8,7.91,8.78,9.92,17.89,101.82,4.79,14.89,5.99,49.3,70.53999999999999,7.84,0.21,13.39,29.21,5.96,1.04,39.26,0.0,1.34,0.61,0.6,0.67,16.64,-1.0453,-0.6855,-3.09,-0.5996,0.3155,3.49,11.55,0.0116,9.02,-4.28,6.0104,3.3944,0.49999999999999994,0.8660254037844387,2025-01-01
Beihai,2025,2,109.12,21.48,18.42,25.85,10.14,7.49,13.11,20.43,101.76,4.82,11.1,5.72,58.9,72.69,9.55,0.54,9.23,33.45,4.51,1.02,87.97,0.0,0.87,0.56,0.56,0.57,18.65,-0.7182,-2.3883,-0.3571,-3.09,0.3155,3.49,11.55,0.0116,9.02,-4.28,6.0104,3.3944,0.8660254037844386,0.5000000000000001,2025-02-01
Beihai,2025,3,109.12,21.48,20.6,29.8,11.28,7.48,15.22,22.99,101.39,5.12,13.39,6.11,46.5,73.19,11.13,1.76,13.67,33.59,6.38,1.29,68.55,0.0,1.55,0.57,0.57,0.63,20.87,0.0886,-1.1021,0.2421,-1.1728,0.3155,3.49,11.55,0.0116,9.02,-4.28,6.0104,3.3944,1.0,6.123233995736766e-17,2025-03-01
Beihai,2025,4,109.12,21.48,25.14,32.64,13.31,6.69,19.36,27.19,100.97,4.11,14.01,4.99,167.0,72.36,14.41,1.33,16.65,35.52,7.84,1.59,73.01,0.0,1.28,0.56,0.56,0.57,23.09,-1.3288,-1.2024,-1.4297,-1.3041,0.3155,3.49,11.55,0.0116,9.02,-4.28,6.0104,3.3944,0.8660254037844387,-0.4999999999999998,2025-04-01
Beihai,2025,5,109.12,21.48,27.89,32.3,19.81,5.24,23.65,29.61,100.69,3.99,15.03,4.76,135.9,78.75,18.43,6.87,17.37,37.2,8.5,1.89,83.83,0.0,3.16,0.67,0.66,0.75,25.85,0.5662,-0.0637,0.5811,0.0437,0.3155,3.49,11.55,0.0116,9.02,-4.28,6.0104,3.3944,0.49999999999999994,-0.8660254037844387,2025-05-01
Beihai,2025,6,109.12,21.48,29.24,33.07,25.02,3.56,26.0,30.06,100.28,5.1,15.34,6.14,149.1,83.12,21.13,13.54,16.87,38.14,8.37,1.99,86.94,0.0,3.74,0.83,0.8,0.87,26.34,0.9574,0.6705,0.9059,0.6277,0.3155,3.49,11.55,0.0116,9.02,-4.28,6.0104,3.3944,1.2246467991473532e-16,-1.0,2025-06-01
Beihai,2025,7,109.12,21.48,29.56,33.33,26.86,3.08,26.35,30.09,99.91,4.09,16.23,4.99,195.5,83.2,21.66,13.36,16.86,38.3,8.35,2.0,84.68,0.0,3.8,0.97,0.94,0.96,26.03,1.0566,1.1862,0.9325,1.045,0.3155,3.49,11.55,0.0116,9.02,-4.28,6.0104,3.3944,-0.4999999999999997,-0.8660254037844388,2025-07-01
Beihai,2025,8,109.12,21.48,28.88,32.31,26.07,3.02,26.04,29.37,100.43,5.0,11.94,6.13,132.7,84.84,21.15,17.17,16.06,37.83,7.94,1.94,83.04,0.0,3.8,1.0,0.97,0.98,25.35,1.5915,1.662,2.2452,1.4088,0.3155,3.49,11.55,0.0116,9.02,-4.28,6.0104,3.3944,-0.8660254037844385,-0.5000000000000004,2025-08-01
Beihai,2025,9,109.12,21.48,28.53,31.95,23.43,3.92,25.29,29.24,100.61,4.55,19.83,5.57,95.8,82.97,20.17,10.46,17.13,37.51,8.36,1.97,72.66,0.0,4.11,0.98,0.95,0.96,23.58,0.7216,1.7042,0.7102,1.6509,0.3155,3.49,11.55,0.0116,9.02,-4.28,6.0104,3.3944,-1.0,-1.8369701987210297e-16,2025-09-01
Beihai,2025,10,109.12,21.48,25.56,31.85,15.63,5.39,22.24,26.72,101.13,5.8,19.48,6.96,52.4,82.4,17.01,7.88,15.48,35.77,7.5,1.6,60.46,0.0,4.11,0.95,0.92,0.94,20.55,1.0229,1.5653,0.9654,1.4292,0.3155,3.49,11.55,0.0116,9.02,-4.28,6.0104,3.3944,-0.8660254037844386,0.5000000000000001,2025-10-01
Beihai,2025,11,109.12,21.48,20.01,28.32,9.52,7.2,15.38,21.35,101.6,6.21,13.19,7.58,28.4,76.12,11.3,1.12,13.17,32.15,6.26,1.33,64.72,0.0,2.91,0.84,0.81,0.87,18.07,-0.3152,0.8252,0.1982,0.8391,0.3155,3.49,11.55,0.0116,9.02,-4.28,6.0104,3.3944,-0.5000000000000004,0.8660254037844384,2025-11-01
Beihai,2025,12,109.12,21.48,19.25,25.68,10.92,7.19,15.08,20.46,101.63,4.4,13.09,5.46,50.0,77.87,10.8,0.98,11.54,32.16,5.38,1.0,59.61,0.0,1.98,0.74,0.72,0.79,15.55,0.388,0.6944,0.0356,0.6158,0.3155,3.49,11.55,0.0116,9.02,-4.28,6.0104,3.3944,-2.4492935982947064e-16,1.0,2025-12-01
Fangchenggang,2005,1,108.35,21.69,15.04,22.78,5.79,6.34,10.57,16.63,101.16,5.2,11.03,6.26,36.9,76.26,8.3,0.36,7.52,31.17,3.6,0.68,68.85,0.36,1.01,0.52,0.54,0.5,15.18,-0.6094,-1.0944,-0.6174,-0.6175,0.0804,7.9,7.47,0.014854,8.85,-7.47,6.452,3.302,0.49999999999999994,0.8660254037844387,2005-01-01
Fangchenggang,2005,2,108.35,21.69,17.03,25.34,6.46,6.34,13.25,18.36,100.9,5.07,14.1,6.13,39.5,79.8,9.96,0.79,8.9,32.87,4.33,0.9,64.5,0.31,1.11,0.51,0.53,0.48,17.75,-0.3149,-1.0944,-0.0375,-0.6175,0.2214,18.97,-3.44,0.023131,13.37,-9.11,8.548,3.561,0.8660254037844386,0.5000000000000001,2005-02-01
Fangchenggang,2005,3,108.35,21.69,18.22,26.75,8.72,5.61,14.43,18.75,100.98,4.35,14.64,5.57,64.3,79.86,10.61,0.96,10.73,33.1,5.12,1.02,71.44,0.21,1.13,0.51,0.52,0.46,20.08,-0.6166,-1.0944,-0.1025,-0.6175,0.3954,22.57,-2.51,0.019907,12.63,-8.78,8.594,4.792,1.0,6.123233995736766e-17,2005-03-01
Fangchenggang,2005,4,108.35,21.69,23.32,31.01,17.03,5.17,19.67,23.7,100.49,3.82,12.76,5.02,160.6,80.9,14.55,1.1,14.07,35.55,6.66,1.36,70.38,0.19,1.28,0.5,0.51,0.44,22.1,-1.1401,-1.1758,-1.0086,-0.7871,0.2102,27.71,-8.32,0.022423,17.18,-6.22,10.229,6.111,0.8660254037844387,-0.4999999999999998,2005-04-01
Fangchenggang,2005,5,108.35,21.69,27.69,31.89,23.51,3.86,24.9,27.98,99.78,4.59,10.67,5.74,182.8,85.39,19.95,4.64,19.05,36.98,9.23,2.05,69.11,1.46,2.43,0.56,0.55,0.56,25.58,0.0917,-0.5183,0.1778,-0.3206,0.1348,32.7,-14.16,0.03059,21.19,-4.48,11.691,7.329,0.49999999999999994,-0.8660254037844387,2005-05-01
Fangchenggang,2005,6,108.35,21.69,28.22,30.47,26.46,1.84,26.61,28.22,99.45,4.72,8.81,5.89,195.2,90.94,22.08,12.18,13.19,37.78,6.67,1.58,93.03,1.61,2.5,0.77,0.75,0.8,25.3,0.9181,0.4036,0.9677,0.5272,0.1422,35.34,-17.22,0.024122,20.7,-2.73,13.79,9.221,1.2246467991473532e-16,-1.0,2005-06-01
Fangchenggang,2005,7,108.35,21.69,28.56,32.6,26.48,2.42,25.78,28.76,99.74,4.19,14.31,5.11,156.2,85.1,20.97,8.31,19.84,37.34,9.62,2.27,61.8,3.89,4.48,0.82,0.83,0.83,26.03,-0.4109,0.1847,-0.2075,0.3436,0.3486,31.31,-14.08,0.019188,20.41,-3.27,12.447,7.463,-0.4999999999999997,-0.8660254037844388,2005-07-01
Fangchenggang,2005,8,108.35,21.69,28.15,30.79,25.72,2.64,25.74,28.47,99.64,3.9,12.15,4.75,129.4,86.91,20.94,6.79,17.42,37.64,8.58,2.03,71.94,3.25,4.28,0.84,0.85,0.85,24.61,-0.7957,-0.241,-0.7334,-0.1207,0.3114,33.5,-15.93,0.008448,20.04,-3.02,13.431,8.36,-0.8660254037844385,-0.5000000000000004,2005-08-01
Fangchenggang,2005,9,108.35,21.69,27.52,32.11,23.7,3.63,24.32,27.82,100.15,5.32,17.66,6.52,51.8,83.08,19.14,4.71,17.49,37.05,8.4,1.84,63.89,4.46,5.0,0.79,0.81,0.81,22.32,-0.6697,-0.9785,-0.6864,-0.852,0.4288,29.89,-10.86,0.018187,18.72,-3.7,11.663,7.179,-1.0,-1.8369701987210297e-16,2005-09-01
Fangchenggang,2005,10,108.35,21.69,24.89,31.12,17.95,4.38,20.48,25.66,100.8,4.75,11.93,5.69,42.4,76.97,15.19,0.21,15.49,35.05,7.15,1.38,44.27,4.59,4.26,0.71,0.73,0.72,18.23,-1.997,-1.2414,0.024349999999999983,-1.0967,0.3924,24.29,-4.66,0.012433,15.59,-4.93,9.892,6.125,-0.8660254037844386,0.5000000000000001,2005-10-01
Fangchenggang,2005,11,108.35,21.69,21.72,27.84,13.86,4.71,17.89,22.97,100.9,5.04,10.84,6.05,46.7,79.67,13.26,2.39,13.95,33.18,6.51,1.29,45.36,2.84,2.86,0.66,0.68,0.67,16.92,0.7504,-1.0073,0.7351,-0.9779,0.336,20.43,-0.57,0.014477,13.31,-5.13,9.034,5.407,-0.5000000000000004,0.8660254037844384,2005-11-01
Fangchenggang,2005,12,108.35,21.69,15.96,24.52,8.33,5.62,10.3,18.0,101.39,6.39,12.69,7.59,34.9,71.17,8.24,0.53,8.43,31.3,3.95,0.76,74.27,1.34,1.94,0.59,0.62,0.59,14.37,-0.0535,-0.9168,0.2014,-0.7569,0.0238,9.76,10.51,0.014811,8.1,-6.27,5.97,4.8,-2.4492935982947064e-16,1.0,2005-12-01
Fangchenggang,2006,1,108.35,21.69,15.92,23.02,6.36,6.2,11.75,17.1,101.07,4.94,13.33,6.06,41.9,77.87,9.12,0.17,10.03,31.08,4.68,0.98,60.15,0.92,1.4,0.56,0.58,0.54,16.18,-0.9926,-0.2344,-1.6374,-0.1585,0.1618,2.53,6.35,0.012561,10.37,-5.84,7.015,2.281,0.49999999999999994,0.8660254037844387,2006-01-01
Fangchenggang,2006,2,108.35,21.69,17.22,25.43,10.02,5.43,13.98,18.28,101.16,5.16,14.73,6.23,40.0,82.0,10.09,1.63,8.62,33.05,4.24,0.97,84.23,0.64,1.29,0.54,0.56,0.51,18.34,0.4209,-0.6549,0.4992,-0.5218,-0.0004,22.51,-1.8,0.02055,11.34,-8.66,8.862,4.656,0.8660254037844386,0.5000000000000001,2006-02-01
Fangchenggang,2006,3,108.35,21.69,19.03,26.1,7.24,5.55,15.82,19.56,100.65,3.97,13.76,5.13,59.4,82.77,11.65,1.47,9.68,34.23,4.7,1.04,85.65,0.87,1.82,0.56,0.57,0.55,19.89,0.1005,-0.4349,0.2742,-0.2187,0.0352,24.89,-6.54,0.023489,14.61,-7.41,10.036,5.161,1.0,6.123233995736766e-17,2006-03-01
Fangchenggang,2006,4,108.35,21.69,23.59,30.95,14.99,4.9,20.3,24.1,100.26,4.61,13.81,6.04,172.9,82.76,15.25,1.33,15.27,35.22,7.33,1.65,67.19,0.96,2.11,0.55,0.56,0.52,23.1,-0.8435,-0.2968,-0.8494,-0.0453,0.2516,29.01,-10.57,0.026983,18.43,-5.69,10.859,6.327,0.8660254037844387,-0.4999999999999998,2006-04-01
Fangchenggang,2006,5,108.35,21.69,26.03,32.26,19.54,4.65,22.16,26.44,100.15,4.49,13.03,5.74,138.8,81.01,17.11,2.79,17.11,36.11,8.35,1.86,71.02,0.93,2.15,0.53,0.54,0.52,25.81,-0.783,-0.9368,-0.2472,-0.5432,0.3499,28.95,-10.13,0.016159,18.55,-4.67,11.046,6.611,0.49999999999999994,-0.8660254037844387,2006-05-01
Fangchenggang,2006,6,108.35,21.69,28.19,31.7,25.08,2.71,25.64,28.53,99.75,3.96,8.51,4.86,180.9,86.37,20.81,5.48,17.4,37.38,8.6,1.99,81.25,1.84,2.44,0.59,0.59,0.61,25.71,-0.9847,-1.2676,-0.7347,-1.2291,0.4482,34.81,-16.37,0.028477,20.75,-3.14,13.273,8.775,1.2246467991473532e-16,-1.0,2006-06-01
Fangchenggang,2006,7,108.35,21.69,28.99,32.62,27.19,2.18,26.13,29.32,99.43,4.86,13.19,5.91,186.9,84.85,21.49,10.94,17.42,37.79,8.57,2.02,74.84,3.49,4.01,0.75,0.74,0.78,25.49,0.2168,-0.5474,0.2944,-0.2505,0.3231,34.36,-16.87,0.016423,20.76,-2.46,13.736,8.83,-0.4999999999999997,-0.8660254037844388,2006-07-01
Fangchenggang,2006,8,108.35,21.69,28.25,31.08,25.22,2.67,25.27,28.62,99.67,4.16,14.36,5.06,105.1,84.09,20.35,8.44,15.98,37.38,7.74,1.73,72.26,3.22,4.23,0.84,0.85,0.85,23.58,-0.3864,-0.4833,-0.3984,-0.384,0.3697,32.96,-14.64,0.01099,19.71,-3.46,12.875,8.286,-0.8660254037844385,-0.5000000000000004,2006-08-01
Fangchenggang,2006,9,108.35,21.69,26.72,31.17,20.58,4.29,22.74,27.43,100.23,5.06,11.31,6.13,35.5,79.27,17.53,1.15,18.02,35.92,8.51,1.82,55.51,4.84,4.9,0.76,0.79,0.77,22.18,-2.7313,-0.8651,-2.567,-0.7443,0.3894,26.6,-7.39,0.012118,17.6,-3.76,10.682,6.932,-1.0,-1.8369701987210297e-16,2006-09-01
Fangchenggang,2006,10,108.35,21.69,26.43,29.5,21.03,4.16,22.25,27.04,100.69,3.8,10.16,4.52,68.4,78.26,16.81,0.49,14.82,35.56,6.69,1.2,31.86,4.42,3.66,0.62,0.65,0.62,17.07,-1.4901,-1.508,-1.6746500000000002,-1.4395,0.2274,28.5,-7.68,0.009464,16.91,-4.78,10.662,6.841,-0.8660254037844386,0.5000000000000001,2006-10-01
Fangchenggang,2006,11,108.35,21.69,23.16,28.44,15.4,5.19,18.48,24.17,100.76,4.97,11.0,5.99,54.5,76.52,13.56,1.26,12.79,34.02,5.94,1.06,50.73,2.11,2.28,0.55,0.58,0.54,16.51,-0.0624,-2.4929,-0.7823,-3.09,0.3354,19.03,-1.44,0.013054,14.66,-6.58,8.26,4.113,-0.5000000000000004,0.8660254037844384,2006-11-01
Fangchenggang,2006,12,108.35,21.69,17.44,24.94,10.84,6.87,11.37,19.01,101.34,5.96,11.88,7.15,37.4,69.57,8.63,0.08,11.63,30.83,5.23,0.9,56.97,0.73,1.36,0.53,0.55,0.5,14.77,-1.4049,-1.5939,-0.9509,-3.09,0.4749,7.67,8.73,0.009382,9.59,-6.83,5.903,2.911,-2.4492935982947064e-16,1.0,2006-12-01
Fangchenggang,2007,1,108.35,21.69,15.25,22.32,9.34,6.8,9.2,17.01,101.5,6.16,11.27,7.22,33.1,69.37,7.45,0.16,9.29,30.82,4.25,0.81,72.11,0.16,0.78,0.5,0.52,0.44,15.73,-1.0209,-1.1492,-1.1195,-3.09,0.3627,5.25,10.14,0.010053,8.15,-6.78,5.889,2.63,0.49999999999999994,0.8660254037844387,2007-01-01
Fangchenggang,2007,2,108.35,21.69,19.58,25.78,10.88,5.27,16.21,19.73,100.79,3.5,9.75,4.65,116.9,82.43,11.78,0.93,11.41,32.77,5.23,0.97,59.26,0.11,0.78,0.49,0.51,0.42,17.02,-0.1633,-1.5411,-0.5916,-3.09,0.3573,24.69,-3.93,0.021588,13.89,-9.91,8.218,4.238,0.8660254037844386,0.5000000000000001,2007-02-01
Fangchenggang,2007,3,108.35,21.69,20.33,27.11,11.1,4.89,17.54,21.28,100.57,4.71,11.25,5.95,67.5,84.72,12.86,1.45,9.39,35.0,4.47,0.88,80.69,0.31,1.3,0.52,0.52,0.5,18.48,0.0759,-0.816,-0.1974,-1.2455,0.3103,22.04,-5.72,0.025079,15.64,-6.23,9.775,4.272,1.0,6.123233995736766e-17,2007-03-01
Fangchenggang,2007,4,108.35,21.69,22.24,29.4,13.02,5.58,18.02,23.17,100.58,4.53,14.73,5.62,58.1,78.26,13.24,1.82,13.18,34.77,6.31,1.28,78.29,0.29,1.57,0.51,0.52,0.49,22.39,-0.3147,-0.3892,0.1405,-0.3363,0.3183,24.68,-5.39,0.017594,15.3,-7.89,9.096,5.414,0.8660254037844387,-0.4999999999999998,2007-04-01
Fangchenggang,2007,5,108.35,21.69,26.2,31.49,19.88,4.75,22.23,26.7,100.09,3.78,10.31,4.64,158.4,79.79,17.1,3.67,18.9,36.0,9.07,1.99,65.62,1.41,2.67,0.55,0.55,0.54,25.83,-0.3291,-0.4427,0.1192,-0.0205,0.372,26.48,-9.38,0.016399,18.35,-4.25,10.992,6.102,0.49999999999999994,-0.8660254037844387,2007-05-01
Fangchenggang,2007,6,108.35,21.69,28.63,32.04,24.67,2.72,25.67,29.07,99.69,4.32,8.06,5.22,188.7,84.37,20.89,6.55,17.41,37.27,8.55,2.0,71.43,2.48,3.07,0.61,0.61,0.64,25.88,-0.6014,-0.6971,-0.3736,-0.3138,0.2824,30.97,-14.04,0.02818,20.67,-2.98,12.444,7.479,1.2246467991473532e-16,-1.0,2007-06-01
Fangchenggang,2007,7,108.35,21.69,28.94,31.45,26.96,2.03,26.1,29.27,99.68,4.81,9.8,5.88,178.7,84.71,21.39,5.89,20.46,37.53,10.01,2.47,61.51,3.78,3.98,0.72,0.72,0.75,26.52,-1.1232,-1.0154,-1.0021,-0.8599,0.40965,31.99,-14.39,0.034604,20.48,-2.8,12.729,7.988,-0.4999999999999997,-0.8660254037844388,2007-07-01
Fangchenggang,2007,8,108.35,21.69,28.72,32.34,26.39,2.74,25.52,29.17,99.61,3.67,8.14,4.47,123.8,83.12,20.68,5.35,16.46,37.61,7.99,1.82,73.87,3.53,3.59,0.71,0.72,0.74,23.9,-1.214,-1.3825,-1.1239,-1.3282,0.5369,29.59,-12.16,0.004652,20.41,-3.16,11.73,7.006,-0.8660254037844385,-0.5000000000000004,2007-08-01
Fangchenggang,2007,9,108.35,21.69,27.19,31.21,21.86,3.88,23.44,28.02,100.01,4.92,12.39,5.95,38.4,80.48,18.28,5.43,15.98,36.65,7.67,1.67,68.28,4.72,4.68,0.72,0.72,0.74,22.16,-0.412,-1.4408,-0.3404,-1.2928,0.4024,26.91,-8.09,0.013418,17.82,-3.1,11.148,7.01,-1.0,-1.8369701987210297e-16,2007-09-01
Fangchenggang,2007,10,108.35,21.69,24.58,30.34,16.85,4.87,20.25,25.32,100.63,5.71,13.78,6.89,40.8,77.45,15.05,1.26,14.55,34.92,6.66,1.27,50.28,3.96,3.82,0.64,0.66,0.65,17.89,-0.8045,-1.1905,-0.5204,-1.0519,0.4266,19.81,-1.88,0.016422,15.38,-4.25,9.118,5.105,-0.8660254037844386,0.5000000000000001,2007-10-01
Fangchenggang,2007,11,108.35,21.69,19.77,25.67,11.81,6.92,12.89,20.9,101.06,6.07,12.0,7.35,27.9,77.63,9.48,0.38,14.83,30.32,6.65,1.16,32.26,1.5,2.19,0.56,0.58,0.54,16.62,-1.2165,-1.0592,-0.5321,-0.8013,0.433,6.36,9.67,0.008885,11.73,-7.1,4.576,3.404,-0.5000000000000004,0.8660254037844384,2007-11-01
Fangchenggang,2007,12,108.35,21.69,18.34,24.29,10.31,5.24,14.09,19.39,101.02,5.36,10.31,6.46,47.6,77.81,10.31,0.45,8.81,32.98,4.12,0.81,74.37,0.3,1.07,0.52,0.54,0.5,14.23,-0.1993,-1.4143,-0.8067,-1.1131,0.5008,10.92,4.22,0.013562,10.95,-5.65,7.759,3.148,-2.4492935982947064e-16,1.0,2007-12-01
Fangchenggang,2008,1,108.35,21.69,13.55,23.51,6.27,6.07,9.06,16.28,101.25,6.08,11.43,7.01,28.3,76.37,7.55,1.74,8.4,31.06,3.97,0.83,75.0,0.12,0.9,0.52,0.52,0.49,16.35,0.4811,-0.4586,0.5887,-0.1759,0.4922,6.13,7.25,0.013907,9.3,-7.42,6.389,3.202,0.49999999999999994,0.8660254037844387,2008-01-01
Fangchenggang,2008,2,108.35,21.69,13.14,21.69,6.28,5.55,7.75,15.84,101.43,6.24,12.0,7.27,30.9,71.62,6.8,1.17,7.49,31.48,3.63,0.82,87.96,0.32,1.38,0.56,0.57,0.55,17.86,0.0992,-0.0378,0.6152,0.2579,0.181,6.84,14.93,0.012901,5.13,-5.91,5.408,4.194,0.8660254037844386,0.5000000000000001,2008-02-01
Fangchenggang,2008,3,108.35,21.69,19.33,26.58,11.99,5.33,15.91,19.52,100.7,3.24,12.66,4.26,88.6,81.91,11.49,0.66,12.32,32.82,5.71,1.18,64.05,0.29,1.36,0.53,0.54,0.5,20.1,-1.1743,-0.24,-0.8862,0.2955,0.3111,23.73,-2.56,0.018224,13.41,-8.75,8.318,5.001,1.0,6.123233995736766e-17,2008-03-01
Fangchenggang,2008,4,108.35,21.69,23.36,29.02,16.57,4.99,20.09,24.1,100.31,3.86,10.29,4.83,90.0,82.69,14.91,1.55,14.3,35.72,6.85,1.53,72.2,0.61,1.8,0.52,0.53,0.5,22.72,-0.5918,-0.8406,-0.4957,-0.2516,0.4412,26.79,-8.85,0.022522,17.06,-5.5,10.784,5.991,0.8660254037844387,-0.4999999999999998,2008-04-01
Fangchenggang,2008,5,108.35,21.69,26.24,30.1,21.1,4.62,22.47,27.13,99.91,4.19,11.43,5.0,147.5,80.75,17.32,3.06,17.96,36.36,8.61,1.94,62.61,0.95,2.11,0.52,0.53,0.5,24.97,-0.6343,-1.0703,-0.1622,-0.7673,0.2048,29.3,-10.49,0.016144,17.77,-4.16,11.705,7.057,0.49999999999999994,-0.8660254037844387,2008-05-01
Fangchenggang,2008,6,108.35,21.69,27.39,31.7,24.0,2.41,25.39,27.62,99.69,4.67,9.19,5.73,193.3,89.03,20.52,10.62,12.39,37.53,6.29,1.46,87.43,2.67,3.3,0.69,0.67,0.73,25.37,0.5547,-0.071,0.7919,0.3216,0.0932,32.92,-14.1,0.021717,19.37,-3.33,12.849,8.197,1.2246467991473532e-16,-1.0,2008-06-01
Fangchenggang,2008,7,108.35,21.69,28.14,32.14,26.27,1.94,25.79,28.29,99.65,4.61,10.01,5.68,187.4,87.23,20.99,7.33,15.14,37.31,7.53,1.81,82.13,2.64,3.25,0.8,0.8,0.81,25.67,-0.6794,-0.324,-0.3899,0.0703,0.2529,31.79,-13.58,0.025401,19.98,-3.49,12.332,7.703,-0.4999999999999997,-0.8660254037844388,2008-07-01
Fangchenggang,2008,8,108.35,21.69,28.45,32.63,26.2,2.44,25.59,28.91,99.72,4.33,14.07,5.29,173.8,84.6,20.73,10.6,16.8,37.26,8.25,1.98,75.0,3.24,4.14,0.84,0.86,0.85,25.16,0.0737,-0.1023,0.0144,0.0656,0.3601,30.81,-13.87,0.013056,19.93,-3.35,12.523,7.334,-0.8660254037844385,-0.5000000000000004,2008-08-01
Fangchenggang,2008,9,108.35,21.69,27.98,32.6,22.52,2.99,24.41,28.47,100.0,3.99,16.84,4.78,68.7,81.27,19.28,11.58,16.31,36.9,7.82,1.7,62.82,3.47,4.3,0.85,0.86,0.85,22.24,1.1818,0.1566,1.2779,0.1885,0.4673,27.16,-9.65,0.010885,19.08,-3.59,11.078,6.307,-1.0,-1.8369701987210297e-16,2008-09-01
Fangchenggang,2008,10,108.35,21.69,25.46,29.18,21.38,3.92,22.34,25.95,100.62,4.77,10.23,5.79,48.4,83.22,16.92,2.3,14.36,35.94,6.86,1.44,61.62,3.49,4.35,0.83,0.85,0.83,19.15,-0.2722,0.3578,-0.1597,0.3743,0.5217,24.71,-5.88,0.016128,16.43,-4.77,10.125,6.139,-0.8660254037844386,0.5000000000000001,2008-10-01
Fangchenggang,2008,11,108.35,21.69,20.1,27.14,11.71,5.12,15.76,21.3,101.09,5.71,11.69,6.88,33.5,77.16,11.61,2.21,13.74,31.89,6.35,1.22,51.88,2.42,3.45,0.8,0.82,0.81,17.25,0.6413,0.6446,0.8929,0.68,0.5486,10.15,6.37,0.012193,11.74,-6.48,6.202,3.54,-0.5000000000000004,0.8660254037844384,2008-11-01
Fangchenggang,2008,12,108.35,21.69,16.26,22.17,7.2,5.6,11.73,17.47,101.25,5.13,12.68,6.1,29.8,75.69,8.73,0.76,11.0,30.3,4.98,0.91,52.45,1.6,2.24,0.7,0.72,0.72,15.13,0.295,-0.129,0.3954,-0.0107,0.3921,2.82,9.53,0.008346,8.88,-7.03,5.756,2.344,-2.4492935982947064e-16,1.0,2008-12-01
Fangchenggang,2009,1,108.35,21.69,13.84,20.36,6.26,5.85,8.99,15.4,101.45,5.36,11.96,6.41,35.4,74.11,7.39,0.06,11.65,29.16,5.23,0.96,53.08,1.15,1.92,0.65,0.68,0.66,16.0,-1.4384,-0.2598,-0.8471,0.1482,0.304,2.94,12.29,0.007743,7.39,-7.17,5.111,2.644,0.49999999999999994,0.8660254037844387,2009-01-01
Fangchenggang,2009,2,108.35,21.69,19.79,25.78,13.6,4.53,17.95,19.86,100.59,3.27,11.68,4.39,139.8,89.49,12.96,0.22,13.78,33.01,6.44,1.38,54.41,1.56,2.0,0.6,0.62,0.59,19.03,-1.2957,-1.6079,-0.49369999999999997,-3.09,0.5186,15.12,-2.45,0.025601,15.59,-4.72,9.075,3.082,0.8660254037844386,0.5000000000000001,2009-02-01
Fangchenggang,2009,3,108.35,21.69,19.43,26.42,11.51,4.68,16.5,20.53,100.62,4.95,15.41,6.1,48.7,84.09,12.13,1.24,9.59,34.4,4.62,0.97,86.62,0.98,1.75,0.57,0.59,0.57,19.34,-0.1976,-1.5196,-0.1403,-2.7152,0.1813,21.3,-4.71,0.021833,15.17,-7.31,9.105,4.499,1.0,6.123233995736766e-17,2009-03-01
Fangchenggang,2009,4,108.35,21.69,23.37,30.91,16.47,4.34,20.41,23.79,100.31,4.5,10.99,5.69,104.1,84.31,15.19,2.46,12.84,35.79,6.25,1.32,80.35,2.07,2.77,0.57,0.58,0.57,22.85,0.2453,-0.5138,0.2967,-0.6453,0.3448,28.28,-8.2,0.023277,15.74,-6.3,10.723,6.49,0.8660254037844387,-0.4999999999999998,2009-04-01
Fangchenggang,2009,5,108.35,21.69,25.89,30.39,21.19,3.55,22.84,26.66,100.15,4.65,10.53,5.55,116.3,83.71,17.57,3.71,15.94,36.43,7.81,1.77,71.37,2.77,3.21,0.57,0.58,0.57,25.61,-0.3103,-0.2912,0.193,0.1114,0.5586,31.04,-11.4,0.021533,17.14,-4.23,12.299,7.812,0.49999999999999994,-0.8660254037844387,2009-05-01
Fangchenggang,2009,6,108.35,21.69,28.31,31.35,24.57,2.62,25.7,28.55,99.54,4.21,9.55,5.13,185.9,86.05,20.95,4.52,18.3,37.4,8.92,2.02,77.85,2.59,2.77,0.61,0.61,0.62,25.74,-1.3759,-0.9976,-1.6464,-0.7077,0.3616,32.14,-15.02,0.025751,20.47,-2.83,12.971,7.903,1.2246467991473532e-16,-1.0,2009-06-01
Fangchenggang,2009,7,108.35,21.69,28.75,32.11,26.76,2.45,25.86,29.09,99.57,4.73,9.26,5.74,174.3,84.55,21.1,7.25,17.89,37.66,8.81,2.11,70.96,4.68,4.69,0.7,0.7,0.73,26.07,-0.7024,-1.1063,-0.5156,-0.8819,0.1646,32.54,-15.7,0.021683,20.24,-2.08,13.632,8.343,-0.4999999999999997,-0.8660254037844388,2009-07-01
Fangchenggang,2009,8,108.35,21.69,28.98,32.62,25.35,3.12,25.41,29.34,99.74,3.45,15.82,4.26,181.4,81.44,20.52,3.23,18.5,37.49,8.98,2.12,64.52,4.13,3.85,0.68,0.69,0.7,24.68,-2.0109,-1.7952,-1.6549,-1.7221,0.3456,30.37,-13.74,0.004873,20.51,-3.16,12.318,7.146,-0.8660254037844385,-0.5000000000000004,2009-08-01
Fangchenggang,2009,9,108.35,21.69,28.66,32.77,23.75,3.62,24.62,29.34,99.99,4.56,12.98,5.49,54.7,79.18,19.55,5.0,17.33,37.25,8.32,1.83,59.54,3.99,4.18,0.67,0.67,0.69,22.4,-0.5628,-1.6284,-0.8279,-1.5508,0.5266,29.56,-12.75,0.015124,19.29,-3.45,12.294,6.845,-1.0,-1.8369701987210297e-16,2009-09-01
Fangchenggang,2009,10,108.35,21.69,25.75,31.4,21.45,4.54,21.19,26.32,100.48,4.86,15.72,5.81,49.2,76.95,15.82,3.11,14.4,35.46,6.69,1.32,50.36,3.39,3.67,0.65,0.66,0.65,18.23,0.0322,-1.3057,0.0893,-1.4377,0.62,26.03,-5.74,0.013319,16.77,-3.71,10.363,6.875,-0.8660254037844386,0.5000000000000001,2009-10-01
Fangchenggang,2009,11,108.35,21.69,19.61,27.98,9.21,5.98,14.14,21.76,101.05,6.02,13.71,7.13,36.5,72.57,10.74,0.56,12.98,32.4,6.02,1.17,54.84,1.03,2.21,0.58,0.6,0.57,17.02,-0.884,-0.6649,-0.2361,-0.7011,0.4811,10.64,6.23,0.009427,11.87,-4.66,6.968,3.981,-0.5000000000000004,0.8660254037844384,2009-11-01
Fangchenggang,2009,12,108.35,21.69,17.32,23.58,9.96,5.03,13.57,18.82,101.1,4.92,13.92,5.88,55.8,79.86,10.07,0.28,8.33,32.48,3.91,0.69,74.93,0.23,1.03,0.54,0.56,0.52,14.35,-0.5849,-0.5582,-0.6683,-0.4491,0.2444,11.21,3.42,0.014587,9.98,-7.57,7.672,2.917,-2.4492935982947064e-16,1.0,2009-12-01
Fangchenggang,2010,1,108.35,21.69,16.15,23.22,9.28,5.02,13.27,17.57,101.18,5.05,11.49,6.07,42.4,83.91,9.79,3.32,6.33,33.11,3.15,0.69,88.75,0.37,1.23,0.57,0.57,0.57,15.91,1.1115,0.2362,1.0673,0.4232,0.0077,13.35,2.66,0.016987,10.94,-6.48,8.068,3.512,0.49999999999999994,0.8660254037844387,2010-01-01
Fangchenggang,2010,2,108.35,21.69,18.3,27.6,7.94,5.57,15.24,19.73,100.7,4.85,12.98,6.14,71.8,83.57,11.43,0.16,10.35,32.88,4.95,1.03,69.6,0.61,1.57,0.58,0.59,0.56,18.55,-1.4968,0.1754,-0.3743500000000002,0.0457,0.1853,14.34,-1.15,0.021201,14.51,-8.08,7.582,2.947,0.8660254037844386,0.5000000000000001,2010-02-01
Fangchenggang,2010,3,108.35,21.69,19.7,26.9,9.64,5.48,16.02,20.75,100.75,4.92,15.67,6.24,77.6,80.77,11.93,0.15,12.01,33.16,5.49,1.02,64.46,0.19,1.24,0.53,0.54,0.5,18.55,-2.9099,-0.1818,-1.816,-0.1852,0.1743,20.72,-3.4,0.022529,15.29,-7.04,8.63,4.624,1.0,6.123233995736766e-17,2010-03-01
Fangchenggang,2010,4,108.35,21.69,22.12,27.62,13.32,4.72,19.39,22.76,100.48,4.66,13.02,5.92,76.0,85.21,14.32,2.87,11.39,35.6,5.6,1.19,80.87,0.78,1.96,0.54,0.54,0.53,22.14,0.5543,-0.9545,0.881,-0.6644,0.1228,28.84,-10.15,0.029257,17.08,-5.87,11.154,6.484,0.8660254037844387,-0.4999999999999998,2010-04-01
Fangchenggang,2010,5,108.35,21.69,26.85,32.07,21.42,3.96,24.11,27.43,99.88,4.24,12.27,5.23,164.6,85.54,19.05,1.69,16.23,37.15,7.94,1.73,72.4,1.16,2.22,0.54,0.54,0.52,24.82,-1.5233,-1.3322,-0.02949999999999997,-1.1444,0.0485,31.72,-15.45,0.035776,20.23,-3.08,13.141,7.662,0.49999999999999994,-0.8660254037844387,2010-05-01
Fangchenggang,2010,6,108.35,21.69,28.29,31.46,23.07,2.81,25.61,28.68,99.8,4.97,10.8,6.05,186.8,85.7,20.86,5.2,15.1,37.51,7.5,1.72,88.05,1.83,2.5,0.58,0.57,0.59,25.12,-1.0935,-1.2369,-0.94,-1.1279,0.1855,33.36,-15.84,0.030951,20.35,-2.97,13.289,8.456,1.2246467991473532e-16,-1.0,2010-06-01
Fangchenggang,2010,7,108.35,21.69,29.2,32.84,27.05,2.58,26.18,29.39,99.79,5.35,14.18,6.58,173.2,84.02,21.47,5.96,20.32,37.66,9.9,2.34,74.43,2.93,3.38,0.62,0.62,0.64,26.27,-1.0999,-1.5677,-1.0391,-2.5989,0.3107,32.61,-15.22,0.031252,20.62,-2.73,13.032,8.22,-0.4999999999999997,-0.8660254037844388,2010-07-01
Fangchenggang,2010,8,108.35,21.69,28.33,31.67,24.38,2.2,25.38,28.87,99.96,4.12,10.1,5.0,126.6,84.13,20.43,7.81,17.9,37.47,8.8,2.09,73.85,3.06,3.66,0.74,0.73,0.77,25.03,-0.5356,-1.2117,-0.5391,-1.1209,0.495,32.68,-14.48,0.015943,19.54,-3.01,13.058,8.327,-0.8660254037844385,-0.5000000000000004,2010-08-01
Fangchenggang,2010,9,108.35,21.69,27.89,31.82,23.91,3.08,24.61,28.46,100.09,3.56,7.36,4.29,153.6,82.68,19.5,7.15,16.43,36.98,7.93,1.73,66.68,4.07,4.12,0.77,0.78,0.79,22.48,0.1208,-0.8389,0.1166,-0.812,0.6219,31.7,-13.1,0.008301,19.56,-3.38,12.351,7.757,-1.0,-1.8369701987210297e-16,2010-09-01
Fangchenggang,2010,10,108.35,21.69,23.67,29.98,14.71,4.53,19.74,24.97,100.56,6.83,11.93,8.18,31.6,79.28,14.82,1.03,14.91,34.45,7.03,1.41,58.38,4.01,4.24,0.74,0.76,0.75,19.34,-0.9642,-0.6119,-0.4388,-0.4509,0.3446,23.55,-2.75,0.020201,15.01,-4.36,9.574,6.722,-0.8660254037844386,0.5000000000000001,2010-10-01
Fangchenggang,2010,11,108.35,21.69,20.13,25.14,15.16,6.1,15.39,20.8,100.96,5.1,10.25,6.23,35.5,75.2,10.95,0.09,13.25,32.17,5.98,1.05,51.2,2.64,2.61,0.62,0.65,0.62,15.7,-2.2229,-0.7706,-1.6032,-0.5357,0.3585,13.26,6.31,0.011076,12.1,-5.76,6.387,4.359,-0.5000000000000004,0.8660254037844384,2010-11-01
Fangchenggang,2010,12,108.35,21.69,17.44,24.64,5.33,5.66,12.63,18.63,100.86,5.07,15.52,6.12,41.7,74.94,9.55,0.71,10.25,31.58,4.74,0.86,59.69,1.16,1.68,0.57,0.59,0.56,14.9,0.2261,-1.5692,0.0858,-1.0115,0.3412,14.44,5.39,0.013837,11.05,-5.86,7.139,4.534,-2.4492935982947064e-16,1.0,2010-12-01
Fangchenggang,2011,1,108.35,21.69,11.56,18.26,5.66,5.87,6.22,14.89,101.46,4.545,13.05,8.36,27.0,71.34,5.97,0.14,6.42,31.01,3.12,0.63,90.88,0.29,1.09,0.55,0.56,0.53,15.71,-1.0823,-1.6239,-0.3475,-1.8307,0.1626,5.28,11.94,0.012934,5.23,-7.83,5.827,3.253,0.49999999999999994,0.8660254037844387,2011-01-01
Fangchenggang,2011,2,108.35,21.69,16.05,23.07,8.64,5.39,12.85,17.03,100.85,4.02,10.69,4.91,54.3,82.23,9.48,0.7,8.49,32.93,4.13,0.9,85.06,0.3,1.13,0.53,0.54,0.51,18.28,-0.4226,-1.1609,0.0454,-0.6519,0.175,13.02,0.66,0.017404,11.57,-8.08,7.986,2.918,0.8660254037844386,0.5000000000000001,2011-02-01
Fangchenggang,2011,3,108.35,21.69,16.66,24.57,8.63,5.42,12.71,18.31,101.1,5.65,15.54,6.67,36.2,78.53,9.32,2.56,7.71,33.26,3.87,0.86,94.68,0.59,1.61,0.55,0.55,0.55,20.72,1.2004,-0.3208,2.0161,0.4023,0.1467,16.48,3.98,0.0159,9.99,-7.64,7.403,4.721,1.0,6.123233995736766e-17,2011-03-01
Fangchenggang,2011,4,108.35,21.69,22.19,28.32,15.64,4.75,18.82,22.44,100.54,3.45,8.72,4.53,130.8,82.07,13.68,0.94,14.57,34.59,6.9,1.44,69.55,0.53,1.65,0.52,0.54,0.49,22.6,-1.3736,-0.3627,-0.6664,0.4427,0.1858,25.37,-6.85,0.021204,15.75,-5.76,10.387,5.623,0.8660254037844387,-0.4999999999999998,2011-04-01
Fangchenggang,2011,5,108.35,21.69,25.46,30.28,19.3,5.01,21.6,26.1,100.07,4.47,11.16,5.52,117.5,80.27,16.41,3.54,17.91,35.68,8.54,1.88,65.69,2.22,3.03,0.56,0.57,0.56,25.36,-0.391,-0.3988,0.2089,0.3713,0.2844,26.45,-9.01,0.014887,17.9,-4.1,11.084,6.34,0.49999999999999994,-0.8660254037844387,2011-05-01
Fangchenggang,2011,6,108.35,21.69,28.45,33.28,25.12,2.83,25.71,28.8,99.55,4.74,15.38,5.77,178.4,85.49,20.94,8.62,17.11,37.31,8.39,1.93,78.52,1.96,2.85,0.59,0.59,0.61,25.72,0.0329,-0.4774,0.2682,0.0113,0.2613,35.78,-17.78,0.025597,20.46,-2.55,14.179,9.485,1.2246467991473532e-16,-1.0,2011-06-01
Fangchenggang,2011,7,108.35,21.69,28.77,32.15,26.44,2.71,25.64,29.16,99.58,4.33,13.77,5.25,180.8,83.4,20.83,6.41,19.04,37.57,9.17,2.12,61.24,4.73,4.67,0.73,0.73,0.76,24.81,-0.955,-0.653,-0.7779,-0.3192,0.3707,31.81,-14.41,0.014068,20.46,-2.73,12.775,7.908,-0.4999999999999997,-0.8660254037844388,2011-07-01
Fangchenggang,2011,8,108.35,21.69,28.5,33.37,25.08,2.95,24.83,29.13,99.83,3.14,7.93,3.77,155.8,80.9,19.8,4.3,19.15,37.35,9.24,2.15,61.01,4.77,4.49,0.73,0.74,0.75,24.79,-1.5728,-1.1778,-1.3339,-1.0772,0.21,31.28,-13.77,0.010282,19.67,-3.57,12.5,7.432,-0.8660254037844385,-0.5000000000000004,2011-08-01
Fangchenggang,2011,9,108.35,21.69,27.51,32.69,20.76,3.75,23.61,28.31,99.94,5.37,10.899999999999999,6.49,61.0,79.71,18.52,5.72,16.82,36.9,8.02,1.71,62.49,4.59,4.66,0.68,0.69,0.7,21.94,-0.3149,-1.4797,-0.2957,-1.315,0.4663,31.31,-12.08,0.018007,18.38,-3.47,12.379,8.108,-1.0,-1.8369701987210297e-16,2011-09-01
Fangchenggang,2011,10,108.35,21.69,23.66,29.11,18.46,4.34,20.5,24.51,100.63,5.38,13.87,6.47,37.8,82.95,15.18,4.29,14.44,34.88,6.87,1.39,57.91,4.03,4.16,0.73,0.74,0.75,19.39,0.3904,-0.841,0.5999,-0.6568,0.3223,26.35,-5.29,0.015359,14.82,-5.43,10.255,6.853,-0.8660254037844386,0.5000000000000001,2011-10-01
Fangchenggang,2011,11,108.35,21.69,22.38,27.45,16.33,5.18,18.67,23.0,100.81,4.43,12.24,5.41,43.1,80.12,13.54,0.87,13.15,33.58,6.11,1.11,50.11,3.01,2.94,0.63,0.65,0.64,16.68,-0.4618,-0.2062,-1.1008,-0.0766,0.3701,19.38,-1.44,0.011924,13.44,-7.65,8.299,4.062,-0.5000000000000004,0.8660254037844384,2011-11-01
Fangchenggang,2011,12,108.35,21.69,15.14,22.06,8.75,6.11,8.82,16.86,101.42,6.76,12.75,8.06,29.4,80.55000000000001,7.22,0.47,10.36,30.37,4.66,0.79,65.14,0.95,1.76,0.58,0.6,0.57,14.27,-0.1613,-0.0075,0.2842,0.1555,0.3601,5.04,13.26,0.011362,8.0,-4.76,5.485,3.767,-2.4492935982947064e-16,1.0,2011-12-01
Fangchenggang,2012,1,108.35,21.69,13.29,20.78,5.5,5.19,9.94,15.11,101.19,5.73,12.5,6.71,32.1,80.98,7.77,1.46,5.12,32.54,2.62,0.62,95.47,0.42,1.24,0.58,0.58,0.57,15.79,0.3328,-0.3499,0.4663,-0.1192,0.0893,10.38,6.6,0.017903,8.88,-6.47,7.234,3.482,0.49999999999999994,0.8660254037844387,2012-01-01
Fangchenggang,2012,2,108.35,21.69,15.17,23.84,7.93,5.7,11.91,16.43,100.86,5.22,12.08,6.24,38.6,81.79,8.93,0.69,6.69,33.54,3.37,0.75,95.35,0.41,1.32,0.57,0.57,0.55,18.14,-0.4044,-0.4103,0.1486,0.1158,0.3425,11.16,2.62,0.019254,11.66,-6.79,7.668,3.097,0.8660254037844386,0.5000000000000001,2012-02-01
Fangchenggang,2012,3,108.35,21.69,19.23,24.92,10.73,4.83,16.17,19.76,100.67,4.52,14.9,5.79,67.4,83.58,11.78,1.0,9.53,34.52,4.59,0.95,87.32,0.44,1.51,0.55,0.56,0.53,19.32,-0.552,-0.4385,-0.385,0.0659,0.1496,22.41,-3.43,0.023949,14.75,-6.78,8.962,5.012,1.0,6.123233995736766e-17,2012-03-01
Fangchenggang,2012,4,108.35,21.69,24.12,33.57,17.49,5.04,21.2,24.4,100.15,4.15,12.45,5.41,170.3,84.55,16.01,1.23,15.73,35.64,7.55,1.56,70.78,0.64,1.7,0.53,0.54,0.5,23.17,-0.9676,-1.1092,-1.3212,-0.9931,0.5173,29.02,-11.54,0.026328,18.85,-6.23,10.868,5.837,0.8660254037844387,-0.4999999999999998,2012-04-01
Fangchenggang,2012,5,108.35,21.69,28.07,32.42,23.11,3.63,24.93,28.7,99.81,3.94,8.22,4.74,158.6,83.55,19.95,5.87,18.83,37.16,9.08,1.95,67.86,1.45,2.54,0.56,0.55,0.57,25.27,0.5476,-0.058,0.4941,-0.1115,0.3751,33.9,-15.26,0.022142,19.8,-3.61,13.025,8.508,0.49999999999999994,-0.8660254037844387,2012-05-01
Fangchenggang,2012,6,108.35,21.69,28.4,32.24,23.18,2.76,25.94,28.66,99.36,4.75,9.1,5.81,196.0,86.79,21.27,6.09,14.94,38.04,7.41,1.67,87.21,3.19,3.55,0.68,0.67,0.71,24.94,-0.7604,-0.4437,-0.5032,-0.4275,0.3413,36.13,-18.03,0.016031,20.37,-2.51,14.331,9.818,1.2246467991473532e-16,-1.0,2012-06-01
Fangchenggang,2012,7,108.35,21.69,28.63,31.56,26.67,2.16,25.84,28.96,99.55,4.6,12.18,5.64,180.1,84.93,21.08,8.03,17.88,37.48,8.78,2.06,73.91,3.76,4.04,0.72,0.72,0.75,26.29,-0.4853,-0.4419,-0.2858,-0.2884,0.5327,33.62,-16.02,0.024522,20.09,-2.9,13.495,8.623,-0.4999999999999997,-0.8660254037844388,2012-07-01
Fangchenggang,2012,8,108.35,21.69,28.66,32.37,24.93,2.97,25.55,28.96,99.58,3.45,16.9,4.18,169.9,83.46,20.71,9.63,17.31,37.48,8.37,1.89,69.95,3.62,4.26,0.84,0.85,0.84,24.06,-0.1242,-0.6132,-0.2032,-0.5232,0.4396,32.31,-14.76,0.006221,20.37,-2.96,12.858,7.895,-0.8660254037844385,-0.5000000000000004,2012-08-01
Fangchenggang,2012,9,108.35,21.69,26.86,30.04,20.56,3.64,23.1,27.57,100.28,4.41,10.64,5.3,59.2,80.26,17.9,2.69,17.82,36.42,8.49,1.83,60.97,4.52,4.86,0.78,0.81,0.8,22.4,-1.5839,-0.896,-1.4908,-0.7789,0.3465,29.34,-9.07,0.010011,17.64,-3.72,11.363,7.761,-1.0,-1.8369701987210297e-16,2012-09-01
Fangchenggang,2012,10,108.35,21.69,25.53,28.59,18.45,3.58,21.18,26.26,100.61,4.82,13.04,5.76,81.5,77.31,15.79,5.12,14.0,35.47,6.47,1.27,47.46,4.32,3.94,0.66,0.69,0.68,18.39,0.6043,-0.4036,0.6158,-0.3025,0.103,25.8,-6.0,0.012583,16.09,-4.38,10.467,6.531,-0.8660254037844386,0.5000000000000001,2012-10-01
Fangchenggang,2012,11,108.35,21.69,21.52,26.68,13.79,4.55,18.75,22.52,100.72,4.81,14.97,5.92,62.6,84.81,13.81,1.64,9.22,34.95,4.52,0.97,79.38,2.66,3.02,0.7,0.72,0.72,16.6,0.2514,-0.4837,0.2808,-0.3835,0.0047,25.46,-5.79,0.022405,14.68,-6.37,10.131,5.913,-0.5000000000000004,0.8660254037844384,2012-11-01
Fangchenggang,2012,12,108.35,21.69,16.78,24.22,6.61,5.22,13.35,18.48,101.05,5.85,15.18,7.07,39.1,81.27,10.05,0.64,8.32,33.18,4.02,0.86,84.02,1.35,2.06,0.66,0.68,0.68,15.16,0.1239,0.4592,0.1585,0.3813,0.1086,13.45,3.57,0.016001,10.64,-6.22,7.913,3.689,-2.4492935982947064e-16,1.0,2012-12-01
Fangchenggang,2013,1,108.35,21.69,14.37,21.19,6.65,4.95,11.16,15.99,101.29,5.3,11.85,6.36,36.7,81.92,8.48,0.51,6.72,32.28,3.27,0.74,86.95,0.68,1.4,0.61,0.63,0.62,15.58,-0.4076,-0.3672,-0.3048,-0.2235,0.1639,8.12,7.43,0.013459,8.56,-6.25,7.1,3.051,0.49999999999999994,0.8660254037844387,2013-01-01
Fangchenggang,2013,2,108.35,21.69,17.9,23.42,8.77,4.9,15.48,18.74,100.95,4.46,11.33,5.56,62.1,86.32,11.21,0.56,8.0,33.93,4.06,1.02,89.58,0.77,1.57,0.59,0.6,0.58,19.12,-0.612,-1.02,-0.5291,-0.9597,0.0507,15.2,-2.16,0.024273,13.64,-6.27,9.088,3.564,0.8660254037844386,0.5000000000000001,2013-02-01
Fangchenggang,2013,3,108.35,21.69,21.42,27.76,10.9,5.13,18.41,22.02,100.61,3.92,12.16,4.96,102.7,83.87,13.59,0.96,12.68,34.69,5.89,1.17,68.98,0.79,1.76,0.54,0.56,0.52,19.26,-0.6166,-1.1361,-1.3526,-1.751,0.2528,26.02,-8.13,0.021387,15.96,-8.28,9.795,4.689,1.0,6.123233995736766e-17,2013-03-01
Fangchenggang,2013,4,108.35,21.69,23.28,31.07,16.74,4.46,20.42,24.04,100.29,4.51,16.93,5.67,105.7,84.68,15.37,3.19,12.79,36.05,6.21,1.35,82.11,1.16,2.13,0.56,0.57,0.55,21.86,0.7757,-0.1355,0.8076,-0.2509,0.2667,27.58,-8.84,0.024812,16.64,-6.25,10.645,6.287,0.8660254037844387,-0.4999999999999998,2013-04-01
Fangchenggang,2013,5,108.35,21.69,27.04,33.06,20.53,3.45,24.55,27.43,99.92,4.23,8.76,5.2,169.7,86.62,19.59,4.13,15.67,37.0,7.68,1.72,74.66,2.23,2.79,0.61,0.61,0.62,25.19,-0.1212,-0.022,0.1237,0.0176,0.28205,31.62,-13.23,0.028891,19.36,-4.37,12.087,7.45,0.49999999999999994,-0.8660254037844387,2013-05-01
Fangchenggang,2013,6,108.35,21.69,28.3,32.06,22.44,3.29,24.94,28.64,99.63,5.27,12.8,6.4,175.6,82.48,20.09,4.38,19.35,36.97,9.4,2.16,67.67,3.75,4.01,0.64,0.64,0.66,26.43,-1.4377,-0.7672,-1.9412,-0.5708,0.2974,31.77,-14.42,0.016851,19.8,-2.94,12.958,8.127,1.2246467991473532e-16,-1.0,2013-06-01
Fangchenggang,2013,7,108.35,21.69,28.35,31.41,26.67,2.03,25.59,28.71,99.72,4.65,9.02,5.67,169.1,85.09,20.71,11.72,16.76,37.33,8.3,1.96,76.02,3.23,3.93,0.71,0.7,0.75,26.28,0.3832,-0.4017,0.5067,-0.1339,0.4599,32.92,-14.74,0.029144,19.56,-3.19,13.082,8.341,-0.4999999999999997,-0.8660254037844388,2013-07-01
Fangchenggang,2013,8,108.35,21.69,28.66,32.07,26.69,2.55,25.55,28.96,99.6,4.04,19.58,4.94,178.3,83.45,20.71,7.34,17.35,37.4,8.51,1.97,72.6,3.21,3.96,0.83,0.84,0.84,25.05,-0.6523,-0.6431,-0.6797,-0.5274,0.4402,33.58,-15.71,0.006449,20.17,-3.43,13.127,8.297,-0.8660254037844385,-0.5000000000000004,2013-08-01
Fangchenggang,2013,9,108.35,21.69,27.29,31.56,19.8,3.36,24.15,27.91,100.09,4.54,11.13,5.47,50.6,83.21,19.01,7.31,15.44,36.81,7.48,1.65,74.86,3.52,4.73,0.86,0.88,0.86,22.43,0.1658,-0.1717,0.2634,-0.1214,0.5042,30.78,-11.59,0.017157,18.33,-3.88,12.037,7.637,-1.0,-1.8369701987210297e-16,2013-09-01
Fangchenggang,2013,10,108.35,21.69,23.96,29.65,17.49,4.91,19.83,24.69,100.71,5.33,10.32,6.44,31.3,78.37,14.58,1.09,15.6,34.35,7.2,1.34,48.88,4.2,4.29,0.75,0.77,0.76,18.67,-0.9202,-0.6466,-0.4705,-0.4838,0.5001,23.48,-1.06,0.014552,14.94,-5.15,8.582,6.489,-0.8660254037844386,0.5000000000000001,2013-10-01
Fangchenggang,2013,11,108.35,21.69,20.64,27.04,13.08,4.95,16.69,21.57,100.95,6.11,18.61,7.41,38.7,78.87,12.12,4.89,10.71,33.7,5.11,1.02,73.33,2.98,3.36,0.71,0.72,0.73,16.86,1.9072,0.2018,1.9215,0.3924,0.496,20.82,0.13,0.014363,12.63,-5.86,8.712,5.379,-0.5000000000000004,0.8660254037844384,2013-11-01
Fangchenggang,2013,12,108.35,21.69,14.1,22.16,7.45,6.03,9.0,15.77,101.29,6.01,12.97,7.19,26.2,72.79,7.3,2.52,11.79,27.77,5.05,0.79,33.11,1.52,2.29,0.7,0.72,0.73,14.05,1.8232,0.6931,1.745,0.8377,0.5174,-1.8,14.46,0.010973,6.36,-6.74,4.773,2.438,-2.4492935982947064e-16,1.0,2013-12-01
Fangchenggang,2014,1,108.35,21.69,14.91,20.72,7.28,5.76,11.23,15.35,101.32,4.53,11.35,5.65,43.0,79.95,8.5,0.04,12.59,29.08,5.54,0.98,41.09,1.23,1.86,0.66,0.68,0.68,15.55,-1.5921,1.2085,-1.4032,1.3146,0.3163,-2.27,9.44,0.007756,8.56,-7.36,5.782,1.627,0.49999999999999994,0.8660254037844387,2014-01-01
Fangchenggang,2014,2,108.35,21.69,15.34,21.81,5.58,5.37,12.43,17.03,100.93,4.95,12.92,5.91,51.2,83.72,9.43,0.59,8.58,32.39,4.18,0.9,84.01,0.83,1.68,0.61,0.63,0.61,18.39,-0.5687,-0.1326,0.0562,0.2939,0.3907,11.16,4.62,0.019076,10.79,-5.68,7.641,3.211,0.8660254037844386,0.5000000000000001,2014-02-01
Fangchenggang,2014,3,108.35,21.69,19.19,26.7,13.06,4.6,16.95,19.88,100.76,4.05,12.3,5.03,62.6,87.3,12.22,1.51,8.39,34.64,4.1,0.85,88.26,1.07,1.9,0.6,0.61,0.6,19.08,0.1491,-1.0594,0.2716,-0.5492,0.0298,25.92,-8.28,0.026066,14.95,-8.59,10.132,4.873,1.0,6.123233995736766e-17,2014-03-01
Fangchenggang,2014,4,108.35,21.69,23.82,28.32,19.69,3.71,21.77,24.11,100.38,3.66,8.95,4.87,110.4,88.66,16.43,2.52,11.18,36.68,5.42,1.1,89.47,1.69,2.34,0.59,0.6,0.59,20.79,0.2926,-0.1704,0.2034,0.1562,0.1046,29.7,-12.18,0.031185,17.22,-5.96,11.884,6.445,0.8660254037844387,-0.4999999999999998,2014-04-01
Fangchenggang,2014,5,108.35,21.69,27.15,31.75,19.85,4.05,24.33,27.57,99.97,4.54,10.71,5.66,181.1,85.0,19.38,1.7,17.78,36.95,8.63,1.85,70.73,1.92,2.52,0.57,0.58,0.56,25.07,-1.5152,-0.8965,0.050299999999999984,-0.8817,0.1882,33.04,-15.09,0.033248,19.93,-4.06,12.729,7.87,0.49999999999999994,-0.8660254037844387,2014-05-01
Fangchenggang,2014,6,108.35,21.69,29.07,32.01,26.38,2.78,26.19,29.39,99.5,3.92,8.41,4.78,187.6,84.69,21.56,7.62,17.61,38.04,8.66,1.97,81.52,3.11,3.41,0.66,0.65,0.69,25.57,-0.2589,-0.7544,-0.1028,-0.8004,0.4122,35.83,-18.54,0.017546,20.85,-2.17,14.472,9.82,1.2246467991473532e-16,-1.0,2014-06-01
Fangchenggang,2014,7,108.35,21.69,29.14,32.28,27.08,2.18,26.1,29.48,99.63,3.89,20.24,4.72,169.7,83.8,21.4,10.62,18.44,37.83,9.07,2.19,80.67,3.29,3.79,0.77,0.77,0.79,26.1,0.1463,-0.4555,0.2144,-0.3326,0.4103,34.4,-17.43,0.021224,20.57,-2.79,13.903,8.701,-0.4999999999999997,-0.8660254037844388,2014-07-01
Fangchenggang,2014,8,108.35,21.69,28.5,32.31,24.95,2.26,25.63,28.87,99.82,4.1,14.3,5.03,184.2,84.56,20.78,7.4,16.15,37.54,7.97,1.92,76.93,3.08,3.74,0.81,0.82,0.82,25.16,-0.6371,-0.4036,-0.6467,-0.3906,0.5477,34.47,-16.49,0.015822,19.93,-2.96,13.719,8.939,-0.8660254037844385,-0.5000000000000004,2014-08-01
Fangchenggang,2014,9,108.35,21.69,28.21,31.76,23.44,2.84,24.4,28.63,100.0,3.68,11.65,4.41,114.9,80.09,19.31,6.72,18.51,36.7,8.88,1.97,49.37,4.06,4.38,0.82,0.84,0.83,23.24,-0.0035,-0.3584,-0.0795,-0.3953,0.5452,30.3,-11.82,0.009294,19.19,-3.35,12.0003,7.6266,-1.0,-1.8369701987210297e-16,2014-09-01
Fangchenggang,2014,10,108.35,21.69,25.65,30.14,20.55,3.78,21.44,26.22,100.68,4.16,9.0,4.99,60.5,78.12,16.06,2.43,15.72,35.08,7.28,1.41,45.75,4.43,4.38,0.75,0.77,0.77,18.89,-0.2188,-0.5353,-0.1426,-0.5163,0.2659,22.75,-4.89,0.009819,15.97,-5.03,9.7969,5.4226,-0.8660254037844386,0.5000000000000001,2014-10-01
Fangchenggang,2014,11,108.35,21.69,21.31,27.64,15.66,4.53,18.56,22.42,100.9,4.88,11.99,5.91,43.7,84.8,13.55,1.34,11.16,34.07,5.31,1.0,62.07,2.91,3.03,0.69,0.71,0.71,16.51,0.0085,-0.2929,0.0814,-0.3356,0.337,22.41,-1.78,0.016807,13.18,-5.0,9.6411,5.5107,-0.5000000000000004,0.8660254037844384,2014-11-01
Fangchenggang,2014,12,108.35,21.69,15.19,19.76,9.3,5.38,10.01,17.03,101.44,6.41,13.99,7.6,30.7,72.72,7.8,1.09,9.06,30.56,4.2,0.74,68.82,1.44,2.16,0.63,0.65,0.64,15.16,0.6876,-0.25,0.8314,-0.184,0.5967,4.51,11.54,0.011432,8.32,-5.08,5.9507,3.3943,-2.4492935982947064e-16,1.0,2014-12-01
Fangchenggang,2015,1,108.35,21.69,15.35,21.66,9.23,5.52,12.16,15.97,101.3,4.7,10.15,5.78,41.0,82.16,8.95,1.47,10.98,30.09,5.01,0.9,56.16,1.05,1.68,0.62,0.64,0.63,16.27,0.3384,0.1265,0.3122,0.3454,0.44375,5.09,7.57,0.010702,8.66,-8.0,6.263,2.613,0.49999999999999994,0.8660254037844387,2015-01-01
Fangchenggang,2015,2,108.35,21.69,17.44,24.85,8.68,4.52,14.88,18.09,101.01,4.0,9.74,5.1,77.9,85.64,10.96,0.66,10.37,32.84,4.9,1.03,78.55,0.92,1.64,0.59,0.61,0.59,17.69,-0.4737,-0.1009,-0.2538,0.0856,0.2908,16.45,-0.26,0.018832,11.55,-9.36,7.8381,3.0007,0.8660254037844386,0.5000000000000001,2015-02-01
Fangchenggang,2015,3,108.35,21.69,20.71,27.51,12.97,4.79,18.27,21.47,100.77,4.12,12.81,5.19,74.4,86.48,13.3,0.82,11.01,34.8,5.24,1.05,80.07,0.92,1.74,0.56,0.58,0.55,19.53,-0.8588,-0.5581,-1.2257,-0.5853,0.1535,23.49,-7.84,0.028661,15.75,-6.6,10.451,4.6188,1.0,6.123233995736766e-17,2015-03-01
Fangchenggang,2015,4,108.35,21.69,23.8,31.07,15.67,5.66,19.74,24.82,100.5,5.09,12.28,6.19,126.9,79.19,14.72,0.71,17.51,34.52,8.15,1.61,54.1,0.73,1.79,0.52,0.54,0.48,22.81,-1.766,-1.6558,-2.1493,-3.09,0.3612,25.52,-7.04,0.019452,17.12,-6.45,9.6395,5.3604,0.8660254037844387,-0.4999999999999998,2015-04-01
Fangchenggang,2015,5,108.35,21.69,27.92,31.54,21.68,3.4,25.61,28.26,99.85,4.6,9.97,5.69,186.0,87.54,20.79,3.49,16.99,37.45,8.25,1.8,71.39,1.34,2.08,0.55,0.56,0.55,24.71,-0.4152,-1.1646,-0.4643,-3.09,0.2384,33.62,-17.04,0.035087,20.85,-3.27,13.4463,7.9047,0.49999999999999994,-0.8660254037844387,2015-05-01
Fangchenggang,2015,6,108.35,21.69,29.26,33.14,27.08,2.28,26.55,29.43,99.7,5.56,13.38,6.84,185.2,85.52,21.95,6.33,19.36,37.63,9.46,2.14,70.11,3.29,3.57,0.65,0.65,0.68,26.2,-0.6765,-1.0366,-0.642,-2.1023,0.3855,34.46,-17.31,0.037278,21.13,-2.53,13.7314,8.8894,1.2246467991473532e-16,-1.0,2015-06-01
Fangchenggang,2015,7,108.35,21.69,28.72,33.55,25.03,3.19,25.26,29.21,99.58,5.51,11.06,6.69,209.9,82.12,20.44,14.3,14.56,37.73,7.14,1.66,86.63,2.89,3.98,0.67,0.66,0.7,25.38,0.8864,0.0868,0.8824,0.168,0.4352,34.12,-15.8,0.009127,19.85,-2.48,13.6638,8.9835,-0.4999999999999997,-0.8660254037844388,2015-07-01
Fangchenggang,2015,8,108.35,21.69,28.78,32.75,25.55,2.69,25.43,28.91,99.82,3.45,9.2,4.23,188.2,82.5,20.55,6.71,17.41,37.43,8.43,1.93,75.6,3.53,4.12,0.85,0.87,0.86,24.52,-0.8172,-0.2146,-0.8308,-0.208,0.3768,33.02,-15.09,0.008546,20.18,-3.28,12.9373,8.1064,-0.8660254037844385,-0.5000000000000004,2015-08-01
Fangchenggang,2015,9,108.35,21.69,27.91,31.07,22.54,2.85,25.22,28.36,100.15,4.26,8.82,5.17,114.5,85.47,20.22,7.0,15.7,37.4,7.65,1.7,72.7,3.26,4.42,0.86,0.88,0.86,22.6,0.078,0.0116,0.0656,-0.0103,0.5066,34.07,-15.71,0.012828,19.21,-3.1,13.6446,8.8881,-1.0,-1.8369701987210297e-16,2015-09-01
Fangchenggang,2015,10,108.35,21.69,25.21,30.02,19.09,4.59,21.16,26.0,100.67,4.41,16.1,5.26,28.6,78.78,15.79,1.97,15.66,35.12,7.41,1.51,49.39,4.31,4.5,0.78,0.8,0.79,19.79,-0.418,-0.6534,-0.2638,-0.6103,0.4567,26.58,-5.86,0.010671,16.28,-4.55,10.2691,6.7958,-0.8660254037844386,0.5000000000000001,2015-10-01
Fangchenggang,2015,11,108.35,21.69,22.84,27.6,13.14,3.67,20.36,23.96,100.9,4.74,12.26,5.71,70.1,86.22,15.24,4.77,11.92,35.0,5.76,1.16,68.54,2.64,3.32,0.75,0.77,0.78,17.11,1.8616,0.2806,1.6448,0.2284,0.528,25.35,-5.86,0.021444,14.87,-5.78,10.3211,5.8928,-0.5000000000000004,0.8660254037844384,2015-11-01
Fangchenggang,2015,12,108.35,21.69,16.36,25.31,10.35,4.63,13.48,18.26,101.33,6.1,12.02,7.27,28.9,83.75,9.87,2.82,7.46,32.54,3.63,0.7,81.87,1.23,2.43,0.75,0.76,0.77,15.02,2.0054,0.9237,1.7204,0.7551,0.4528,16.07,4.74,0.01572,9.73,-6.88,7.5044,4.6527,-2.4492935982947064e-16,1.0,2015-12-01
Fangchenggang,2016,1,108.35,21.69,14.92,22.28,3.69,4.42,12.6,16.5,101.22,5.31,13.88,6.38,34.9,86.47,9.39,7.91,7.34,32.11,3.6,0.72,85.31,0.87,2.17,0.78,0.79,0.81,16.12,2.2419,2.8389,2.2919,2.3872,0.4396,17.37,2.77,0.017352,9.5,-9.19,7.4581,3.9284,0.49999999999999994,0.8660254037844387,2016-01-01
Fangchenggang,2016,2,108.35,21.69,14.13,24.66,6.11,5.78,10.23,15.39,101.46,5.93,14.06,7.2,27.4,78.33,7.93,0.41,10.44,30.79,4.9,1.06,74.91,0.94,2.95,0.81,0.84,0.82,18.92,-0.8314,2.3796,0.0527,2.1304,0.2574,4.22,13.1,0.009579,8.46,-5.27,5.1534,3.2535,0.8660254037844386,0.5000000000000001,2016-02-01
Fangchenggang,2016,3,108.35,21.69,18.18,24.64,8.77,4.67,15.84,18.57,100.84,3.67,14.53,4.61,63.4,86.76,11.43,1.41,11.23,33.29,5.26,1.06,78.87,1.41,2.84,0.74,0.76,0.76,19.24,0.026,1.8516,0.4516,1.79,0.4556,23.97,-4.25,0.022294,13.97,-7.76,9.2057,5.1015,1.0,6.123233995736766e-17,2016-03-01
Fangchenggang,2016,4,108.35,21.69,23.85,30.06,17.88,3.97,22.13,23.92,100.16,3.15,12.34,4.25,172.9,90.34,16.79,4.71,14.7,35.75,6.81,1.36,65.13,2.19,3.17,0.72,0.73,0.75,20.71,1.6679,0.6442,1.4996,0.9355,0.4667,32.39,-13.86,0.033888,19.61,-6.36,11.4466,6.884,0.8660254037844387,-0.4999999999999998,2016-04-01
Fangchenggang,2016,5,108.35,21.69,26.5,29.82,20.45,3.42,24.05,26.8,100.02,4.32,10.64,5.36,163.0,86.9,19.02,5.45,18.87,36.75,9.06,2.09,70.09,3.22,3.95,0.73,0.74,0.76,24.81,0.3997,0.864,0.6151,0.9674,0.4778,31.06,-12.98,0.029694,19.55,-3.59,12.2271,7.7916,0.49999999999999994,-0.8660254037844387,2016-05-01
Fangchenggang,2016,6,108.35,21.69,29.1,31.59,24.24,2.29,26.49,29.32,99.81,4.55,8.45,5.62,183.9,85.93,21.87,9.45,19.85,37.86,9.71,2.36,78.09,2.75,3.89,0.83,0.84,0.84,26.54,0.2583,0.6769,0.364,0.7295,0.3352,33.14,-15.99,0.0293,20.84,-2.89,13.1839,8.29,1.2246467991473532e-16,-1.0,2016-06-01
Fangchenggang,2016,7,108.35,21.69,29.2,32.13,27.21,1.8,26.45,29.34,99.77,4.94,10.18,6.15,183.0,85.25,21.83,18.12,17.58,37.64,8.63,2.13,77.62,1.76,4.0,0.97,0.96,0.94,26.41,1.5328,1.0395,1.3607,0.99,0.4443,33.13,-16.52,0.02946,21.06,-3.18,13.1939,8.0345,-0.4999999999999997,-0.8660254037844388,2016-07-01
Fangchenggang,2016,8,108.35,21.69,28.91,32.56,24.58,2.72,25.79,29.25,99.46,3.96,20.34,4.85,163.5,83.42,21.08,14.41,16.7,37.85,8.16,1.95,79.61,2.22,4.45,0.96,0.96,0.93,24.27,0.7516,1.1146,0.6827,1.0511,0.3734,34.91,-17.22,0.007591,20.65,-2.31,13.9764,9.3061,-0.8660254037844385,-0.5000000000000004,2016-08-01
Fangchenggang,2016,9,108.35,21.69,27.77,31.49,23.46,3.63,24.36,28.21,100.0,3.91,10.23,4.74,33.4,81.99,19.24,6.46,17.22,36.96,8.3,1.88,68.67,3.19,5.03,0.92,0.93,0.9,22.85,-0.0812,1.0796,-0.0835,1.0568,0.4928,31.56,-11.57,0.012552,18.77,-2.7,12.3313,8.61,-1.0,-1.8369701987210297e-16,2016-09-01
Fangchenggang,2016,10,108.35,21.69,25.8,30.62,18.14,4.45,22.41,26.44,100.31,5.35,16.44,6.45,35.1,81.96,17.09,4.53,17.37,35.76,8.25,1.76,49.81,4.0,4.68,0.8,0.83,0.82,20.39,0.4549,0.4663,0.4649,0.4467,0.5516,27.99,-9.74,0.014192,17.29,-3.72,11.775,6.9349,-0.8660254037844386,0.5000000000000001,2016-10-01
Fangchenggang,2016,11,108.35,21.69,20.52,26.96,10.07,4.57,17.78,22.25,100.95,5.44,13.52,6.49,38.9,84.77,13.18,2.0,11.98,33.71,5.78,1.24,58.94,2.61,3.45,0.77,0.79,0.79,17.54,0.5064,0.1708,0.7135,0.2084,0.50215,20.41,-1.54,0.015317,13.83,-5.26,9.1762,5.5555,-0.5000000000000004,0.8660254037844384,2016-11-01
Fangchenggang,2016,12,108.35,21.69,17.76,23.1,10.44,5.24,13.85,18.63,101.17,5.51,12.6,6.86,37.8,78.86,10.14,0.5,11.49,31.62,5.38,1.06,65.08,1.74,2.5,0.71,0.73,0.73,15.87,-0.1063,0.3641,-0.352,0.289,0.4527,13.23,5.68,0.010865,11.42,-5.7,6.9389,4.0813,-2.4492935982947064e-16,1.0,2016-12-01
Fangchenggang,2017,1,108.35,21.69,17.34,23.3,10.53,5.07,14.46,18.26,101.16,4.73,11.36,5.72,41.6,83.76,10.38,2.02,10.33,32.22,4.9,1.06,69.33,1.41,2.19,0.68,0.7,0.7,16.58,0.6143,0.3512,0.4194,0.3448,0.464,14.85,1.69,0.016707,11.18,-6.89,8.2085,3.9871,0.49999999999999994,0.8660254037844387,2017-01-01
Fangchenggang,2017,2,108.35,21.69,17.06,24.35,9.42,5.57,13.37,18.12,101.2,4.89,12.64,5.9,56.1,79.95,9.85,0.93,11.98,32.21,5.63,1.17,68.93,1.42,2.35,0.65,0.67,0.65,19.16,-0.1633,-0.0015,0.0745,-0.1681,0.2522,11.1,3.74,0.013531,9.93,-8.46,7.1821,2.9859,0.8660254037844386,0.5000000000000001,2017-02-01
Fangchenggang,2017,3,108.35,21.69,20.14,25.17,14.12,4.6,17.73,20.61,100.68,4.2,12.73,5.44,77.9,86.66,12.86,2.83,10.04,34.86,4.93,1.1,83.35,1.52,2.39,0.61,0.63,0.62,20.65,1.4233,0.6662,1.4378,0.5596,0.0404,25.19,-6.44,0.025782,14.31,-7.78,9.9641,5.066,1.0,6.123233995736766e-17,2017-03-01
Fangchenggang,2017,4,108.35,21.69,22.93,29.01,14.86,4.87,19.73,23.49,100.41,4.29,12.66,5.46,125.0,83.0,14.61,1.24,15.57,35.18,7.44,1.62,69.64,2.44,2.96,0.6,0.62,0.59,23.44,-0.9549,0.0153,-0.6425,0.2349,0.305,26.41,-7.69,0.023898,16.52,-5.47,10.5438,6.017,0.8660254037844387,-0.4999999999999998,2017-04-01
Fangchenggang,2017,5,108.35,21.69,26.18,30.05,21.81,4.14,22.76,26.57,100.18,3.64,10.18,4.54,100.0,82.26,17.52,5.15,18.14,36.48,8.71,1.94,75.64,3.65,3.9,0.61,0.62,0.63,24.97,0.2894,0.2738,0.5826,0.5295,0.4709,29.25,-10.43,0.015743,18.2,-3.76,11.6747,7.2331,0.49999999999999994,-0.8660254037844387,2017-05-01
Fangchenggang,2017,6,108.35,21.69,28.67,32.1,24.82,2.3,26.28,29.04,99.71,4.8,7.73,5.9,184.3,87.02,21.62,11.63,15.46,37.81,7.7,1.84,91.49,2.37,3.17,0.72,0.71,0.75,25.95,0.7937,0.4228,0.8335,0.6358,0.3928,34.88,-18.2,0.034312,20.95,-2.85,14.0282,8.8624,1.2246467991473532e-16,-1.0,2017-06-01
Fangchenggang,2017,7,108.35,21.69,28.7,32.83,26.64,2.09,25.98,28.95,99.77,4.43,10.03,5.46,155.6,85.29,21.2,14.135000000000002,15.79,37.61,7.84,1.9,88.74,1.88,4.18,0.96,0.95,0.94,25.86,1.8908,1.4335,1.6783,1.3219,0.5546,34.9,-17.04,0.019211,20.15,-2.97,13.8443,8.9785,-0.4999999999999997,-0.8660254037844388,2017-07-01
Fangchenggang,2017,8,108.35,21.69,29.05,32.2,26.82,1.94,26.4,29.24,99.74,4.34,9.9,5.38,190.5,85.68,21.77,16.64,16.49,37.51,8.13,2.04,84.09,1.38,3.51,0.98,0.98,0.95,25.37,1.0948,1.6253,1.0635,1.5709,0.4899,34.88,-17.24,0.024189,20.56,-3.06,13.7247,8.9915,-0.8660254037844385,-0.5000000000000004,2017-08-01
Fangchenggang,2017,9,108.35,21.69,28.92,31.64,26.6,2.41,25.91,29.19,100.07,3.59,10.84,4.36,135.3,83.92,21.06,8.55,17.57,37.38,8.57,2.0,74.59,2.16,4.18,0.97,0.96,0.93,23.24,0.4939,1.6291,0.3663,1.6169,0.5222,34.29,-17.35,0.014696,20.29,-3.03,13.8888,8.6088,-1.0,-1.8369701987210297e-16,2017-09-01
Fangchenggang,2017,10,108.35,21.69,24.56,29.96,17.78,3.79,21.34,25.67,100.59,5.96,16.51,7.23,36.4,82.53,16.19,9.75,15.85,34.89,7.54,1.55,57.56,2.11,4.63,0.95,0.95,0.92,20.13,1.5079,1.304,1.3834,1.2073,0.6281,25.16,-4.69,0.018539,15.69,-3.45,10.476,7.1181,-0.8660254037844386,0.5000000000000001,2017-10-01
Fangchenggang,2017,11,108.35,21.69,20.34,26.84,11.72,4.27,17.51,21.7,100.93,5.74,11.66,6.9,30.3,84.37,12.8,1.46,8.88,33.95,4.35,0.92,75.94,2.07,3.36,0.82,0.85,0.83,16.61,0.1097,1.1787,0.3965,1.1435,0.52,23.72,-1.9,0.015102,13.46,-5.75,9.2683,6.5932,-0.5000000000000004,0.8660254037844384,2017-11-01
Fangchenggang,2017,12,108.35,21.69,15.61,20.92,7.94,4.92,11.31,16.82,101.35,6.17,12.95,7.45,28.0,76.63,8.49,1.72,9.32,31.04,4.31,0.81,74.66,1.3,2.67,0.77,0.79,0.79,14.96,1.2613,1.5775,1.2071,1.498,0.4343,6.0,11.06,0.011383,8.73,-3.71,6.5694,3.7755,-2.4492935982947064e-16,1.0,2017-12-01
Fangchenggang,2018,1,108.35,21.69,15.1,21.77,5.1,5.05,12.1,16.08,101.02,4.98,13.94,6.15,46.6,83.34,9.18,1.08,8.4,32.19,4.07,0.87,80.56,0.97,2.21,0.73,0.75,0.75,16.68,0.0966,0.2628,0.0877,0.5395,0.3813,11.89,7.22,0.018341,9.6,-4.14,7.6668,4.2319,0.49999999999999994,0.8660254037844387,2018-01-01
Fangchenggang,2018,2,108.35,21.69,15.09,22.48,5.86,5.29,11.08,15.9,101.16,4.51,10.34,5.61,42.7,78.29,8.75,0.39,9.46,32.05,4.53,0.96,88.0,1.17,2.26,0.67,0.7,0.68,18.59,-0.8957,-0.1028,-0.0814,0.2336,0.0841,8.87,6.11,0.013386,9.55,-6.91,6.9887,3.0346,0.8660254037844386,0.5000000000000001,2018-02-01
Fangchenggang,2018,3,108.35,21.69,20.0,25.26,12.39,5.03,17.04,20.3,100.72,3.54,13.79,4.58,116.6,83.99,12.38,1.66,15.21,33.19,7.12,1.51,62.6,2.02,2.77,0.63,0.65,0.64,21.66,0.3239,-0.4455,0.1834,-0.1224,0.4144,22.6,-3.19,0.020152,13.93,-9.39,8.1087,4.474,1.0,6.123233995736766e-17,2018-03-01
Fangchenggang,2018,4,108.35,21.69,22.85,29.13,15.29,4.46,19.46,23.61,100.51,3.98,13.2,4.95,126.6,82.04,14.48,2.19,15.24,34.8,7.3,1.54,69.53,2.33,2.85,0.59,0.61,0.59,23.47,0.0227,-0.3472,0.2483,0.0851,0.3504,27.43,-7.72,0.02367,15.9,-6.4,10.4185,6.2527,0.8660254037844387,-0.4999999999999998,2018-04-01
Fangchenggang,2018,5,108.35,21.69,27.7,31.79,24.07,3.03,25.04,28.14,100.11,4.36,8.67,5.33,187.6,85.77,19.99,3.46,20.06,37.01,9.73,2.15,69.22,3.06,3.17,0.62,0.63,0.63,26.08,-0.4299,-0.3215,-0.3946,-0.2166,0.4888,32.25,-14.45,0.03739,19.89,-4.4,12.3545,7.314,0.49999999999999994,-0.8660254037844387,2018-05-01
Fangchenggang,2018,6,108.35,21.69,29.17,32.88,26.15,2.86,25.88,29.45,99.61,4.56,8.21,5.6,192.7,82.72,21.13,8.7,17.69,38.23,8.74,2.06,88.8,4.1,4.24,0.67,0.67,0.71,25.86,0.0552,-0.2328,0.1776,-0.1211,0.2248,35.23,-16.33,0.019687,20.05,-2.51,13.7893,9.6235,1.2246467991473532e-16,-1.0,2018-06-01
Fangchenggang,2018,7,108.35,21.69,28.77,32.73,26.27,2.18,26.13,29.12,99.41,5.34,10.79,6.54,130.5,85.78,21.49,15.7,15.93,37.89,7.95,1.93,89.58,2.91,4.08,0.81,0.81,0.83,26.14,1.135,0.5076,1.0782,0.5442,0.3783,35.21,-17.88,0.020646,20.06,-2.22,14.5078,9.4822,-0.4999999999999997,-0.8660254037844388,2018-07-01
Fangchenggang,2018,8,108.35,21.69,28.81,31.84,26.73,2.52,25.92,29.06,99.39,3.71,13.39,4.54,210.7,84.54,21.22,15.88,16.1,37.7,7.94,1.88,90.62,1.95,3.78,0.96,0.96,0.94,24.57,0.9813,0.9789,0.9555,0.9427,0.4846,35.85,-17.93,0.008307,20.57,-2.73,14.1181,9.3705,-0.8660254037844385,-0.5000000000000004,2018-08-01
Fangchenggang,2018,9,108.35,21.69,27.78,31.29,23.04,3.19,24.22,28.24,100.09,4.23,15.07,5.15,77.1,81.23,19.08,6.66,16.68,36.77,8.08,1.82,66.34,3.42,5.39,0.93,0.94,0.91,23.04,-0.0212,1.0131,-0.0219,1.0144,0.3752,30.93,-12.51,0.005854,18.63,-3.39,12.4833,7.9047,-1.0,-1.8369701987210297e-16,2018-09-01
Fangchenggang,2018,10,108.35,21.69,24.36,28.95,18.51,4.74,20.5,25.25,100.78,4.81,10.2,5.78,44.4,79.91,15.18,2.84,15.41,34.81,7.34,1.57,56.98,3.65,4.57,0.81,0.83,0.82,20.08,-0.0624,0.4637,0.1853,0.5026,0.4119,25.72,-4.88,0.015717,15.54,-5.21,9.8869,6.5464,-0.8660254037844386,0.5000000000000001,2018-10-01
Fangchenggang,2018,11,108.35,21.69,22.02,26.25,15.63,4.96,18.76,22.83,100.92,4.47,11.61,5.37,51.6,82.44,13.71,2.68,12.75,33.96,6.08,1.3,59.4,2.63,3.29,0.75,0.78,0.78,17.5,0.9156,0.0219,0.8449,0.0902,0.1213,20.89,-2.74,0.016045,14.39,-6.26,9.0324,4.6878,-0.5000000000000004,0.8660254037844384,2018-11-01
Fangchenggang,2018,12,108.35,21.69,16.9,26.03,5.35,4.62,14.36,19.13,101.23,6.11,11.91,7.28,34.8,85.77,10.74,1.62,7.85,32.94,3.86,0.85,78.03,1.41,2.5,0.73,0.75,0.75,15.59,1.1803,0.3863,0.9991,0.3839,0.4538,17.18,0.84,0.018492,11.77,-6.21,8.6106,4.6737,-2.4492935982947064e-16,1.0,2018-12-01
Fangchenggang,2019,1,108.35,21.69,15.4,21.2,6.34,4.95,12.82,16.81,101.35,5.14,11.57,6.14,31.3,85.21,9.38,0.85,7.74,32.74,3.79,0.88,85.79,0.93,1.9,0.7,0.72,0.71,16.3,-0.0761,0.5599,-0.1293,0.5695,0.0219,13.54,1.56,0.016032,10.53,-7.36,8.3243,3.5061,0.49999999999999994,0.8660254037844387,2019-01-01
Fangchenggang,2019,2,108.35,21.69,19.29,24.77,10.96,5.08,17.42,19.79,100.86,3.83,10.92,4.91,73.6,89.26,12.61,2.94,10.38,34.48,5.05,1.2,80.12,1.4,2.31,0.67,0.69,0.68,18.71,1.1669,0.7259,0.8786,0.5581,0.1639,16.45,-5.11,0.027184,15.11,-8.47,8.8128,2.8755,0.8660254037844386,0.5000000000000001,2019-02-01
Fangchenggang,2019,3,108.35,21.69,20.61,27.66,13.53,4.77,18.41,21.05,100.61,4.06,11.79,5.18,49.0,87.61,13.41,2.39,10.14,35.27,4.84,1.02,80.57,1.56,2.69,0.68,0.7,0.7,18.8,1.0523,0.7381,0.8209,0.5464,0.1151,25.03,-7.04,0.025634,15.55,-6.69,10.1633,4.8906,1.0,6.123233995736766e-17,2019-03-01
Fangchenggang,2019,4,108.35,21.69,25.21,30.82,17.05,4.17,23.16,25.47,100.21,4.11,9.62,5.34,170.4,88.7,17.96,2.99,15.43,36.61,7.3,1.55,68.43,2.78,3.38,0.66,0.68,0.68,21.95,0.6391,1.2187,0.0928,0.7777,0.2655,30.08,-12.84,0.031977,19.61,-6.25,11.0788,6.108,0.8660254037844387,-0.4999999999999998,2019-04-01
Fangchenggang,2019,5,108.35,21.69,26.8,30.75,21.06,3.37,24.31,27.38,99.97,4.28,10.0,5.17,131.9,86.58,19.32,8.34,14.29,37.56,6.92,1.52,76.36,2.52,3.05,0.68,0.68,0.7,23.24,1.3014,1.3757,1.1808,1.1083,0.3506,32.09,-14.48,0.030483,19.38,-3.08,13.0935,8.2886,0.49999999999999994,-0.8660254037844387,2019-05-01
Fangchenggang,2019,6,108.35,21.69,29.23,31.99,24.64,2.05,27.17,29.32,99.62,4.69,8.58,5.81,192.0,88.72,22.83,9.41,16.46,38.2,8.17,1.96,90.73,2.1,3.3,0.86,0.87,0.87,25.95,0.2477,0.8626,0.3366,0.7752,0.1982,34.53,-18.07,0.038022,21.49,-2.33,13.9662,9.0582,1.2246467991473532e-16,-1.0,2019-06-01
Fangchenggang,2019,7,108.35,21.69,29.49,31.78,26.13,2.14,26.87,29.62,99.53,4.88,19.19,6.02,181.9,85.86,22.43,11.46,17.11,38.21,8.48,2.08,91.43,2.22,4.19,0.92,0.93,0.91,25.91,0.3286,0.6509,0.3318,0.6599,0.3338,35.29,-18.61,0.019879,21.19,-2.22,14.3406,9.2964,-0.4999999999999997,-0.8660254037844388,2019-07-01
Fangchenggang,2019,8,108.35,21.69,29.25,32.55,26.96,2.36,26.38,29.54,99.49,4.07,12.7,5.0,160.6,84.67,21.79,8.275,16.56,37.88,8.1,1.94,80.32,1.97,4.04,0.97,0.97,0.94,24.85,1.5179,0.9991,1.5595,0.902,0.4694,34.22,-16.92,0.00791,20.93,-2.5,13.6692,8.689,-0.8660254037844385,-0.5000000000000004,2019-08-01
Fangchenggang,2019,9,108.35,21.69,27.95,31.92,22.16,4.16,23.65,28.29,100.23,4.23,11.58,5.11,35.6,78.2,18.58,5.09,19.9,36.13,9.41,2.13,50.46,3.56,5.51,0.93,0.93,0.9,23.33,-0.5306,0.8366,-0.625,0.75,0.5567,28.35,-8.64,0.012816,18.5,-3.84,10.7977,6.8856,-1.0,-1.8369701987210297e-16,2019-09-01
Fangchenggang,2019,10,108.35,21.69,25.54,30.07,18.41,3.76,21.84,26.41,100.7,4.57,9.75,5.47,60.2,80.39,16.51,3.62,15.75,35.53,7.45,1.52,57.07,3.6,4.42,0.8,0.83,0.82,19.84,0.1966,0.7541,0.2665,0.6976,0.6157,27.07,-7.82,0.01455,16.47,-5.08,10.7717,6.4018,-0.8660254037844386,0.5000000000000001,2019-10-01
Fangchenggang,2019,11,108.35,21.69,21.02,26.98,13.32,5.6,16.89,21.94,100.97,5.19,11.8,6.27,38.3,77.93,12.16,0.65,13.74,33.12,6.4,1.2,51.49,2.92,3.35,0.72,0.75,0.74,17.2,-0.7469,-0.5129,-0.6513,-0.5103,0.5471,16.53,0.6,0.011573,13.27,-4.71,8.7385,4.5186,-0.5000000000000004,0.8660254037844384,2019-11-01
Fangchenggang,2019,12,108.35,21.69,17.22,23.37,9.89,5.97,12.42,18.09,101.26,4.98,12.3,6.08,31.3,75.27,9.35,0.1,12.2,30.96,5.58,1.02,54.72,1.97,2.26,0.64,0.67,0.64,16.13,-1.2754,-0.4076,-1.5032,-0.3967,0.3232,8.15,6.43,0.009875,10.33,-7.6,6.2552,2.9574,-2.4492935982947064e-16,1.0,2019-12-01
Fangchenggang,2020,1,108.35,21.69,17.5,23.72,8.6,5.07,14.53,18.5,101.09,4.61,12.21,5.63,55.0,83.68,10.71,3.34,9.42,32.84,4.5,0.88,75.86,1.27,1.94,0.62,0.64,0.64,16.31,1.1181,0.2087,0.9828,0.1771,0.0154,15.86,-0.63,0.018809,11.51,-8.41,8.4124,3.2256,0.49999999999999994,0.8660254037844387,2020-01-01
Fangchenggang,2020,2,108.35,21.69,17.92,24.52,9.38,4.77,15.19,18.35,101.21,4.34,14.64,5.48,62.3,84.88,11.02,3.04,10.46,33.23,4.99,1.03,77.11,1.24,2.41,0.69,0.7,0.71,18.29,1.2644,1.1167,1.0594,0.8473,0.5526,19.72,0.3,0.019248,11.92,-7.67,8.1688,4.2178,0.8660254037844386,0.5000000000000001,2020-02-01
Fangchenggang,2020,3,108.35,21.69,21.46,30.4,14.63,4.47,19.24,21.87,100.57,4.54,12.42,5.8,73.2,87.67,14.11,2.86,10.37,35.7,4.94,0.96,81.65,1.58,2.69,0.68,0.69,0.7,18.9,1.4472,1.6817,1.0379,1.2562,0.0638,26.77,-8.15,0.027228,15.93,-6.77,10.4352,5.4704,1.0,6.123233995736766e-17,2020-03-01
Fangchenggang,2020,4,108.35,21.69,21.49,27.51,15.27,4.33,18.28,22.37,100.77,4.58,12.76,5.62,43.1,82.87,13.38,3.88,12.14,35.25,5.87,1.23,85.29,2.11,3.04,0.68,0.69,0.7,21.92,1.2084,1.7029,1.5333,1.5346,0.5247,25.93,-6.0,0.019995,14.48,-7.5,9.8298,6.0125,0.8660254037844387,-0.4999999999999998,2020-04-01
Fangchenggang,2020,5,108.35,21.69,27.44,31.51,22.6,3.3,24.94,27.72,99.95,4.41,9.17,5.51,191.8,86.54,19.95,2.96,20.18,37.24,9.7,2.17,68.06,3.58,3.6,0.66,0.68,0.68,25.52,-0.6882,0.3843,-0.6928,0.4853,0.3367,33.27,-17.4,0.032316,21.14,-3.65,13.3258,7.6544,0.49999999999999994,-0.8660254037844387,2020-05-01
Fangchenggang,2020,6,108.35,21.69,29.35,31.46,27.52,1.88,26.97,29.47,99.72,6.03,10.47,7.44,191.0,87.07,22.51,8.3,18.94,37.99,9.28,2.2,84.73,3.08,3.6,0.72,0.72,0.75,26.33,-0.0579,-0.0882,0.0418,0.1191,0.3115,35.28,-17.65,0.0343025,21.38,-2.64,13.7244,9.2571,1.2246467991473532e-16,-1.0,2020-06-01
Fangchenggang,2020,7,108.35,21.69,29.61,32.2,28.06,2.2,26.6,29.86,99.78,5.0,8.98,6.14,191.2,83.98,22.01,4.18,20.85,37.88,10.13,2.5,79.62,3.84,4.15,0.78,0.79,0.79,26.53,-1.7634,-1.1328,-2.2984,-1.5652,0.5374,32.89,-15.59,0.036289,21.08,-2.4,13.1257,8.4602,-0.4999999999999997,-0.8660254037844388,2020-07-01
Fangchenggang,2020,8,108.35,21.69,28.89,31.87,27.23,1.98,25.93,29.37,99.72,4.24,13.08,5.2,163.6,84.18,21.17,18.37,15.78,37.68,7.78,1.93,83.04,2.41,4.04,0.92,0.92,0.91,25.33,1.3411,0.1367,1.3788,0.0686,0.3262,33.91,-16.02,0.020059,20.0,-2.93,13.5135,8.7783,-0.8660254037844385,-0.5000000000000004,2020-08-01
Fangchenggang,2020,9,108.35,21.69,28.53,32.45,22.48,2.76,25.56,29.11,100.05,3.61,12.69,4.34,122.6,84.19,20.65,12.32,16.26,37.7,7.97,1.88,81.11,2.38,4.31,0.95,0.95,0.92,22.98,1.3316,0.6884,1.3758,0.5799,0.5537,34.3,-16.02,0.01618,19.52,-3.05,13.6644,8.8796,-1.0,-1.8369701987210297e-16,2020-09-01
Fangchenggang,2020,10,108.35,21.69,23.5,29.33,18.16,4.44,20.61,24.7,100.58,4.645,14.22,5.640000000000001,32.1,84.16,15.4,17.18,14.87,34.96,7.13,1.52,74.45,2.21,5.14,0.94,0.94,0.92,20.01,2.5086,2.2285,2.1693,2.0902,0.5088,24.84,-4.39,0.026036,15.15,-3.55,10.5244,7.6129,-0.8660254037844386,0.5000000000000001,2020-10-01
Fangchenggang,2020,11,108.35,21.69,21.0,25.58,12.15,5.03,17.91,21.87,101.03,5.68,10.45,6.94,29.6,83.15,13.01,0.37,13.8,33.29,6.51,1.24,54.88,2.5,3.63,0.81,0.84,0.82,17.37,-1.2382,2.3266,-1.3775,2.2122,0.5772,17.89,1.0,0.014578,13.67,-4.86,8.3523,5.2297,-0.5000000000000004,0.8660254037844384,2020-11-01
Fangchenggang,2020,12,108.35,21.69,15.12,23.17,6.92,5.93,11.11,17.1,101.32,6.55,14.36,7.88,27.6,77.99,8.49,0.26,10.3,30.95,4.77,0.89,67.27,1.39,2.51,0.72,0.75,0.73,15.26,-0.6407,2.3339,0.0318,2.1629,0.2603,3.3,8.44,0.012111,8.73,-5.39,6.9698,2.7382,-2.4492935982947064e-16,1.0,2020-12-01
Fangchenggang,2021,1,108.35,21.69,14.39,21.15,5.38,5.77,9.34,15.28,101.29,4.74,13.38,5.79,34.9,73.03,7.6,0.06,10.77,30.35,4.93,0.9,61.29,1.27,2.02,0.65,0.68,0.65,16.06,-1.4384,-1.9388,-1.0308,-3.09,0.2334,2.38,12.95,0.011744,7.53,-4.28,6.005,3.1065,0.49999999999999994,0.8660254037844387,2021-01-01
Fangchenggang,2021,2,108.35,21.69,18.61,24.0,13.24,5.23,15.55,18.99,100.91,3.43,11.46,4.24,67.4,82.99,11.07,3.22,14.12,31.37,6.5,1.19,44.36,1.63,2.36,0.65,0.66,0.66,18.98,1.2969,-0.0652,1.0466,0.0817,0.13624999999999998,18.05,-0.14,0.014219,12.03,-7.48,8.3877,3.7745,0.8660254037844386,0.5000000000000001,2021-02-01
Fangchenggang,2021,3,108.35,21.69,21.14,27.45,13.95,4.27,18.81,21.83,100.65,4.21,13.41,5.34,118.8,87.06,13.79,1.22,11.05,35.29,5.24,1.06,80.32,1.55,2.36,0.63,0.65,0.63,19.16,-0.2252,0.0797,-0.8389,-0.0212,0.0391,25.29,-6.98,0.027096,15.78,-6.31,10.2045,5.2292,1.0,6.123233995736766e-17,2021-03-01
Fangchenggang,2021,4,108.35,21.69,24.32,29.57,18.9,4.04,21.84,24.77,100.44,3.81,9.4,4.84,103.9,86.41,16.48,5.45,12.72,36.51,6.17,1.28,81.31,2.31,3.11,0.62,0.63,0.63,22.12,2.0362,1.686,1.7542,1.2786,0.0423,29.95,-11.69,0.027041,17.2,-5.29,11.965,6.6641,0.8660254037844387,-0.4999999999999998,2021-04-01
Fangchenggang,2021,5,108.35,21.69,27.92,31.3,23.2,2.74,25.75,28.19,99.99,4.74,8.63,5.82,189.4,88.18,20.93,5.62,18.68,37.34,9.13,2.13,73.56,2.91,3.49,0.72,0.73,0.75,26.09,0.4604,1.032,0.4501,0.7632,0.3995,32.72,-15.23,0.038844,20.68,-3.5,12.7081,8.033,0.49999999999999994,-0.8660254037844387,2021-05-01
Fangchenggang,2021,6,108.35,21.69,29.31,32.62,23.85,2.6,26.2,29.58,99.64,5.25,10.4,6.44,183.8,83.6,21.62,6.58,18.73,38.07,9.19,2.15,85.67,3.72,4.23,0.73,0.74,0.77,26.1,-0.5913,0.3645,-0.54,0.3194,0.1931,33.56,-16.31,0.025937,20.9,-2.1,13.5998,8.92,1.2246467991473532e-16,-1.0,2021-06-01
Fangchenggang,2021,7,108.35,21.69,29.58,32.35,27.76,2.45,26.26,29.97,99.62,3.96,11.6,4.82,177.1,82.54,21.61,6.71,20.25,37.96,9.82,2.33,78.4,3.96,4.34,0.77,0.78,0.79,26.06,-0.8623,-0.5948,-0.8521,-0.6478,0.42100000000000004,33.0,-15.88,0.015875,20.82,-2.59,13.2675,8.3653,-0.4999999999999997,-0.8660254037844388,2021-07-01
Fangchenggang,2021,8,108.35,21.69,29.38,32.94,27.28,2.12,26.45,29.64,99.79,4.1,7.61,5.07,175.3,84.32,21.83,14.18,16.5,38.01,8.17,2.0,84.1,2.48,4.15,0.89,0.9,0.89,25.32,0.7143,-0.2016,0.586,-0.2945,0.6489,34.7,-16.92,0.020496,20.89,-2.81,13.566,8.9052,-0.8660254037844385,-0.5000000000000004,2021-08-01
Fangchenggang,2021,9,108.35,21.69,28.7,31.86,26.5,2.14,25.21,29.13,100.18,3.02,6.7,3.65,107.4,81.57,20.19,10.07,18.06,37.33,8.81,2.01,69.28,2.29,3.88,0.95,0.95,0.92,23.71,0.8559,0.312,0.8155,0.1493,0.3922,33.1,-14.78,0.014048,19.6,-3.98,12.7689,7.9733,-1.0,-1.8369701987210297e-16,2021-09-01
Fangchenggang,2021,10,108.35,21.69,23.95,31.34,16.71,4.49,20.88,25.38,100.54,4.325,18.35,5.3,33.6,83.35,15.73,6.76,13.27,35.22,6.48,1.39,68.02,2.41,5.06,0.92,0.93,0.9,20.22,0.9683,0.9729,1.011,0.9148,0.2186,28.32,-6.4,0.023026,15.39,-4.16,11.0003,8.2723,-0.8660254037844386,0.5000000000000001,2021-10-01
Fangchenggang,2021,11,108.35,21.69,20.1,26.75,12.26,5.08,16.05,21.04,100.97,5.63,14.19,6.95,31.5,78.36,11.78,0.61,13.81,32.83,6.57,1.26,56.75,2.55,3.84,0.8,0.83,0.81,17.84,-0.806,0.8579,-0.3307,0.9044,0.045,21.21,1.23,0.016368,12.45,-5.35,8.5375,6.2673,-0.5000000000000004,0.8660254037844384,2021-11-01
Fangchenggang,2021,12,108.35,21.69,16.53,23.55,6.78,6.13,12.04,17.65,101.37,5.36,12.68,6.42,26.7,75.96,8.89,0.25,12.68,30.07,5.8,1.0,47.38,1.79,2.47,0.7,0.73,0.71,15.88,-0.6698,0.5206,-0.3757,0.6547,0.4845,7.79,8.59,0.011025,9.64,-5.63,6.4475,3.3781,-2.4492935982947064e-16,1.0,2021-12-01
Fangchenggang,2022,1,108.35,21.69,16.22,21.83,8.44,5.1,13.8,16.98,101.06,4.62,11.33,5.7,40.3,86.09,9.99,1.93,7.54,32.78,3.7,0.76,81.95,1.12,1.88,0.66,0.68,0.67,16.25,0.5729,-0.3507,0.4831,-0.1299,0.5031,19.43,0.11,0.018295,10.25,-9.57,8.1135,3.9263,0.49999999999999994,0.8660254037844387,2022-01-01
Fangchenggang,2022,2,108.35,21.69,14.14,21.73,6.63,5.67,11.49,16.32,101.17,6.14,13.32,7.21,31.2,84.75,8.67,7.35,8.2,31.99,4.03,0.92,88.12,0.7,2.28,0.74,0.75,0.77,19.29,2.712,1.8344,2.2962,1.6747,0.1122,14.54,4.38,0.019688,8.9,-8.16,7.4448,4.0079,0.8660254037844386,0.5000000000000001,2022-02-01
Fangchenggang,2022,3,108.35,21.69,20.82,28.32,14.49,4.61,18.83,20.89,100.51,3.59,11.6,4.7,114.0,88.72,13.75,2.3,12.43,34.53,6.01,1.3,74.96,1.64,3.3,0.76,0.78,0.78,21.29,0.9712,2.1349,0.6479,1.8353,0.1787,25.43,-8.67,0.026151,16.3,-6.21,10.7283,5.367,1.0,6.123233995736766e-17,2022-03-01
Fangchenggang,2022,4,108.35,21.69,22.79,28.74,14.32,4.68,19.5,23.24,100.52,4.25,13.45,5.3,74.8,82.42,14.54,1.91,16.81,34.17,7.94,1.66,56.05,2.83,3.86,0.7,0.72,0.72,23.7,-0.2287,2.0871,0.0471,1.8937,0.2452,26.33,-5.56,0.016928,16.01,-5.48,9.868,6.4022,0.8660254037844387,-0.4999999999999998,2022-04-01
Fangchenggang,2022,5,108.35,21.69,25.04,29.25,18.07,3.51,22.44,25.55,100.1,4.48,13.87,5.47,98.5,86.01,17.38,9.56,15.33,36.15,7.57,1.7,85.14,2.75,3.94,0.76,0.76,0.79,25.26,1.621,1.3943,1.5166,1.4047,0.2735,32.54,-11.34,0.021022,17.14,-4.14,12.3097,8.9221,0.49999999999999994,-0.8660254037844387,2022-05-01
Fangchenggang,2022,6,108.35,21.69,28.34,30.67,25.28,1.9,26.33,28.47,99.67,5.13,9.56,6.35,192.5,88.86,21.69,10.28,14.94,37.81,7.46,1.7,92.61,1.83,3.38,0.89,0.9,0.89,25.43,0.4708,1.0162,0.6299,1.1492,0.128,35.98,-17.4,0.035411,20.53,-3.12,13.7778,9.4077,1.2246467991473532e-16,-1.0,2022-06-01
Fangchenggang,2022,7,108.35,21.69,29.18,31.97,27.31,2.23,26.22,29.55,99.72,4.28,9.87,5.26,170.0,84.23,21.54,9.45,20.87,37.68,10.17,2.47,65.94,2.83,4.85,0.94,0.94,0.91,26.66,-0.1244,0.6564,-0.0342,0.7976,0.5739,32.16,-15.67,0.021193,20.83,-2.86,13.0714,8.0763,-0.4999999999999997,-0.8660254037844388,2022-07-01
Fangchenggang,2022,8,108.35,21.69,29.05,32.36,26.96,2.17,25.93,29.64,99.77,3.95,15.78,4.79,156.6,83.41,21.14,17.39,16.69,38.02,8.26,2.05,78.77,2.29,4.43,0.94,0.94,0.92,25.65,1.2035,0.708,1.1935,0.6921,0.5563,33.94,-15.9,0.017517,20.17,-2.95,13.3952,8.8148,-0.8660254037844385,-0.5000000000000004,2022-08-01
Fangchenggang,2022,9,108.35,21.69,28.64,32.38,25.97,3.35,24.48,29.09,100.12,4.09,9.7,4.97,62.2,78.64,19.33,6.11,18.83,37.25,9.02,2.03,63.38,3.65,5.4,0.91,0.91,0.89,22.89,-0.1893,0.5234,-0.3787,0.4178,0.4288,32.41,-11.75,0.016209,19.17,-3.49,11.9237,8.3203,-1.0,-1.8369701987210297e-16,2022-09-01
Fangchenggang,2022,10,108.35,21.69,24.2,29.51,17.47,4.71,19.75,24.95,100.74,5.7,12.06,6.99,37.4,76.96,14.66,3.46,17.75,33.99,8.37,1.75,46.45,3.57,4.95,0.84,0.86,0.84,20.92,0.1468,0.618,0.3683,0.5973,0.45355,22.64,-0.89,0.01719,15.59,-4.17,8.6628,6.7919,-0.8660254037844386,0.5000000000000001,2022-10-01
Fangchenggang,2022,11,108.35,21.69,23.19,26.9,14.33,4.2,20.47,23.73,100.67,4.53,11.73,5.53,60.9,85.22,15.21,1.97,12.17,34.53,5.85,1.2,59.2,2.92,3.3,0.74,0.76,0.76,17.4,0.4863,-0.0889,0.1043,-0.1649,0.4783,23.25,-7.08,0.017312,15.71,-4.74,10.9122,5.2921,-0.5000000000000004,0.8660254037844384,2022-11-01
Fangchenggang,2022,12,108.35,21.69,15.0,20.93,8.37,5.99,9.66,16.96,101.33,6.48,14.5,7.75,30.4,71.92,7.58,0.12,12.2,29.59,5.6,1.05,53.5,1.7,2.55,0.69,0.71,0.69,16.15,-1.1649,-0.0417,-0.1492,0.013,0.5058,8.51,10.83,0.013085,8.3,-5.76,5.9732,3.9415,-2.4492935982947064e-16,1.0,2022-12-01
Fangchenggang,2023,1,108.35,21.69,14.77,24.96,6.89,5.94,10.6,15.51,101.28,5.54,14.81,6.89,28.4,77.45,8.24,2.13,10.26,30.62,4.83,0.99,70.1,1.18,2.05,0.67,0.69,0.69,16.78,0.6633,0.2417,0.69,0.2858,0.527,2.58,10.76,0.010986,8.43,-4.83,6.3452,3.0726,0.49999999999999994,0.8660254037844387,2023-01-01
Fangchenggang,2023,2,108.35,21.69,17.85,25.71,10.73,4.64,15.06,17.89,101.02,4.35,12.71,5.75,69.0,84.61,10.87,2.07,10.89,32.62,5.16,1.1,71.09,1.25,2.26,0.67,0.69,0.69,18.72,0.7046,0.3367,0.6512,0.4661,0.13,18.32,-0.87,0.019257,12.44,-7.08,8.6973,4.0671,0.8660254037844386,0.5000000000000001,2023-02-01
Fangchenggang,2023,3,108.35,21.69,20.79,28.15,15.38,4.85,17.76,21.26,100.78,3.99,11.57,4.97,80.3,83.57,12.87,1.24,13.13,33.76,6.13,1.23,67.51,1.5,2.22,0.6,0.63,0.6,19.47,-0.1976,0.5023,-0.6591,0.4496,0.2545,26.29,-6.99,0.019179,14.74,-8.79,9.6081,5.1218,1.0,6.123233995736766e-17,2023-03-01
Fangchenggang,2023,4,108.35,21.69,23.77,28.08,17.68,4.39,21.19,24.05,100.22,4.16,10.91,5.49,115.2,86.19,15.98,1.98,12.58,36.03,5.98,1.13,74.86,1.85,2.49,0.59,0.61,0.59,20.45,-0.1636,0.0869,-0.2322,0.0051,0.4433,29.15,-12.14,0.028924,18.71,-5.21,11.5725,6.3748,0.8660254037844387,-0.4999999999999998,2023-04-01
Fangchenggang,2023,5,108.35,21.69,27.19,33.19,21.22,4.3,24.28,27.8,100.02,4.59,10.36,5.59,144.7,84.71,19.23,3.3,18.37,36.91,8.87,1.97,58.54,3.46,3.59,0.6,0.61,0.6,25.19,-0.5096,-0.5924,-0.3116,-0.682,0.5587,31.46,-14.54,0.030439,20.28,-3.25,12.6936,7.6573,0.49999999999999994,-0.8660254037844387,2023-05-01
Fangchenggang,2023,6,108.35,21.69,29.07,32.4,26.09,2.39,26.47,29.52,99.72,4.3,8.63,5.24,167.9,86.06,21.86,6.425000000000001,15.33,38.13,7.67,1.82,82.69,2.33,3.52,0.8,0.79,0.82,26.1,2.3908,1.4713,1.8872,1.2725,0.3256,34.53,-16.81,0.024084,20.55,-2.55,13.7615,9.1244,1.2246467991473532e-16,-1.0,2023-06-01
Fangchenggang,2023,7,108.35,21.69,29.79,33.48,26.83,2.47,26.71,30.06,99.69,4.97,17.24,6.1,182.4,83.68,22.16,9.55,20.03,38.18,9.81,2.39,70.54,3.52,5.16,0.89,0.91,0.88,26.48,-0.1004,0.9882,-0.1009,0.8971,0.3221,32.58,-16.09,0.022612,21.09,-2.23,13.3887,8.4445,-0.4999999999999997,-0.8660254037844388,2023-07-01
Fangchenggang,2023,8,108.35,21.69,28.84,31.49,25.04,2.35,26.21,29.28,99.61,4.25,9.91,5.18,183.1,85.76,21.56,14.09,13.18,38.25,6.69,1.66,91.19,2.07,4.58,0.97,0.96,0.94,25.14,0.6995,1.2183,0.6303,1.1249,0.592,35.71,-18.08,0.010208,20.09,-1.98,14.6727,10.0527,-0.8660254037844385,-0.5000000000000004,2023-08-01
Fangchenggang,2023,9,108.35,21.69,28.19,31.55,23.59,3.17,25.39,28.58,99.98,4.68,11.18,5.67,55.8,84.96,20.44,11.94,15.55,37.62,7.67,1.78,72.92,2.79,5.0,0.94,0.94,0.92,23.42,1.2554,0.7561,1.3311,0.658,0.5836,34.17,-15.91,0.016033,19.11,-2.91,13.8398,9.0371,-1.0,-1.8369701987210297e-16,2023-09-01
Fangchenggang,2023,10,108.35,21.69,25.34,31.44,19.13,3.77,22.18,26.27,100.66,5.37,15.12,6.44,36.0,83.05,16.81,5.5,15.28,35.76,7.33,1.54,60.0,3.45,4.88,0.88,0.9,0.87,20.15,0.6947,1.0126,0.7042,0.9547,0.6672,27.41,-8.08,0.016872,16.3,-3.78,11.475,7.2741,-0.8660254037844386,0.5000000000000001,2023-10-01
Fangchenggang,2023,11,108.35,21.69,22.05,27.99,14.64,4.53,18.65,22.9,101.06,4.61,13.65,5.51,48.7,81.7,13.73,2.07,14.11,33.09,6.64,1.25,42.59,2.7,3.75,0.83,0.86,0.84,17.65,0.5523,1.1285,0.4713,1.047,0.5591,18.07,-0.8,0.01415,14.06,-5.3,8.7586,4.7594,-0.5000000000000004,0.8660254037844384,2023-11-01
Fangchenggang,2023,12,108.35,21.69,17.04,25.36,6.38,5.24,13.57,18.59,101.32,5.52,15.1,6.73,33.8,80.97,10.22,0.6,10.32,31.72,4.92,0.89,64.94,1.59,2.7,0.75,0.77,0.77,15.96,0.062,0.6387,0.0438,0.5133,0.6275,20.5,-0.6,0.017263,11.26,-6.25,9.4039,5.0556,-2.4492935982947064e-16,1.0,2023-12-01
Fangchenggang,2024,1,108.35,21.69,16.44,22.41,4.32,4.35,14.3,17.74,101.29,4.96,13.29,6.12,53.0,87.59,10.5,2.52,7.84,32.53,3.86,0.77,80.82,1.04,2.13,0.71,0.73,0.74,16.45,0.8247,0.5794,0.7396,0.5227,0.1909,21.75,0.61,0.020137,10.1,-8.78,8.2985,4.7145,0.49999999999999994,0.8660254037844387,2024-01-01
Fangchenggang,2024,2,108.35,21.69,16.81,24.95,8.14,5.37,14.23,17.94,101.08,5.22,11.89,6.37,37.5,85.47,10.45,0.62,9.83,32.81,4.76,1.02,75.73,1.21,2.34,0.68,0.71,0.7,18.81,-0.4972,0.1556,-0.1788,0.134,0.5365,20.49,-2.63,0.024789,13.65,-6.82,9.0526,4.2589,0.8660254037844386,0.5000000000000001,2024-02-01
Fangchenggang,2024,3,108.35,21.69,20.1,27.97,9.62,4.68,17.56,20.27,100.72,4.42,13.21,5.8,76.3,85.93,12.85,2.06,10.57,34.49,5.16,1.07,84.56,1.62,2.56,0.66,0.68,0.67,20.42,0.7442,0.4723,0.6153,0.451,0.339,24.74,-6.05,0.027326,15.87,-5.31,10.1951,5.5853,1.0,6.123233995736766e-17,2024-03-01
Fangchenggang,2024,4,108.35,21.69,25.71,32.88,20.63,4.34,23.68,25.73,99.98,3.86,8.29,5.25,181.7,88.99,18.5,3.32,15.78,36.51,7.42,1.36,63.75,2.81,3.28,0.64,0.65,0.65,21.21,0.8616,0.4445,0.1618,0.1604,0.3048,33.42,-15.79,0.039496,21.86,-5.46,11.6843,7.256,0.8660254037844387,-0.4999999999999998,2024-04-01
Fangchenggang,2024,5,108.35,21.69,26.95,32.33,21.86,3.44,24.38,27.36,100.11,4.1,9.79,4.98,92.7,86.11,19.27,14.93,14.47,37.35,7.13,1.54,86.23,3.05,4.67,0.8,0.8,0.83,24.28,2.7868,2.6425,2.0764,1.9903,0.3818,33.86,-14.78,0.025112,18.52,-4.03,13.1777,8.678,0.49999999999999994,-0.8660254037844387,2024-05-01
Fangchenggang,2024,6,108.35,21.69,28.9,31.05,25.72,1.83,26.9,29.09,99.76,4.66,8.45,5.77,171.1,88.97,22.43,17.94,15.07,38.29,7.6,1.84,93.82,1.62,3.99,0.95,0.95,0.93,25.97,2.046,2.787,1.6745,2.0916,0.4635,34.32,-17.76,0.035029,20.73,-1.94,14.3001,9.1229,1.2246467991473532e-16,-1.0,2024-06-01
Fangchenggang,2024,7,108.35,21.69,29.37,32.71,27.73,1.83,26.79,29.66,99.62,5.22,13.96,6.44,156.6,86.01,22.29,15.11,17.07,38.35,8.49,2.11,84.99,1.82,4.96,0.98,0.97,0.95,26.33,1.7447,2.6414,1.5154,2.0809,0.3052,31.61,-15.0,0.02914,20.45,-1.94,13.3268,8.439,-0.4999999999999997,-0.8660254037844388,2024-07-01
Fangchenggang,2024,8,108.35,21.69,29.41,32.75,27.49,2.22,26.53,29.69,99.83,3.81,9.49,4.69,187.2,84.59,21.91,12.28,17.21,38.07,8.49,2.09,77.25,2.1,4.36,0.98,0.97,0.95,25.21,0.3897,1.6799,0.2275,1.5698,0.4904,32.84,-15.81,0.021217,20.62,-2.63,13.3014,8.3528,-0.8660254037844385,-0.5000000000000004,2024-08-01
Fangchenggang,2024,9,108.35,21.69,28.47,32.56,22.78,3.14,25.24,28.93,99.82,4.77,11.195,5.8,56.1,82.88,20.35,14.36,15.68,37.71,7.72,1.8,74.5,2.63,5.11,0.96,0.96,0.93,23.14,1.717,1.6506,1.8114,1.608,0.5076,31.51,-13.42,0.020243,19.51,-2.49,12.8522,8.2785,-1.0,-1.8369701987210297e-16,2024-09-01
Fangchenggang,2024,10,108.35,21.69,24.88,29.76,18.91,4.89,20.69,25.66,100.58,5.9,12.9,7.15,30.4,78.05,15.44,1.74,17.55,34.56,8.36,1.73,47.8,3.96,5.17,0.82,0.84,0.82,20.87,-0.5302,0.7258,-0.3063,0.6649,0.3542,23.5,-3.5,0.018187,15.72,-3.98,9.7531,6.8953,-0.8660254037844386,0.5000000000000001,2024-10-01
Fangchenggang,2024,11,108.35,21.69,21.85,28.09,15.04,5.53,17.28,22.66,100.95,5.37,11.38,6.55,29.6,76.11,12.55,0.97,15.31,32.76,7.16,1.35,41.16,3.56,3.71,0.72,0.74,0.74,17.83,-0.3491,0.7828,-0.529,0.7393,0.6355,19.76,-1.59,0.016553,13.28,-5.49,9.3163,4.8953,-0.5000000000000004,0.8660254037844384,2024-11-01
Fangchenggang,2024,12,108.35,21.69,16.69,23.69,10.61,5.82,11.23,17.83,101.28,5.85,11.8,7.03,34.7,71.45,8.55,0.05,11.62,30.62,5.35,0.93,58.33,1.83,2.23,0.63,0.65,0.63,15.67,-1.6597,-1.0675,-1.1019,-0.9657,0.6355,4.89,9.04,0.012152,9.23,-4.22,7.0117,3.1587,-2.4492935982947064e-16,1.0,2024-12-01
Fangchenggang,2025,1,108.35,21.69,15.74,21.14,8.79,6.37,10.26,16.15,101.26,4.62,14.94,5.76,40.7,71.71,8.03,0.16,12.57,29.24,5.62,0.96,42.31,1.19,1.65,0.57,0.6,0.56,16.54,-1.0209,-1.4125,-1.479,-3.09,0.6355,4.89,9.04,0.012152,9.23,-4.22,7.0117,3.1587,0.49999999999999994,0.8660254037844387,2025-01-01
Fangchenggang,2025,2,108.35,21.69,16.33,23.33,9.58,5.5,12.68,17.14,101.21,4.81,11.09,5.85,43.4,80.08,9.32,1.07,7.79,32.95,3.89,0.88,90.87,0.69,1.37,0.55,0.57,0.53,18.67,-0.0269,-1.4415,0.2749,-1.4377,0.6355,4.89,9.04,0.012152,9.23,-4.22,7.0117,3.1587,0.8660254037844386,0.5000000000000001,2025-02-01
Fangchenggang,2025,3,108.35,21.69,19.27,27.62,10.78,6.21,14.87,20.34,100.83,5.06,13.93,6.22,43.6,77.3,10.94,1.03,12.94,33.3,6.1,1.2,69.61,0.94,1.85,0.54,0.56,0.52,20.89,-0.5047,-1.0083,-0.3554,-0.7108,0.6355,4.89,9.04,0.012152,9.23,-4.22,7.0117,3.1587,1.0,6.123233995736766e-17,2025-03-01
Fangchenggang,2025,4,108.35,21.69,23.58,30.49,14.32,5.33,19.56,24.03,100.4,3.76,14.59,4.86,168.7,79.59,14.62,1.09,15.54,35.19,7.41,1.52,75.82,0.69,1.57,0.51,0.53,0.46,22.95,-1.1539,-0.9677,-1.1757,-0.7284,0.6355,4.89,9.04,0.012152,9.23,-4.22,7.0117,3.1587,0.8660254037844387,-0.4999999999999998,2025-04-01
Fangchenggang,2025,5,108.35,21.69,26.67,30.41,19.91,4.12,23.75,27.38,100.13,4.2,15.46,5.07,143.8,84.65,18.66,6.01,15.9,36.87,7.86,1.76,84.43,2.69,3.36,0.59,0.59,0.61,25.67,0.5953,-0.0473,0.73,0.1997,0.6355,4.89,9.04,0.012152,9.23,-4.22,7.0117,3.1587,0.49999999999999994,-0.8660254037844387,2025-05-01
Fangchenggang,2025,6,108.35,21.69,28.56,32.42,24.55,2.67,26.0,28.81,99.72,4.75,11.66,5.82,163.2,86.28,21.26,11.21,17.01,37.88,8.44,2.02,85.39,3.15,3.87,0.7,0.69,0.74,26.28,0.696,0.4745,0.7734,0.6184,0.6355,4.89,9.04,0.012152,9.23,-4.22,7.0117,3.1587,1.2246467991473532e-16,-1.0,2025-06-01
Fangchenggang,2025,7,108.35,21.69,29.21,32.53,26.83,2.53,26.08,29.57,99.36,3.77,18.89,4.58,164.4,83.45,21.44,15.7,17.15,38.12,8.47,2.05,83.84,2.96,4.29,0.88,0.89,0.88,25.97,1.135,1.0241,1.0396,0.9956,0.6355,4.89,9.04,0.012152,9.23,-4.22,7.0117,3.1587,-0.4999999999999997,-0.8660254037844388,2025-07-01
Fangchenggang,2025,8,108.35,21.69,28.79,32.1,26.16,2.11,26.07,29.25,99.86,4.88,13.05,6.0,139.4,85.36,21.32,17.02,15.07,37.9,7.5,1.85,84.13,1.79,4.23,0.97,0.97,0.94,25.27,1.1502,1.2638,1.1569,1.2219,0.6355,4.89,9.04,0.012152,9.23,-4.22,7.0117,3.1587,-0.8660254037844385,-0.5000000000000004,2025-08-01
Fangchenggang,2025,9,108.35,21.69,28.31,31.49,23.65,2.4,25.15,28.81,100.07,4.29,15.38,5.22,92.8,83.16,20.12,10.31,17.42,37.44,8.52,1.99,71.1,2.66,4.76,0.95,0.94,0.92,23.52,0.9097,1.4112,0.9314,1.3926,0.6355,4.89,9.04,0.012152,9.23,-4.22,7.0117,3.1587,-1.0,-1.8369701987210297e-16,2025-09-01
Fangchenggang,2025,10,108.35,21.69,25.16,30.23,15.81,3.35,22.12,26.21,100.61,5.8,15.65,6.95,42.6,83.42,16.96,9.43,15.81,35.52,7.61,1.59,58.32,2.34,4.79,0.95,0.95,0.92,20.45,1.4556,1.443,1.3127,1.3518,0.6355,4.89,9.04,0.012152,9.23,-4.22,7.0117,3.1587,-0.8660254037844386,0.5000000000000001,2025-10-01
Fangchenggang,2025,11,108.35,21.69,19.33,26.11,10.01,5.2,15.51,20.5,101.08,6.48,13.81,7.95,22.9,79.42,11.32,1.58,12.81,31.81,6.08,1.24,61.32,2.06,3.76,0.85,0.87,0.85,18.1,0.2054,1.3712,0.6476,1.3568,0.6355,4.89,9.04,0.012152,9.23,-4.22,7.0117,3.1587,-0.5000000000000004,0.8660254037844384,2025-11-01
Fangchenggang,2025,12,108.35,21.69,18.31,23.66,10.93,4.74,15.04,18.91,101.08,4.42,14.38,5.44,41.8,81.78,10.81,1.62,11.1,32.11,5.2,0.95,64.13,1.59,2.6,0.77,0.79,0.79,15.55,1.1803,1.5252,0.7929,1.3808,0.6355,4.89,9.04,0.012152,9.23,-4.22,7.0117,3.1587,-2.4492935982947064e-16,1.0,2025-12-01
Guilin,2005,1,110.3,25.28,4.85,18.62,-8.06,9.89,1.51,5.02,95.71,2.87,6.94,3.9,46.3,80.61,4.7,2.04,5.03,27.8,2.26,0.38,86.75,0.31,1.02,0.77,0.79,0.78,12.98,0.109,0.1917,0.073,0.5062,0.0976,7.13,10.95,0.012485,4.83,-9.81,5.561,3.237,0.49999999999999994,0.8660254037844387,2005-01-01
Guilin,2005,2,110.3,25.28,7.58,23.32,-2.91,10.73,4.36,8.38,95.51,3.52,8.35,4.52,52.1,80.99,5.94,3.03,5.46,29.84,2.56,0.53,94.28,0.49,1.41,0.79,0.81,0.8,16.1,0.406,0.1917,0.4287,0.5062,0.0764,18.45,1.73,0.019868,8.22,-11.19,7.561,4.08,0.8660254037844386,0.5000000000000001,2005-02-01
Guilin,2005,3,110.3,25.28,12.14,24.29,-1.2,10.66,8.09,12.61,95.54,3.39,10.18,4.55,72.8,77.96,7.64,4.54,7.43,30.53,3.46,0.66,94.59,0.96,2.03,0.8,0.82,0.81,19.42,0.1903,0.1917,0.3524,0.5062,0.1054,20.52,1.91,0.015693,8.97,-10.66,7.408,4.633,1.0,6.123233995736766e-17,2005-03-01
Guilin,2005,4,110.3,25.28,19.1,30.65,8.42,9.71,14.82,19.35,95.07,3.29,8.98,4.51,155.4,78.07,11.47,3.24,12.32,32.96,5.62,1.1,83.13,2.76,3.32,0.81,0.84,0.82,21.93,-1.3287,-0.7998,-1.2693,-0.6191,0.235,26.19,-6.02,0.019808,14.78,-7.5,9.72,5.6,0.8660254037844387,-0.4999999999999998,2005-04-01
Guilin,2005,5,110.3,25.28,23.54,30.35,14.1,8.26,20.86,23.83,94.44,3.34,9.53,4.77,174.7,85.79,16.58,11.9,13.58,35.43,6.39,1.37,88.94,3.68,4.57,0.87,0.89,0.89,24.88,0.9217,-0.1785,0.7929,-0.1044,0.2236,32.58,-14.37,0.028878,18.73,-5.18,12.471,7.347,0.49999999999999994,-0.8660254037844387,2005-05-01
Guilin,2005,6,110.3,25.28,25.03,31.07,18.65,6.8,22.93,25.13,94.14,2.54,7.23,3.66,156.9,88.66,18.74,16.32,11.34,36.4,5.46,1.24,92.73,3.28,4.89,0.96,0.96,0.95,24.9,0.7374,0.3134,0.6785,0.3424,0.1381,35.23,-17.05,0.022449,19.5,-2.59,14.263,9.578,1.2246467991473532e-16,-1.0,2005-06-01
Guilin,2005,7,110.3,25.28,25.77,32.18,21.47,6.54,23.15,25.76,94.44,2.82,7.55,4.02,190.2,86.12,18.9,3.71,18.9,35.72,8.8,2.0,68.35,5.84,5.55,0.92,0.95,0.91,26.23,-0.6716,0.3871,-0.5629,0.2724,0.3709,29.63,-13.18,0.022812,20.45,-3.06,12.159,7.14,-0.4999999999999997,-0.8660254037844388,2005-07-01
Guilin,2005,8,110.3,25.28,25.14,32.87,16.78,7.77,22.12,25.34,94.4,2.24,5.76,3.28,103.7,84.2,17.81,3.21,16.24,35.89,7.54,1.65,73.33,6.97,5.2,0.85,0.9,0.86,24.0,-0.4122,-0.1571,-0.3558,-0.0317,0.2947,31.25,-13.47,0.013757,19.53,-2.82,12.736,8.053,-0.8660254037844385,-0.5000000000000004,2005-08-01
Guilin,2005,9,110.3,25.28,23.61,31.31,15.13,9.2,19.98,23.65,94.95,2.54,5.98,3.77,52.5,81.24,15.54,1.39,15.09,34.92,6.94,1.46,65.83,7.29,4.73,0.78,0.84,0.79,21.6,-0.934,-1.25,-0.9252,-1.1301,0.2805,28.68,-9.95,0.013309,18.42,-3.82,11.366,6.893,-1.0,-1.8369701987210297e-16,2005-09-01
Guilin,2005,10,110.3,25.28,18.45,29.94,6.49,11.14,13.58,18.45,95.51,2.68,7.69,3.92,45.5,74.89,10.53,0.53,12.7,31.9,5.7,1.09,54.36,5.12,3.36,0.72,0.77,0.73,17.34,-1.0705,-1.1075,-0.8281,-0.991,0.2987,22.58,-1.75,0.012793,14.14,-5.44,9.062,6.008,-0.8660254037844386,0.5000000000000001,2005-10-01
Guilin,2005,11,110.3,25.28,14.78,27.42,1.0,9.93,11.1,14.77,95.53,2.78,6.13,3.9,49.2,79.98,9.31,1.75,8.97,30.53,4.01,0.74,65.12,2.24,1.99,0.72,0.75,0.73,14.36,-0.261,-1.2627,-0.2939,-1.1585,0.2613,20.56,1.01,0.013381,11.15,-6.8,8.543,5.19,-0.5000000000000004,0.8660254037844384,2005-11-01
Guilin,2005,12,110.3,25.28,7.0,18.45,-4.13,10.95,0.56,7.12,95.99,3.25,9.05,4.55,42.6,66.81,4.47,1.88,7.75,26.34,3.37,0.53,59.55,0.79,1.31,0.72,0.75,0.73,13.01,0.5965,-0.5693,0.6886,-0.2336,0.2646,5.24,15.26,0.012601,5.15,-7.55,4.556,3.935,-2.4492935982947064e-16,1.0,2005-12-01
Guilin,2006,1,110.3,25.28,7.24,19.4,-4.87,11.23,3.21,7.39,95.63,3.04,7.5,4.14,47.7,77.45,5.47,2.14,7.14,27.21,3.11,0.55,64.15,0.55,1.12,0.74,0.77,0.76,13.69,0.1793,-0.1578,0.0108,-0.1718,0.1944,2.55,11.4,0.010271,6.11,-7.1,6.023,2.649,0.49999999999999994,0.8660254037844387,2006-01-01
Guilin,2006,2,110.3,25.28,8.97,23.07,-1.26,9.39,6.0,9.64,95.76,3.51,8.7,4.55,48.7,82.46,6.39,4.28,4.76,29.93,2.29,0.5,93.4,0.54,1.36,0.76,0.78,0.78,16.11,1.0405,0.8863,1.1521,0.9167,0.0679,20.53,3.62,0.015467,7.67,-10.48,7.28,4.869,0.8660254037844386,0.5000000000000001,2006-02-01
Guilin,2006,3,110.3,25.28,13.71,25.64,-2.23,11.63,9.75,14.31,95.23,3.1,11.37,4.17,67.8,78.85,8.52,3.12,8.63,31.39,3.95,0.81,86.45,1.45,2.39,0.79,0.82,0.81,19.46,-0.6946,0.1161,-0.652,0.2291,0.135,21.78,-0.32,0.017913,10.4,-9.6,8.224,4.918,1.0,6.123233995736766e-17,2006-03-01
Guilin,2006,4,110.3,25.28,19.47,29.93,4.85,9.99,15.8,19.96,94.85,3.83,10.19,5.18,171.4,80.64,12.37,6.66,10.78,33.46,4.99,1.07,86.06,2.65,3.6,0.82,0.85,0.84,22.1,0.09,0.0783,-0.0137,0.121,0.1777,27.58,-8.05,0.024531,15.65,-6.89,10.456,6.121,0.8660254037844387,-0.4999999999999998,2006-04-01
Guilin,2006,5,110.3,25.28,21.63,29.16,11.2,9.18,17.96,21.76,94.8,3.29,10.02,4.6,132.8,81.27,14.02,8.15,13.3,34.06,6.21,1.31,81.05,3.97,4.44,0.84,0.88,0.87,25.29,-0.4592,-0.6512,-0.2866,-0.5568,0.1612,28.72,-8.68,0.01487,16.82,-5.18,10.943,6.849,0.49999999999999994,-0.8660254037844387,2006-05-01
Guilin,2006,6,110.3,25.28,24.49,30.37,18.62,7.1,22.26,24.64,94.38,2.61,8.22,3.74,189.4,88.07,17.97,11.91,13.41,35.69,6.38,1.39,81.16,3.94,4.91,0.93,0.95,0.94,25.42,-0.3969,-0.5551,-0.323,-0.398,0.2272,33.79,-14.53,0.027133,19.26,-3.16,13.132,9.01,1.2246467991473532e-16,-1.0,2006-06-01
Guilin,2006,7,110.3,25.28,25.76,32.14,20.75,6.44,23.45,25.82,94.15,2.43,6.46,3.58,180.1,87.64,19.32,8.33,15.41,36.1,7.31,1.7,79.45,4.95,5.05,0.93,0.95,0.93,26.1,0.614,-0.1443,0.6255,-0.1128,0.163,33.33,-16.6,0.019939,20.49,-2.26,13.817,8.8,-0.4999999999999997,-0.8660254037844388,2006-07-01
Guilin,2006,8,110.3,25.28,25.28,31.71,18.29,7.09,22.37,25.2,94.44,2.29,9.67,3.29,88.3,84.63,18.05,3.49,17.49,35.2,8.06,1.75,62.93,5.55,4.64,0.88,0.92,0.89,23.93,-0.262,-0.0528,-0.2365,0.0842,0.2342,31.3,-14.29,0.012699,20.18,-3.37,12.585,7.591,-0.8660254037844385,-0.5000000000000004,2006-08-01
Guilin,2006,9,110.3,25.28,21.82,30.47,13.16,9.62,17.95,21.73,94.96,2.81,8.12,4.12,51.6,79.88,13.92,1.71,15.67,33.14,7.09,1.39,54.31,6.06,4.58,0.83,0.88,0.84,21.25,-0.6699,0.0128,-0.3533,0.1318,0.2879,25.18,-7.23,0.012741,17.25,-3.84,10.727,6.292,-1.0,-1.8369701987210297e-16,2006-09-01
Guilin,2006,10,110.3,25.28,20.48,27.79,11.48,9.76,17.07,20.53,95.37,2.25,5.93,3.35,56.2,81.98,12.95,1.7,10.62,33.7,4.75,0.86,68.82,4.82,3.46,0.78,0.82,0.79,16.13,0.1846,-0.5119,-0.0861,-0.4945,0.3736,29.12,-6.53,0.010111,15.66,-5.41,10.433,7.302,-0.8660254037844386,0.5000000000000001,2006-10-01
Guilin,2006,11,110.3,25.28,14.11,25.94,4.62,10.42,9.84,13.8,95.46,2.71,7.75,3.88,47.5,77.75,8.16,2.9,8.72,29.84,3.87,0.66,64.57,2.61,2.24,0.76,0.8,0.78,14.73,0.2924,-0.2733,0.2936,-0.1059,0.2086,17.48,1.25,0.011932,12.22,-8.61,7.261,3.734,-0.5000000000000004,0.8660254037844384,2006-11-01
Guilin,2006,12,110.3,25.28,8.22,19.06,-0.93,12.61,2.92,7.94,95.94,2.92,6.48,4.15,44.1,72.07,5.07,0.34,8.78,26.41,3.72,0.56,53.46,1.28,1.56,0.76,0.8,0.77,13.0,-1.4447,-0.2648,-1.4252,-0.1099,0.2403,8.42,10.71,0.007382,7.47,-9.73,4.664,3.029,-2.4492935982947064e-16,1.0,2006-12-01
Guilin,2007,1,110.3,25.28,5.83,19.77,-3.17,11.56,0.94,5.93,96.06,3.05,9.13,4.21,37.5,73.76,4.36,2.34,7.28,27.13,3.16,0.51,72.44,0.66,1.35,0.77,0.8,0.79,14.07,0.3136,-0.2402,0.2458,-0.2179,0.241,6.38,12.94,0.008571,5.06,-9.93,4.567,3.045,0.49999999999999994,0.8660254037844387,2007-01-01
Guilin,2007,2,110.3,25.28,13.64,24.04,1.75,10.71,9.39,13.7,95.35,3.31,9.59,4.62,140.6,77.83,8.16,3.41,8.49,30.82,3.78,0.65,81.73,1.1,1.88,0.78,0.81,0.8,16.18,0.6145,-0.0694,0.1492,-0.4223,0.1566,23.65,-2.4,0.018281,10.87,-12.55,7.673,3.848,0.8660254037844386,0.5000000000000001,2007-02-01
Guilin,2007,3,110.3,25.28,14.7,27.91,1.05,10.41,11.46,15.42,95.16,3.95,9.98,5.29,127.8,82.15,9.52,3.24,7.07,32.26,3.29,0.66,91.3,1.36,2.33,0.8,0.83,0.82,18.62,-0.6103,-0.0729,-0.6912,-0.2137,0.186,20.26,-1.93,0.02088,11.85,-8.01,8.984,4.255,1.0,6.123233995736766e-17,2007-03-01
Guilin,2007,4,110.3,25.28,16.86,28.62,2.93,10.77,12.59,17.26,95.19,3.01,11.51,4.11,66.0,77.68,10.01,5.03,10.88,31.8,4.95,0.92,86.35,2.33,3.0,0.8,0.83,0.81,21.85,-0.501,-0.5593,-0.3526,-0.5775,0.2418,22.43,-1.86,0.011697,12.48,-9.03,8.279,5.109,0.8660254037844387,-0.4999999999999998,2007-04-01
Guilin,2007,5,110.3,25.28,22.53,30.37,12.52,9.71,18.18,22.57,94.71,2.65,7.52,3.64,183.1,78.16,14.16,5.75,16.32,33.89,7.49,1.57,70.27,5.2,4.66,0.82,0.85,0.84,25.48,-1.5898,-1.751,-1.8883,-2.2199,0.2384,27.19,-9.66,0.017211,17.87,-4.91,11.028,6.181,0.49999999999999994,-0.8660254037844387,2007-05-01
Guilin,2007,6,110.3,25.28,24.46,30.26,17.16,6.67,22.24,24.66,94.33,2.79,7.17,4.04,184.4,88.08,17.95,12.45,13.69,35.72,6.49,1.44,85.92,4.31,4.54,0.89,0.92,0.91,25.57,-0.2443,-1.2621,-0.1773,-1.3001,0.3076,31.08,-13.29,0.025398,19.25,-3.04,12.687,7.97,1.2246467991473532e-16,-1.0,2007-06-01
Guilin,2007,7,110.3,25.28,25.59,30.7,21.1,6.25,23.3,25.74,94.35,3.69,8.82,5.31,188.9,87.73,19.1,3.1,17.28,35.78,8.15,1.94,82.34,6.5,5.31,0.86,0.9,0.87,26.68,-0.9157,-1.4157,-0.7838,-1.2908,0.2085,29.56,-13.04,0.015217,20.42,-2.5,12.337,7.437,-0.4999999999999997,-0.8660254037844388,2007-07-01
Guilin,2007,8,110.3,25.28,25.64,32.94,19.46,7.8,22.37,25.63,94.31,2.33,5.59,3.32,111.8,83.09,18.07,3.97,16.82,35.59,7.81,1.72,69.27,7.66,5.05,0.8,0.84,0.81,24.07,-0.0224,-0.7904,-0.0606,-0.6485,0.2534,30.44,-12.89,0.005036,20.51,-3.11,12.001,7.395,-0.8660254037844385,-0.5000000000000004,2007-08-01
Guilin,2007,9,110.3,25.28,21.98,29.38,11.71,9.2,18.47,22.0,94.8,2.7,7.38,4.03,40.5,81.79,14.27,3.64,13.11,33.92,6.01,1.24,69.86,5.95,4.37,0.81,0.85,0.82,21.15,0.4491,-0.6335,0.6079,-0.4789,0.3027,25.09,-6.81,0.016465,17.04,-3.29,10.863,6.509,-1.0,-1.8369701987210297e-16,2007-09-01
Guilin,2007,10,110.3,25.28,18.43,29.74,7.83,11.28,13.52,18.38,95.41,2.86,6.4,4.25,45.0,74.85,10.54,0.15,12.58,31.61,5.49,0.98,50.19,5.16,3.36,0.73,0.79,0.73,16.87,-2.0617,-0.2765,-1.5727,-0.1992,0.3604,18.88,-0.06,0.013042,14.29,-4.94,8.515,4.943,-0.8660254037844386,0.5000000000000001,2007-10-01
Guilin,2007,11,110.3,25.28,12.73,24.83,-1.31,13.38,5.25,12.23,95.7,3.11,8.98,4.52,38.4,75.525,6.05,0.26,12.94,26.45,5.53,0.89,68.56,2.68,2.2,0.7,0.74,0.7,15.36,-1.774,-1.1021,-1.276,-0.6291,0.284,3.47,11.75,0.008059,10.54,-8.49,3.586,3.058,-0.5000000000000004,0.8660254037844384,2007-11-01
Guilin,2007,12,110.3,25.28,9.42,21.52,-1.67,10.24,4.95,9.6,95.64,2.82,8.69,4.1,50.7,76.2,5.99,1.96,5.42,29.28,2.39,0.42,86.93,0.7,1.12,0.7,0.73,0.71,12.03,0.6613,-1.4769,0.5816,-0.7037,0.2126,9.29,9.35,0.010569,7.72,-7.44,6.116,3.228,-2.4492935982947064e-16,1.0,2007-12-01
Guilin,2008,1,110.3,25.28,3.82,21.67,-8.13,8.87,-0.81,4.01,95.82,3.7,7.7,4.66,40.3,73.8,4.12,1.83,5.63,26.88,2.5,0.44,71.02,0.39,0.96,0.71,0.74,0.72,14.45,-0.0466,-0.8279,-0.0418,-0.7783,0.1038,1.71,13.31,0.01225,4.92,-8.61,5.028,3.087,0.49999999999999994,0.8660254037844387,2008-01-01
Guilin,2008,2,110.3,25.28,4.7,21.82,-11.63,11.1,-0.51,4.96,95.92,3.08,8.42,4.34,39.2,72.09,4.17,3.29,8.13,27.08,3.59,0.73,75.72,0.6,1.41,0.76,0.78,0.78,16.89,0.6132,0.4532,0.8283,0.5535,0.138,2.44,19.37,0.009845,1.94,-8.2,3.763,3.627,0.8660254037844386,0.5000000000000001,2008-02-01
Guilin,2008,3,110.3,25.28,15.03,27.16,2.98,10.87,10.56,15.22,95.24,2.82,8.52,3.78,106.4,77.43,8.81,4.6,10.04,30.83,4.47,0.86,77.75,1.54,2.28,0.78,0.8,0.8,19.1,0.2233,0.2664,0.1017,0.488,0.1267,22.71,-0.75,0.013374,11.0,-11.14,7.522,4.466,1.0,6.123233995736766e-17,2008-03-01
Guilin,2008,4,110.3,25.28,18.64,29.34,8.13,9.43,15.42,19.2,94.94,3.22,9.36,4.39,120.9,82.74,11.92,4.01,10.05,33.45,4.67,0.97,84.37,2.55,3.05,0.79,0.82,0.81,21.56,-0.9412,-0.4483,-0.8958,-0.3228,0.2203,26.1,-7.48,0.020611,14.75,-6.82,10.609,5.655,0.8660254037844387,-0.4999999999999998,2008-04-01
Guilin,2008,5,110.3,25.28,21.5,29.32,11.92,8.55,17.95,21.58,94.59,2.92,7.88,4.12,135.8,81.58,14.02,10.79,12.0,34.18,5.59,1.2,82.32,3.57,4.13,0.84,0.86,0.86,24.16,0.5474,-0.2538,0.6498,-0.1269,0.1654,28.78,-9.22,0.014258,16.69,-4.95,11.306,6.854,0.49999999999999994,-0.8660254037844387,2008-05-01
Guilin,2008,6,110.3,25.28,23.99,30.61,16.09,7.59,21.07,24.1,94.32,2.56,7.48,3.65,135.8,84.75,16.75,13.51,13.79,35.5,6.48,1.41,86.59,4.9,5.02,0.91,0.93,0.91,25.62,0.0428,-0.2445,0.1261,0.0053,0.3274,30.97,-12.4,0.016449,18.55,-3.63,12.378,7.722,1.2246467991473532e-16,-1.0,2008-06-01
Guilin,2008,7,110.3,25.28,25.38,33.08,20.95,6.57,22.72,25.45,94.29,2.92,8.75,4.18,186.7,86.04,18.45,5.73,17.21,35.51,8.1,1.87,76.25,5.88,5.37,0.89,0.93,0.9,26.36,-0.0226,0.1092,0.0888,0.1696,0.3,30.59,-13.0,0.027147,20.1,-3.3,12.13,7.422,-0.4999999999999997,-0.8660254037844388,2008-07-01
Guilin,2008,8,110.3,25.28,24.95,32.69,19.01,6.3,22.65,24.94,94.44,2.6,8.08,3.76,166.1,87.58,18.35,8.0,14.91,35.61,7.0,1.58,86.01,4.66,4.54,0.89,0.92,0.91,24.43,1.4798,0.4864,1.5586,0.6014,0.2752,29.9,-13.29,0.014147,19.91,-3.22,12.352,7.202,-0.8660254037844385,-0.5000000000000004,2008-08-01
Guilin,2008,9,110.3,25.28,23.68,31.36,13.82,8.08,20.67,23.66,94.78,2.37,9.48,3.43,68.7,84.02,16.27,2.7,14.09,34.93,6.45,1.31,61.35,5.43,4.4,0.88,0.92,0.89,21.11,-0.026,0.5694,-0.0777,0.5995,0.3388,27.98,-10.43,0.01167,18.85,-3.46,11.533,6.63,-1.0,-1.8369701987210297e-16,2008-09-01
Guilin,2008,10,110.3,25.28,19.46,27.86,10.64,10.01,16.05,19.5,95.35,2.54,7.33,3.71,56.0,81.87,12.15,1.8,12.57,32.39,5.64,1.06,57.35,4.7,3.53,0.81,0.86,0.82,17.55,0.2585,0.8671,0.1754,0.8283,0.28,22.44,-4.44,0.013019,15.36,-5.34,9.728,5.542,-0.8660254037844386,0.5000000000000001,2008-10-01
Guilin,2008,11,110.3,25.28,12.31,24.69,-0.08,10.31,8.47,12.06,95.75,2.77,6.8,4.1,45.8,79.23,7.71,6.32,10.54,28.06,4.64,0.8,51.03,1.66,2.35,0.87,0.91,0.89,15.5,1.3545,0.8816,1.3662,0.8422,0.266,11.6,7.49,0.009998,9.9,-8.21,5.725,3.679,-0.5000000000000004,0.8660254037844384,2008-11-01
Guilin,2008,12,110.3,25.28,8.51,19.81,-2.91,11.05,3.63,7.8,95.81,2.86,9.15,3.89,45.0,73.22,5.39,0.39,9.73,26.37,4.17,0.64,50.38,1.08,1.72,0.83,0.88,0.84,13.68,-1.3149,0.843,-1.3385,0.8937,0.1737,3.97,11.8,0.006035,7.16,-9.77,4.308,2.611,-2.4492935982947064e-16,1.0,2008-12-01
Guilin,2009,1,110.3,25.28,5.44,17.32,-3.4,11.11,0.34,5.33,95.96,2.94,10.37,4.07,46.1,72.19,4.33,0.66,8.73,26.12,3.73,0.6,61.63,0.47,1.43,0.82,0.86,0.83,14.11,-1.2822,0.3229,-1.0922,0.466,0.1488,4.14,14.54,0.006364,4.42,-10.51,3.882,2.989,0.49999999999999994,0.8660254037844387,2009-01-01
Guilin,2009,2,110.3,25.28,13.56,26.01,2.42,9.8,11.06,13.9,95.15,3.42,11.48,4.53,121.5,85.42,9.03,1.15,8.66,31.23,3.89,0.78,69.55,0.97,1.77,0.81,0.85,0.82,16.56,-1.0338,-2.5791,-1.4078,-1.8806,0.1123,17.31,-0.82,0.022778,12.75,-6.42,8.825,3.616,0.8660254037844386,0.5000000000000001,2009-02-01
Guilin,2009,3,110.3,25.28,13.02,27.12,-1.36,10.14,9.91,13.58,95.22,3.5,10.11,4.64,87.8,82.52,8.7,4.53,9.41,30.78,4.25,0.84,80.8,1.08,2.3,0.83,0.87,0.85,19.23,0.1848,-1.1908,0.2676,-1.2345,0.1434,17.48,0.62,0.017642,11.17,-8.66,7.919,4.287,1.0,6.123233995736766e-17,2009-03-01
Guilin,2009,4,110.3,25.28,17.78,27.05,6.81,9.46,14.22,18.08,94.95,3.08,8.21,4.27,105.9,81.24,11.04,6.43,11.14,32.85,5.13,1.02,82.5,2.1,3.42,0.86,0.89,0.88,22.31,0.013,-0.3799,0.0459,-0.3568,0.243,25.99,-3.56,0.018453,13.38,-7.51,9.259,6.171,0.8660254037844387,-0.4999999999999998,2009-04-01
Guilin,2009,5,110.3,25.28,21.18,28.67,12.48,8.25,18.38,21.45,94.82,2.8,6.46,3.94,129.9,84.99,14.14,7.94,11.94,34.59,5.61,1.24,85.48,3.27,4.1,0.88,0.91,0.89,24.73,-0.5482,-0.3988,-0.3201,-0.1045,0.3405,29.14,-8.17,0.018063,15.87,-4.72,11.302,7.551,0.49999999999999994,-0.8660254037844387,2009-05-01
Guilin,2009,6,110.3,25.28,24.61,30.55,15.85,7.07,21.82,24.6,94.2,2.65,7.64,3.73,181.1,85.47,17.63,11.06,14.75,35.35,6.92,1.51,78.23,4.42,4.94,0.91,0.94,0.92,25.79,-0.6468,-0.8042,-0.5716,-0.5767,0.3496,31.63,-13.92,0.023583,19.58,-3.09,12.788,8.007,1.2246467991473532e-16,-1.0,2009-06-01
Guilin,2009,7,110.3,25.28,25.64,32.58,20.9,6.08,23.35,25.69,94.25,3.12,10.16,4.5,173.9,87.78,19.18,13.35,15.44,36.03,7.34,1.72,79.49,5.4,5.48,0.93,0.95,0.93,26.43,1.5442,0.4754,1.4381,0.4825,0.3021,30.39,-14.12,0.027118,20.05,-1.68,13.239,7.902,-0.4999999999999997,-0.8660254037844388,2009-07-01
Guilin,2009,8,110.3,25.28,25.74,32.26,16.01,7.56,22.66,25.74,94.46,2.56,6.43,3.71,96.3,83.85,18.38,0.76,17.48,35.89,8.09,1.8,63.5,7.01,5.21,0.86,0.91,0.86,24.12,-2.5027,0.182,-2.2173,0.2717,0.314,29.68,-13.88,0.007163,20.69,-3.02,12.357,6.953,-0.8660254037844385,-0.5000000000000004,2009-08-01
Guilin,2009,9,110.3,25.28,24.47,32.55,15.3,8.68,20.81,24.56,94.77,2.68,8.68,3.98,60.9,81.0,16.47,1.72,15.54,35.03,7.1,1.44,50.6,7.4,4.79,0.79,0.84,0.8,21.19,-0.6623,0.4645,-0.8661,0.3983,0.307,28.83,-11.9,0.013709,19.18,-3.14,12.121,6.895,-1.0,-1.8369701987210297e-16,2009-09-01
Guilin,2009,10,110.3,25.28,19.76,28.55,12.59,9.76,15.27,19.61,95.22,2.38,5.44,3.53,42.6,76.85,11.49,0.86,12.14,32.61,5.42,1.04,61.18,5.14,3.38,0.73,0.78,0.74,16.92,-0.6006,-1.8935,-0.7812,-1.817,0.2657,23.25,-0.8,0.014204,15.33,-4.36,8.649,6.678,-0.8660254037844386,0.5000000000000001,2009-10-01
Guilin,2009,11,110.3,25.28,11.14,27.22,-1.72,11.29,5.16,10.97,95.68,3.47,10.21,4.69,43.6,68.88,6.39,1.34,9.43,28.32,4.19,0.75,60.72,2.14,2.0,0.72,0.75,0.73,15.35,-0.5207,-1.1475,-0.2147,-1.0233,0.2692,8.45,10.28,0.009142,9.32,-6.08,5.67,3.863,-0.5000000000000004,0.8660254037844384,2009-11-01
Guilin,2009,12,110.3,25.28,7.62,19.4,-3.41,9.72,3.89,7.75,95.68,2.76,9.75,3.87,48.9,79.07,5.55,1.56,6.0,28.74,2.66,0.41,82.81,0.61,1.05,0.72,0.75,0.74,12.53,0.3176,-0.7431,0.4234,-0.3406,0.2599,12.39,8.19,0.011293,6.43,-10.31,5.896,3.521,-2.4492935982947064e-16,1.0,2009-12-01
Guilin,2010,1,110.3,25.28,7.95,21.62,-2.39,10.01,4.92,8.13,95.72,2.99,8.05,4.12,52.3,82.49,6.11,3.6,5.51,29.09,2.49,0.45,86.88,0.58,1.16,0.76,0.77,0.78,13.96,1.0222,0.0972,0.994,0.2479,0.2994,10.54,7.23,0.013436,7.84,-8.55,6.495,3.265,0.49999999999999994,0.8660254037844387,2010-01-01
Guilin,2010,2,110.3,25.28,10.67,26.94,-2.62,10.15,6.9,11.32,95.25,3.85,12.23,5.09,94.4,78.83,7.35,0.25,8.43,29.81,3.77,0.69,80.15,1.01,1.55,0.75,0.79,0.76,16.85,-2.6499,-0.261,-1.7472,-0.4665,0.1365,13.96,1.77,0.017993,10.07,-10.25,7.205,2.999,0.8660254037844386,0.5000000000000001,2010-02-01
Guilin,2010,3,110.3,25.28,13.68,26.15,-2.13,10.55,8.99,14.18,95.32,3.91,10.35,5.14,102.7,75.39,8.31,1.27,9.85,31.07,4.39,0.81,82.03,1.3,1.82,0.73,0.77,0.74,18.68,-2.4467,-1.8171,-2.0261,-1.9263,0.2832,18.57,-0.57,0.018145,11.69,-9.13,8.011,4.146,1.0,6.123233995736766e-17,2010-03-01
Guilin,2010,4,110.3,25.28,16.39,28.01,4.15,9.5,12.97,16.97,95.13,3.48,8.53,4.62,79.5,81.55,10.32,9.77,9.41,32.37,4.41,0.91,86.93,1.87,2.84,0.81,0.82,0.84,22.27,0.9914,-0.6316,1.0878,-0.4364,0.0945,25.57,-4.69,0.022246,13.24,-7.52,9.778,6.162,0.8660254037844387,-0.4999999999999998,2010-04-01
Guilin,2010,5,110.3,25.28,22.12,29.51,13.49,8.63,19.21,22.44,94.54,3.13,9.8,4.3,162.9,84.65,15.04,6.97,10.89,34.77,5.14,1.07,86.91,3.64,3.93,0.83,0.87,0.86,24.35,-0.9815,-0.6565,-0.9267,-0.3953,0.2415,30.39,-12.68,0.029225,17.54,-4.03,12.734,7.641,0.49999999999999994,-0.8660254037844387,2010-05-01
Guilin,2010,6,110.3,25.28,22.86,29.07,15.74,6.5,20.95,23.02,94.47,3.02,8.88,4.37,143.7,89.41,16.69,15.56,8.76,35.7,4.26,0.93,94.7,2.68,3.98,0.93,0.94,0.94,24.47,0.5579,0.4268,0.669,0.6864,0.162,33.66,-14.3,0.027443,18.11,-3.02,13.56,9.378,1.2246467991473532e-16,-1.0,2010-06-01
Guilin,2010,7,110.3,25.28,25.6,30.07,21.56,5.69,23.55,25.61,94.47,3.29,7.19,4.94,182.4,88.89,19.36,4.13,16.14,36.06,7.62,1.75,89.78,4.55,4.78,0.91,0.94,0.91,26.18,-0.5195,-0.4516,-0.3939,-0.3289,0.1992,32.27,-16.07,0.038911,20.75,-2.7,13.326,8.069,-0.4999999999999997,-0.8660254037844388,2010-07-01
Guilin,2010,8,110.3,25.28,25.07,32.29,17.96,7.02,22.3,25.13,94.67,2.34,5.9,3.37,171.6,85.34,17.96,1.68,18.85,35.41,8.77,1.93,66.6,6.02,4.66,0.86,0.91,0.87,24.88,-1.4548,-0.473,-1.2577,-0.2032,0.3631,30.6,-13.0,0.014771,20.09,-2.85,12.313,7.705,-0.8660254037844385,-0.5000000000000004,2010-08-01
Guilin,2010,9,110.3,25.28,23.46,31.44,14.4,7.97,20.81,23.58,94.77,2.44,8.44,3.51,78.0,85.87,16.43,4.66,12.52,35.19,5.86,1.23,73.87,5.44,4.2,0.82,0.86,0.84,21.16,0.8802,-0.7006,0.8582,-0.59,0.2654,32.29,-13.37,0.008135,18.84,-3.25,12.799,8.345,-1.0,-1.8369701987210297e-16,2010-09-01
Guilin,2010,10,110.3,25.28,17.13,28.59,3.51,10.79,13.06,17.18,95.34,3.26,7.77,4.81,37.3,78.57,10.3,0.7,11.89,31.33,5.39,1.05,63.96,4.32,3.5,0.8,0.85,0.81,18.22,-0.8081,-0.4982,-0.3094,-0.3819,0.3367,20.68,1.25,0.017658,13.49,-5.35,8.119,6.374,-0.8660254037844386,0.5000000000000001,2010-10-01
Guilin,2010,11,110.3,25.28,13.02,23.88,4.84,11.57,8.19,12.51,95.59,2.46,5.98,3.6,39.7,74.81,7.19,1.13,10.97,27.96,4.7,0.78,50.76,2.74,2.22,0.76,0.81,0.78,14.64,-0.6764,-0.2282,-0.5024,0.0572,0.2564,10.51,8.86,0.008268,10.16,-8.49,4.931,3.828,-0.5000000000000004,0.8660254037844384,2010-11-01
Guilin,2010,12,110.3,25.28,8.61,20.45,-7.55,11.3,3.42,7.86,95.45,3.01,9.07,4.1,38.1,72.42,5.44,3.92,8.81,27.06,3.81,0.6,59.75,1.19,1.75,0.8,0.82,0.81,13.65,1.8947,0.0528,1.6549,0.4396,0.1622,9.03,11.32,0.010164,7.84,-8.11,4.95,3.774,-2.4492935982947064e-16,1.0,2010-12-01
Guilin,2011,1,110.3,25.28,1.49,22.015,-7.48,9.55,-2.99,2.13,96.0,3.57,9.96,4.84,35.9,74.04,3.23,1.22,4.71,26.87,2.14,0.39,92.54,0.15,1.24,0.8,0.84,0.82,13.99,-0.5826,0.0228,-0.4554,0.1847,0.069,1.85,18.39,0.01032,0.78,-10.19,3.778,3.473,0.49999999999999994,0.8660254037844387,2011-01-01
Guilin,2011,2,110.3,25.28,10.0,23.58,-2.64,10.6,6.63,10.28,95.35,3.07,8.87,4.19,99.8,80.92,6.89,1.8,8.02,29.68,3.56,0.65,82.81,0.8,1.63,0.8,0.84,0.82,16.44,-0.4216,0.4076,-0.5886,0.3593,0.0954,11.34,4.84,0.013119,7.68,-10.41,6.783,2.913,0.8660254037844386,0.5000000000000001,2011-02-01
Guilin,2011,3,110.3,25.28,10.29,21.42,1.33,10.07,6.13,10.99,95.65,3.38,11.0,4.46,46.9,77.36,6.43,3.17,7.42,29.86,3.44,0.7,92.0,0.93,2.1,0.82,0.85,0.83,19.6,-0.6592,-1.3021,-0.2825,-0.7802,0.0837,13.77,8.18,0.013306,6.78,-9.59,6.067,4.412,1.0,6.123233995736766e-17,2011-03-01
Guilin,2011,4,110.3,25.28,18.01,29.73,5.69,9.41,14.4,18.25,95.1,3.12,9.02,4.22,157.9,80.97,11.08,2.38,10.84,32.72,4.93,0.96,87.24,2.24,2.84,0.81,0.85,0.82,21.47,-1.8488,-1.9946,-1.5452,-1.8072,0.212,23.98,-4.38,0.015325,13.99,-7.4,9.401,5.155,0.8660254037844387,-0.4999999999999998,2011-04-01
Guilin,2011,5,110.3,25.28,20.54,29.87,9.66,9.77,16.99,20.74,94.71,3.41,9.42,4.65,137.2,81.46,13.13,8.12,14.6,33.09,6.66,1.39,69.74,4.07,4.49,0.85,0.88,0.87,25.33,-0.4719,-1.8338,-0.17,-1.7236,0.2188,23.48,-6.1,0.012925,16.15,-4.82,10.303,5.877,0.49999999999999994,-0.8660254037844387,2011-05-01
Guilin,2011,6,110.3,25.28,24.83,31.05,17.32,6.34,22.65,24.94,94.24,3.02,8.2,4.35,179.8,88.22,18.4,12.2,13.15,36.15,6.3,1.44,91.81,3.81,4.4,0.9,0.92,0.91,25.6,-0.3143,-1.3565,-0.276,-1.3961,0.1954,34.49,-16.19,0.030019,19.51,-2.66,13.888,9.378,1.2246467991473532e-16,-1.0,2011-06-01
Guilin,2011,7,110.3,25.28,25.69,31.49,20.54,7.64,22.61,25.87,94.27,2.71,8.05,3.92,184.0,83.98,18.33,2.0,17.53,35.89,8.07,1.76,73.16,7.58,5.71,0.86,0.91,0.87,24.41,-1.4615,-1.2152,-1.4159,-1.0414,0.116,29.78,-13.4,0.013653,20.46,-2.64,12.41,7.446,-0.4999999999999997,-0.8660254037844388,2011-07-01
Guilin,2011,8,110.3,25.28,24.76,30.97,17.34,7.66,21.59,24.78,94.5,2.61,7.23,3.75,182.1,83.49,17.24,2.39,18.48,34.87,8.52,1.87,59.41,7.23,4.81,0.8,0.85,0.81,24.42,-0.9121,-1.3679,-0.7394,-1.3121,0.3088,29.08,-12.44,0.009581,20.06,-3.69,11.765,6.68,-0.8660254037844385,-0.5000000000000004,2011-08-01
Guilin,2011,9,110.3,25.28,22.61,30.34,11.94,8.75,19.09,22.81,94.78,2.83,9.76,4.06,53.1,81.32,15.0,2.77,12.7,34.99,5.89,1.21,76.53,6.17,4.24,0.76,0.81,0.78,20.79,0.0129,-1.6147,0.1181,-1.3436,0.3805,30.1,-10.03,0.017795,17.87,-3.38,11.795,8.15,-1.0,-1.8369701987210297e-16,2011-09-01
Guilin,2011,10,110.3,25.28,17.74,28.95,9.3,9.5,14.14,17.86,95.37,2.97,8.44,4.25,48.9,80.83,10.78,2.89,10.95,31.94,5.02,0.97,67.51,3.99,3.05,0.75,0.79,0.77,17.66,0.9289,-0.1873,0.996,-0.049,0.3209,25.3,-2.7,0.015667,13.63,-6.21,9.339,6.867,-0.8660254037844386,0.5000000000000001,2011-10-01
Guilin,2011,11,110.3,25.28,16.05,25.92,3.57,11.75,12.02,15.79,95.46,2.65,7.86,3.82,61.5,78.67,9.48,1.02,11.53,29.85,5.06,0.82,47.88,3.25,2.38,0.73,0.77,0.74,14.92,-0.7665,-0.1492,-1.021,0.0235,0.2521,19.85,-0.72,0.009566,12.69,-9.17,7.666,3.915,-0.5000000000000004,0.8660254037844384,2011-11-01
Guilin,2011,12,110.3,25.28,6.66,19.15,-3.43,12.02,0.24,6.89,96.0,3.33,8.55,4.76,39.0,66.4,4.19,0.46,7.95,26.57,3.41,0.52,66.37,1.0,1.34,0.71,0.75,0.72,13.0,-1.1527,-0.4698,-0.7148,-0.1418,0.2112,2.06,17.44,0.010435,4.89,-6.66,4.106,3.472,-2.4492935982947064e-16,1.0,2011-12-01
Guilin,2012,1,110.3,25.28,4.52,14.63,-4.31,9.35,1.06,5.22,95.75,2.96,7.02,3.94,41.1,79.63,4.41,3.42,4.39,27.97,2.05,0.41,93.04,0.28,1.01,0.75,0.77,0.77,13.76,0.9321,-0.4773,1.0523,-0.5258,0.0356,5.95,13.14,0.014489,4.1,-8.29,5.561,3.285,0.49999999999999994,0.8660254037844387,2012-01-01
Guilin,2012,2,110.3,25.28,7.53,21.83,-2.86,9.45,4.08,8.31,95.44,3.36,8.28,4.39,50.2,79.74,5.74,2.18,4.28,29.9,2.07,0.43,98.06,0.44,1.22,0.76,0.78,0.77,16.29,-0.0785,0.0097,-0.0963,0.086,0.0313,10.42,8.03,0.016644,6.48,-8.66,6.649,3.56,0.8660254037844386,0.5000000000000001,2012-02-01
Guilin,2012,3,110.3,25.28,13.44,26.25,2.21,10.25,9.75,14.12,95.25,3.4,9.22,4.54,82.4,80.21,8.48,4.33,8.35,31.58,3.81,0.77,89.84,1.21,2.11,0.79,0.82,0.81,18.87,0.0725,0.3746,0.1131,0.5979,0.1028,19.3,0.9,0.019793,10.98,-8.39,7.991,4.571,1.0,6.123233995736766e-17,2012-03-01
Guilin,2012,4,110.3,25.28,19.36,30.33,9.95,9.97,15.94,19.87,94.78,3.47,10.39,4.82,161.9,82.03,12.33,6.3,11.76,33.37,5.45,1.13,84.49,2.72,3.55,0.82,0.85,0.84,22.69,-0.0313,-0.1864,-0.1245,-0.0892,0.1471,28.82,-10.32,0.024288,15.79,-7.68,11.003,5.74,0.8660254037844387,-0.4999999999999998,2012-04-01
Guilin,2012,5,110.3,25.28,22.9,30.4,13.9,7.91,20.23,23.26,94.54,2.86,7.22,4.09,112.3,85.79,15.89,7.7,11.29,35.39,5.37,1.13,85.01,3.57,4.03,0.85,0.88,0.87,24.07,-0.6519,-0.5438,-0.6693,-0.5293,0.2372,32.93,-13.73,0.023104,17.95,-4.08,12.969,8.577,0.49999999999999994,-0.8660254037844387,2012-05-01
Guilin,2012,6,110.3,25.28,24.31,30.69,17.11,6.86,21.87,24.36,94.08,2.63,7.23,3.84,127.7,86.96,17.63,13.02,11.85,35.99,5.61,1.21,88.87,3.56,4.42,0.92,0.94,0.93,24.31,-0.088,-0.5015,-0.0198,-0.4052,0.2594,34.05,-14.74,0.016428,19.24,-2.47,13.497,9.577,1.2246467991473532e-16,-1.0,2012-06-01
Guilin,2012,7,110.3,25.28,25.39,31.75,21.45,6.0,23.2,25.45,94.24,3.24,9.44,4.71,180.3,88.16,18.99,5.0,15.69,35.86,7.47,1.75,82.78,5.11,5.11,0.91,0.94,0.91,26.72,-0.2357,-0.5993,-0.1053,-0.56,0.2451,33.0,-15.48,0.027827,20.12,-2.82,13.298,8.615,-0.4999999999999997,-0.8660254037844388,2012-07-01
Guilin,2012,8,110.3,25.28,25.6,31.98,18.31,7.9,22.43,25.7,94.32,2.22,8.77,3.21,54.3,83.57,18.16,3.18,16.59,35.74,7.63,1.64,74.78,6.94,5.19,0.86,0.91,0.87,23.54,-0.4288,-0.4885,-0.4471,-0.311,0.4075,31.09,-13.86,0.013388,20.27,-2.71,12.638,7.644,-0.8660254037844385,-0.5000000000000004,2012-08-01
Guilin,2012,9,110.3,25.28,21.49,29.77,10.33,8.5,18.12,21.49,95.0,2.57,7.21,3.79,62.5,82.29,14.14,4.06,13.56,33.74,6.28,1.32,76.83,5.02,4.08,0.83,0.88,0.85,21.75,0.6351,-0.2804,0.8403,-0.11,0.3835,27.05,-5.9,0.012334,16.79,-4.07,10.274,7.492,-1.0,-1.8369701987210297e-16,2012-09-01
Guilin,2012,10,110.3,25.28,18.92,26.07,7.5,9.99,15.11,18.86,95.32,2.56,8.17,3.75,67.7,79.97,11.55,1.38,11.91,32.38,5.3,1.0,60.02,4.43,3.36,0.79,0.84,0.81,17.03,-0.0736,-0.0443,-0.0475,0.0293,0.3992,25.0,-2.66,0.012206,14.62,-5.05,9.408,6.814,-0.8660254037844386,0.5000000000000001,2012-10-01
Guilin,2012,11,110.3,25.28,13.0,23.78,3.26,10.24,9.56,13.01,95.37,2.92,7.88,4.16,56.2,81.19,8.14,4.44,7.59,30.11,3.44,0.63,72.12,1.79,2.13,0.82,0.85,0.84,15.1,0.8366,0.6687,0.8612,0.7879,0.2709,21.49,-0.0,0.018818,11.51,-8.27,8.206,5.26,-0.5000000000000004,0.8660254037844384,2012-11-01
Guilin,2012,12,110.3,25.28,7.37,23.08,-4.58,9.61,3.85,7.48,95.66,3.43,9.07,4.66,45.5,79.94,5.65,1.96,6.05,28.35,2.71,0.47,80.55,0.68,1.48,0.82,0.86,0.84,13.18,0.6613,0.6566,0.7196,0.7962,0.1076,11.03,8.75,0.011931,6.94,-8.74,6.124,3.53,-2.4492935982947064e-16,1.0,2012-12-01
Guilin,2013,1,110.3,25.28,6.76,19.6,-2.78,9.26,3.36,6.93,95.78,2.98,7.79,4.12,51.7,80.23,5.4,0.99,5.94,28.37,2.66,0.48,86.39,0.42,1.26,0.82,0.87,0.84,13.56,-0.8342,0.3476,-0.8894,0.4626,0.11,7.19,11.63,0.010236,5.32,-8.88,5.474,3.131,0.49999999999999994,0.8660254037844387,2013-01-01
Guilin,2013,2,110.3,25.28,11.5,24.64,-1.35,9.49,9.08,12.16,95.49,3.6,9.79,4.82,109.5,85.61,8.15,1.88,6.22,30.78,2.94,0.66,90.29,0.7,1.64,0.82,0.86,0.84,17.15,-0.3576,-0.667,-0.6719,-0.7724,0.1344,14.27,2.28,0.021344,10.11,-7.46,8.146,3.872,0.8660254037844386,0.5000000000000001,2013-02-01
Guilin,2013,3,110.3,25.28,15.8,26.2,1.82,10.73,12.17,16.09,95.19,3.45,8.59,4.77,123.1,80.64,9.79,6.71,10.33,31.46,4.62,0.87,75.55,1.28,2.62,0.83,0.87,0.85,18.82,1.2381,0.2236,1.1322,0.0882,0.2044,23.32,-3.44,0.014824,12.4,-10.03,8.552,4.576,1.0,6.123233995736766e-17,2013-03-01
Guilin,2013,4,110.3,25.28,17.57,28.06,5.28,9.15,14.72,17.78,94.91,3.36,8.74,4.63,128.6,84.37,11.58,8.7,10.33,32.98,4.79,0.99,84.14,1.52,3.33,0.89,0.92,0.91,22.08,0.7059,0.9205,0.733,0.8779,0.1103,26.58,-6.7,0.018992,13.85,-7.99,10.168,5.793,0.8660254037844387,-0.4999999999999998,2013-04-01
Guilin,2013,5,110.3,25.28,22.21,31.15,12.74,7.64,19.59,22.32,94.57,2.72,8.79,3.9,165.4,86.04,15.37,9.42,12.55,34.8,5.96,1.29,80.92,2.62,4.39,0.94,0.95,0.94,25.32,0.0486,0.9533,0.1377,0.9565,0.2456,30.14,-11.8,0.023627,17.58,-4.88,12.02,7.063,0.49999999999999994,-0.8660254037844387,2013-05-01
Guilin,2013,6,110.3,25.28,24.48,31.73,13.59,7.02,22.01,24.59,94.32,3.14,7.31,4.51,175.0,86.79,17.85,7.75,14.94,35.52,7.05,1.57,79.24,4.36,5.39,0.93,0.95,0.93,26.74,-1.7691,-0.7093,-1.6801,-0.5137,0.2288,31.63,-14.41,0.019901,19.03,-2.91,13.276,8.308,1.2246467991473532e-16,-1.0,2013-06-01
Guilin,2013,7,110.3,25.28,25.49,31.56,21.3,6.65,22.9,25.73,94.39,3.58,8.27,5.11,182.7,86.28,18.61,1.58,18.63,35.7,8.79,2.01,70.95,7.41,5.81,0.85,0.9,0.86,27.11,-1.7297,-1.9113,-1.7159,-1.6978,0.1646,31.94,-14.33,0.035731,19.81,-2.96,12.91,8.204,-0.4999999999999997,-0.8660254037844388,2013-07-01
Guilin,2013,8,110.3,25.28,25.45,31.86,20.06,6.76,22.73,25.41,94.3,3.0,9.77,4.39,128.1,85.66,18.44,6.46,16.59,35.56,7.8,1.74,68.03,6.15,4.46,0.81,0.86,0.83,25.24,0.9818,-1.5073,0.9852,-1.5235,0.2211,33.19,-15.71,0.013233,20.37,-3.33,13.089,8.271,-0.8660254037844385,-0.5000000000000004,2013-08-01
Guilin,2013,9,110.3,25.28,22.62,31.08,10.84,8.91,19.25,22.6,94.83,2.71,10.18,3.86,47.9,82.2,15.01,4.21,14.14,34.17,6.5,1.32,62.46,5.79,4.42,0.82,0.87,0.84,21.22,0.6985,-0.2793,0.7731,-0.1704,0.3718,28.66,-9.53,0.013981,17.77,-4.03,11.373,7.219,-1.0,-1.8369701987210297e-16,2013-09-01
Guilin,2013,10,110.3,25.28,17.89,29.05,7.27,10.35,13.37,17.7,95.42,2.75,7.51,4.1,36.4,76.51,10.25,0.84,12.74,31.38,5.71,1.04,60.18,4.62,3.44,0.78,0.83,0.79,17.67,-0.6249,0.6469,-0.3279,0.6999,0.3843,20.48,1.56,0.013962,13.9,-6.08,7.528,5.716,-0.8660254037844386,0.5000000000000001,2013-10-01
Guilin,2013,11,110.3,25.28,13.59,26.26,0.6,10.82,9.53,13.41,95.63,2.91,7.58,4.21,48.5,78.31,8.16,3.69,9.7,29.82,4.33,0.76,66.46,2.47,2.29,0.79,0.82,0.8,15.43,0.5904,0.3913,0.6038,0.5437,0.3354,18.04,4.67,0.01077,10.73,-7.75,6.776,4.877,-0.5000000000000004,0.8660254037844384,2013-11-01
Guilin,2013,12,110.3,25.28,6.5,19.86,-4.48,11.21,0.99,5.97,95.81,2.94,8.23,4.22,34.1,70.5,4.47,2.3,9.56,25.24,3.95,0.55,50.52,0.96,1.52,0.8,0.84,0.81,12.64,0.9189,0.3803,0.969,0.6536,0.3391,0.26,16.97,0.00837,3.99,-9.19,3.578,2.778,-2.4492935982947064e-16,1.0,2013-12-01
Guilin,2014,1,110.3,25.28,8.37,21.67,-3.94,11.56,3.49,7.77,95.79,2.86,7.81,4.0,58.6,73.99,5.45,0.56,9.74,26.5,4.09,0.64,53.92,0.81,1.42,0.79,0.83,0.8,13.72,-1.4504,0.0887,-1.4184,0.1397,0.313,2.61,11.88,0.006713,6.21,-9.74,4.654,2.28,0.49999999999999994,0.8660254037844387,2014-01-01
Guilin,2014,2,110.3,25.28,7.6,23.11,-4.52,9.36,4.36,8.22,95.48,3.28,8.05,4.28,56.9,81.15,6.03,2.56,6.52,28.89,2.97,0.59,85.86,0.48,1.33,0.79,0.82,0.8,17.11,0.1226,-0.3744,0.113,-0.3949,0.2643,10.45,9.91,0.013958,6.04,-8.32,6.165,3.679,0.8660254037844386,0.5000000000000001,2014-02-01
Guilin,2014,3,110.3,25.28,13.7,26.82,4.5,9.3,10.81,14.46,95.35,3.39,10.81,4.55,100.7,83.7,8.96,3.86,6.7,31.72,3.18,0.66,95.0,1.08,2.15,0.81,0.84,0.83,18.94,-0.2057,-0.9376,-0.1873,-0.7847,0.2146,23.69,-2.13,0.019995,10.64,-10.37,8.566,5.143,1.0,6.123233995736766e-17,2014-03-01
Guilin,2014,4,110.3,25.28,19.42,27.44,11.61,8.53,16.9,19.96,95.0,3.32,8.9,4.56,142.0,86.11,12.99,6.31,8.58,34.25,4.04,0.84,93.37,1.91,3.12,0.85,0.89,0.87,21.14,-0.0279,-0.2394,-0.1246,-0.1551,0.2021,28.66,-9.12,0.022929,14.66,-6.9,11.284,6.333,0.8660254037844387,-0.4999999999999998,2014-04-01
Guilin,2014,5,110.3,25.28,21.94,30.04,11.09,8.25,19.38,22.23,94.63,3.03,9.41,4.26,145.3,86.18,15.31,8.38,11.23,35.3,5.36,1.15,89.12,2.98,4.15,0.88,0.91,0.9,24.63,-0.3635,-0.4872,-0.2291,-0.3934,0.1171,33.64,-14.62,0.027427,17.55,-4.55,13.3,8.385,0.49999999999999994,-0.8660254037844387,2014-05-01
Guilin,2014,6,110.3,25.28,25.02,31.36,19.14,6.47,22.72,25.14,94.22,2.44,7.1,3.54,136.6,87.72,18.51,12.34,12.62,36.22,5.91,1.26,84.66,3.61,4.61,0.94,0.95,0.94,24.0,-0.275,-0.4954,-0.256,-0.386,0.1776,35.12,-16.8,0.015698,19.74,-2.32,14.174,10.054,1.2246467991473532e-16,-1.0,2014-06-01
Guilin,2014,7,110.3,25.28,25.96,32.56,22.26,5.65,23.65,25.84,94.36,2.19,7.67,3.17,179.7,87.57,19.51,6.55,18.39,35.87,8.65,1.99,74.56,3.81,4.3,0.95,0.96,0.94,26.28,0.1958,-0.3312,0.2369,-0.3359,0.3004,33.37,-16.15,0.017623,20.74,-2.73,13.352,8.559,-0.4999999999999997,-0.8660254037844388,2014-07-01
Guilin,2014,8,110.3,25.28,25.17,32.42,18.96,6.29,22.72,25.23,94.49,2.07,5.07,2.97,160.5,86.9,18.45,6.4,15.17,35.75,7.11,1.59,82.12,4.72,4.61,0.92,0.95,0.92,23.89,0.9609,0.1944,0.9967,0.2745,0.1245,33.67,-15.13,0.012687,19.73,-2.61,13.398,9.007,-0.8660254037844385,-0.5000000000000004,2014-08-01
Guilin,2014,9,110.3,25.28,23.92,30.94,14.0,7.72,21.19,24.0,94.76,2.61,8.24,3.78,103.4,85.4,16.84,2.82,15.29,35.05,7.12,1.54,67.68,5.43,4.59,0.87,0.92,0.88,22.27,0.0403,0.4467,-0.0546,0.423,0.3582,31.31,-12.56,0.011698,18.79,-3.2,12.5154,8.1399,-1.0,-1.8369701987210297e-16,2014-09-01
Guilin,2014,10,110.3,25.28,19.81,27.63,10.78,9.97,16.07,19.59,95.35,2.51,6.12,3.75,74.4,80.24,12.23,1.3,14.15,31.6,6.27,1.14,46.2,4.65,3.59,0.81,0.86,0.83,17.97,-0.1444,0.4348,-0.2986,0.3211,0.4024,19.73,-2.05,0.007904,15.13,-5.62,8.7216,4.8069,-0.8660254037844386,0.5000000000000001,2014-10-01
Guilin,2014,11,110.3,25.28,13.75,23.87,5.94,8.69,10.85,13.81,95.55,2.85,7.47,4.24,56.8,83.69,8.77,3.76,6.77,31.14,3.1,0.56,82.07,1.7,2.13,0.83,0.86,0.84,14.48,0.6146,0.1733,0.6183,0.1891,0.2768,21.47,2.03,0.013525,10.45,-7.28,8.1926,5.4556,-0.5000000000000004,0.8660254037844384,2014-11-01
Guilin,2014,12,110.3,25.28,6.95,18.55,-2.72,11.42,1.0,6.55,96.01,3.07,8.46,4.42,39.1,68.66,4.4,1.09,9.28,26.18,4.01,0.59,60.51,0.95,1.75,0.82,0.86,0.83,13.63,-0.1721,0.1601,0.0719,0.3819,0.2388,0.67,17.06,0.008815,5.32,-7.14,3.9002,3.247,-2.4492935982947064e-16,1.0,2014-12-01
Guilin,2015,1,110.3,25.28,8.16,19.74,-0.31,9.53,4.52,8.04,95.82,3.01,6.37,4.12,56.8,79.43,5.73,2.0,7.49,27.74,3.3,0.52,71.63,0.61,1.4,0.82,0.85,0.83,13.87,0.0802,0.1856,-0.1637,0.228,0.2018,8.18,10.57,0.009642,6.31,-9.66,5.2062,3.3394,0.49999999999999994,0.8660254037844387,2015-01-01
Guilin,2015,2,110.3,25.28,11.07,24.9,-1.18,9.87,7.9,11.41,95.52,3.21,9.73,4.35,96.7,82.05,7.55,2.91,6.62,30.45,3.03,0.59,88.84,0.72,1.72,0.82,0.86,0.84,15.95,0.3366,-0.0903,0.0737,-0.3225,0.1374,19.07,2.37,0.014335,8.28,-11.73,7.0349,3.6754,0.8660254037844386,0.5000000000000001,2015-02-01
Guilin,2015,3,110.3,25.28,14.4,27.7,2.72,8.78,11.86,15.17,95.37,3.26,9.66,4.37,112.0,85.44,9.65,1.97,6.17,32.33,2.96,0.62,94.26,1.16,2.2,0.83,0.87,0.84,19.03,-1.6473,-1.0036,-1.5592,-1.1024,0.2178,22.4,-3.4,0.023412,11.84,-7.98,9.6138,4.8516,1.0,6.123233995736766e-17,2015-03-01
Guilin,2015,4,110.3,25.28,18.62,30.32,6.94,10.33,14.67,19.13,95.07,3.71,10.29,5.08,154.3,79.39,11.54,3.27,13.7,32.17,6.24,1.24,75.18,2.79,3.35,0.8,0.84,0.82,22.93,-1.3125,-1.7281,-1.2032,-1.939,0.2922,24.61,-4.86,0.017669,14.74,-7.74,9.1588,5.3393,0.8660254037844387,-0.4999999999999998,2015-04-01
Guilin,2015,5,110.3,25.28,22.92,30.27,10.38,7.97,20.57,23.18,94.52,3.08,9.61,4.42,150.4,87.33,16.31,12.87,10.9,35.67,5.22,1.13,91.0,2.82,3.94,0.88,0.91,0.9,24.57,1.2305,-0.5755,1.1075,-0.5624,0.1528,34.03,-15.91,0.030326,18.23,-3.92,13.7926,8.6019,0.49999999999999994,-0.8660254037844387,2015-05-01
Guilin,2015,6,110.3,25.28,24.97,30.52,18.12,5.66,23.31,25.03,94.35,3.74,8.42,5.35,185.9,90.8,19.16,13.72,12.39,36.28,6.0,1.38,90.89,3.08,4.68,0.95,0.96,0.94,26.16,0.0978,0.0438,0.0976,0.151,0.2313,34.84,-18.21,0.0197625,20.03,-2.29,14.6259,9.4876,1.2246467991473532e-16,-1.0,2015-06-01
Guilin,2015,7,110.3,25.28,24.51,31.84,16.17,6.85,22.12,24.61,94.28,2.77,6.6,4.03,106.6,87.23,17.88,7.92,13.47,35.77,6.38,1.46,83.42,4.92,4.91,0.92,0.95,0.92,25.38,0.5233,0.7776,0.6284,0.7325,0.3845,32.73,-14.79,0.009199,19.24,-2.43,13.5341,8.7852,-0.4999999999999997,-0.8660254037844388,2015-07-01
Guilin,2015,8,110.3,25.28,24.64,31.83,18.36,7.42,21.88,24.68,94.52,2.39,5.82,3.48,130.6,85.47,17.53,6.97,15.5,35.41,7.25,1.61,78.84,5.65,5.02,0.9,0.93,0.91,24.21,1.1544,0.6862,1.254,0.7704,0.2186,32.01,-13.45,0.005923,19.71,-3.22,12.4948,8.114,-0.8660254037844385,-0.5000000000000004,2015-08-01
Guilin,2015,9,110.3,25.28,23.05,29.44,15.86,7.57,20.66,23.17,94.88,2.5,7.29,3.73,85.0,87.08,16.27,5.06,11.16,35.4,5.31,1.17,83.96,4.2,4.34,0.91,0.94,0.91,21.35,1.0324,1.1584,1.0582,1.2275,0.416,33.33,-13.11,0.011469,17.98,-3.09,13.1088,9.516,-1.0,-1.8369701987210297e-16,2015-09-01
Guilin,2015,10,110.3,25.28,19.15,27.66,10.52,9.66,15.48,18.84,95.37,2.79,7.66,3.99,48.8,80.66,11.75,5.18,13.24,31.66,6.02,1.15,56.75,3.88,3.77,0.88,0.92,0.89,18.89,1.9299,1.726,1.7743,1.8342,0.3245,23.22,-1.78,0.011266,15.22,-5.23,8.7346,6.1891,-0.8660254037844386,0.5000000000000001,2015-10-01
Guilin,2015,11,110.3,25.28,14.38,26.28,2.1,7.79,12.72,14.6,95.55,2.87,7.58,4.15,79.5,90.11,10.11,10.73,6.21,31.89,2.92,0.58,92.39,1.08,2.31,0.94,0.95,0.94,15.23,2.2735,2.6538,2.1661,2.1662,0.1628,24.24,-2.99,0.019802,12.69,-7.47,9.314,5.5718,-0.5000000000000004,0.8660254037844384,2015-11-01
Guilin,2015,12,110.3,25.28,7.67,18.62,-2.47,8.17,5.59,7.86,95.92,2.78,7.69,4.05,40.9,87.34,6.08,4.37,5.53,28.92,2.49,0.42,91.07,0.29,1.89,0.97,0.97,0.95,12.98,2.1189,2.6679,1.8712,2.2514,0.1202,12.98,8.96,0.013183,6.41,-9.43,5.9486,4.16,-2.4492935982947064e-16,1.0,2015-12-01
Guilin,2016,1,110.3,25.28,6.4,19.96,-4.15,7.72,4.41,6.64,95.81,3.07,9.18,4.12,46.4,87.56,5.76,3.01,5.75,28.37,2.65,0.48,90.67,0.16,1.61,0.96,0.97,0.94,14.67,0.7148,2.682,0.6898,2.7057,0.1546,14.02,7.24,0.013544,5.58,-11.93,5.9441,3.5077,0.49999999999999994,0.8660254037844387,2016-01-01
Guilin,2016,2,110.3,25.28,8.16,22.0,-3.5,11.24,3.59,7.94,95.93,3.38,9.89,4.63,43.4,74.94,5.49,0.81,10.72,27.09,4.68,0.82,65.57,0.56,2.51,0.92,0.95,0.91,17.35,-1.4201,0.9877,-1.1245,1.1017,0.2072,4.67,15.62,0.00778,5.56,-8.02,4.0427,3.3837,0.8660254037844386,0.5000000000000001,2016-02-01
Guilin,2016,3,110.3,25.28,13.19,24.48,0.48,9.38,10.6,13.52,95.38,3.14,8.96,4.25,95.3,85.02,8.82,3.73,8.5,31.13,3.9,0.77,87.48,0.78,2.51,0.89,0.93,0.9,19.61,-0.2867,-0.5764,-0.214,-0.3363,0.082,20.44,0.25,0.015333,9.8,-10.29,7.9348,4.474,1.0,6.123233995736766e-17,2016-03-01
Guilin,2016,4,110.3,25.28,19.73,27.59,8.17,8.17,17.76,20.05,94.76,3.21,11.64,4.54,158.8,88.99,13.6,11.67,8.57,34.16,4.02,0.84,90.74,1.3,3.59,0.95,0.96,0.94,20.99,1.4522,0.6741,1.3613,0.7157,0.3301,30.09,-10.99,0.027009,15.82,-7.33,11.4047,6.4682,0.8660254037844387,-0.4999999999999998,2016-04-01
Guilin,2016,5,110.3,25.28,21.74,28.52,10.9,7.46,19.73,21.83,94.67,3.2,8.48,4.56,158.3,88.88,15.51,10.27,12.24,34.69,5.78,1.3,85.27,1.82,4.12,0.97,0.97,0.95,25.0,0.3633,1.1092,0.4686,1.1012,0.202,29.6,-11.43,0.025808,17.39,-4.21,12.2173,7.5448,0.49999999999999994,-0.8660254037844387,2016-05-01
Guilin,2016,6,110.3,25.28,24.72,30.64,17.16,6.18,22.84,24.8,94.45,3.18,7.98,4.6,183.1,89.71,18.63,9.76,15.21,35.78,7.24,1.7,84.05,3.38,4.68,0.96,0.97,0.95,26.62,-1.0557,0.3447,-0.9815,0.4434,0.2048,32.33,-15.28,0.030393,19.99,-2.96,13.2143,8.2984,1.2246467991473532e-16,-1.0,2016-06-01
Guilin,2016,7,110.3,25.28,25.94,32.54,21.13,5.74,23.64,25.86,94.41,3.32,8.63,4.75,191.1,87.76,19.48,4.96,17.47,35.76,8.27,1.95,77.88,4.8,4.65,0.92,0.95,0.92,26.58,-0.248,-0.709,-0.171,-0.6551,0.2892,32.76,-16.06,0.033565,21.15,-2.93,13.0748,8.2896,-0.4999999999999997,-0.8660254037844388,2016-07-01
Guilin,2016,8,110.3,25.28,25.84,32.52,15.4,7.03,22.76,25.64,94.23,2.41,12.08,3.54,51.8,83.9,18.66,4.68,15.78,35.94,7.42,1.68,82.03,5.31,4.54,0.87,0.92,0.89,24.4,0.2986,-0.7966,0.2355,-0.709,0.3071,33.71,-15.85,0.018574,20.37,-1.88,13.7188,9.329,-0.8660254037844385,-0.5000000000000004,2016-08-01
Guilin,2016,9,110.3,25.28,23.12,31.38,13.7,9.26,19.39,23.1,94.73,2.57,7.5,3.77,34.5,80.72,15.07,2.52,15.12,34.41,6.97,1.5,63.68,6.85,4.86,0.82,0.88,0.84,21.81,-0.1293,-0.2872,-0.0879,-0.2612,0.4092,28.92,-8.79,0.017731,17.77,-2.58,11.6554,8.0314,-1.0,-1.8369701987210297e-16,2016-09-01
Guilin,2016,10,110.3,25.28,20.12,29.38,8.53,9.73,16.97,20.36,95.12,2.96,6.29,4.44,50.7,83.28,13.0,1.35,11.22,33.3,5.2,1.13,70.31,5.04,3.43,0.76,0.81,0.77,18.9,-0.0998,-0.0496,-0.3155,-0.177,0.328,25.55,-6.44,0.016542,15.99,-3.86,10.8978,6.6465,-0.8660254037844386,0.5000000000000001,2016-10-01
Guilin,2016,11,110.3,25.28,13.48,26.04,-0.79,9.58,10.51,13.56,95.58,3.23,7.43,4.45,46.4,83.25,9.07,3.91,7.98,30.65,3.69,0.75,71.93,2.03,2.19,0.78,0.81,0.8,15.27,0.6657,0.1469,0.6802,0.2155,0.3418,19.05,1.66,0.013608,11.46,-6.53,8.2557,5.3602,-0.5000000000000004,0.8660254037844384,2016-11-01
Guilin,2016,12,110.3,25.28,10.28,22.65,-0.95,11.47,5.93,10.17,95.76,3.0,9.09,4.35,47.4,76.58,6.39,1.68,9.69,27.37,4.24,0.72,58.71,1.38,1.7,0.78,0.82,0.8,13.91,0.4262,0.4122,0.2937,0.4858,0.3391,9.98,10.0,0.0089,9.03,-7.58,5.2713,3.7778,-2.4492935982947064e-16,1.0,2016-12-01
Guilin,2017,1,110.3,25.28,9.74,21.58,0.24,9.46,6.39,10.07,95.75,3.02,9.12,4.12,54.5,80.82,6.54,2.01,7.19,28.89,3.25,0.63,76.63,0.81,1.49,0.8,0.83,0.81,14.21,0.0874,0.4161,-0.2901,0.3195,0.1488,12.97,6.48,0.013816,8.31,-8.26,6.7532,3.8509,0.49999999999999994,0.8660254037844387,2017-01-01
Guilin,2017,2,110.3,25.28,10.32,23.9,-0.7,10.89,5.94,10.84,95.72,3.34,9.47,4.45,61.0,76.35,6.52,2.11,8.47,29.15,3.8,0.73,79.31,0.98,1.88,0.79,0.83,0.81,17.08,-0.1836,-0.1524,-0.4029,-0.5641,0.2085,13.23,7.42,0.010317,6.98,-10.77,5.811,3.7685,0.8660254037844386,0.5000000000000001,2017-02-01
Guilin,2017,3,110.3,25.28,13.38,25.85,5.08,10.01,10.26,14.07,95.3,3.23,9.58,4.29,59.4,82.85,8.53,6.46,6.83,31.64,3.24,0.71,93.32,1.02,2.18,0.82,0.85,0.84,19.7,1.1299,0.5936,1.2283,0.5524,0.1219,22.83,-0.72,0.019544,10.34,-9.74,8.3548,5.0894,1.0,6.123233995736766e-17,2017-03-01
Guilin,2017,4,110.3,25.28,18.72,28.48,4.65,10.23,15.03,19.21,94.97,3.65,8.56,5.04,169.1,80.77,11.69,3.79,12.49,32.63,5.77,1.24,80.96,2.6,3.61,0.84,0.88,0.85,23.57,-1.0461,-0.3096,-0.992,-0.2411,0.3136,25.18,-4.9,0.020794,14.28,-6.69,9.7865,5.8312,0.8660254037844387,-0.4999999999999998,2017-04-01
Guilin,2017,5,110.3,25.28,21.89,29.59,12.31,9.54,17.67,21.91,94.82,2.7,8.2,3.78,113.5,78.66,13.66,7.47,15.7,33.58,7.23,1.55,73.85,4.41,4.54,0.85,0.89,0.87,25.67,-0.7534,-0.6821,-0.6294,-0.543,0.347,26.66,-7.89,0.013221,16.85,-4.83,10.7515,6.3695,0.49999999999999994,-0.8660254037844387,2017-05-01
Guilin,2017,6,110.3,25.28,24.02,29.64,17.38,6.19,22.21,24.19,94.38,2.69,7.26,3.94,175.4,90.03,17.92,9.215,9.64,36.03,4.75,1.12,94.44,2.85,3.75,0.91,0.93,0.93,25.32,1.2558,0.0211,1.2076,0.2291,0.1837,35.06,-16.5,0.032501,19.04,-2.98,14.0754,9.7354,1.2246467991473532e-16,-1.0,2017-06-01
Guilin,2017,7,110.3,25.28,25.84,32.67,21.5,6.01,23.37,25.81,94.45,2.61,7.98,3.76,174.8,86.96,19.15,10.96,17.51,35.87,8.28,1.94,77.68,4.47,5.2,0.97,0.97,0.95,26.76,1.1358,1.1141,1.0764,1.0753,0.2286,34.47,-16.86,0.024485,20.32,-2.95,13.7137,8.931,-0.4999999999999997,-0.8660254037844388,2017-07-01
Guilin,2017,8,110.3,25.28,25.63,33.19,20.51,5.89,23.53,25.59,94.42,2.84,7.68,4.2,174.0,88.7,19.36,8.86,15.77,35.92,7.49,1.77,79.79,4.21,4.52,0.93,0.95,0.93,25.22,1.7316,1.9526,1.7521,1.6879,0.2766,34.82,-17.56,0.024854,20.67,-2.85,13.8877,9.1074,-0.8660254037844385,-0.5000000000000004,2017-08-01
Guilin,2017,9,110.3,25.28,24.87,30.54,18.63,7.46,22.33,25.01,94.78,2.23,5.31,3.28,136.4,86.46,17.96,3.59,15.21,35.75,7.11,1.58,70.37,5.4,4.68,0.89,0.93,0.89,21.91,0.4261,1.6933,0.1983,1.5417,0.3591,33.43,-15.34,0.014244,19.55,-2.95,13.4248,8.9041,-1.0,-1.8369701987210297e-16,2017-09-01
Guilin,2017,10,110.3,25.28,18.64,29.72,5.56,9.77,15.24,18.8,95.36,3.24,9.33,4.66,43.6,81.75,11.86,0.77,12.71,32.33,5.79,1.16,66.1,4.47,3.75,0.83,0.88,0.84,18.74,-0.7135,1.007,-0.5742,0.8915,0.2954,21.58,-1.23,0.016274,14.45,-3.6,9.4869,6.5306,-0.8660254037844386,0.5000000000000001,2017-10-01
Guilin,2017,11,110.3,25.28,13.7,25.55,3.96,9.4,10.14,13.83,95.6,2.93,7.62,4.16,41.3,80.47,8.51,1.76,7.56,30.58,3.46,0.67,82.49,2.08,2.27,0.8,0.84,0.81,14.86,-0.2553,-0.3425,-0.19,-0.2751,0.3462,20.68,2.66,0.014922,11.39,-6.92,7.704,5.9337,-0.5000000000000004,0.8660254037844384,2017-11-01
Guilin,2017,12,110.3,25.28,8.15,17.75,-3.18,10.93,2.9,7.92,95.94,2.99,8.89,4.33,38.5,72.43,5.12,1.04,8.67,26.86,3.73,0.58,65.39,1.03,1.55,0.79,0.83,0.8,13.47,-0.2322,-0.8397,-0.0918,-0.5784,0.4213,2.6,16.71,0.008728,6.08,-5.15,4.6006,3.566,-2.4492935982947064e-16,1.0,2017-12-01
Guilin,2018,1,110.3,25.28,6.51,17.37,-4.71,9.47,2.89,6.72,95.61,3.2,8.49,4.2,46.8,79.35,5.27,2.3,5.99,28.6,2.73,0.49,89.07,0.39,1.3,0.81,0.84,0.82,14.3,0.2874,-0.4078,0.1774,-0.3955,0.1697,9.99,12.45,0.014847,5.93,-6.42,5.939,4.2009,0.49999999999999994,0.8660254037844387,2018-01-01
Guilin,2018,2,110.3,25.28,9.21,23.61,-4.06,10.94,4.35,9.61,95.64,3.18,9.68,4.51,64.5,73.91,6.14,0.82,8.02,28.94,3.59,0.67,85.06,0.79,1.64,0.79,0.83,0.8,16.92,-1.4467,-1.0103,-1.2082,-0.9195,0.2742,7.91,10.77,0.010314,5.67,-9.05,5.6333,3.2254,0.8660254037844386,0.5000000000000001,2018-02-01
Guilin,2018,3,110.3,25.28,15.82,26.4,1.35,10.39,11.91,16.1,95.23,3.44,10.36,4.64,153.6,79.43,9.65,5.52,11.5,31.14,5.21,1.01,73.78,1.59,2.69,0.82,0.85,0.84,20.4,0.6969,-0.1141,0.526,-0.1329,0.2766,23.33,-2.07,0.015823,11.54,-11.62,7.66,4.4438,1.0,6.123233995736766e-17,2018-03-01
Guilin,2018,4,110.3,25.28,19.01,27.68,5.59,9.93,14.92,19.3,95.06,3.69,10.72,5.06,171.3,78.85,11.75,4.26,12.19,32.72,5.59,1.13,85.49,2.64,3.51,0.83,0.86,0.84,23.35,-0.8267,-0.809,-0.8306,-0.8992,0.1949,26.14,-5.45,0.021118,14.09,-7.7,9.6737,5.9163,0.8660254037844387,-0.4999999999999998,2018-04-01
Guilin,2018,5,110.3,25.28,23.46,30.37,15.62,7.53,20.96,23.71,94.71,3.79,9.3,5.34,184.6,86.57,16.59,8.7,13.05,35.48,6.21,1.38,83.36,3.8,4.33,0.86,0.9,0.88,25.52,-0.2332,-0.4882,-0.2903,-0.6236,0.272,31.75,-13.9,0.036487,18.37,-4.54,12.6846,7.5634,0.49999999999999994,-0.8660254037844387,2018-05-01
Guilin,2018,6,110.3,25.28,24.37,30.56,17.88,7.23,21.75,24.63,94.32,2.83,7.09,4.09,145.2,86.18,17.45,8.74,14.11,35.84,6.73,1.55,85.87,5.22,4.92,0.87,0.91,0.89,26.26,-1.4035,-1.5663,-1.2889,-2.8671,0.3236,32.48,-13.3,0.016345,18.91,-2.41,13.0762,9.117,1.2246467991473532e-16,-1.0,2018-06-01
Guilin,2018,7,110.3,25.28,26.37,33.02,21.61,6.51,23.34,26.42,94.2,2.25,6.9,3.25,166.3,84.26,19.18,6.13,18.37,35.98,8.67,1.97,79.72,6.31,5.23,0.88,0.92,0.89,26.73,0.0864,-0.9594,0.1014,-0.9741,0.3986,33.16,-16.42,0.025755,20.33,-2.07,13.8827,8.7618,-0.4999999999999997,-0.8660254037844388,2018-07-01
Guilin,2018,8,110.3,25.28,25.71,32.48,19.68,7.24,22.84,25.63,94.15,2.22,5.51,3.28,47.3,85.1,18.62,5.27,15.77,35.93,7.43,1.68,81.19,5.72,4.52,0.85,0.89,0.87,24.77,0.5414,-0.6539,0.4987,-0.5549,0.3652,34.84,-17.06,0.020014,20.33,-2.64,13.9139,9.1406,-0.8660254037844385,-0.5000000000000004,2018-08-01
Guilin,2018,9,110.3,25.28,23.36,30.5,13.51,8.16,20.15,23.41,94.84,2.78,11.66,4.07,68.9,83.13,15.86,4.39,14.82,34.69,6.93,1.52,76.91,5.87,4.67,0.84,0.88,0.85,22.46,0.7726,0.4409,0.7606,0.3884,0.473,30.1,-10.32,0.01163,17.76,-3.31,11.9872,8.3397,-1.0,-1.8369701987210297e-16,2018-09-01
Guilin,2018,10,110.3,25.28,17.14,26.03,8.98,9.58,12.99,16.98,95.48,2.65,6.76,3.96,40.4,78.68,9.97,3.87,11.5,30.91,5.26,1.05,70.08,3.71,3.34,0.83,0.87,0.84,18.67,1.4024,1.0632,1.459,1.1072,0.3157,22.23,1.43,0.01481,13.27,-6.02,7.8533,6.3773,-0.8660254037844386,0.5000000000000001,2018-10-01
Guilin,2018,11,110.3,25.28,13.76,23.59,3.75,10.11,10.52,13.55,95.58,2.49,6.72,3.54,49.8,82.09,8.52,3.65,9.44,29.55,4.26,0.82,62.05,2.01,2.33,0.84,0.89,0.86,15.73,0.5763,1.1247,0.5818,1.0888,0.3361,19.21,1.05,0.013327,11.76,-8.05,7.7618,4.5027,-0.5000000000000004,0.8660254037844384,2018-11-01
Guilin,2018,12,110.3,25.28,7.62,24.15,-7.23,8.29,4.92,7.78,95.86,3.65,7.61,4.82,40.1,83.91,6.24,2.15,4.52,29.23,2.11,0.43,91.35,0.5,1.54,0.85,0.9,0.87,13.06,0.8085,1.1655,0.8244,1.1548,0.1535,13.0,7.43,0.017059,7.77,-7.44,6.9074,4.3978,-2.4492935982947064e-16,1.0,2018-12-01
Guilin,2019,1,110.3,25.28,6.91,19.75,-5.07,8.47,4.62,7.2,95.91,2.94,7.25,3.92,44.3,86.08,5.74,2.93,4.97,29.15,2.32,0.5,93.05,0.24,1.35,0.88,0.91,0.89,13.9,0.6702,0.7408,0.6051,0.8168,0.1689,10.4,7.25,0.013882,7.15,-8.73,6.6877,3.4015,0.49999999999999994,0.8660254037844387,2019-01-01
Guilin,2019,2,110.3,25.28,8.33,22.65,-0.44,8.97,6.33,9.08,95.52,3.34,10.31,4.16,51.7,87.57,6.54,3.87,4.87,30.72,2.33,0.53,95.68,0.34,1.64,0.88,0.92,0.89,16.39,0.8475,1.1592,0.9315,1.3349,0.0838,16.79,-0.76,0.022984,10.28,-9.81,8.3702,3.4921,0.8660254037844386,0.5000000000000001,2019-02-01
Guilin,2019,3,110.3,25.28,14.22,26.03,5.71,9.29,11.81,14.67,95.23,3.46,9.89,4.66,72.6,86.25,9.43,6.7,8.61,31.69,4.01,0.86,86.68,0.78,2.84,0.92,0.95,0.92,19.55,1.2338,1.5242,1.2718,1.5048,0.2801,22.19,-1.58,0.019605,11.19,-9.28,8.5751,4.7218,1.0,6.123233995736766e-17,2019-03-01
Guilin,2019,4,110.3,25.28,19.58,28.65,9.08,7.85,17.66,19.79,94.85,3.23,9.13,4.46,159.9,89.13,13.83,11.42,10.62,34.23,4.98,1.06,84.99,1.15,3.57,0.95,0.96,0.94,21.73,1.3944,1.8636,1.3109,1.7843,0.2195,29.37,-11.79,0.028038,16.35,-7.38,11.4939,5.9904,0.8660254037844387,-0.4999999999999998,2019-04-01
Guilin,2019,5,110.3,25.28,21.48,29.98,12.28,7.96,19.08,21.73,94.69,2.86,8.0,4.08,118.2,86.83,14.96,5.29,10.5,34.99,4.97,1.11,87.04,2.41,4.34,0.95,0.97,0.94,23.79,-1.8424,0.6277,-2.0345,0.6879,0.3446,30.32,-10.29,0.024285,16.36,-3.92,12.2912,8.4275,0.49999999999999994,-0.8660254037844387,2019-05-01
Guilin,2019,6,110.3,25.28,24.7,30.43,17.58,6.14,22.84,24.79,94.28,3.06,8.39,4.42,183.1,89.87,18.69,16.9,13.35,35.97,6.39,1.49,85.82,2.89,4.54,0.97,0.97,0.96,26.33,0.8708,0.6333,0.8218,0.6978,0.2949,32.79,-16.49,0.032793,19.77,-2.14,14.1102,9.0327,1.2246467991473532e-16,-1.0,2019-06-01
Guilin,2019,7,110.3,25.28,25.62,31.61,18.81,5.8,23.65,25.66,94.25,2.7,6.87,3.98,180.3,89.33,19.56,10.225,15.03,36.09,7.16,1.7,85.9,3.74,4.93,0.97,0.98,0.96,26.14,2.2431,1.5539,2.0334,1.4946,0.3977,34.62,-17.45,0.022239,20.39,-2.08,14.2594,9.6347,-0.4999999999999997,-0.8660254037844388,2019-07-01
Guilin,2019,8,110.3,25.28,26.88,32.62,19.97,7.62,23.25,26.84,94.26,2.04,6.45,2.98,59.6,81.53,19.09,3.55,19.33,35.97,8.98,2.0,70.23,7.32,5.62,0.88,0.92,0.89,25.02,-0.2308,1.9747,-0.4855,1.6545,0.3503,32.09,-15.04,0.012717,21.26,-2.23,12.9048,7.9583,-0.8660254037844385,-0.5000000000000004,2019-08-01
Guilin,2019,9,110.3,25.28,23.73,31.8,12.77,9.9,18.74,23.37,94.98,2.4,6.64,3.54,48.0,75.33,14.67,1.01,18.76,33.37,8.57,1.81,51.14,7.84,5.15,0.8,0.86,0.81,22.82,-1.3119,1.6032,-1.2836,1.4536,0.3851,25.42,-6.71,0.01244,18.38,-4.09,9.9656,5.9741,-1.0,-1.8369701987210297e-16,2019-09-01
Guilin,2019,10,110.3,25.28,19.18,29.84,7.78,9.43,15.55,19.04,95.39,2.4,6.35,3.44,65.4,80.99,11.9,2.89,11.32,32.25,5.2,1.01,63.4,4.56,3.3,0.76,0.8,0.78,18.2,0.9289,-0.3411,0.8448,-0.5451,0.3512,24.07,-3.95,0.010745,15.09,-5.95,9.3816,5.8507,-0.8660254037844386,0.5000000000000001,2019-10-01
Guilin,2019,11,110.3,25.28,13.71,25.43,2.71,10.76,9.18,13.54,95.64,2.92,9.69,4.13,50.2,75.73,7.91,1.29,10.4,29.71,4.65,0.8,62.67,2.73,2.34,0.75,0.79,0.76,15.45,-0.5561,-0.6289,-0.4675,-0.4813,0.3679,15.48,5.13,0.010304,10.87,-6.17,7.1898,4.7675,-0.5000000000000004,0.8660254037844384,2019-11-01
Guilin,2019,12,110.3,25.28,9.83,23.41,-0.86,11.22,4.79,9.49,95.83,2.95,8.15,4.16,43.2,73.66,5.97,1.1,8.86,27.37,3.87,0.6,59.46,1.41,1.53,0.74,0.77,0.75,13.69,-0.1604,-0.1169,-0.2289,0.1098,0.3108,7.66,8.99,0.00893,7.65,-9.83,5.2809,2.8582,-2.4492935982947064e-16,1.0,2019-12-01
Guilin,2020,1,110.3,25.28,8.83,22.05,-3.96,10.49,5.71,9.17,95.65,3.24,8.79,4.47,65.4,82.35,6.43,2.89,5.84,29.46,2.69,0.46,86.14,0.68,1.29,0.76,0.78,0.78,14.4,0.6476,-0.3328,0.4468,-0.4859,0.3012,15.61,4.05,0.015643,7.76,-10.87,6.8924,3.5139,0.49999999999999994,0.8660254037844387,2020-01-01
Guilin,2020,2,110.3,25.28,11.99,24.58,-0.42,10.03,8.76,12.33,95.73,3.19,11.54,4.38,96.2,81.92,7.91,5.32,7.4,30.95,3.4,0.65,91.73,0.83,1.8,0.81,0.83,0.83,16.49,1.5567,1.3078,1.6657,1.0588,0.3308,20.37,2.41,0.017004,8.96,-10.33,7.3388,4.4219,0.8660254037844386,0.5000000000000001,2020-02-01
Guilin,2020,3,110.3,25.28,15.21,25.98,3.64,9.09,12.6,15.63,95.2,3.53,10.15,4.8,100.7,85.23,10.05,8.42,7.87,32.44,3.7,0.73,91.67,0.95,2.41,0.86,0.89,0.88,19.27,1.9167,2.4494,1.9616,2.1121,0.1052,26.09,-3.48,0.023641,12.02,-8.68,9.2836,5.9802,1.0,6.123233995736766e-17,2020-03-01
Guilin,2020,4,110.3,25.28,16.1,27.35,5.62,9.55,12.64,16.23,95.37,3.15,7.64,4.29,80.4,81.43,9.93,5.97,12.47,31.3,5.71,1.12,80.99,1.54,3.35,0.91,0.94,0.91,23.06,-0.1467,1.4389,0.0189,1.4276,0.364,22.8,-1.39,0.014269,12.01,-8.93,8.3113,5.3661,0.8660254037844387,-0.4999999999999998,2020-04-01
Guilin,2020,5,110.3,25.28,23.53,30.95,13.74,8.42,20.87,23.71,94.57,3.2,8.63,4.63,180.3,85.87,16.55,11.06,13.67,35.39,6.44,1.41,84.82,3.4,4.59,0.9,0.93,0.91,25.33,0.6407,1.1017,0.5439,1.0813,0.3185,32.24,-15.27,0.028434,18.86,-4.21,13.1677,7.6178,0.49999999999999994,-0.8660254037844387,2020-05-01
Guilin,2020,6,110.3,25.28,25.21,29.7,20.23,5.08,23.74,25.19,94.32,4.06,8.61,4.98,189.0,91.8,19.64,17.77,11.0,36.37,5.37,1.31,94.81,2.44,4.81,0.98,0.98,0.96,26.54,1.0653,0.8552,0.9611,0.8687,0.1494,35.66,-18.92,0.026355333333333335,20.04,-2.49,14.8235,9.7416,1.2246467991473532e-16,-1.0,2020-06-01
Guilin,2020,7,110.3,25.28,25.74,30.24,21.75,5.55,23.84,25.73,94.39,3.7,9.0,5.33,191.4,89.59,19.71,9.99,16.17,35.87,7.66,1.88,87.82,4.22,5.37,0.96,0.97,0.94,26.56,0.9539,1.3517,0.9249,1.193,0.2704,33.15,-16.49,0.024276666666666665,20.6,-2.09,13.7939,8.8752,-0.4999999999999997,-0.8660254037844388,2020-07-01
Guilin,2020,8,110.3,25.28,25.55,31.71,20.64,6.65,22.77,25.58,94.44,2.73,7.58,3.93,167.7,85.39,18.48,4.2,18.32,35.54,8.61,2.03,71.59,6.23,5.35,0.89,0.93,0.9,25.7,0.0855,1.1342,0.064,1.0386,0.3403,32.64,-14.67,0.022198,19.84,-2.72,13.1307,8.6348,-0.8660254037844385,-0.5000000000000004,2020-08-01
Guilin,2020,9,110.3,25.28,22.5,30.89,14.61,7.17,20.48,22.62,94.81,2.45,6.7,3.54,88.2,88.9,16.12,8.95,10.18,35.27,4.87,1.12,85.18,3.39,3.81,0.9,0.93,0.91,21.22,2.2234,1.6288,2.3269,1.5837,0.2773,32.93,-12.44,0.018874,17.46,-2.98,13.0927,9.8053,-1.0,-1.8369701987210297e-16,2020-09-01
Guilin,2020,10,110.3,25.28,16.98,28.22,8.42,8.84,14.43,17.12,95.42,3.13,7.18,4.6,38.7,85.74,11.08,2.67,10.53,32.28,4.88,1.0,78.64,2.58,3.39,0.91,0.94,0.91,18.13,0.809,1.4637,0.9689,1.6088,0.3345,21.64,-0.58,0.019099,13.35,-4.0,9.4881,7.1966,-0.8660254037844386,0.5000000000000001,2020-10-01
Guilin,2020,11,110.3,25.28,13.89,25.1,2.15,9.94,10.53,13.84,95.72,3.29,8.79,4.72,47.2,81.52,8.74,0.39,9.37,29.95,4.24,0.76,64.66,2.22,2.58,0.85,0.9,0.86,15.37,-1.5071,1.1369,-1.3473,1.1386,0.1959,15.39,3.98,0.013204,11.73,-5.62,7.5597,4.6352,-0.5000000000000004,0.8660254037844384,2020-11-01
Guilin,2020,12,110.3,25.28,6.52,17.12,-3.53,10.15,2.96,6.88,95.93,3.26,9.7,4.56,36.2,79.37,5.2,0.54,6.18,28.21,2.76,0.46,82.72,0.6,1.49,0.83,0.87,0.84,13.06,-0.9881,-0.804,-0.5559,-0.2419,0.1922,5.22,14.44,0.012225,4.64,-6.91,5.3791,3.7661,-2.4492935982947064e-16,1.0,2020-12-01
Guilin,2021,1,110.3,25.28,7.14,18.78,-4.39,11.41,1.77,6.79,95.81,2.93,8.99,4.06,40.5,71.25,4.86,0.25,9.35,26.86,4.09,0.65,63.02,0.65,1.47,0.81,0.85,0.82,14.6,-2.1857,-2.749,-1.6054,-0.6036,0.2774,2.03,17.46,0.009244,4.27,-6.49,4.4085,3.3664,0.49999999999999994,0.8660254037844387,2021-01-01
Guilin,2021,2,110.3,25.28,13.01,24.32,3.85,10.31,9.49,13.04,95.45,2.77,8.16,3.76,61.6,80.73,7.96,3.94,9.68,30.32,4.36,0.73,72.18,1.08,1.98,0.82,0.85,0.83,16.97,0.8814,-0.8443,0.5704,-0.9653,0.2338,19.82,2.58,0.011627,9.42,-9.64,7.3737,4.3999,0.8660254037844386,0.5000000000000001,2021-02-01
Guilin,2021,3,110.3,25.28,15.54,28.86,5.5,8.84,12.92,16.06,95.23,3.49,8.86,4.83,137.9,85.3,10.34,5.72,7.69,32.89,3.56,0.72,90.56,1.08,2.46,0.86,0.9,0.87,18.54,0.7928,0.2745,0.6607,0.0668,0.1549,24.3,-3.81,0.022125,12.2,-8.21,9.5462,5.2285,1.0,6.123233995736766e-17,2021-03-01
Guilin,2021,4,110.3,25.28,17.98,28.25,9.66,8.22,15.55,18.39,95.13,2.96,6.84,4.13,79.4,86.5,11.9,7.98,7.99,33.77,3.78,0.78,91.99,1.47,3.09,0.89,0.92,0.9,21.34,0.5006,0.9605,0.5026,0.8621,0.225,27.85,-6.66,0.021869,14.15,-6.48,10.6582,6.7573,0.8660254037844387,-0.4999999999999998,2021-04-01
Guilin,2021,5,110.3,25.28,22.74,29.66,14.75,7.22,20.84,22.82,94.63,3.46,9.72,4.83,190.3,89.42,16.57,15.72,10.66,35.64,5.15,1.18,92.75,1.88,4.58,0.97,0.97,0.96,25.43,2.0584,1.8748,1.7852,1.6548,0.2388,33.31,-15.21,0.036767,18.22,-4.02,13.479,8.5385,0.49999999999999994,-0.8660254037844387,2021-05-01
Guilin,2021,6,110.3,25.28,25.1,30.5,14.82,7.43,22.29,25.13,94.35,2.72,8.43,3.89,179.5,85.4,18.14,8.66,15.41,35.71,7.28,1.65,85.1,4.71,5.51,0.93,0.96,0.93,26.29,-1.4319,0.4853,-1.4083,0.5611,0.2218,32.18,-15.32,0.024077,19.68,-2.11,13.6957,8.7696,1.2246467991473532e-16,-1.0,2021-06-01
Guilin,2021,7,110.3,25.28,26.28,32.51,21.33,7.21,23.3,26.32,94.31,2.72,7.69,3.94,180.5,84.46,19.1,5.97,19.99,35.79,9.36,2.15,75.62,6.61,6.14,0.92,0.95,0.92,26.73,0.0434,0.1834,0.0692,0.0866,0.4214,31.51,-14.78,0.019295,20.8,-2.43,12.9067,8.0613,-0.4999999999999997,-0.8660254037844388,2021-07-01
Guilin,2021,8,110.3,25.28,26.03,32.92,20.03,7.17,23.15,26.17,94.47,2.43,6.33,3.48,178.8,84.94,18.9,4.13,17.64,35.92,8.31,1.93,87.01,7.24,5.45,0.84,0.89,0.86,25.19,0.0531,-0.911,-0.0466,-0.9114,0.2988,33.96,-16.51,0.016769,20.55,-2.43,13.6885,8.9972,-0.8660254037844385,-0.5000000000000004,2021-08-01
Guilin,2021,9,110.3,25.28,25.48,31.97,19.61,8.18,21.65,25.33,94.87,1.87,6.16,2.62,147.9,80.28,17.18,2.98,19.04,35.19,8.88,1.88,57.37,7.6,5.05,0.8,0.85,0.82,22.95,0.1258,-0.0902,-0.2314,-0.2569,0.4865,33.05,-14.54,0.009705,19.85,-4.01,12.5604,8.0754,-1.0,-1.8369701987210297e-16,2021-09-01
Guilin,2021,10,110.3,25.28,17.78,29.95,7.04,9.41,14.31,17.92,95.4,3.91,10.14,5.47,38.0,81.12,11.14,3.17,10.86,32.36,5.07,1.01,73.33,4.15,3.35,0.77,0.82,0.79,18.64,1.0734,0.3777,1.1183,0.1926,0.4096,24.66,-1.92,0.020308,13.57,-4.6,9.7095,7.5856,-0.8660254037844386,0.5000000000000001,2021-10-01
Guilin,2021,11,110.3,25.28,13.15,26.17,3.1,10.37,8.75,13.04,95.61,2.98,9.08,4.32,40.9,76.97,7.93,4.08,9.06,29.5,4.14,0.73,71.91,2.09,2.38,0.81,0.85,0.83,16.03,0.7221,0.7617,0.748,0.6954,0.3566,18.22,6.78,0.014277,9.64,-7.62,6.3728,5.8754,-0.5000000000000004,0.8660254037844384,2021-11-01
Guilin,2021,12,110.3,25.28,8.97,21.0,-3.66,11.77,4.27,8.7,95.96,2.91,8.25,4.07,41.1,74.6,5.61,0.45,9.73,26.87,4.29,0.65,56.22,1.4,1.7,0.79,0.83,0.8,14.07,-1.1747,0.637,-1.2932,0.7953,0.4446,5.74,12.48,0.009338,6.87,-7.31,5.175,3.3598,-2.4492935982947064e-16,1.0,2021-12-01
Guilin,2022,1,110.3,25.28,7.72,18.57,-4.62,8.52,5.39,8.1,95.65,2.87,5.74,3.86,47.3,85.9,6.02,3.48,4.83,29.13,2.25,0.4,93.36,0.35,1.15,0.8,0.84,0.82,13.91,0.9625,0.535,0.9292,0.5737,0.0464,17.78,5.53,0.015096,6.15,-11.98,6.4285,4.2587,0.49999999999999994,0.8660254037844387,2022-01-01
Guilin,2022,2,110.3,25.28,5.18,20.13,-5.22,9.82,2.6,5.75,95.75,3.42,8.68,4.46,40.6,84.4,4.98,4.7,6.67,28.11,3.09,0.59,88.7,0.33,1.54,0.85,0.88,0.87,17.48,1.2262,1.0026,1.6447,1.126,0.1681,11.54,10.68,0.01605,4.16,-10.58,5.6136,4.1825,0.8660254037844386,0.5000000000000001,2022-02-01
Guilin,2022,3,110.3,25.28,16.73,27.24,5.02,10.52,13.75,17.08,95.07,3.58,10.31,4.79,158.7,83.61,10.73,3.24,10.42,32.04,4.79,0.94,82.1,1.43,2.82,0.85,0.89,0.86,20.33,-0.6103,0.8055,-0.9635,0.7622,0.2992,24.15,-5.16,0.021341,13.1,-7.63,9.9831,5.2819,1.0,6.123233995736766e-17,2022-03-01
Guilin,2022,4,110.3,25.28,18.06,28.7,5.81,9.78,14.02,18.16,95.13,3.48,8.84,4.72,95.2,79.27,11.09,10.4,14.69,31.59,6.68,1.33,66.76,2.16,3.91,0.87,0.9,0.89,23.54,1.1501,1.0848,1.1508,1.0967,0.4357,25.29,-3.51,0.014915,13.75,-7.08,9.2692,6.0682,0.8660254037844387,-0.4999999999999998,2022-04-01
Guilin,2022,5,110.3,25.28,19.97,27.9,8.26,8.13,17.32,20.03,94.8,2.71,7.53,3.83,76.7,85.69,13.44,14.73,10.88,33.57,5.17,1.11,91.2,1.87,3.92,0.95,0.96,0.95,24.85,1.7827,1.6588,1.7458,1.5701,0.2956,30.0,-7.23,0.019331,15.12,-4.94,11.1298,8.4436,0.49999999999999994,-0.8660254037844387,2022-05-01
Guilin,2022,6,110.3,25.28,24.47,30.56,17.41,5.97,22.66,24.5,94.28,3.35,8.58,4.87,182.5,90.15,18.45,9.59,11.03,36.15,5.39,1.23,93.09,2.43,4.84,0.99,0.99,0.97,26.16,1.7237,2.4954,1.5905,2.06,0.2639,35.56,-17.13,0.035157,19.15,-3.03,14.2607,9.7407,1.2246467991473532e-16,-1.0,2022-06-01
Guilin,2022,7,110.3,25.28,25.86,31.01,21.58,6.73,23.44,25.92,94.38,3.06,9.07,4.38,200.0,87.14,19.26,4.45,18.85,36.03,8.94,2.1,67.48,5.96,5.75,0.92,0.95,0.92,27.21,-0.4107,1.5073,-0.319,1.502,0.3256,31.49,-15.35,0.025602,20.88,-2.43,13.0994,8.0972,-0.4999999999999997,-0.8660254037844388,2022-07-01
Guilin,2022,8,110.3,25.28,26.26,33.46,20.85,7.51,23.14,26.42,94.53,2.41,6.45,3.43,167.6,83.84,18.88,1.96,18.61,36.43,8.81,2.07,72.91,8.41,5.75,0.82,0.88,0.83,25.86,-1.2242,0.4656,-1.34,0.4888,0.3825,32.97,-15.66,0.022133,20.29,-2.25,13.5272,8.8351,-0.8660254037844385,-0.5000000000000004,2022-08-01
Guilin,2022,9,110.3,25.28,24.25,32.24,15.24,10.01,18.95,24.2,94.89,2.26,5.64,3.35,44.7,73.63,14.56,0.22,17.77,34.7,8.16,1.73,64.67,8.16,4.81,0.72,0.79,0.72,22.29,-2.7576,-1.7626,-2.5384,-1.7966,0.4428,30.44,-9.46,0.013687,18.54,-3.45,11.2725,7.9268,-1.0,-1.8369701987210297e-16,2022-09-01
Guilin,2022,10,110.3,25.28,19.0,31.16,8.88,12.25,11.86,19.23,95.49,3.54,10.0,5.12,43.9,66.42,9.64,0.26,15.38,31.04,6.97,1.36,53.07,3.42,2.85,0.66,0.72,0.65,19.76,-1.6642,-2.3808,-1.6241,-2.1046,0.4478,19.23,2.61,0.012142,14.38,-4.3,7.6351,6.3643,-0.8660254037844386,0.5000000000000001,2022-10-01
Guilin,2022,11,110.3,25.28,16.95,28.17,0.77,11.04,12.73,17.23,95.36,3.1,9.64,4.37,71.5,78.27,9.99,2.42,8.72,31.6,4.0,0.76,71.89,1.37,1.76,0.66,0.69,0.66,15.43,0.0839,-1.6453,-0.144,-1.9104666666666668,0.222,23.47,-4.58,0.01705,13.64,-6.09,10.1636,5.4183,-0.5000000000000004,0.8660254037844384,2022-11-01
Guilin,2022,12,110.3,25.28,6.75,18.63,-3.02,11.9,0.35,6.91,95.91,3.28,10.22,4.58,37.2,67.17,4.2,0.74,8.58,26.9,3.76,0.62,69.62,0.73,1.15,0.68,0.7,0.69,14.1,-0.6427,-0.924,-0.2964,-1.7163333333333333,0.3057,3.88,16.81,0.009874,4.43,-8.01,3.9756,3.8333,-2.4492935982947064e-16,1.0,2022-12-01
Guilin,2023,1,110.3,25.28,8.29,22.75,-4.37,12.73,2.37,8.49,95.83,3.41,9.42,4.75,44.1,69.6,5.18,0.54,9.18,27.15,4.02,0.68,65.07,0.6,1.08,0.67,0.69,0.67,15.07,-1.4867,-1.0256,-1.4297,-1.5222,0.2742,1.98,15.44,0.009783,5.06,-6.09,5.1421,3.2098,0.49999999999999994,0.8660254037844387,2023-01-01
Guilin,2023,2,110.3,25.28,10.97,25.49,-1.04,10.95,6.68,11.68,95.64,3.36,9.07,4.55,58.1,76.93,6.72,2.41,7.81,29.34,3.53,0.66,77.32,0.71,1.31,0.7,0.71,0.71,16.59,0.0249,-1.4282,-0.2563,-1.2654,0.208,17.32,4.56,0.01584,8.39,-8.99,7.2241,4.5564,0.8660254037844386,0.5000000000000001,2023-02-01
Guilin,2023,3,110.3,25.28,15.58,30.02,5.19,11.73,10.86,16.27,95.36,3.27,12.01,4.38,85.3,75.85,8.81,4.28,9.83,31.4,4.49,0.9,80.69,1.32,1.98,0.7,0.71,0.71,19.07,0.0439,-0.8098,-0.1457,-1.0086,0.1699,24.84,-2.36,0.013653,11.1,-10.73,8.3254,5.1587,1.0,6.123233995736766e-17,2023-03-01
Guilin,2023,4,110.3,25.28,19.62,29.56,7.73,10.78,15.5,20.1,94.87,4.03,10.98,5.42,148.8,79.12,12.12,6.28,11.32,33.54,5.22,1.05,83.15,3.0,3.19,0.74,0.75,0.76,22.01,-0.0382,-0.1673,-0.1517,-0.3008,0.3004,27.22,-7.27,0.02478,14.94,-6.59,10.5399,6.4512,0.8660254037844387,-0.4999999999999998,2023-04-01
Guilin,2023,5,110.3,25.28,23.01,32.7,12.15,9.79,19.22,23.41,94.71,3.58,11.87,4.97,168.5,80.67,15.09,11.12,12.66,35.3,6.02,1.37,85.33,5.62,4.97,0.79,0.8,0.81,25.19,0.6612,0.2747,0.6134,0.213,0.5108,31.46,-12.56,0.030083,17.9,-4.06,12.5273,8.1174,0.49999999999999994,-0.8660254037844387,2023-05-01
Guilin,2023,6,110.3,25.28,25.14,32.67,18.36,7.64,22.16,25.34,94.45,2.65,7.99,3.89,163.0,84.63,17.84,11.38,14.44,36.3,6.93,1.63,87.26,5.88,5.1,0.84,0.86,0.86,26.6,-0.5512,-0.1578,-0.5315,-0.1052,0.1966,33.28,-14.74,0.023833,19.45,-2.59,13.3657,9.0618,1.2246467991473532e-16,-1.0,2023-06-01
Guilin,2023,7,110.3,25.28,26.44,32.18,21.6,7.16,23.46,26.6,94.42,3.41,9.02,4.92,190.6,84.5,19.26,1.79,17.52,36.77,8.34,2.0,84.82,8.44,5.68,0.8,0.85,0.81,26.83,-1.5897,-0.8436,-1.8471,-0.8914,0.362,33.07,-16.1,0.02613,20.71,-1.91,13.6677,9.153,-0.4999999999999997,-0.8660254037844388,2023-07-01
Guilin,2023,8,110.3,25.28,26.05,32.3,17.81,7.59,22.66,26.27,94.36,2.01,6.23,2.84,127.6,82.51,18.41,4.5,15.63,36.61,7.43,1.74,84.22,8.34,5.43,0.76,0.8,0.78,25.04,0.2204,-1.1414,0.121,-1.2243,0.3076,34.59,-16.59,0.007828,19.94,-1.83,14.1985,9.7758,-0.8660254037844385,-0.5000000000000004,2023-08-01
Guilin,2023,9,110.3,25.28,24.38,31.02,16.97,8.46,21.22,24.55,94.8,2.63,6.11,3.92,66.4,83.53,16.77,2.58,14.22,35.81,6.73,1.48,74.07,7.17,4.64,0.74,0.78,0.76,22.63,-0.0943,-1.1023,-0.2692,-1.1942,0.3565,32.93,-14.73,0.017274,18.78,-2.77,13.5603,8.7975,-1.0,-1.8369701987210297e-16,2023-09-01
Guilin,2023,10,110.3,25.28,20.19,30.15,10.43,10.6,15.51,20.3,95.41,2.71,7.56,3.94,55.1,76.21,11.84,1.09,12.88,32.71,5.94,1.18,64.69,4.38,3.15,0.68,0.73,0.68,19.35,-0.3459,-0.1526,-0.6164,-0.4001,0.3359,24.84,-3.33,0.016625,14.74,-4.45,9.884,7.0055,-0.8660254037844386,0.5000000000000001,2023-10-01
Guilin,2023,11,110.3,25.28,15.27,27.05,3.57,10.63,10.45,14.87,95.69,2.88,8.11,3.99,57.1,75.05,8.69,2.28,10.45,29.84,4.7,0.79,60.64,2.45,2.15,0.7,0.73,0.71,15.95,0.0178,-0.3934,-0.0594,-0.48,0.3656,17.69,1.48,0.011205,12.22,-6.98,7.842,4.4985,-0.5000000000000004,0.8660254037844384,2023-11-01
Guilin,2023,12,110.3,25.28,9.94,25.16,-4.54,11.95,4.66,9.93,95.88,3.51,11.11,4.89,46.5,72.06,6.34,0.83,8.64,28.08,3.84,0.57,68.04,1.04,1.36,0.69,0.72,0.69,14.05,-0.509,-0.5594,-0.6354,-0.7471,0.3789,17.75,4.88,0.014459,8.02,-8.19,7.5777,4.8826,-2.4492935982947064e-16,1.0,2023-12-01
Guilin,2024,1,110.3,25.28,8.93,21.18,-8.06,9.19,6.19,9.24,95.84,3.04,9.41,4.23,56.9,83.95,6.68,5.84,5.14,29.6,2.4,0.42,92.64,0.59,1.29,0.75,0.76,0.78,13.92,1.9613,0.812,2.2867,0.6992,0.1588,21.6,3.71,0.015552,6.77,-12.14,6.8945,4.6847,0.49999999999999994,0.8660254037844387,2024-01-01
Guilin,2024,2,110.3,25.28,8.91,27.18,-2.32,10.58,5.17,9.44,95.66,3.4,11.15,5.53,68.8,78.98,6.47,2.45,6.69,29.16,3.07,0.6,84.15,0.78,1.61,0.77,0.8,0.79,17.02,0.1082,1.306,-0.0088,1.2595,0.1748,18.57,3.59,0.020335,9.1,-9.0,7.3491,4.6175,0.8660254037844386,0.5000000000000001,2024-02-01
Guilin,2024,3,110.3,25.28,15.74,28.67,-1.15,11.47,11.67,16.31,95.29,3.76,10.98,5.18,139.3,78.83,9.62,3.36,10.18,31.91,4.7,0.92,88.23,1.82,2.56,0.78,0.8,0.79,20.24,-0.5281,0.9887,-0.747,0.8517,0.2345,21.46,-0.33,0.022261,12.0,-7.4,8.5103,5.2823,1.0,6.123233995736766e-17,2024-03-01
Guilin,2024,4,110.3,25.28,21.27,29.87,11.54,8.55,18.72,21.72,94.67,3.18,10.07,4.47,153.0,86.2,14.53,12.98,9.92,34.76,4.67,0.87,88.48,2.22,3.54,0.85,0.87,0.88,21.13,1.7425,1.2319,1.5748,1.0402,0.3123,33.32,-14.71,0.035471,17.28,-6.78,12.5479,7.4457,0.8660254037844387,-0.4999999999999998,2024-04-01
Guilin,2024,5,110.3,25.28,21.85,30.14,12.42,8.65,18.82,22.01,94.82,2.71,7.86,3.87,100.8,84.0,14.54,8.36,12.51,34.43,5.9,1.2,86.42,3.23,4.41,0.9,0.93,0.91,24.8,-0.3718,0.8964,-0.228,0.762,0.366,32.17,-10.74,0.021643,16.56,-5.01,11.9465,8.4293,0.49999999999999994,-0.8660254037844387,2024-05-01
Guilin,2024,6,110.3,25.28,24.71,30.1,16.86,6.56,22.78,24.96,94.47,3.0,7.48,4.32,175.8,89.51,18.55,7.904999999999999,10.2,36.33,5.01,1.19,93.94,3.44,5.36,0.96,0.96,0.95,26.15,1.818,2.0188,1.6589,1.6299,0.0739,34.27,-16.22,0.033111,19.11,-2.0,14.3245,9.904,1.2246467991473532e-16,-1.0,2024-06-01
Guilin,2024,7,110.3,25.28,26.21,33.35,21.9,6.46,23.77,26.33,94.36,3.22,8.74,4.7,184.9,87.08,19.64,7.45,17.95,36.52,8.55,2.02,77.02,6.35,6.17,0.92,0.95,0.91,27.27,0.4155,1.121,0.4176,1.0373,0.323,30.11,-14.22,0.035914,20.31,-1.8,13.1273,8.1985,-0.4999999999999997,-0.8660254037844388,2024-07-01
Guilin,2024,8,110.3,25.28,26.14,31.6,21.43,7.31,23.26,26.28,94.5,2.17,6.32,3.11,185.5,84.97,19.02,4.05,17.33,36.42,8.21,1.92,70.9,6.96,5.48,0.87,0.91,0.88,25.29,0.0156,1.2451,-0.0985,1.1051,0.2984,31.1,-14.51,0.016388,20.59,-2.2,12.9734,8.0152,-0.8660254037844385,-0.5000000000000004,2024-08-01
Guilin,2024,9,110.3,25.28,24.86,31.69,14.23,8.63,21.42,24.76,94.67,2.59,8.39,3.85,47.0,82.11,17.14,1.85,15.85,35.8,7.47,1.65,71.73,6.65,4.76,0.81,0.86,0.82,22.54,-0.5653,-0.0256,-0.8505,-0.1538,0.4141,29.65,-12.25,0.023446,19.42,-2.51,12.4153,7.7688,-1.0,-1.8369701987210297e-16,2024-09-01
Guilin,2024,10,110.3,25.28,18.31,27.21,7.12,10.99,14.01,18.27,95.35,3.24,8.62,4.79,40.7,77.67,10.76,2.49,13.79,31.43,6.3,1.22,59.74,5.11,3.74,0.77,0.81,0.78,19.24,0.706,-0.0866,0.7423,-0.2615,0.3862,20.2,0.04,0.016916,14.03,-4.44,8.7833,6.3835,-0.8660254037844386,0.5000000000000001,2024-10-01
Guilin,2024,11,110.3,25.28,14.96,27.17,4.09,11.57,10.5,14.92,95.66,3.02,7.92,4.44,43.7,76.67,8.62,0.27,12.53,29.7,5.62,0.98,52.73,3.49,2.52,0.73,0.78,0.74,16.18,-1.7501,-0.8461,-2.0336,-0.8367,0.3372,21.37,-0.36,0.015109,11.5,-6.91,8.9261,5.1959,-0.5000000000000004,0.8660254037844384,2024-11-01
Guilin,2024,12,110.3,25.28,8.15,22.55,-1.84,11.5,2.31,8.08,95.9,3.07,7.43,4.43,39.5,69.32,4.94,0.67,8.01,27.57,3.51,0.54,70.92,1.16,1.4,0.72,0.76,0.73,13.24,-0.755,-0.8846,-0.5808,-0.7745,0.3495,2.9,15.86,0.010061,5.4,-5.65,5.0144,3.5419,-2.4492935982947064e-16,1.0,2024-12-01
Guilin,2025,1,110.3,25.28,9.13,20.06,-3.74,12.77,2.23,8.79,95.8,2.9,10.13,4.13,47.5,65.51,4.95,1.41,10.48,26.43,4.47,0.65,52.61,1.02,1.35,0.7,0.74,0.71,14.72,-0.3989,-1.7525,-0.7261,-2.812,0.3495,2.9,15.86,0.010061,5.4,-5.65,5.0144,3.5419,0.49999999999999994,0.8660254037844387,2025-01-01
Guilin,2025,2,110.3,25.28,8.42,23.69,-3.95,9.39,4.69,9.11,95.8,3.3,8.71,4.45,47.6,79.12,5.84,2.43,4.64,29.41,2.2,0.43,92.46,0.48,1.22,0.74,0.76,0.76,16.08,0.0381,-0.8893,-0.0317,-0.91,0.3495,2.9,15.86,0.010061,5.4,-5.65,5.0144,3.5419,0.8660254037844386,0.5000000000000001,2025-02-01
Guilin,2025,3,110.3,25.28,13.78,28.71,2.35,11.43,8.68,14.37,95.42,3.93,10.06,5.18,51.9,73.7,7.97,2.74,10.51,30.66,4.76,0.88,77.09,1.77,2.34,0.75,0.78,0.76,19.77,-0.9772,-1.1312,-0.9148,-1.0754,0.3495,2.9,15.86,0.010061,5.4,-5.65,5.0144,3.5419,1.0,6.123233995736766e-17,2025-03-01
Guilin,2025,4,110.3,25.28,20.01,30.4,3.94,10.97,14.7,20.23,94.99,2.85,12.9,4.02,169.0,73.96,11.49,5.74,12.94,33.02,5.91,1.12,80.34,3.24,3.36,0.74,0.77,0.76,22.18,-0.2297,-0.7752,-0.3724,-0.7865,0.3495,2.9,15.86,0.010061,5.4,-5.65,5.0144,3.5419,0.8660254037844387,-0.4999999999999998,2025-04-01
Guilin,2025,5,110.3,25.28,22.02,29.71,10.97,8.71,18.8,22.15,94.78,3.0,9.38,4.27,164.6,83.25,14.65,13.0,12.81,34.23,6.02,1.27,84.27,3.59,4.18,0.84,0.86,0.87,25.63,1.2707,0.2324,1.2099,0.2925,0.3495,2.9,15.86,0.010061,5.4,-5.65,5.0144,3.5419,0.49999999999999994,-0.8660254037844387,2025-05-01
Guilin,2025,6,110.3,25.28,24.66,30.4,17.03,6.47,22.34,24.79,94.44,3.2,9.73,4.55,174.7,87.57,18.06,15.38,13.47,36.2,6.51,1.56,89.13,4.19,5.33,0.92,0.94,0.93,26.72,0.5146,0.7571,0.5037,0.7618,0.3495,2.9,15.86,0.010061,5.4,-5.65,5.0144,3.5419,1.2246467991473532e-16,-1.0,2025-06-01
Guilin,2025,7,110.3,25.28,26.86,32.6,21.27,7.57,23.35,26.85,94.12,2.15,7.45,3.11,57.3,81.98,19.21,3.5,19.18,36.6,9.07,2.11,74.31,7.66,6.06,0.88,0.93,0.89,26.75,-0.7522,0.3841,-0.8051,0.2987,0.3495,2.9,15.86,0.010061,5.4,-5.65,5.0144,3.5419,-0.4999999999999997,-0.8660254037844388,2025-07-01
Guilin,2025,8,110.3,25.28,25.71,31.19,21.0,6.92,22.64,25.7,94.59,2.36,7.53,3.36,176.6,83.94,18.31,9.13,18.05,36.06,8.55,1.99,79.71,6.54,5.51,0.87,0.91,0.89,25.69,1.8075,0.5912,1.8248,0.566,0.3495,2.9,15.86,0.010061,5.4,-5.65,5.0144,3.5419,-0.8660254037844385,-0.5000000000000004,2025-08-01
Guilin,2025,9,110.3,25.28,24.57,30.53,16.51,7.62,21.68,24.61,94.84,2.78,9.04,3.96,99.6,84.63,17.25,2.63,15.61,35.61,7.4,1.66,75.93,6.18,4.78,0.84,0.89,0.86,22.92,-0.0656,0.3513,-0.2734,0.2079,0.3495,2.9,15.86,0.010061,5.4,-5.65,5.0144,3.5419,-1.0,-1.8369701987210297e-16,2025-09-01
Guilin,2025,10,110.3,25.28,20.18,30.13,8.0,8.91,16.89,20.26,95.39,3.0,8.63,4.24,58.7,82.18,13.28,1.3,13.58,33.2,6.32,1.26,63.8,4.8,3.6,0.79,0.84,0.81,19.3,-0.1444,0.9813,-0.3837,0.7996,0.3495,2.9,15.86,0.010061,5.4,-5.65,5.0144,3.5419,-0.8660254037844386,0.5000000000000001,2025-10-01
Guilin,2025,11,110.3,25.28,13.15,24.27,2.19,11.14,8.05,12.66,95.75,3.06,8.63,4.46,33.5,73.8,7.51,2.82,11.8,28.19,5.28,0.94,53.15,2.47,2.44,0.8,0.84,0.82,16.47,0.2594,-0.1442,0.3215,-0.1429,0.3495,2.9,15.86,0.010061,5.4,-5.65,5.0144,3.5419,-0.5000000000000004,0.8660254037844384,2025-11-01
Guilin,2025,12,110.3,25.28,11.29,21.87,-0.81,10.99,7.02,10.95,95.66,2.64,9.86,3.71,45.8,76.57,6.82,1.58,8.92,28.76,3.94,0.61,66.01,1.46,1.7,0.78,0.82,0.79,13.52,0.3361,0.0163,0.0922,0.1243,0.3495,2.9,15.86,0.010061,5.4,-5.65,5.0144,3.5419,-2.4492935982947064e-16,1.0,2025-12-01
Hechi,2005,1,108.06,24.7,7.17,24.09,-4.2,9.96,3.41,7.56,97.25,3.18,8.72,4.49,47.8,79.07,5.27,1.36,4.98,28.4,2.28,0.41,70.81,0.38,0.96,0.7,0.71,0.71,14.08,0.0568,-0.3659,0.0115,0.1323,0.0038,9.39,9.21,0.013903,6.18,-9.76,5.792,3.465,0.49999999999999994,0.8660254037844387,2005-01-01
Hechi,2005,2,108.06,24.7,11.03,27.5,-1.41,12.32,6.56,12.06,96.99,4.13,9.09,5.56,66.8,75.67,6.83,0.96,7.07,30.6,3.26,0.66,71.6,0.65,1.41,0.69,0.71,0.7,17.05,-0.3247,-0.3659,-0.1626,0.1323,0.0552,21.5,-0.84,0.021194,10.04,-11.19,7.918,4.447,0.8660254037844386,0.5000000000000001,2005-02-01
Hechi,2005,3,108.06,24.7,15.08,29.83,1.52,12.2,9.61,15.93,97.02,4.07,10.37,5.64,100.6,72.36,8.31,2.22,8.41,31.55,3.91,0.76,82.3,1.02,1.88,0.68,0.7,0.69,19.95,0.0785,-0.3659,0.2882,0.1323,0.017,22.74,-0.35,0.016748,10.03,-10.57,7.979,4.926,1.0,6.123233995736766e-17,2005-03-01
Hechi,2005,4,108.06,24.7,21.35,34.91,10.48,11.37,15.55,21.98,96.53,3.68,9.6,5.28,147.1,72.34,11.77,4.45,12.75,34.02,5.82,1.15,74.58,2.34,2.96,0.69,0.71,0.7,22.17,0.6161,0.1069,0.4786,0.3888,0.1562,28.59,-8.7,0.018512,15.78,-7.45,10.438,6.008,0.8660254037844387,-0.4999999999999998,2005-04-01
Hechi,2005,5,108.06,24.7,25.92,35.41,16.87,9.91,21.62,26.35,95.85,3.74,9.52,5.51,171.6,79.14,17.05,6.58,15.94,36.32,7.5,1.64,76.75,5.69,4.76,0.72,0.74,0.75,25.32,-0.3832,-0.0896,-0.7788,-0.159,0.4337,34.69,-17.98,0.027237,19.54,-5.08,13.628,7.542,0.49999999999999994,-0.8660254037844387,2005-05-01
Hechi,2005,6,108.06,24.7,26.11,31.85,21.54,6.19,23.9,26.19,95.58,2.96,6.84,4.4,148.7,88.17,19.57,5.145,11.01,37.1,5.35,1.24,90.83,3.71,4.33,0.87,0.87,0.9,25.03,1.7463,1.152,1.5353,0.9436,0.2318,37.78,-20.0,0.018498,20.09,-2.47,15.796,10.043,1.2246467991473532e-16,-1.0,2005-06-01
Hechi,2005,7,108.06,24.7,26.76,33.09,22.06,7.44,23.8,26.83,95.89,3.22,8.16,4.79,174.6,84.75,19.36,3.71,19.27,36.39,9.02,2.05,60.86,7.18,5.73,0.86,0.9,0.87,26.05,-1.2406,0.2803,-1.1606,0.05,0.2371,33.67,-18.57,0.023499,20.72,-2.92,14.239,7.908,-0.4999999999999997,-0.8660254037844388,2005-07-01
Hechi,2005,8,108.06,24.7,26.1,34.09,19.24,7.74,23.09,26.27,95.86,2.62,6.15,3.94,103.8,84.36,18.59,4.52,16.1,36.73,7.53,1.67,78.77,7.15,5.26,0.82,0.85,0.84,23.98,-0.3533,0.2108,-0.4632,0.1932,0.3083,34.32,-17.13,0.016817,19.99,-2.7,14.053,8.75,-0.8660254037844385,-0.5000000000000004,2005-08-01
Hechi,2005,9,108.06,24.7,24.75,32.01,16.54,9.26,20.99,24.8,96.43,3.09,7.95,4.7,63.6,80.83,16.27,1.87,16.08,35.43,7.41,1.54,59.12,7.59,4.94,0.76,0.81,0.77,21.89,-1.4906,-1.7329,-0.7522499999999999,-1.5333,0.1991,30.39,-12.33,0.012927,18.43,-3.77,12.338,7.022,-1.0,-1.8369701987210297e-16,2005-09-01
Hechi,2005,10,108.06,24.7,20.4,31.76,8.92,10.93,15.46,20.65,97.01,2.9,6.9,4.37,47.9,75.16,11.67,0.99,13.14,32.93,5.92,1.13,51.44,4.54,3.28,0.7,0.75,0.71,17.58,-1.1424,-1.37,-1.0413,-1.246,0.1405,26.72,-4.71,0.013353,14.22,-5.53,10.213,6.905,-0.8660254037844386,0.5000000000000001,2005-10-01
Hechi,2005,11,108.06,24.7,16.64,30.46,4.08,10.28,12.41,16.82,97.04,3.14,6.57,4.72,56.2,77.78,9.95,1.28,9.54,31.34,4.32,0.82,62.33,2.26,2.13,0.7,0.72,0.71,15.35,-0.2652,-1.55,-0.2334,-1.7172,0.1441,21.78,-0.12,0.014959,11.31,-6.62,9.024,5.382,-0.5000000000000004,0.8660254037844384,2005-11-01
Hechi,2005,12,108.06,24.7,9.1,20.42,-1.65,10.32,2.99,9.31,97.54,3.3,8.74,4.84,41.0,68.71,5.16,1.4,8.18,27.5,3.57,0.57,59.73,0.6,1.2,0.69,0.71,0.7,13.48,0.7216,-0.6803,0.839,-0.5806,0.1101,6.86,14.19,0.013363,5.31,-7.52,4.964,4.138,-2.4492935982947064e-16,1.0,2005-12-01
Hechi,2006,1,108.06,24.7,9.85,24.13,-2.58,12.02,5.16,10.34,97.14,3.61,8.73,5.17,54.9,74.75,6.17,0.54,7.42,28.84,3.28,0.62,67.65,0.6,1.16,0.69,0.71,0.7,14.5,-1.0046,-0.645,-1.1017,-0.6759,0.0636,4.59,10.14,0.011351,7.17,-7.1,6.139,2.938,0.49999999999999994,0.8660254037844387,2006-01-01
Hechi,2006,2,108.06,24.7,11.67,26.27,2.2,10.11,7.59,12.61,97.27,3.99,8.93,5.35,58.4,77.68,6.98,2.33,5.45,31.14,2.6,0.59,91.94,0.56,1.37,0.69,0.7,0.71,17.22,0.9704,0.2059,0.9513,0.1734,0.0906,22.09,1.98,0.016541,8.44,-10.36,7.718,5.106,0.8660254037844386,0.5000000000000001,2006-02-01
Hechi,2006,3,108.06,24.7,16.3,30.76,0.19,12.88,11.06,17.3,96.71,3.57,10.84,5.08,93.4,73.89,9.12,0.9,9.37,32.72,4.3,0.9,86.38,1.28,2.06,0.68,0.71,0.69,19.62,-1.2376,-0.9819,-1.0869,-0.7205,0.0998,24.71,-3.55,0.019142,11.78,-9.46,9.082,5.31,1.0,6.123233995736766e-17,2006-03-01
Hechi,2006,4,108.06,24.7,22.59,36.34,8.03,12.43,16.4,23.46,96.28,4.3,9.79,6.04,166.0,70.88,12.59,3.86,12.78,34.79,5.87,1.26,84.95,2.66,3.34,0.68,0.7,0.69,22.72,0.1605,-0.231,-0.3364,-0.2578,0.1245,29.94,-10.6,0.022693,16.89,-6.91,10.99,6.474,0.8660254037844387,-0.4999999999999998,2006-04-01
Hechi,2006,5,108.06,24.7,23.88,35.02,13.15,10.38,18.8,24.34,96.25,3.64,11.38,5.3,142.6,75.85,14.53,6.73,14.71,34.8,6.87,1.5,75.74,4.46,4.15,0.71,0.72,0.74,25.65,-0.3001,-0.7984,-0.298,-0.8574,0.138,31.11,-12.73,0.015598,17.52,-5.23,12.277,6.921,0.49999999999999994,-0.8660254037844387,2006-05-01
Hechi,2006,6,108.06,24.7,25.72,31.33,19.53,7.24,23.08,25.88,95.84,3.01,6.02,4.58,176.0,86.22,18.58,9.55,13.8,36.63,6.58,1.45,84.77,5.51,4.6,0.8,0.8,0.83,25.27,-0.5426,-0.4987,-0.3893,-0.417,0.1774,36.96,-19.69,0.026088,19.77,-2.8,15.114,9.695,1.2246467991473532e-16,-1.0,2006-06-01
Hechi,2006,7,108.06,24.7,26.71,33.19,21.26,6.95,24.06,26.8,95.6,2.93,8.15,4.43,147.8,86.16,19.74,8.67,16.35,36.88,7.77,1.8,80.61,6.23,5.12,0.84,0.86,0.86,25.88,0.7255,-0.0514,0.6112,-0.0796,0.2234,36.0,-20.0,0.01575,21.01,-2.12,15.335,9.222,-0.4999999999999997,-0.8660254037844388,2006-07-01
Hechi,2006,8,108.06,24.7,25.99,32.17,19.25,7.18,23.05,25.94,95.9,2.72,13.71,4.0,75.8,84.6,18.51,6.11,16.9,36.05,7.81,1.68,66.87,5.65,4.66,0.86,0.89,0.87,23.57,0.2793,0.183,0.1972,0.2108,0.3324,33.96,-16.34,0.013435,20.38,-3.32,13.336,8.436,-0.8660254037844385,-0.5000000000000004,2006-08-01
Hechi,2006,9,108.06,24.7,23.24,31.76,13.85,9.22,19.23,23.12,96.46,2.91,7.51,4.38,54.7,79.37,14.83,2.37,16.32,34.23,7.41,1.48,57.1,6.47,4.72,0.81,0.86,0.82,21.28,-1.1366,0.0009,-0.6731,0.1047,0.2623,26.64,-8.41,0.009465,17.46,-3.79,11.139,6.509,-1.0,-1.8369701987210297e-16,2006-09-01
Hechi,2006,10,108.06,24.7,22.19,29.31,13.3,9.32,18.75,22.3,96.87,2.53,6.06,3.93,78.3,81.98,14.15,2.5,11.53,34.5,5.17,0.94,60.16,5.11,3.74,0.76,0.8,0.78,16.54,0.1733,-0.3916,-0.1964,-0.4668,0.0953,32.2,-10.3,0.012865,15.96,-5.59,11.778,7.7,-0.8660254037844386,0.5000000000000001,2006-10-01
Hechi,2006,11,108.06,24.7,16.38,27.69,5.49,10.84,12.21,16.26,96.95,2.94,7.04,4.39,53.4,78.35,9.4,1.99,8.89,31.46,3.98,0.75,65.59,2.78,2.36,0.74,0.77,0.76,15.09,0.2474,-0.5775,0.316,-0.465,0.1464,21.53,-1.8,0.013024,12.37,-8.5,8.517,4.269,-0.5000000000000004,0.8660254037844384,2006-11-01
Hechi,2006,12,108.06,24.7,10.51,25.2,1.05,12.02,5.17,10.34,97.48,3.16,7.83,4.68,43.7,72.09,5.83,0.25,9.08,27.53,3.92,0.61,51.84,1.33,1.57,0.73,0.76,0.74,13.49,-1.2148,-0.1834,-1.1857,-0.3636,0.1084,11.95,9.0,0.008549,7.39,-9.52,5.508,3.514,-2.4492935982947064e-16,1.0,2006-12-01
Hechi,2007,1,108.06,24.7,7.88,20.85,-1.44,11.44,2.66,8.03,97.62,3.36,8.44,4.78,35.0,72.46,4.84,1.23,7.53,28.39,3.29,0.56,75.9,0.67,1.26,0.72,0.75,0.74,14.6,-0.0736,-0.5074,-0.1776,-0.4602,0.0758,9.98,11.81,0.009707,5.22,-9.7,5.086,3.596,0.49999999999999994,0.8660254037844387,2007-01-01
Hechi,2007,2,108.06,24.7,15.96,27.35,5.49,11.58,11.34,16.27,96.81,3.95,10.06,5.75,154.7,76.54,9.06,1.84,8.17,32.2,3.66,0.64,82.5,1.2,1.87,0.72,0.74,0.73,16.39,0.5868,-0.4365,-0.0589,-0.7331,0.0568,25.23,-3.4,0.018235,11.49,-12.49,7.87,4.125,0.8660254037844386,0.5000000000000001,2007-02-01
Hechi,2007,3,108.06,24.7,17.32,33.33,3.9,11.45,12.86,18.05,96.61,4.5,10.28,6.25,141.3,77.22,10.17,1.68,7.81,33.63,3.57,0.71,93.0,1.79,2.4,0.72,0.74,0.73,18.87,-0.3672,-0.2876,-0.5147,-0.4753,0.1543,21.73,-3.21,0.020351,13.25,-7.72,9.077,4.529,1.0,6.123233995736766e-17,2007-03-01
Hechi,2007,4,108.06,24.7,19.0,33.56,5.78,11.35,13.73,19.66,96.68,3.39,11.99,4.77,84.5,73.76,10.56,3.99,11.82,33.22,5.41,1.04,87.38,2.67,2.93,0.71,0.73,0.73,22.3,0.2647,0.0106,0.6445,0.0624,0.2461,24.16,-4.06,0.012504,13.23,-9.05,8.885,5.184,0.8660254037844387,-0.4999999999999998,2007-04-01
Hechi,2007,5,108.06,24.7,23.72,35.14,13.29,11.1,18.5,24.0,96.19,3.06,8.72,4.6,175.1,74.95,14.22,6.67,17.02,34.7,7.84,1.64,67.23,5.87,4.71,0.73,0.74,0.76,25.65,-0.3332,-0.4456,-0.2999,-0.1219,0.2157,28.91,-11.54,0.016353,18.1,-4.65,11.801,6.568,0.49999999999999994,-0.8660254037844387,2007-05-01
Hechi,2007,6,108.06,24.7,26.04,32.54,19.07,7.86,22.92,26.22,95.78,3.22,7.34,4.81,177.8,83.95,18.44,9.46,15.75,36.5,7.46,1.68,83.7,6.71,5.21,0.8,0.82,0.83,25.93,-0.5789,-0.5043,-0.4785,-0.176,0.1959,35.15,-19.82,0.027118,19.74,-2.86,15.153,8.735,1.2246467991473532e-16,-1.0,2007-06-01
Hechi,2007,7,108.06,24.7,26.55,31.79,21.06,6.88,23.97,26.66,95.76,3.83,8.22,5.73,178.3,86.54,19.59,7.32,16.4,36.71,7.83,1.91,88.26,6.84,5.28,0.81,0.84,0.84,26.59,0.2887,-0.3817,0.0959,-0.3827,0.3376,35.81,-20.0,0.0165425,20.52,-2.15,15.884,8.876,-0.4999999999999997,-0.8660254037844388,2007-07-01
Hechi,2007,8,108.06,24.7,26.51,32.88,20.56,7.67,23.1,26.48,95.8,2.47,6.97,3.73,118.4,82.58,18.6,10.08,17.81,36.23,8.26,1.8,66.4,7.28,5.35,0.82,0.85,0.84,24.12,1.4845,0.7191,1.7683,0.6738,0.1973,33.33,-17.49,0.005967,20.75,-2.88,13.818,7.759,-0.8660254037844385,-0.5000000000000004,2007-08-01
Hechi,2007,9,108.06,24.7,22.86,30.76,13.3,8.6,19.61,22.86,96.29,3.15,7.73,4.73,38.9,82.94,15.07,5.16,13.42,34.66,6.21,1.36,66.89,5.44,4.67,0.85,0.89,0.87,21.66,0.2199,1.0098,0.5271,1.0424,0.2835,27.08,-9.13,0.014816,17.04,-3.39,11.759,6.733,-1.0,-1.8369701987210297e-16,2007-09-01
Hechi,2007,10,108.06,24.7,19.88,30.13,9.98,10.01,15.51,19.79,96.91,3.01,6.92,4.53,45.8,77.32,11.72,0.28,13.78,32.43,6.05,1.08,43.0,4.99,3.6,0.77,0.82,0.78,17.21,-2.4756,0.5548,-1.6981,0.5968,0.2067,23.26,-2.84,0.013224,14.26,-4.88,9.698,5.867,-0.8660254037844386,0.5000000000000001,2007-10-01
Hechi,2007,11,108.06,24.7,14.09,25.82,0.67,12.58,7.78,13.62,97.25,3.16,8.69,4.84,31.4,68.57,7.06,0.61,13.44,27.55,5.79,0.94,64.005,2.98,2.48,0.73,0.78,0.75,15.72,-0.9875,-0.8524,-0.4779,-0.3887,0.1907,10.06,8.45,0.007924,10.39,-8.62,4.961,3.536,-0.5000000000000004,0.8660254037844384,2007-11-01
Hechi,2007,12,108.06,24.7,11.67,25.13,0.72,10.64,7.47,11.89,97.14,3.28,7.81,4.96,58.1,77.57,6.95,1.22,5.72,30.62,2.55,0.45,85.01,1.02,1.37,0.72,0.75,0.73,12.65,0.5253,-1.6378,0.4738,-1.3116,0.1579,12.23,7.38,0.012549,8.27,-7.13,6.866,3.588,-2.4492935982947064e-16,1.0,2007-12-01
Hechi,2008,1,108.06,24.7,6.03,26.42,-2.92,9.68,1.25,6.44,97.35,3.92,7.99,5.15,39.2,73.18,4.67,1.52,6.24,28.03,2.76,0.51,72.4,0.47,1.12,0.71,0.74,0.73,15.11,0.2062,-0.5524,0.2498,-0.2722,0.0734,3.52,12.16,0.012706,5.56,-8.75,5.207,3.21,0.49999999999999994,0.8660254037844387,2008-01-01
Hechi,2008,2,108.06,24.7,7.08,23.23,-5.62,10.98,1.69,7.57,97.49,3.29,9.01,4.79,41.3,71.44,4.75,1.86,8.2,28.61,3.64,0.77,82.52,0.67,1.49,0.75,0.76,0.77,17.33,0.6589,0.4817,1.0002,0.7271,0.0936,4.32,18.47,0.01064,2.01,-8.45,4.015,3.833,0.8660254037844386,0.5000000000000001,2008-02-01
Hechi,2008,3,108.06,24.7,16.95,32.02,5.62,11.27,12.2,17.41,96.72,3.29,9.0,4.75,126.6,76.42,9.62,2.86,9.35,32.29,4.23,0.85,81.09,1.89,2.48,0.74,0.76,0.76,19.57,0.5205,0.5819,0.4671,0.882,0.1058,24.24,-2.12,0.015147,11.72,-10.97,7.878,4.737,1.0,6.123233995736766e-17,2008-03-01
Hechi,2008,4,108.06,24.7,21.07,35.16,9.97,10.33,16.97,21.73,96.38,3.67,8.62,5.24,134.3,79.28,12.9,2.94,10.78,34.75,5.0,1.07,85.35,3.41,3.33,0.73,0.76,0.75,22.24,-0.6538,0.1327,-0.7192,0.4288,0.1471,27.78,-9.08,0.020279,15.75,-6.63,10.941,6.055,0.8660254037844387,-0.4999999999999998,2008-04-01
Hechi,2008,5,108.06,24.7,23.13,31.36,14.07,9.23,19.15,23.43,96.05,3.14,8.4,4.56,122.8,79.97,14.79,8.06,13.14,35.25,6.12,1.33,81.51,5.03,4.33,0.76,0.78,0.79,24.67,0.388,0.1621,0.5028,0.3388,0.2339,31.52,-12.39,0.015434,17.12,-4.7,12.515,7.435,0.49999999999999994,-0.8660254037844387,2008-05-01
Hechi,2008,6,108.06,24.7,25.11,32.13,17.24,8.32,22.03,25.33,95.78,2.92,9.21,4.27,143.6,84.12,17.45,10.93,14.5,36.29,6.78,1.44,83.9,6.16,5.04,0.83,0.85,0.85,25.18,-0.013,-0.0529,0.1944,0.2331,0.1925,34.03,-17.29,0.015098,19.04,-3.42,14.214,8.121,1.2246467991473532e-16,-1.0,2008-06-01
Hechi,2008,7,108.06,24.7,26.16,33.42,21.28,6.97,23.44,26.25,95.74,2.93,7.53,4.37,174.8,85.88,18.97,10.53,15.74,36.4,7.46,1.73,85.65,5.76,5.29,0.89,0.91,0.9,25.75,1.2597,0.8721,1.5842,0.9868,0.1634,35.09,-19.56,0.024329,20.3,-3.19,14.691,8.186,-0.4999999999999997,-0.8660254037844388,2008-07-01
Hechi,2008,8,108.06,24.7,25.71,33.08,20.53,6.41,23.44,25.7,95.9,3.0,9.78,4.51,153.2,87.9,18.95,8.74,14.86,36.33,7.02,1.61,89.75,4.37,4.62,0.91,0.93,0.92,24.5,1.1192,1.3678,1.3336,1.4685,0.1879,33.76,-18.02,0.013551,19.93,-3.06,14.285,8.087,-0.8660254037844385,-0.5000000000000004,2008-08-01
Hechi,2008,9,108.06,24.7,24.82,32.71,16.37,8.01,21.78,24.83,96.24,2.73,11.66,4.05,73.9,84.08,17.1,3.87,15.16,35.51,6.97,1.43,57.28,5.54,4.83,0.9,0.93,0.9,21.55,-0.3207,1.1169,-0.1262,1.1224,0.266,29.94,-12.92,0.011769,18.8,-3.38,12.583,6.94,-1.0,-1.8369701987210297e-16,2008-09-01
Hechi,2008,10,108.06,24.7,21.01,28.72,12.42,9.51,17.66,21.0,96.85,2.68,7.42,4.05,57.7,82.32,13.21,3.42,13.05,33.5,5.9,1.14,57.66,4.65,3.8,0.84,0.88,0.85,18.08,0.7143,0.6587,0.5682,0.5909,0.1534,26.65,-7.61,0.013983,15.5,-5.29,10.987,6.319,-0.8660254037844386,0.5000000000000001,2008-10-01
Hechi,2008,11,108.06,24.7,13.95,26.46,3.93,9.94,10.42,13.75,97.28,2.96,6.57,4.48,42.3,80.74,8.52,4.63,11.26,29.05,4.98,0.86,49.53,1.77,2.59,0.89,0.92,0.89,15.78,1.4701,0.664,1.4717,0.6816,0.1799,14.06,5.83,0.009893,9.66,-7.99,6.606,3.938,-0.5000000000000004,0.8660254037844384,2008-11-01
Hechi,2008,12,108.06,24.7,10.4,21.18,-0.8,10.92,5.93,9.94,97.35,3.01,8.9,4.31,39.3,75.47,6.19,0.34,9.75,27.5,4.18,0.67,48.81,1.13,1.86,0.84,0.88,0.85,13.86,-0.9363,1.0896,-0.6494,1.0444,0.1212,6.13,11.11,0.006858,6.82,-9.28,4.939,2.91,-2.4492935982947064e-16,1.0,2008-12-01
Hechi,2009,1,108.06,24.7,7.84,20.73,-1.3,11.04,2.95,7.86,97.5,3.25,8.99,4.72,49.2,73.4,5.12,0.36,8.72,27.58,3.79,0.66,66.88,0.62,1.58,0.82,0.85,0.83,14.71,-1.3905,0.3983,-1.0948,0.6366,0.1482,6.21,13.75,0.007616,4.69,-10.08,4.298,3.299,0.49999999999999994,0.8660254037844387,2009-01-01
Hechi,2009,2,108.06,24.7,16.9,30.9,4.49,10.76,13.49,17.23,96.57,3.99,10.49,5.64,160.6,81.84,10.32,0.38,10.16,32.68,4.55,0.91,67.2,1.48,2.23,0.79,0.82,0.8,17.43,-1.3486,-2.7279,-2.121,-2.0601,0.1198,18.5,-1.23,0.023341,13.78,-6.55,8.533,3.947,0.8660254037844386,0.5000000000000001,2009-02-01
Hechi,2009,3,108.06,24.7,15.29,30.94,1.58,10.81,11.43,15.97,96.7,3.88,10.8,5.39,99.6,79.29,9.4,2.45,9.94,32.28,4.51,0.9,84.92,1.56,2.43,0.78,0.81,0.8,19.62,0.2461,-1.2828,0.4207,-1.3681,0.1469,18.99,-1.01,0.017444,12.55,-8.81,7.991,4.329,1.0,6.123233995736766e-17,2009-03-01
Hechi,2009,4,108.06,24.7,20.59,31.01,8.68,10.46,16.19,21.14,96.4,3.9,8.86,5.48,133.5,77.87,12.31,2.49,11.0,34.13,5.11,1.05,83.1,3.54,3.6,0.76,0.79,0.77,22.86,-1.1168,-1.1237,-0.9714,-1.2865,0.2225,28.12,-6.48,0.020497,14.23,-7.24,10.234,6.486,0.8660254037844387,-0.4999999999999998,2009-04-01
Hechi,2009,5,108.06,24.7,23.12,31.3,13.69,8.83,19.57,23.61,96.28,3.52,7.18,5.04,134.7,81.73,14.98,5.05,12.27,35.61,5.82,1.3,85.35,4.9,4.21,0.75,0.78,0.78,25.13,-1.3157,-1.45,-1.0556,-1.0661,0.142,31.68,-12.14,0.023597,16.42,-4.41,12.818,7.932,0.49999999999999994,-0.8660254037844387,2009-05-01
Hechi,2009,6,108.06,24.7,25.91,32.62,17.1,7.7,22.7,26.02,95.65,2.86,7.03,4.2,165.2,83.71,18.3,9.77,14.88,36.26,7.03,1.54,79.74,6.12,4.83,0.8,0.82,0.83,25.9,-0.4549,-1.2585,-0.3314,-1.0733,0.191,35.48,-19.81,0.022541,20.08,-2.83,15.022,8.797,1.2246467991473532e-16,-1.0,2009-06-01
Hechi,2009,7,108.06,24.7,26.46,32.86,20.64,7.18,23.9,26.62,95.68,3.14,8.65,4.73,172.7,86.57,19.53,8.71,15.76,36.87,7.5,1.75,78.49,6.76,5.41,0.86,0.88,0.88,26.21,0.7377,-0.366,0.6711,-0.309,0.2182,35.36,-20.0,0.026628,20.39,-1.43,15.675,9.254,-0.4999999999999997,-0.8660254037844388,2009-07-01
Hechi,2009,8,108.06,24.7,26.6,33.74,18.19,7.91,23.31,26.64,95.93,2.86,7.12,4.38,113.9,83.08,18.82,1.17,18.81,36.41,8.75,1.93,59.76,7.69,5.15,0.81,0.85,0.82,24.34,-2.5813,-0.9185,-1.8598,-0.8528,0.2766,32.85,-17.71,0.011225,20.63,-2.83,13.971,7.644,-0.8660254037844385,-0.5000000000000004,2009-08-01
Hechi,2009,9,108.06,24.7,25.47,33.65,16.29,8.99,21.39,25.56,96.24,2.95,9.38,4.41,57.3,79.29,16.79,2.65,16.95,35.58,7.77,1.59,47.27,7.48,4.83,0.74,0.78,0.76,21.7,-0.9613,-1.0666,-1.0927,-1.0333,0.2423,31.32,-13.83,0.011592,19.14,-3.12,12.915,7.601,-1.0,-1.8369701987210297e-16,2009-09-01
Hechi,2009,10,108.06,24.7,21.34,30.51,14.38,10.12,16.54,21.51,96.71,2.8,6.48,4.29,47.9,76.11,12.28,1.09,11.32,33.79,5.12,1.0,64.25,4.2,3.16,0.69,0.74,0.7,17.31,-1.022,-2.2758,-1.1894,-1.932,0.2211,27.29,-5.49,0.016898,15.41,-4.15,10.624,7.223,-0.8660254037844386,0.5000000000000001,2009-10-01
Hechi,2009,11,108.06,24.7,13.75,30.13,0.29,11.61,7.24,13.96,97.19,3.65,9.51,5.24,42.7,67.49,7.26,0.45,10.45,29.55,4.66,0.84,59.36,1.38,1.71,0.67,0.7,0.67,15.75,-1.2447,-1.5274,-0.6268,-1.6784,0.209,11.48,8.64,0.010019,9.22,-5.9,6.475,4.33,-0.5000000000000004,0.8660254037844384,2009-11-01
Hechi,2009,12,108.06,24.7,10.37,24.34,-0.52,10.15,5.95,10.79,97.2,3.14,10.17,4.62,56.0,76.11,6.3,0.35,6.04,29.89,2.71,0.44,84.69,0.4,0.91,0.66,0.69,0.66,12.95,-0.9089,-1.809,-0.6061,-1.6156,0.1458,14.56,6.44,0.012672,7.14,-9.99,6.498,3.839,-2.4492935982947064e-16,1.0,2009-12-01
Hechi,2010,1,108.06,24.7,10.23,25.89,-1.12,10.84,6.45,10.68,97.24,3.42,8.28,4.93,61.1,79.14,6.65,2.62,6.88,29.87,3.11,0.57,81.08,0.52,1.08,0.69,0.69,0.7,15.1,1.0248,-0.5076,0.9827,-0.3173,0.1021,10.27,6.0,0.012943,8.51,-8.35,6.837,3.077,0.49999999999999994,0.8660254037844387,2010-01-01
Hechi,2010,2,108.06,24.7,13.35,31.63,0.06,12.2,7.9,14.25,96.72,4.44,11.86,5.99,109.7,72.6,7.55,0.19,9.8,30.61,4.38,0.81,76.82,0.78,1.56,0.67,0.7,0.68,17.8,-1.9685,-0.4368,-1.4333,-0.6142,0.1404,13.79,2.03,0.015555,11.41,-10.06,6.648,3.137,0.8660254037844386,0.5000000000000001,2010-02-01
Hechi,2010,3,108.06,24.7,16.55,32.48,2.23,12.17,10.02,17.5,96.78,4.56,10.84,6.18,125.2,68.51,8.69,0.22,10.4,32.33,4.57,0.82,79.61,0.33,1.39,0.64,0.68,0.63,18.57,-2.7479,-1.3981,-2.1083,-1.4159,0.0738,19.82,-0.88,0.01773,12.97,-8.94,7.718,4.49,1.0,6.123233995736766e-17,2010-03-01
Hechi,2010,4,108.06,24.7,19.34,35.59,6.47,11.35,14.21,20.38,96.58,4.06,8.74,5.49,95.8,74.5,10.97,4.23,10.36,33.89,4.87,1.05,88.41,1.74,2.56,0.67,0.68,0.69,23.07,0.4512,-1.6037,0.7724,-1.3419,0.1758,27.64,-7.3,0.022711,14.36,-7.33,10.483,6.484,0.8660254037844387,-0.4999999999999998,2010-04-01
Hechi,2010,5,108.06,24.7,24.25,32.65,15.82,9.87,20.32,24.89,95.98,3.78,10.32,5.27,152.8,80.25,15.83,6.55,11.16,36.1,5.31,1.14,90.27,4.33,3.88,0.7,0.71,0.73,24.65,-0.4,-1.0163,-0.4614,-0.7456,0.1842,33.7,-18.02,0.032637,18.65,-3.66,14.566,8.27,0.49999999999999994,-0.8660254037844387,2010-05-01
Hechi,2010,6,108.06,24.7,24.27,32.36,16.32,7.07,21.82,24.45,95.93,3.35,8.37,4.89,136.6,86.9,17.34,11.49,9.78,36.72,4.81,1.11,95.96,4.04,3.77,0.8,0.79,0.84,25.05,0.1891,0.0152,0.4668,0.3709,0.1336,36.47,-18.61,0.02887,18.83,-2.72,15.102,9.972,1.2246467991473532e-16,-1.0,2010-06-01
Hechi,2010,7,108.06,24.7,26.66,32.05,22.59,6.56,24.25,26.72,95.88,3.81,9.92,5.73,168.5,87.33,19.9,5.68,16.28,36.6,7.74,1.79,89.15,6.19,4.75,0.81,0.84,0.83,26.25,-0.3212,-0.3358,-0.5116,-0.2554,0.1475,36.51,-20.0,0.039255,20.97,-2.19,15.865,9.18,-0.4999999999999997,-0.8660254037844388,2010-07-01
Hechi,2010,8,108.06,24.7,25.91,31.96,18.88,7.17,22.96,26.01,96.14,2.64,6.07,4.01,153.5,84.66,18.38,3.49,18.75,36.12,8.78,1.97,67.79,6.73,4.82,0.81,0.85,0.83,24.99,-0.8495,-0.6807,-0.8458,-0.4616,0.2547,33.43,-16.92,0.016798,20.15,-2.59,13.947,8.289,-0.8660254037844385,-0.5000000000000004,2010-08-01
Hechi,2010,9,108.06,24.7,24.53,32.88,15.41,8.06,21.72,24.68,96.25,2.69,9.85,4.11,71.0,85.29,17.1,5.7,13.49,35.85,6.32,1.32,69.71,5.66,4.27,0.8,0.83,0.82,21.42,0.4192,-0.5211,0.5277,-0.4386,0.2379,33.8,-15.58,0.010764,18.98,-3.12,13.677,8.645,-1.0,-1.8369701987210297e-16,2010-09-01
Hechi,2010,10,108.06,24.7,18.79,29.5,5.91,10.21,14.56,18.86,96.85,3.54,7.7,5.36,35.7,77.98,11.19,1.44,13.3,32.07,6.04,1.17,60.02,4.61,3.68,0.79,0.82,0.8,18.67,-0.6542,-0.5028,-0.3309,-0.4583,0.2528,22.8,-0.61,0.015672,13.42,-5.27,8.95,6.625,-0.8660254037844386,0.5000000000000001,2010-10-01
Hechi,2010,11,108.06,24.7,14.77,24.71,7.25,11.49,9.94,14.53,97.13,2.74,5.97,4.26,35.0,74.93,7.94,0.79,11.05,29.13,4.78,0.79,51.02,2.73,2.3,0.73,0.77,0.75,14.88,-0.7523,-0.2847,-0.3946,0.0013,0.1843,15.93,5.47,0.008857,10.06,-8.16,6.531,4.352,-0.5000000000000004,0.8660254037844384,2010-11-01
Hechi,2010,12,108.06,24.7,10.9,23.92,-2.18,10.95,5.95,10.59,96.98,3.24,9.83,4.65,43.6,73.79,6.33,2.53,8.61,28.54,3.8,0.63,61.57,1.24,1.61,0.75,0.77,0.77,13.86,1.6861,-0.1579,1.3856,0.098,0.1454,12.86,8.76,0.011981,8.09,-7.86,6.042,4.228,-2.4492935982947064e-16,1.0,2010-12-01
Hechi,2011,1,108.06,24.7,3.76,25.92,-3.67,9.35,-1.18,4.41,97.58,3.91,9.33,5.43,34.3,72.19,3.63,0.73,4.86,27.93,2.22,0.42,93.69,0.26,1.21,0.76,0.79,0.78,14.8,-0.6893,-0.1617,-0.4494,0.1493,0.1098,4.71,17.01,0.011982,1.31,-10.15,4.185,3.797,0.49999999999999994,0.8660254037844387,2011-01-01
Hechi,2011,2,108.06,24.7,12.13,27.92,0.27,10.31,8.06,12.67,96.85,3.67,9.15,5.23,120.9,77.84,7.41,0.64,8.13,31.1,3.68,0.72,87.29,1.0,1.63,0.74,0.77,0.76,17.54,-0.8057,0.0681,-0.6507,0.1546,0.043,13.93,3.14,0.015013,9.03,-10.09,7.105,3.322,0.8660254037844386,0.5000000000000001,2011-02-01
Hechi,2011,3,108.06,24.7,12.42,25.68,3.37,10.59,7.71,13.24,97.17,3.8,11.37,5.23,52.9,75.3,7.03,2.68,7.53,31.05,3.54,0.74,93.89,1.23,2.04,0.75,0.77,0.77,20.42,0.4035,-0.6673,0.8833,0.155,0.1593,16.11,6.18,0.013835,7.59,-9.52,6.629,4.588,1.0,6.123233995736766e-17,2011-03-01
Hechi,2011,4,108.06,24.7,20.22,29.97,7.88,10.31,15.83,20.69,96.57,3.73,8.81,5.33,157.5,77.72,11.9,2.39,11.66,33.84,5.35,1.07,86.65,2.87,2.96,0.73,0.76,0.74,22.33,-1.2274,-0.8951,-0.9676,-0.1761,0.1473,27.19,-7.2,0.019487,15.06,-7.17,10.227,5.849,0.8660254037844387,-0.4999999999999998,2011-04-01
Hechi,2011,5,108.06,24.7,22.51,33.63,11.95,10.42,18.03,22.84,96.18,3.61,8.63,5.2,134.8,77.56,13.75,5.3,16.48,34.18,7.56,1.67,70.0,5.55,4.46,0.75,0.77,0.78,25.65,-1.1512,-1.2724,-0.8072,-0.4976,0.2614,26.27,-9.57,0.014028,17.11,-4.74,11.364,6.105,0.49999999999999994,-0.8660254037844387,2011-05-01
Hechi,2011,6,108.06,24.7,26.2,32.97,19.21,7.21,23.41,26.39,95.67,3.34,8.57,4.98,165.0,85.5,18.97,10.36,14.28,36.82,6.81,1.54,90.1,5.53,4.53,0.78,0.8,0.82,25.64,-0.226,-1.0538,-0.1507,-0.7475,0.3384,37.2,-20.0,0.026731,20.0,-2.41,15.762,9.833,1.2246467991473532e-16,-1.0,2011-06-01
Hechi,2011,7,108.06,24.7,26.72,33.13,21.7,8.08,23.2,26.92,95.73,3.14,8.73,4.69,164.3,82.09,18.71,1.68,18.01,36.58,8.31,1.82,69.22,8.73,5.64,0.78,0.82,0.79,24.5,-2.675,-1.9117,-1.7477,-1.5584,0.1856,33.22,-18.65,0.016692,20.74,-2.45,14.449,7.936,-0.4999999999999997,-0.8660254037844388,2011-07-01
Hechi,2011,8,108.06,24.7,26.1,34.65,18.89,8.97,21.91,26.33,95.97,2.78,7.03,4.21,159.8,79.48,17.32,2.3,18.76,35.63,8.7,1.93,58.45,7.09,4.72,0.7,0.75,0.72,24.55,-1.5724,-2.4195,-1.3442,-2.1495,0.2659,32.3,-16.4,0.012159,20.15,-3.58,13.349,7.284,-0.8660254037844385,-0.5000000000000004,2011-08-01
Hechi,2011,9,108.06,24.7,24.21,32.51,14.06,9.16,20.02,24.58,96.24,3.35,11.44,4.96,60.2,78.89,15.6,5.97,14.94,35.46,6.89,1.4,64.78,5.87,4.35,0.71,0.74,0.73,21.3,0.5142,-1.8181,0.6283,-1.5561,0.195,31.72,-12.01,0.01586,17.84,-3.29,12.642,8.529,-1.0,-1.8369701987210297e-16,2011-09-01
Hechi,2011,10,108.06,24.7,19.33,29.87,10.94,9.01,15.97,19.41,96.87,3.22,8.8,4.67,48.5,82.19,11.95,5.58,11.15,32.94,5.15,1.0,67.44,4.02,3.31,0.77,0.79,0.8,18.3,1.6889,0.2189,1.7475,0.2083,0.3167,27.79,-4.74,0.014354,13.67,-6.19,10.175,7.277,-0.8660254037844386,0.5000000000000001,2011-10-01
Hechi,2011,11,108.06,24.7,17.65,27.01,6.87,10.95,13.84,17.37,96.96,2.64,7.98,3.87,73.2,79.81,10.44,1.37,12.24,30.64,5.4,0.89,40.25,3.21,2.46,0.74,0.77,0.75,15.42,-0.1908,0.8781,-0.346,0.8461,0.2322,22.63,-2.88,0.010374,12.41,-9.23,8.647,4.234,-0.5000000000000004,0.8660254037844384,2011-11-01
Hechi,2011,12,108.06,24.7,8.61,21.27,-0.38,11.46,2.68,8.8,97.56,3.44,7.97,5.11,35.5,68.75,4.89,0.32,8.32,27.7,3.61,0.56,67.73,1.0,1.43,0.71,0.74,0.73,13.23,-0.993,0.772,-0.2555,0.757,0.1013,4.73,16.25,0.011378,4.77,-6.33,4.805,3.746,-2.4492935982947064e-16,1.0,2011-12-01
Hechi,2012,1,108.06,24.7,6.37,22.5,-3.29,8.6,3.01,7.06,97.3,3.16,8.02,4.36,41.4,80.49,4.97,2.92,4.36,29.24,2.05,0.44,96.22,0.3,1.03,0.75,0.76,0.77,14.68,1.2075,0.1123,1.5817,0.2103,0.0178,7.57,11.33,0.014544,4.93,-8.27,6.019,3.264,0.49999999999999994,0.8660254037844387,2012-01-01
Hechi,2012,2,108.06,24.7,9.74,23.73,-0.83,9.8,5.96,10.64,96.94,3.95,7.76,5.37,57.8,78.49,6.38,0.82,5.04,30.95,2.4,0.51,97.16,0.64,1.41,0.74,0.77,0.75,17.38,-0.4762,0.1813,-0.1415,0.4794,0.0404,12.46,5.82,0.017439,7.84,-8.58,7.083,3.713,0.8660254037844386,0.5000000000000001,2012-02-01
Hechi,2012,3,108.06,24.7,16.04,29.88,4.39,10.63,11.6,16.82,96.71,4.1,10.65,5.69,116.9,77.2,9.39,1.69,8.38,33.06,3.85,0.77,91.52,1.61,2.23,0.73,0.75,0.74,19.08,-0.3581,0.1856,-0.2696,0.5546,0.1184,21.14,-1.5,0.020188,12.14,-8.2,8.61,4.62,1.0,6.123233995736766e-17,2012-03-01
Hechi,2012,4,108.06,24.7,22.0,36.31,11.21,11.41,16.96,22.68,96.21,4.03,11.45,5.78,152.0,75.39,12.85,2.88,13.73,34.62,6.32,1.29,83.44,3.61,3.56,0.71,0.74,0.72,23.12,-0.7125,-1.0976,-0.9994,-0.9265,0.2324,30.45,-12.2,0.021892,16.84,-7.58,11.386,5.989,0.8660254037844387,-0.4999999999999998,2012-04-01
Hechi,2012,5,108.06,24.7,24.79,36.36,15.84,8.43,21.26,25.26,95.98,3.33,7.69,4.84,118.6,82.33,16.66,7.99,12.76,36.29,6.05,1.29,82.23,4.09,3.9,0.74,0.75,0.78,24.75,0.3537,-0.3421,0.1748,-0.405,0.2134,35.14,-17.1,0.025389,18.45,-3.86,14.203,9.038,0.49999999999999994,-0.8660254037844387,2012-05-01
Hechi,2012,6,108.06,24.7,25.62,31.63,18.84,7.35,22.85,25.79,95.53,3.12,7.55,4.63,126.1,85.43,18.42,11.76,12.56,36.88,5.96,1.28,87.26,5.18,4.85,0.83,0.84,0.86,24.08,0.2843,0.1101,0.3932,0.1521,0.1826,36.83,-19.12,0.017945,19.61,-2.38,15.118,10.093,1.2246467991473532e-16,-1.0,2012-06-01
Hechi,2012,7,108.06,24.7,26.36,31.97,21.78,6.76,23.87,26.46,95.65,3.67,11.17,5.5,167.2,86.95,19.49,6.64,16.23,36.56,7.75,1.81,83.42,6.24,5.11,0.85,0.88,0.86,26.42,0.0482,0.239,-0.128,0.1673,0.1839,36.78,-20.0,0.027828,20.36,-2.48,15.697,9.452,-0.4999999999999997,-0.8660254037844388,2012-07-01
Hechi,2012,8,108.06,24.7,26.31,32.75,19.16,7.62,23.04,26.35,95.81,2.59,8.87,3.91,60.8,83.03,18.55,2.72,17.25,36.28,7.97,1.71,69.21,6.85,5.03,0.84,0.88,0.85,23.6,-1.2922,-0.5709,-1.2076,-0.4761,0.3832,33.99,-17.45,0.015526,20.57,-2.74,13.93,8.208,-0.8660254037844385,-0.5000000000000004,2012-08-01
Hechi,2012,9,108.06,24.7,22.87,30.93,12.26,8.42,19.52,22.95,96.49,2.91,8.69,4.42,69.9,82.56,15.11,3.51,14.1,34.69,6.56,1.38,76.44,5.56,4.36,0.81,0.84,0.83,21.64,-0.4931,-0.9868,-0.0126,-0.7407,0.2822,30.88,-9.69,0.013359,16.77,-3.92,11.88,8.332,-1.0,-1.8369701987210297e-16,2012-09-01
Hechi,2012,10,108.06,24.7,20.78,28.6,9.89,9.43,17.14,20.88,96.8,2.98,7.8,4.58,86.5,81.08,12.85,1.81,11.82,33.57,5.29,1.01,62.97,4.76,3.44,0.75,0.8,0.77,17.4,-0.3285,-1.1839,-0.4175,-1.0224,0.2206,28.68,-7.37,0.015045,14.81,-4.94,11.312,7.203,-0.8660254037844386,0.5000000000000001,2012-10-01
Hechi,2012,11,108.06,24.7,15.56,27.66,6.13,9.84,12.13,15.74,96.85,3.23,8.79,4.83,82.5,81.49,9.52,2.39,7.23,31.76,3.33,0.63,79.17,2.41,2.3,0.77,0.79,0.79,15.44,0.4827,-0.3413,0.5986,-0.069,0.26,22.07,-2.07,0.018971,11.84,-7.8,9.136,5.089,-0.5000000000000004,0.8660254037844384,2012-11-01
Hechi,2012,12,108.06,24.7,10.07,26.07,-2.0,9.96,5.97,10.3,97.18,3.85,10.11,5.47,50.1,77.45,6.42,1.34,6.36,29.61,2.88,0.52,80.79,1.09,1.55,0.75,0.78,0.77,13.81,0.6581,0.1422,0.7258,0.1706,0.2376,11.56,8.01,0.011578,7.12,-8.27,6.571,3.58,-2.4492935982947064e-16,1.0,2012-12-01
Hechi,2013,1,108.06,24.7,8.64,23.61,-0.86,9.19,4.91,8.93,97.33,3.38,9.45,4.84,58.9,78.84,5.91,0.83,5.11,29.7,2.35,0.47,92.25,0.58,1.2,0.75,0.78,0.77,14.24,-0.5466,0.0718,-0.6635,0.2055,0.069,8.91,10.42,0.010823,5.68,-8.75,5.904,3.336,0.49999999999999994,0.8660254037844387,2013-01-01
Hechi,2013,2,108.06,24.7,14.17,28.61,1.6,10.79,10.49,14.85,96.95,4.4,10.7,6.09,136.3,80.0,8.74,0.85,7.31,31.9,3.44,0.78,90.13,1.19,1.81,0.73,0.76,0.75,18.29,-0.4752,-0.5988,-0.765,-0.6936,0.1156,16.22,-0.15,0.022236,11.46,-7.39,8.656,4.002,0.8660254037844386,0.5000000000000001,2013-02-01
Hechi,2013,3,108.06,24.7,18.82,30.89,4.24,12.03,13.58,19.47,96.65,4.05,9.99,5.73,141.0,74.09,10.53,2.55,11.86,32.84,5.28,1.01,76.34,1.96,2.59,0.71,0.74,0.73,19.16,0.3157,-0.5599,-0.0695,-0.8519,0.182,26.25,-5.48,0.016055,13.28,-10.12,9.014,5.158,1.0,6.123233995736766e-17,2013-03-01
Hechi,2013,4,108.06,24.7,20.37,33.12,8.96,10.48,16.13,21.07,96.36,3.88,9.92,5.45,138.5,78.42,12.37,3.05,11.27,34.49,5.2,1.07,86.94,2.92,3.07,0.72,0.74,0.74,22.04,-0.548,-0.4882,-0.4568,-0.6893,0.2058,28.33,-8.7,0.01973,14.57,-7.9,10.741,6.146,0.8660254037844387,-0.4999999999999998,2013-04-01
Hechi,2013,5,108.06,24.7,23.91,33.67,14.35,8.62,20.63,24.29,96.03,3.26,8.2,4.72,160.1,83.09,16.12,8.88,14.01,35.85,6.63,1.44,81.89,4.83,4.31,0.78,0.79,0.81,25.4,0.7752,0.3904,0.7712,0.3807,0.2722,32.27,-15.07,0.022685,17.94,-4.76,13.239,7.374,0.49999999999999994,-0.8660254037844387,2013-05-01
Hechi,2013,6,108.06,24.7,25.7,33.28,15.36,7.82,22.54,25.82,95.77,3.35,7.52,4.93,159.5,83.71,18.16,6.48,16.23,36.16,7.68,1.74,79.91,6.42,4.99,0.79,0.82,0.82,26.8,-1.9431,-0.9257,-2.2077,-0.7038,0.3844,33.83,-18.52,0.018787,19.68,-2.77,14.701,8.475,1.2246467991473532e-16,-1.0,2013-06-01
Hechi,2013,7,108.06,24.7,26.46,32.94,21.93,7.16,23.55,26.67,95.8,3.79,8.75,5.56,170.4,84.95,19.07,4.35,17.75,36.55,8.44,1.96,76.24,8.03,5.6,0.77,0.81,0.79,26.85,-0.9112,-1.2507,-0.9231,-1.0958,0.2519,35.98,-20.0,0.03614,20.24,-2.6,15.462,8.994,-0.4999999999999997,-0.8660254037844388,2013-07-01
Hechi,2013,8,108.06,24.7,26.39,33.4,21.81,7.29,23.44,26.42,95.78,3.07,8.78,4.67,142.1,84.77,18.95,7.68,16.87,36.31,7.97,1.77,71.11,6.53,4.77,0.78,0.8,0.81,25.07,0.8038,-1.1852,0.7801,-1.0535,0.3214,35.45,-18.67,0.010546,20.39,-3.34,14.248,8.717,-0.8660254037844385,-0.5000000000000004,2013-08-01
Hechi,2013,9,108.06,24.7,23.47,31.45,12.31,8.5,20.27,23.56,96.33,2.89,7.21,4.22,39.8,83.13,15.74,5.01,14.79,34.89,6.88,1.42,63.22,5.66,4.42,0.82,0.85,0.84,21.95,0.1621,-0.0399,0.4301,0.0441,0.3423,29.36,-10.01,0.011405,17.48,-3.97,11.707,7.359,-1.0,-1.8369701987210297e-16,2013-09-01
Hechi,2013,10,108.06,24.7,19.12,29.63,10.45,9.92,14.69,18.9,96.95,2.99,7.27,4.63,33.6,77.11,10.97,1.83,13.0,32.23,5.86,1.06,57.89,4.61,3.52,0.78,0.82,0.8,17.95,-0.3123,0.3609,-0.1101,0.3944,0.2458,22.17,-0.65,0.012242,13.62,-6.17,8.512,5.587,-0.8660254037844386,0.5000000000000001,2013-10-01
Hechi,2013,11,108.06,24.7,15.51,28.25,3.87,10.26,11.56,15.49,97.15,3.21,9.08,4.81,48.9,78.96,9.13,3.36,9.99,31.08,4.5,0.8,67.77,2.78,2.51,0.78,0.81,0.79,15.75,0.9619,0.2806,0.9931,0.4894,0.2779,19.72,2.71,0.010843,10.71,-7.53,7.699,5.017,-0.5000000000000004,0.8660254037844384,2013-11-01
Hechi,2013,12,108.06,24.7,8.37,20.96,-3.08,11.21,3.3,8.1,97.39,3.13,7.85,4.73,33.4,72.9,5.18,2.36,9.94,26.03,4.13,0.56,45.85,1.09,1.57,0.79,0.81,0.8,12.99,1.5614,0.8419,1.4271,0.9436,0.1872,3.96,15.2,0.008211,4.0,-9.22,4.314,3.038,-2.4492935982947064e-16,1.0,2013-12-01
Hechi,2014,1,108.06,24.7,10.44,23.98,-2.95,11.72,5.79,10.24,97.33,3.4,8.98,5.02,88.5,75.2,6.27,0.37,9.83,27.57,4.16,0.66,52.84,0.98,1.54,0.77,0.81,0.79,14.29,-1.3657,0.7391,-1.3583,0.8275,0.1679,5.48,10.38,0.008248,6.81,-9.43,5.188,2.63,0.49999999999999994,0.8660254037844387,2014-01-01
Hechi,2014,2,108.06,24.7,10.12,25.83,-2.46,9.92,6.27,10.81,96.97,3.97,9.48,5.45,80.9,78.55,6.8,1.5,6.79,30.13,3.11,0.64,86.33,0.74,1.49,0.75,0.78,0.77,17.86,0.2793,0.2322,0.4331,0.3059,0.1797,12.11,8.13,0.015686,7.5,-7.76,6.586,3.798,0.8660254037844386,0.5000000000000001,2014-02-01
Hechi,2014,3,108.06,24.7,15.77,29.04,7.0,9.51,12.39,16.52,96.82,3.75,10.3,5.31,112.1,81.69,9.72,3.04,7.15,32.94,3.38,0.7,96.46,1.44,2.23,0.76,0.78,0.78,19.32,0.6328,-0.1695,0.7448,0.1224,0.0824,25.07,-4.37,0.020162,11.64,-10.25,9.151,5.198,1.0,6.123233995736766e-17,2014-03-01
Hechi,2014,4,108.06,24.7,21.62,31.36,13.48,8.7,18.44,22.14,96.44,4.08,9.42,5.78,148.0,83.26,14.04,3.94,8.67,35.49,4.09,0.84,95.69,2.85,3.25,0.78,0.81,0.81,21.19,0.2249,0.5011,-0.0188,0.6783,0.1626,30.07,-11.93,0.025385,15.48,-6.87,12.113,6.43,0.8660254037844387,-0.4999999999999998,2014-04-01
Hechi,2014,5,108.06,24.7,24.13,33.74,13.55,8.56,20.9,24.5,96.07,3.29,8.31,4.8,139.8,83.34,16.48,6.19,13.05,36.13,6.18,1.33,88.05,4.79,4.31,0.79,0.82,0.82,25.01,-0.6056,-0.1143,-0.6293,-0.0081,0.2376,34.78,-17.21,0.027142,18.09,-4.26,14.232,8.548,0.49999999999999994,-0.8660254037844387,2014-05-01
Hechi,2014,6,108.06,24.7,26.29,32.81,20.37,6.67,23.69,26.42,95.67,2.79,6.96,4.11,135.1,86.32,19.32,8.76,13.43,37.21,6.41,1.43,89.16,5.0,4.44,0.84,0.86,0.86,24.83,-0.8694,-0.823,-0.8395,-0.7958,0.2244,37.13,-20.0,0.019051,19.88,-2.13,15.577,10.497,1.2246467991473532e-16,-1.0,2014-06-01
Hechi,2014,7,108.06,24.7,26.71,33.59,22.09,6.47,24.24,26.76,95.81,2.64,12.58,4.02,165.0,87.03,19.9,8.67,18.0,36.6,8.54,2.0,76.67,5.09,4.72,0.89,0.91,0.9,26.31,0.7255,-0.3384,0.6112,-0.4059,0.203,36.17,-19.46,0.021594,20.75,-2.56,14.72,9.408,-0.4999999999999997,-0.8660254037844388,2014-07-01
Hechi,2014,8,108.06,24.7,26.04,32.88,20.02,6.88,23.46,26.12,95.95,2.55,6.55,3.88,165.4,86.39,19.01,5.91,15.98,36.37,7.54,1.72,83.24,5.46,4.75,0.88,0.91,0.89,24.47,0.2064,-0.0311,0.1079,-0.0417,0.3894,34.88,-16.85,0.013706,19.77,-2.53,14.099,9.26,-0.8660254037844385,-0.5000000000000004,2014-08-01
Hechi,2014,9,108.06,24.7,25.01,32.21,15.08,7.69,22.3,25.0,96.21,2.9,13.51,4.36,117.6,85.7,17.73,7.84,16.81,35.48,7.83,1.68,59.37,4.91,4.8,0.9,0.93,0.91,22.57,1.1055,0.9703,1.0014,0.9106,0.35640000000000005,32.3,-14.58,0.015116,18.9,-3.2,13.2808,8.1865,-1.0,-1.8369701987210297e-16,2014-09-01
Hechi,2014,10,108.06,24.7,21.23,28.98,12.91,9.31,17.75,21.07,96.84,2.66,6.37,4.1,90.1,81.58,13.38,1.7,14.38,32.69,6.4,1.17,47.48,4.35,3.89,0.86,0.9,0.87,17.99,-0.4201,0.5248,-0.6017,0.3833,0.3234,24.95,-7.0,0.010704,15.33,-5.72,10.6319,5.4336,-0.8660254037844386,0.5000000000000001,2014-10-01
Hechi,2014,11,108.06,24.7,15.66,25.66,7.1,8.49,12.99,15.76,97.05,3.25,7.93,4.95,62.0,84.96,9.91,3.68,7.12,32.23,3.3,0.61,84.24,1.91,2.48,0.86,0.9,0.87,15.12,1.1,0.9111,1.0949,0.8128,0.4013,21.62,1.25,0.014192,10.46,-6.96,8.6512,5.3503,-0.5000000000000004,0.8660254037844384,2014-11-01
Hechi,2014,12,108.06,24.7,8.79,20.22,-0.14,10.97,3.66,8.61,97.57,3.28,8.22,4.89,39.1,72.6,5.2,0.71,9.45,27.05,4.09,0.62,57.78,1.09,1.94,0.83,0.87,0.84,13.99,-0.1648,0.3361,0.2741,0.337,0.24,2.95,15.89,0.009242,5.01,-6.81,4.6574,3.3781,-2.4492935982947064e-16,1.0,2014-12-01
Hechi,2015,1,108.06,24.7,10.69,22.68,1.56,9.46,7.24,10.64,97.33,3.47,9.37,5.01,73.9,80.67,6.81,1.84,7.9,28.79,3.51,0.58,69.2,0.7,1.57,0.83,0.86,0.84,14.64,0.4762,0.7914,0.1636,0.8418,0.1325,10.75,8.46,0.011142,6.61,-9.83,5.9157,3.505,0.49999999999999994,0.8660254037844387,2015-01-01
Hechi,2015,2,108.06,24.7,13.51,28.93,0.87,10.13,10.09,13.91,97.0,3.6,10.53,5.12,124.9,81.21,8.55,1.9,7.51,31.77,3.4,0.65,91.89,1.0,2.08,0.82,0.86,0.84,16.35,0.6371,0.3486,0.3836,0.1223,0.0938,20.18,0.82,0.015363,9.04,-11.73,7.3911,3.7861,0.8660254037844386,0.5000000000000001,2015-02-01
Hechi,2015,3,108.06,24.7,16.84,31.53,4.43,9.75,13.59,17.57,96.83,3.87,9.86,5.44,123.5,82.5,10.54,1.12,7.08,33.54,3.33,0.68,93.89,1.65,2.54,0.8,0.84,0.81,19.46,-0.9506,-0.2234,-0.9687,-0.2828,0.0964,23.18,-4.93,0.023023,13.15,-7.76,9.8148,4.9357,1.0,6.123233995736766e-17,2015-03-01
Hechi,2015,4,108.06,24.7,21.18,36.85,8.99,11.53,15.79,21.65,96.52,4.16,10.31,5.97,160.9,73.72,12.07,1.49,15.68,33.18,7.09,1.38,69.92,3.95,3.82,0.74,0.79,0.75,22.99,-2.4092,-1.7521,-1.926,-2.1899,0.3291,25.95,-5.43,0.017248,15.57,-7.68,9.0927,5.6888,0.8660254037844387,-0.4999999999999998,2015-04-01
Hechi,2015,5,108.06,24.7,25.09,33.15,14.65,8.9,21.73,25.48,95.95,3.49,10.18,5.07,142.2,82.96,17.21,8.29,13.63,36.73,6.45,1.38,88.28,4.69,4.16,0.77,0.79,0.8,24.45,0.4991,-1.0214,0.2717,-1.1989,0.217,35.69,-18.91,0.028656,18.94,-3.64,14.8131,8.9562,0.49999999999999994,-0.8660254037844387,2015-05-01
Hechi,2015,6,108.06,24.7,26.45,32.69,20.0,6.33,24.17,26.51,95.77,4.01,8.15,5.89,176.8,87.9,19.86,11.39,14.5,37.05,6.99,1.57,85.3,4.87,4.77,0.86,0.88,0.88,26.11,0.1535,-0.2327,0.1719,-0.2201,0.1766,37.66,-20.0,0.038148,20.51,-2.03,16.4719,10.0662,1.2246467991473532e-16,-1.0,2015-06-01
Hechi,2015,7,108.06,24.7,25.77,33.15,17.73,7.22,22.86,25.83,95.76,2.91,7.83,4.28,81.0,84.74,18.39,8.14,14.94,36.41,7.05,1.6,82.26,5.99,5.16,0.87,0.91,0.89,25.36,0.5598,0.5341,0.5462,0.4203,0.3018,34.22,-16.81,0.00992,19.64,-2.42,14.1763,8.8061,-0.4999999999999997,-0.8660254037844388,2015-07-01
Hechi,2015,8,108.06,24.7,25.74,32.22,20.09,7.26,22.82,25.71,95.99,2.63,6.07,3.96,134.6,84.86,18.28,5.22,15.89,36.17,7.47,1.66,79.05,5.77,4.94,0.87,0.91,0.88,24.13,-0.0589,0.2615,-0.1263,0.3237,0.2274,35.46,-17.69,0.009878,19.81,-3.19,14.1506,8.8881,-0.8660254037844385,-0.5000000000000004,2015-08-01
Hechi,2015,9,108.06,24.7,24.19,31.11,17.04,7.31,21.98,24.29,96.35,2.91,7.76,4.41,97.1,88.05,17.35,7.61,11.79,36.23,5.63,1.24,83.92,4.13,4.45,0.91,0.94,0.91,21.9,1.0381,0.7121,1.0111,0.7938,0.3055,35.2,-15.94,0.015934,18.19,-2.88,14.2364,9.8404,-1.0,-1.8369701987210297e-16,2015-09-01
Hechi,2015,10,108.06,24.7,20.58,28.91,12.03,9.01,16.89,20.2,96.87,2.93,12.21,4.28,39.0,80.67,12.63,4.43,13.32,32.9,6.1,1.18,56.24,4.06,3.95,0.89,0.92,0.89,19.1,1.2079,0.8608,1.1264,0.8874,0.4432,26.95,-5.62,0.010798,15.23,-5.33,10.2665,6.6231,-0.8660254037844386,0.5000000000000001,2015-10-01
Hechi,2015,11,108.06,24.7,16.82,27.86,4.58,8.29,14.84,17.01,97.03,3.24,8.69,4.9,108.9,88.63,11.4,7.05,7.05,33.19,3.32,0.68,89.98,1.74,2.66,0.91,0.93,0.91,15.67,2.2378,1.9254,1.9457,1.6388,0.156,23.98,-4.89,0.02081,12.86,-7.11,10.1833,5.1299,-0.5000000000000004,0.8660254037844384,2015-11-01
Hechi,2015,12,108.06,24.7,9.89,22.62,1.41,8.49,7.66,10.09,97.46,3.07,7.69,4.56,44.7,86.65,6.91,3.54,5.97,29.85,2.73,0.48,89.17,0.51,1.94,0.94,0.96,0.92,13.54,2.3381,2.7034,1.8766,2.3545,0.1492,13.08,8.36,0.012056,6.32,-9.4,6.2607,3.9744,-2.4492935982947064e-16,1.0,2015-12-01
Hechi,2016,1,108.06,24.7,8.64,22.27,-2.03,7.86,6.44,9.0,97.32,3.38,9.02,4.67,52.6,86.53,6.5,1.94,6.04,29.6,2.8,0.52,92.23,0.31,1.69,0.93,0.95,0.92,15.29,0.5541,2.7401,0.4736,2.5413,0.0592,14.59,6.05,0.012279,5.71,-11.95,6.398,3.3394,0.49999999999999994,0.8660254037844387,2016-01-01
Hechi,2016,2,108.06,24.7,9.87,25.21,-1.97,11.52,5.13,9.89,97.49,3.8,10.25,5.41,40.1,74.35,5.9,0.46,11.86,27.91,5.21,0.94,64.83,0.71,2.55,0.89,0.92,0.89,17.96,-1.1224,1.2798,-0.5417,1.4857,0.22,5.58,15.22,0.007985,5.69,-7.65,4.3232,3.4706,0.8660254037844386,0.5000000000000001,2016-02-01
Hechi,2016,3,108.06,24.7,15.55,28.95,1.92,10.29,12.35,16.11,96.86,3.74,8.92,5.3,119.7,82.51,9.71,1.21,8.75,32.39,4.01,0.79,89.65,1.21,2.62,0.85,0.88,0.86,19.36,-0.8447,-0.9555,-0.6124,-0.4044,0.187,23.31,-2.13,0.016471,11.24,-10.07,8.446,4.9402,1.0,6.123233995736766e-17,2016-03-01
Hechi,2016,4,108.06,24.7,21.79,32.49,10.21,9.44,18.79,22.19,96.21,3.63,10.61,5.25,154.4,84.29,14.27,5.31,10.51,35.37,4.85,0.99,88.72,2.55,3.65,0.85,0.88,0.87,21.33,1.2138,-0.2102,1.0929,0.0517,0.1815,31.83,-12.96,0.02437,16.56,-7.33,11.9088,6.7336,0.8660254037844387,-0.4999999999999998,2016-04-01
Hechi,2016,5,108.06,24.7,23.96,31.74,13.11,7.9,21.11,24.11,96.1,3.65,8.35,5.37,158.5,85.13,16.61,8.01,13.89,35.71,6.53,1.45,83.63,3.68,4.45,0.87,0.9,0.89,24.89,0.3635,0.3821,0.3352,0.4667,0.197,32.24,-15.1,0.026074,18.09,-4.09,13.4601,7.926,0.49999999999999994,-0.8660254037844387,2016-05-01
Hechi,2016,6,108.06,24.7,26.08,32.06,18.08,6.89,23.82,26.16,95.89,3.44,7.98,5.13,174.6,87.96,19.43,10.94,16.12,36.63,7.67,1.81,85.12,4.34,5.28,0.94,0.95,0.94,26.63,-0.0093,0.4788,0.0712,0.5102,0.2178,35.83,-20.0,0.028734,20.34,-2.68,15.2281,9.0448,1.2246467991473532e-16,-1.0,2016-06-01
Hechi,2016,7,108.06,24.7,26.7,33.33,22.14,6.18,24.39,26.63,95.84,3.41,7.38,5.13,181.5,87.76,20.08,3.58,18.06,36.51,8.57,2.04,79.09,4.76,4.46,0.9,0.93,0.9,26.54,-1.3123,-0.6029,-1.1914,-0.6106,0.295,36.23,-20.0,0.032371,21.4,-2.69,15.1433,9.0286,-0.4999999999999997,-0.8660254037844388,2016-07-01
Hechi,2016,8,108.06,24.7,26.58,32.98,18.23,6.95,23.69,26.45,95.69,2.54,7.93,3.84,47.1,84.89,19.38,9.43,16.81,36.54,7.91,1.79,83.27,4.57,4.6,0.91,0.93,0.91,24.4,1.3115,0.0894,1.4847,0.0491,0.2856,36.28,-18.81,0.019336,20.72,-2.01,14.6965,9.8685,-0.8660254037844385,-0.5000000000000004,2016-08-01
Hechi,2016,9,108.06,24.7,24.3,32.07,15.78,8.81,20.71,24.24,96.24,2.77,7.34,4.24,37.0,81.45,16.07,3.95,16.24,35.14,7.49,1.61,67.68,6.2,5.18,0.87,0.91,0.88,22.02,-0.2839,-0.0495,-0.0196,-0.0442,0.3467,31.06,-11.3,0.016094,17.92,-2.75,12.5437,8.1732,-1.0,-1.8369701987210297e-16,2016-09-01
Hechi,2016,10,108.06,24.7,21.59,29.56,10.3,9.08,18.34,21.72,96.6,3.25,7.98,4.91,47.8,82.79,13.92,3.06,13.46,33.86,6.22,1.31,62.29,5.0,3.83,0.81,0.85,0.82,19.4,0.5156,0.734,0.2752,0.6099,0.2712,28.52,-9.28,0.015534,16.15,-3.88,11.9797,7.2179,-0.8660254037844386,0.5000000000000001,2016-10-01
Hechi,2016,11,108.06,24.7,15.7,28.16,2.95,9.75,12.49,15.85,97.08,3.63,8.12,5.3,60.6,82.26,10.08,1.75,9.05,31.78,4.2,0.85,72.9,2.54,2.62,0.8,0.84,0.82,16.17,0.0906,-0.0543,0.2496,0.0204,0.2709,18.69,0.58,0.013854,11.2,-6.37,8.8806,5.0422,-0.5000000000000004,0.8660254037844384,2016-11-01
Hechi,2016,12,108.06,24.7,12.55,24.47,1.3,11.53,8.09,12.45,97.28,3.21,8.81,4.85,51.3,76.19,7.3,0.45,9.9,28.81,4.39,0.76,63.22,1.67,1.9,0.77,0.81,0.78,14.5,-0.6617,0.0386,0.22899999999999998,-0.126,0.3386,12.14,8.17,0.009384,8.74,-7.28,6.285,3.911,-2.4492935982947064e-16,1.0,2016-12-01
Hechi,2017,1,108.06,24.7,12.11,24.41,2.26,9.63,8.65,12.51,97.25,3.34,9.76,4.78,64.5,80.79,7.45,2.06,7.38,30.43,3.38,0.68,82.0,1.0,1.64,0.78,0.8,0.79,15.13,0.6442,-0.0685,0.2084,-0.3227,0.1062,14.58,5.12,0.015087,8.57,-8.32,7.2018,4.0194,0.49999999999999994,0.8660254037844387,2017-01-01
Hechi,2017,2,108.06,24.7,12.58,27.7,1.6,11.06,7.75,13.2,97.23,3.87,10.08,5.38,80.8,74.58,7.19,0.69,8.96,30.74,4.04,0.8,84.21,1.2,1.97,0.75,0.79,0.77,17.69,-0.7207,-0.4433,-0.6662,-0.8533,0.137,15.68,5.69,0.012483,7.42,-10.53,6.4701,4.0903,0.8660254037844386,0.5000000000000001,2017-02-01
Hechi,2017,3,108.06,24.7,16.18,31.05,7.84,11.09,12.36,16.98,96.76,4.03,9.81,5.45,102.0,79.89,9.64,4.17,7.05,33.22,3.38,0.76,95.38,1.62,2.42,0.76,0.78,0.78,20.53,1.2546,0.9431,1.3483,0.7959,0.1112,24.22,-2.74,0.02011,11.2,-9.65,8.8998,5.111,1.0,6.123233995736766e-17,2017-03-01
Hechi,2017,4,108.06,24.7,21.02,34.24,6.45,11.14,16.18,21.61,96.43,4.22,11.09,5.98,164.3,75.87,12.31,2.48,12.53,34.21,5.81,1.24,86.17,3.87,3.67,0.75,0.78,0.76,23.65,-1.1277,0.0055,-1.0817,0.1587,0.3112,27.3,-6.54,0.019432,15.01,-6.56,10.2298,6.2973,0.8660254037844387,-0.4999999999999998,2017-04-01
Hechi,2017,5,108.06,24.7,23.58,34.0,14.36,9.78,19.17,23.82,96.31,3.16,8.22,4.59,132.1,78.02,14.68,7.7,15.26,34.83,7.1,1.54,77.51,5.66,4.68,0.78,0.8,0.8,25.65,0.2097,0.3496,0.25,0.517,0.2729,29.56,-11.11,0.014139,17.4,-4.79,11.8545,6.8214,0.49999999999999994,-0.8660254037844387,2017-05-01
Hechi,2017,6,108.06,24.7,25.43,32.99,18.27,6.5,23.26,25.59,95.82,2.89,6.97,4.35,163.8,88.37,18.83,13.64,12.26,36.84,5.94,1.41,96.7,3.81,3.93,0.85,0.86,0.88,25.62,0.9095,0.3787,0.9377,0.5441,0.204,37.79,-20.0,0.029166,19.55,-2.7,15.7517,10.2402,1.2246467991473532e-16,-1.0,2017-06-01
Hechi,2017,7,108.06,24.7,26.52,33.07,22.48,6.41,24.03,26.45,95.9,2.61,7.12,3.95,166.7,86.89,19.63,9.58,16.91,36.59,8.03,1.89,84.05,4.4,4.97,0.95,0.96,0.94,26.36,0.9953,1.122,1.0466,1.17,0.2583,36.97,-20.0,0.020618,20.68,-2.84,14.9913,9.4458,-0.4999999999999997,-0.8660254037844388,2017-07-01
Hechi,2017,8,108.06,24.7,26.41,33.33,21.4,6.22,24.24,26.35,95.85,3.02,13.61,4.59,167.7,88.42,19.91,7.59,15.77,36.69,7.5,1.79,83.82,4.26,4.5,0.92,0.94,0.92,24.97,0.7757,1.4664,0.7396,1.4651,0.3093,37.21,-20.0,0.021198,20.88,-2.61,15.2656,9.7168,-0.8660254037844385,-0.5000000000000004,2017-08-01
Hechi,2017,9,108.06,24.7,25.91,31.97,20.28,7.36,23.47,26.01,96.24,2.55,5.38,3.95,144.0,87.04,18.93,4.6,15.23,36.44,7.2,1.62,74.43,5.05,5.0,0.91,0.94,0.91,22.48,-0.0021,0.874,0.0155,0.7548,0.2349,36.04,-18.96,0.018286,19.63,-2.76,14.8922,9.5434,-1.0,-1.8369701987210297e-16,2017-09-01
Hechi,2017,10,108.06,24.7,20.2,30.29,7.64,8.39,17.19,20.26,96.85,3.27,9.26,4.93,45.5,83.7,13.19,3.12,12.98,33.38,5.97,1.22,71.48,3.6,3.77,0.88,0.91,0.88,19.19,0.5498,0.518,0.5156,0.3377,0.2992,25.02,-4.05,0.015816,14.32,-3.53,10.7261,7.2027,-0.8660254037844386,0.5000000000000001,2017-10-01
Hechi,2017,11,108.06,24.7,15.42,28.29,4.74,9.21,12.09,15.43,97.11,3.18,7.71,4.68,42.7,81.58,9.52,1.63,7.78,31.72,3.59,0.69,82.02,2.1,2.52,0.84,0.88,0.85,15.29,0.0067,0.0914,0.2052,0.1193,0.3099,19.88,2.05,0.013355,11.14,-6.93,8.0538,5.4283,-0.5000000000000004,0.8660254037844384,2017-11-01
Hechi,2017,12,108.06,24.7,10.07,18.84,-0.93,10.38,5.45,9.96,97.49,3.11,8.77,4.72,37.5,75.44,5.98,0.93,8.57,28.26,3.75,0.62,70.36,1.08,1.75,0.82,0.86,0.83,13.91,0.164,0.2062,0.3728,0.2837,0.2998,3.97,15.68,0.009316,6.01,-4.81,5.209,3.7109,-2.4492935982947064e-16,1.0,2017-12-01
Hechi,2018,1,108.06,24.7,9.03,23.73,-2.73,9.6,5.66,9.34,97.11,3.57,8.69,4.99,62.6,81.0,6.35,2.18,6.03,30.03,2.78,0.53,93.41,0.5,1.54,0.83,0.87,0.85,15.18,0.7309,0.1708,0.6744,0.2945,0.1983,10.71,11.23,0.015435,6.35,-5.96,6.4882,4.0647,0.49999999999999994,0.8660254037844387,2018-01-01
Hechi,2018,2,108.06,24.7,11.36,26.66,-2.56,11.54,6.61,11.88,97.15,3.62,9.89,5.31,86.1,74.78,7.0,0.35,8.18,30.3,3.71,0.72,88.28,1.04,2.07,0.81,0.84,0.81,17.61,-1.4276,-0.2222,-0.8658,-0.1929,0.2632,9.72,9.2,0.0115,6.57,-8.84,6.0386,3.3683,0.8660254037844386,0.5000000000000001,2018-02-01
Hechi,2018,3,108.06,24.7,17.96,30.85,4.41,10.89,13.65,18.42,96.7,3.94,11.05,5.62,157.3,78.04,10.55,3.36,11.44,32.5,5.2,1.0,76.18,1.99,2.94,0.79,0.82,0.81,20.38,0.8222,0.445,0.6501,0.422,0.1658,26.22,-4.99,0.017537,12.44,-11.53,8.5568,4.8423,1.0,6.123233995736766e-17,2018-03-01
Hechi,2018,4,108.06,24.7,20.77,32.29,7.83,10.66,16.24,21.13,96.52,4.12,11.55,5.84,164.8,77.08,12.46,3.01,12.54,33.98,5.78,1.18,84.96,3.36,3.71,0.78,0.82,0.8,23.27,-0.5862,-0.3121,-0.5847,-0.2271,0.2936,28.25,-8.16,0.021083,14.96,-7.64,10.4687,6.1626,0.8660254037844387,-0.4999999999999998,2018-04-01
Hechi,2018,5,108.06,24.7,24.88,32.57,18.03,8.25,21.81,25.11,96.15,4.07,9.17,5.92,177.2,84.16,17.17,8.15,15.0,36.3,7.14,1.58,82.68,4.99,4.47,0.8,0.83,0.83,25.93,0.4317,0.4055,0.2409,0.3069,0.1794,34.75,-18.06,0.03627,18.75,-4.35,14.2692,8.116,0.49999999999999994,-0.8660254037844387,2018-05-01
Hechi,2018,6,108.06,24.7,25.8,32.14,19.07,7.47,22.98,26.0,95.75,3.19,7.42,4.71,141.7,85.29,18.51,7.32,14.42,36.79,6.9,1.6,87.34,5.83,5.03,0.84,0.87,0.86,26.19,-1.5211,-0.9136,-1.5523,-0.8551,0.1916,35.52,-18.54,0.019271,19.42,-2.24,15.0244,9.4749,1.2246467991473532e-16,-1.0,2018-06-01
Hechi,2018,7,108.06,24.7,26.86,33.62,22.47,6.7,24.18,26.89,95.62,2.87,6.47,4.31,139.1,86.01,19.87,9.07,17.88,36.79,8.48,1.95,84.65,5.96,5.23,0.87,0.9,0.89,26.45,0.8463,-0.1248,0.7563,-0.24,0.3659,36.41,-20.0,0.026953,20.88,-1.98,15.4252,9.5766,-0.4999999999999997,-0.8660254037844388,2018-07-01
Hechi,2018,8,108.06,24.7,26.78,33.17,21.27,7.13,23.76,26.71,95.62,2.37,6.23,3.63,52.6,84.38,19.38,5.16,16.9,36.55,7.96,1.79,82.24,5.64,4.72,0.87,0.9,0.88,24.53,-0.083,-0.4337,-0.3115,-0.4523,0.3828,37.15,-19.98,0.020391,20.78,-2.72,14.848,9.5232,-0.8660254037844385,-0.5000000000000004,2018-08-01
Hechi,2018,9,108.06,24.7,24.41,31.77,16.06,7.92,21.45,24.49,96.29,3.27,6.4350000000000005,4.91,76.0,84.47,16.88,7.41,15.7,35.4,7.32,1.57,71.76,5.55,4.89,0.87,0.9,0.88,22.43,0.9784,0.8346,0.9528,0.7544,0.225,32.19,-12.56,0.0124,17.91,-3.19,12.8748,8.7703,-1.0,-1.8369701987210297e-16,2018-09-01
Hechi,2018,10,108.06,24.7,18.88,27.54,12.39,9.28,15.26,18.88,96.99,2.96,6.64,4.55,44.0,81.08,11.33,3.45,11.15,32.62,5.17,1.07,78.73,3.8,3.65,0.85,0.89,0.86,19.09,0.7303,0.6355,0.8568,0.6141,0.233,25.94,-2.32,0.016289,13.38,-6.04,9.3557,6.8006,-0.8660254037844386,0.5000000000000001,2018-10-01
Hechi,2018,11,108.06,24.7,15.62,26.13,5.76,10.27,12.37,15.52,97.08,2.88,8.07,4.27,57.7,82.19,9.48,1.23,9.54,30.88,4.34,0.84,64.72,2.37,2.54,0.83,0.87,0.84,16.29,-0.308,0.699,-0.1089,0.7728,0.3539,20.96,-1.56,0.014827,11.97,-7.92,8.8175,4.4649,-0.5000000000000004,0.8660254037844384,2018-11-01
Hechi,2018,12,108.06,24.7,10.35,26.85,-5.04,8.63,7.3,10.58,97.37,3.95,7.84,5.51,42.7,82.22,7.23,1.29,5.33,30.43,2.51,0.53,90.95,0.93,1.68,0.82,0.85,0.83,13.98,0.6037,0.3209,0.664,0.4649,0.1824,13.04,6.77,0.017672,7.99,-7.43,7.109,4.2428,-2.4492935982947064e-16,1.0,2018-12-01
Hechi,2019,1,108.06,24.7,9.23,23.23,-3.42,8.79,6.73,9.63,97.43,3.33,9.37,4.68,54.2,85.15,6.56,2.28,5.29,30.27,2.48,0.55,93.75,0.43,1.38,0.83,0.86,0.85,14.98,0.8009,0.2054,0.7534,0.2896,0.023,11.76,6.33,0.014911,7.32,-8.89,6.9446,3.5369,0.49999999999999994,0.8660254037844387,2019-01-01
Hechi,2019,2,108.06,24.7,11.64,25.96,1.86,9.74,8.99,12.46,96.97,3.71,10.77,4.91,69.7,84.58,7.69,2.68,5.82,32.53,2.77,0.64,95.42,0.73,1.8,0.83,0.86,0.84,17.69,1.2136,1.3207,1.2155,1.3571,0.114,18.76,-2.84,0.022439,11.6,-9.92,8.6641,3.5761,0.8660254037844386,0.5000000000000001,2019-02-01
Hechi,2019,3,108.06,24.7,16.68,29.73,7.43,10.1,13.54,17.27,96.7,3.92,9.4,5.46,99.4,82.99,10.37,3.9,8.53,33.22,3.97,0.84,89.05,1.35,2.82,0.85,0.88,0.86,19.39,1.117,1.7128,1.1433,1.5401,0.2198,24.32,-4.23,0.019595,12.21,-9.14,9.3282,4.8484,1.0,6.123233995736766e-17,2019-03-01
Hechi,2019,4,108.06,24.7,22.41,32.52,11.42,9.32,19.47,22.84,96.27,3.69,9.23,5.33,163.8,84.56,15.1,4.63,11.96,35.63,5.5,1.14,83.37,2.89,3.96,0.85,0.88,0.87,21.49,0.7471,1.6069,0.3567,1.3897,0.2231,31.33,-14.72,0.026535,17.47,-7.36,12.2397,6.2246,0.8660254037844387,-0.4999999999999998,2019-04-01
Hechi,2019,5,108.06,24.7,23.3,32.64,14.32,8.42,20.12,23.73,96.14,3.28,9.1,4.76,113.2,83.43,15.69,5.21,11.16,35.97,5.28,1.17,89.49,4.4,4.26,0.83,0.86,0.85,23.84,-1.2098,0.0962,-1.0016,0.1449,0.3106,33.07,-14.93,0.026846,17.42,-3.58,13.8681,8.826,0.49999999999999994,-0.8660254037844387,2019-05-01
Hechi,2019,6,108.06,24.7,26.07,31.61,18.56,6.55,23.92,26.12,95.72,3.44,8.1,5.12,170.2,88.56,19.64,11.21,14.15,36.96,6.8,1.59,89.16,4.0,4.25,0.88,0.91,0.9,26.1,0.0889,-0.2867,0.1632,-0.1663,0.2314,36.51,-20.0,0.033816,20.59,-1.98,16.3834,9.6442,1.2246467991473532e-16,-1.0,2019-06-01
Hechi,2019,7,108.06,24.7,26.42,31.84,20.61,5.87,24.51,26.39,95.69,2.94,6.76,4.57,164.9,89.67,20.3,10.69,14.84,36.92,7.1,1.7,89.05,3.49,4.56,0.96,0.97,0.94,25.97,1.3027,0.3913,1.6111,0.3857,0.2464,37.63,-20.0,0.020994,20.84,-1.89,15.9965,10.2494,-0.4999999999999997,-0.8660254037844388,2019-07-01
Hechi,2019,8,108.06,24.7,27.4,33.7,20.83,7.49,24.1,27.33,95.74,2.35,8.78,3.59,63.0,83.16,19.78,5.11,18.59,36.57,8.7,1.96,75.67,6.16,5.3,0.9,0.93,0.91,24.75,-0.1033,0.7382,-0.4307,0.6304,0.2825,34.61,-18.24,0.013612,21.56,-2.24,14.0443,8.5221,-0.8660254037844385,-0.5000000000000004,2019-08-01
Hechi,2019,9,108.06,24.7,24.58,32.53,13.89,9.35,20.36,24.35,96.47,2.65,6.6,4.09,52.1,78.75,15.92,2.94,18.63,34.21,8.57,1.84,53.73,6.58,5.17,0.86,0.9,0.87,22.94,-0.7929,0.3183,-0.5805,0.2393,0.2972,29.89,-10.47,0.010116,18.34,-4.14,11.4841,6.8987,-1.0,-1.8369701987210297e-16,2019-09-01
Hechi,2019,10,108.06,24.7,20.52,30.25,9.39,9.14,17.39,20.54,96.88,2.78,7.15,4.18,75.1,83.43,13.15,3.27,11.59,33.51,5.36,1.06,67.39,4.23,3.55,0.81,0.85,0.83,18.57,0.6333,-0.3153,0.5532,-0.5101,0.2496,28.55,-7.58,0.015449,15.34,-5.79,10.8357,6.8677,-0.8660254037844386,0.5000000000000001,2019-10-01
Hechi,2019,11,108.06,24.7,15.55,26.53,5.74,10.23,11.63,15.54,97.14,3.22,9.6,4.78,52.3,78.88,9.12,1.52,10.13,31.13,4.6,0.81,67.75,2.64,2.59,0.8,0.83,0.81,15.77,-0.074,-0.3224,0.1185,-0.1726,0.2777,19.81,2.12,0.014033,11.21,-5.97,8.3993,5.5714,-0.5000000000000004,0.8660254037844384,2019-11-01
Hechi,2019,12,108.06,24.7,11.47,25.38,0.6,11.2,6.68,11.22,97.37,3.24,8.12,4.84,41.3,74.89,6.66,0.38,9.01,28.66,3.98,0.65,64.58,1.46,1.74,0.77,0.81,0.78,14.44,-0.8299,0.0049,-1.043,0.0117,0.3071,10.48,7.69,0.009506,7.75,-9.78,5.8156,3.124,-2.4492935982947064e-16,1.0,2019-12-01
Hechi,2020,1,108.06,24.7,11.73,25.2,-1.11,10.73,8.21,12.12,97.14,3.96,9.46,5.68,93.5,80.43,7.51,1.8,6.46,30.74,2.97,0.52,85.49,0.93,1.61,0.76,0.79,0.78,14.89,0.4442,-0.3657,-0.0048,-0.5406,0.258,18.75,1.87,0.017743,8.55,-10.73,7.564,3.8652,0.49999999999999994,0.8660254037844387,2020-01-01
Hechi,2020,2,108.06,24.7,13.84,27.81,1.61,10.74,10.28,14.24,97.23,3.79,11.03,5.58,124.8,80.69,8.52,2.52,7.77,31.87,3.55,0.68,89.33,1.05,1.93,0.78,0.81,0.8,17.01,1.1666,0.5168,0.8914,-0.0143,0.2026,23.13,0.63,0.018628,9.58,-10.51,7.7719,4.9124,0.8660254037844386,0.5000000000000001,2020-02-01
Hechi,2020,3,108.06,24.7,17.66,29.82,6.89,10.32,14.29,18.19,96.66,4.06,9.32,5.77,122.0,82.05,10.92,5.72,8.7,33.87,4.02,0.77,92.51,1.58,2.68,0.81,0.83,0.83,19.2,1.9521,2.2135,1.958,1.682,0.194,27.49,-5.78,0.023361,13.13,-8.57,9.8415,6.0398,1.0,6.123233995736766e-17,2020-03-01
Hechi,2020,4,108.06,24.7,18.08,30.46,8.53,9.61,14.18,18.43,96.87,3.61,8.48,5.06,98.8,79.83,10.79,3.99,12.13,32.84,5.57,1.09,86.32,2.41,3.15,0.83,0.86,0.84,22.59,0.2647,2.0374,0.8396,1.9193,0.2657,25.34,-4.19,0.016051,12.63,-9.0,9.1996,5.6229,0.8660254037844387,-0.4999999999999998,2020-04-01
Hechi,2020,5,108.06,24.7,25.43,35.07,17.61,9.06,21.99,25.7,96.01,3.68,8.94,5.41,178.2,82.53,17.41,10.36,15.97,36.37,7.53,1.67,81.28,5.6,4.92,0.8,0.83,0.83,25.65,1.4185,2.2066,1.2049,1.9715,0.2251,34.4,-17.45,0.026942,19.6,-4.16,13.7602,8.2036,0.49999999999999994,-0.8660254037844387,2020-05-01
Hechi,2020,6,108.06,24.7,26.66,31.31,20.1,5.79,24.77,26.64,95.73,4.03,8.05,5.97,181.0,89.76,20.58,14.82,12.9,37.3,6.25,1.5,93.52,3.56,4.98,0.95,0.95,0.94,26.2,1.2734,1.5148,1.1095,1.3385,0.186,38.46,-20.0,0.02673266666666667,20.74,-2.13,16.7169,10.3523,1.2246467991473532e-16,-1.0,2020-06-01
Hechi,2020,7,108.06,24.7,26.96,32.38,22.44,6.43,24.64,26.89,95.81,3.92,8.62,5.9,186.9,87.69,20.39,8.16,16.85,36.76,8.0,1.95,90.18,5.21,5.53,0.92,0.94,0.92,26.33,0.5661,1.5581,0.3611,1.3857,0.2742,37.0,-20.0,0.026523333333333333,21.04,-1.75,16.0121,9.7319,-0.4999999999999997,-0.8660254037844388,2020-07-01
Hechi,2020,8,108.06,24.7,26.29,32.25,21.65,6.71,23.81,26.28,95.87,3.09,7.75,4.65,155.5,86.94,19.38,5.99,17.79,36.36,8.42,2.0,73.54,5.34,5.36,0.92,0.94,0.91,25.4,0.2357,1.1067,0.1049,0.9934,0.3626,36.12,-20.0,0.026314,20.38,-2.46,15.2239,9.3467,-0.8660254037844385,-0.5000000000000004,2020-08-01
Hechi,2020,9,108.06,24.7,23.92,31.65,15.6,7.08,21.91,23.97,96.26,2.82,7.9,4.24,106.4,89.08,17.34,5.52,10.92,36.11,5.26,1.23,84.89,3.31,4.37,0.95,0.96,0.94,22.12,2.9002,2.1085,2.2872,2.0487,0.2218,35.15,-15.71,0.020162,17.99,-2.71,14.295,10.1125,-1.0,-1.8369701987210297e-16,2020-09-01
Hechi,2020,10,108.06,24.7,18.21,29.39,10.26,8.04,15.99,18.26,96.92,3.64,7.86,5.42,34.2,87.45,12.05,5.05,10.05,33.2,4.71,1.01,80.75,2.04,3.76,0.97,0.97,0.95,18.94,1.4758,2.2748,1.6416,2.9238,0.3079,22.96,-1.69,0.018604,13.14,-3.87,10.0864,7.3394,-0.8660254037844386,0.5000000000000001,2020-10-01
Hechi,2020,11,108.06,24.7,15.51,27.24,3.26,9.61,12.46,15.48,97.22,3.57,8.39,5.37,39.9,83.14,9.73,0.6,9.58,31.01,4.36,0.77,63.05,2.12,2.86,0.89,0.93,0.89,15.99,-1.002,2.2543,-0.8834,1.9859,0.3368,16.82,2.78,0.013785,11.78,-5.5,8.092,4.7943,-0.5000000000000004,0.8660254037844384,2020-11-01
Hechi,2020,12,108.06,24.7,8.37,23.09,-2.45,9.93,4.79,8.71,97.48,3.59,8.83,5.25,32.7,79.62,5.76,0.25,7.05,29.03,3.15,0.55,80.26,0.7,1.68,0.85,0.89,0.86,14.08,-1.2148,0.3024,-0.3571,0.5636,0.1857,7.35,13.39,0.013653,5.01,-6.8,5.7339,4.0588,-2.4492935982947064e-16,1.0,2020-12-01
Hechi,2021,1,108.06,24.7,8.99,21.75,-2.51,11.19,4.14,8.92,97.35,3.28,9.87,4.82,47.8,73.82,5.62,0.23,9.24,28.13,4.06,0.66,65.34,0.72,1.68,0.82,0.86,0.83,14.9,-1.7744,-2.4989,-1.3479,-0.13290000000000002,0.2756,4.97,16.05,0.011325,4.57,-6.37,4.9484,3.7677,0.49999999999999994,0.8660254037844387,2021-01-01
Hechi,2021,2,108.06,24.7,15.12,26.17,5.69,10.6,11.39,15.46,96.95,3.26,9.22,4.69,99.6,80.02,8.88,2.49,9.74,31.75,4.44,0.78,75.89,1.18,2.21,0.82,0.85,0.83,17.57,1.0843,-0.7729,0.6532,-0.8294,0.1246,22.61,0.92,0.014273,10.1,-9.59,7.8267,4.9187,0.8660254037844386,0.5000000000000001,2021-02-01
Hechi,2021,3,108.06,24.7,17.9,33.72,6.44,10.48,14.19,18.51,96.68,4.3,9.46,6.02,147.4,80.59,10.96,1.44,8.09,34.34,3.74,0.75,91.9,1.86,2.76,0.8,0.83,0.81,19.0,-0.5974,-0.7146,-0.878,-0.9997,0.0989,24.98,-4.89,0.02219,13.43,-8.12,9.5364,5.2818,1.0,6.123233995736766e-17,2021-03-01
Hechi,2021,4,108.06,24.7,20.43,33.22,11.62,8.88,17.28,20.97,96.57,3.62,7.62,5.07,103.5,83.36,13.05,5.65,8.47,35.0,4.03,0.84,90.94,2.58,3.25,0.81,0.83,0.83,21.99,1.4327,0.9291,1.735,0.746,0.1996,30.51,-10.49,0.025251,15.29,-6.33,11.8193,7.0438,0.8660254037844387,-0.4999999999999998,2021-04-01
Hechi,2021,5,108.06,24.7,24.83,32.82,16.88,8.8,21.96,25.09,96.06,3.86,9.39,5.55,176.3,85.05,17.41,8.89,13.22,36.68,6.34,1.46,88.38,4.44,4.83,0.85,0.88,0.87,25.83,0.7798,0.8915,0.6148,0.7877,0.2278,35.46,-18.79,0.034904,18.9,-3.78,14.7244,8.8379,0.49999999999999994,-0.8660254037844387,2021-05-01
Hechi,2021,6,108.06,24.7,26.33,32.82,17.27,7.7,23.31,26.38,95.78,3.1,6.66,4.6,155.6,84.51,18.98,9.43,15.69,36.51,7.45,1.69,83.83,5.86,5.39,0.86,0.9,0.88,26.34,-0.591,0.421,-0.5407,0.4589,0.2548,35.67,-20.0,0.024863,20.35,-1.89,15.4328,9.5336,1.2246467991473532e-16,-1.0,2021-06-01
Hechi,2021,7,108.06,24.7,27.11,32.85,22.35,7.34,24.12,27.13,95.76,2.93,7.21,4.49,172.9,84.55,19.76,5.16,19.77,36.52,9.31,2.15,77.27,6.77,5.86,0.89,0.92,0.89,26.44,-0.5393,-0.3747,-0.7472,-0.5262,0.3274,35.99,-20.0,0.021315,21.14,-2.39,15.0353,9.0694,-0.4999999999999997,-0.8660254037844388,2021-07-01
Hechi,2021,8,108.06,24.7,27.22,33.57,21.38,7.49,24.21,27.3,95.91,2.98,7.02,4.53,167.1,84.55,19.84,6.34,18.4,36.67,8.71,2.04,82.06,7.49,5.96,0.85,0.89,0.87,25.2,0.3613,-0.5987,0.0959,-0.7127,0.3187,37.02,-20.0,0.021726,21.0,-2.25,15.2992,9.6768,-0.8660254037844385,-0.5000000000000004,2021-08-01
Hechi,2021,9,108.06,24.7,26.21,32.48,20.77,8.12,22.77,26.22,96.35,2.2,5.8,3.33,139.3,82.36,18.1,3.11,19.29,35.83,9.05,1.92,57.75,6.99,4.91,0.82,0.86,0.83,23.06,-0.6995,-0.5619,-0.8882,-0.7432,0.431,35.2,-16.51,0.01604,19.89,-3.94,13.3548,8.7566,-1.0,-1.8369701987210297e-16,2021-09-01
Hechi,2021,10,108.06,24.7,19.12,31.12,9.13,9.55,15.63,19.28,96.89,4.28,10.85,6.19,36.1,81.27,11.92,3.23,11.99,32.98,5.62,1.13,66.97,4.26,3.61,0.78,0.82,0.8,19.39,0.6113,-0.0092,0.7161,-0.2479,0.3155,26.48,-3.25,0.018623,13.45,-4.52,10.3402,8.0421,-0.8660254037844386,0.5000000000000001,2021-10-01
Hechi,2021,11,108.06,24.7,14.97,28.21,6.7,9.82,11.04,15.04,97.14,3.33,9.73,5.02,38.0,79.2,8.92,2.97,9.16,30.88,4.24,0.78,76.7,2.28,2.46,0.79,0.82,0.81,16.45,0.7817,0.0827,0.8836,0.1633,0.3684,19.28,5.74,0.014514,9.37,-7.2,7.0894,5.9727,-0.5000000000000004,0.8660254037844384,2021-11-01
Hechi,2021,12,108.06,24.7,10.87,21.46,-1.49,10.8,6.36,10.77,97.5,3.1,7.79,4.53,40.4,75.77,6.36,0.62,9.59,28.04,4.27,0.69,58.76,1.35,1.66,0.77,0.8,0.78,14.49,-0.3196,0.6042,-0.1298,0.7015,0.3563,9.37,11.11,0.010113,7.09,-7.28,5.6827,3.8849,-2.4492935982947064e-16,1.0,2021-12-01
Hechi,2022,1,108.06,24.7,10.12,22.11,-1.56,9.24,7.49,10.55,97.16,3.45,7.84,4.85,56.8,84.53,6.88,2.46,5.19,30.28,2.44,0.45,93.47,0.53,1.27,0.78,0.8,0.8,14.86,0.9219,0.7279,0.8397,0.7702,0.0545,20.84,3.24,0.01666,7.03,-12.15,6.9869,4.56,0.49999999999999994,0.8660254037844387,2022-01-01
Hechi,2022,2,108.06,24.7,7.6,23.98,-1.85,9.83,4.69,8.29,97.28,3.76,8.83,5.08,42.5,82.75,5.7,3.54,7.12,29.02,3.31,0.67,85.45,0.42,1.46,0.81,0.84,0.83,18.27,1.7361,1.4639,2.0778,1.6958,0.1393,13.75,9.12,0.015662,4.74,-10.77,5.9685,4.2677,0.8660254037844386,0.5000000000000001,2022-02-01
Hechi,2022,3,108.06,24.7,18.81,30.3,7.81,10.89,15.49,19.4,96.53,4.21,9.73,5.9,158.0,82.37,11.72,2.53,9.93,33.63,4.62,0.93,85.71,1.88,2.85,0.8,0.84,0.82,20.69,0.3019,1.5406,-0.0834,1.343,0.245,26.75,-8.44,0.024139,14.52,-7.35,10.8782,5.659,1.0,6.123233995736766e-17,2022-03-01
Hechi,2022,4,108.06,24.7,20.07,32.83,6.28,10.87,15.38,20.39,96.61,3.9,9.35,5.51,109.7,76.66,11.82,5.02,15.22,32.71,6.93,1.38,68.36,3.51,3.84,0.79,0.82,0.81,23.46,1.0198,1.522,1.2783,1.504,0.2805,27.35,-4.7,0.015122,14.19,-7.01,9.6163,6.6119,0.8660254037844387,-0.4999999999999998,2022-04-01
Hechi,2022,5,108.06,24.7,21.8,31.2,10.97,8.53,18.57,22.06,96.26,3.35,8.29,4.83,91.9,83.33,14.34,11.49,11.13,34.47,5.32,1.17,90.29,3.44,3.99,0.85,0.87,0.87,25.34,1.8705,1.8876,2.2855,1.8438,0.3267,32.55,-10.57,0.021005,15.73,-4.8,12.3009,8.7537,0.49999999999999994,-0.8660254037844387,2022-05-01
Hechi,2022,6,108.06,24.7,25.62,30.9,19.29,6.06,23.62,25.59,95.72,3.39,7.83,5.03,173.2,89.2,19.25,12.7,12.45,36.65,6.05,1.35,94.2,3.03,4.6,0.96,0.97,0.95,25.72,0.6045,1.53,0.6668,1.5145,0.2636,38.09,-20.0,0.027885,19.84,-2.75,15.5738,10.3057,1.2246467991473532e-16,-1.0,2022-06-01
Hechi,2022,7,108.06,24.7,26.86,32.55,22.57,7.3,24.28,26.91,95.84,3.18,8.09,4.96,186.4,86.57,19.95,6.75,19.87,36.47,9.4,2.18,66.56,6.3,6.07,0.92,0.95,0.92,26.91,0.0882,1.1315,-0.1634,1.2593,0.3068,35.26,-20.0,0.027469,21.28,-2.35,15.1498,8.8704,-0.4999999999999997,-0.8660254037844388,2022-07-01
Hechi,2022,8,108.06,24.7,26.89,33.01,21.97,7.59,23.93,27.0,95.96,2.95,9.08,4.42,146.6,84.74,19.49,3.47,18.4,36.79,8.77,2.07,74.34,7.62,5.86,0.85,0.89,0.86,25.61,-0.86,-0.1551,-1.0037,-0.1867,0.3238,36.18,-19.85,0.024018,20.85,-2.1,15.0115,9.5542,-0.8660254037844385,-0.5000000000000004,2022-08-01
Hechi,2022,9,108.06,24.7,24.96,32.65,17.61,8.8,20.75,24.91,96.38,2.53,5.98,3.81,52.2,78.64,16.02,2.22,17.2,35.44,7.98,1.72,68.85,7.34,4.93,0.78,0.82,0.79,22.32,-1.2367,-1.0862,-1.4776,-1.0749,0.314,33.41,-12.62,0.013124,18.49,-3.4,12.5813,8.62,-1.0,-1.8369701987210297e-16,2022-09-01
Hechi,2022,10,108.06,24.7,20.11,30.64,9.8,10.92,14.6,20.18,97.0,3.55,9.52,5.44,34.5,72.89,11.19,0.91,15.52,32.03,7.11,1.39,51.03,4.86,3.59,0.72,0.77,0.73,20.0,-1.2453,-1.6296,-1.0478,-1.4819,0.2336,24.49,-1.69,0.013352,14.47,-4.32,9.3719,7.1296,-0.8660254037844386,0.5000000000000001,2022-10-01
Hechi,2022,11,108.06,24.7,18.74,29.75,4.14,11.04,14.63,18.94,96.83,3.35,8.92,4.96,81.6,78.93,11.06,1.6,9.65,32.32,4.43,0.84,66.42,2.41,2.24,0.69,0.72,0.69,16.24,-0.015,-1.3124,-0.3476,-1.6009,0.2496,21.83,-5.42,0.017802,14.02,-5.83,10.4667,4.6811,-0.5000000000000004,0.8660254037844384,2022-11-01
Hechi,2022,12,108.06,24.7,9.06,20.52,-0.47,10.79,2.79,9.34,97.47,3.57,9.98,5.15,37.1,67.63,4.9,0.52,9.11,28.14,4.04,0.69,74.43,0.78,1.32,0.69,0.72,0.7,14.61,-0.5114,-1.0412,0.0073,-1.1317,0.3786,7.72,15.14,0.011073,4.71,-7.83,4.6599,4.2905,-2.4492935982947064e-16,1.0,2022-12-01
Hechi,2023,1,108.06,24.7,10.23,26.87,-1.65,12.42,4.03,10.48,97.36,3.71,9.19,5.4,43.4,68.65,5.61,0.24,10.25,28.01,4.51,0.78,64.89,0.57,1.18,0.67,0.7,0.67,15.81,-1.7396,-1.2464,-1.4769,-2.1744,0.1995,2.01,14.96,0.009595,5.56,-6.08,5.1552,3.0859,0.49999999999999994,0.8660254037844387,2023-01-01
Hechi,2023,2,108.06,24.7,13.53,30.25,3.82,11.65,8.91,14.29,97.11,3.98,10.29,5.54,77.6,75.95,7.69,1.29,8.23,30.7,3.75,0.74,78.25,0.6,1.38,0.67,0.69,0.68,17.52,0.0654,-1.5455,-0.1847,-1.2768,0.1256,20.17,2.25,0.018041,9.43,-9.1,7.7401,4.8769,0.8660254037844386,0.5000000000000001,2023-02-01
Hechi,2023,3,108.06,24.7,18.14,34.83,7.07,12.05,12.5,18.88,96.82,3.92,11.28,5.45,116.5,72.4,9.63,2.35,10.32,32.6,4.69,0.93,82.74,0.97,1.95,0.67,0.68,0.67,19.28,0.1746,-0.8293,-0.1,-1.0849,0.2228,26.88,-4.23,0.015565,12.27,-10.69,8.6588,5.4758,1.0,6.123233995736766e-17,2023-03-01
Hechi,2023,4,108.06,24.7,22.71,34.42,11.56,12.14,16.77,23.51,96.29,4.7,10.8,6.48,155.4,71.99,12.83,4.21,12.55,34.9,5.73,1.11,80.44,1.92,2.88,0.66,0.68,0.67,21.55,0.4359,0.2042,-0.0761,-0.1696,0.2669,30.12,-10.8,0.02626,16.44,-6.44,11.4412,6.8791,0.8660254037844387,-0.4999999999999998,2023-04-01
Hechi,2023,5,108.06,24.7,25.34,37.53,15.5,11.47,19.8,26.1,96.13,4.23,11.69,5.94,157.3,74.07,15.29,3.57,14.22,36.2,6.74,1.51,82.29,4.67,4.33,0.68,0.7,0.69,25.32,-2.4275,-1.4104,-2.3788,-2.3996,0.1777,33.83,-15.88,0.032875,18.92,-3.78,13.5573,8.6059,0.49999999999999994,-0.8660254037844387,2023-05-01
Hechi,2023,6,108.06,24.7,27.23,38.11,20.37,9.21,22.6,27.82,95.88,3.39,8.42,4.95,145.2,78.17,18.05,8.91,15.33,37.09,7.35,1.71,86.31,4.5,4.3,0.69,0.7,0.72,26.55,-0.8058,-1.4468,-0.9584,-2.6801,0.3292,36.3,-19.84,0.025538,19.87,-2.37,15.3008,9.5146,1.2246467991473532e-16,-1.0,2023-06-01
Hechi,2023,7,108.06,24.7,28.17,35.8,22.88,8.66,23.61,28.63,95.84,4.16,11.66,5.91,171.0,78.12,19.17,4.1,18.1,37.34,8.63,2.06,85.6,6.11,4.66,0.68,0.72,0.7,26.68,-1.0355,-2.1128,-1.2221,-2.1032,0.2508,36.65,-20.0,0.026774,21.18,-1.66,15.7852,9.8471,-0.4999999999999997,-0.8660254037844388,2023-07-01
Hechi,2023,8,108.06,24.7,27.07,33.72,18.61,8.17,23.47,27.48,95.81,2.52,6.34,3.8,112.5,82.04,19.07,6.55,15.04,37.04,7.21,1.7,86.83,6.99,5.2,0.71,0.72,0.74,25.0,0.4345,-0.9343,0.2059,-1.1964,0.3686,36.36,-19.45,0.012895,20.48,-1.74,15.1489,9.9377,-0.8660254037844385,-0.5000000000000004,2023-08-01
Hechi,2023,9,108.06,24.7,25.53,32.0,18.22,8.33,22.23,25.75,96.26,2.95,7.9,4.45,66.0,83.08,17.57,5.45,15.01,36.13,7.13,1.57,67.93,7.09,4.96,0.73,0.75,0.76,22.99,0.3286,-0.2438,0.3553,-0.4751,0.4199,34.74,-16.88,0.015886,19.16,-2.77,14.2608,9.1454,-1.0,-1.8369701987210297e-16,2023-09-01
Hechi,2023,10,108.06,24.7,22.04,32.15,12.77,10.56,17.09,22.43,96.9,3.0,9.03,4.46,62.9,75.66,12.87,1.54,13.25,33.6,6.15,1.23,62.65,3.46,3.06,0.67,0.71,0.67,19.53,-0.561,0.158,-0.9341,-0.1783,0.418,27.38,-6.37,0.016421,15.06,-4.44,11.0076,7.2998,-0.8660254037844386,0.5000000000000001,2023-10-01
Hechi,2023,11,108.06,24.7,17.6,30.1,6.56,11.15,12.68,17.67,97.19,3.06,8.83,4.45,73.1,75.27,9.9,1.37,10.95,31.02,4.95,0.86,60.44,2.24,2.16,0.67,0.7,0.69,16.4,-0.1908,-0.1697,-0.335,-0.3203,0.3011,20.77,-1.57,0.013444,12.58,-6.92,8.9982,4.8357,-0.5000000000000004,0.8660254037844384,2023-11-01
Hechi,2023,12,108.06,24.7,12.52,28.64,-2.44,12.12,6.71,12.84,97.4,3.72,9.66,5.37,57.4,70.54,7.12,0.63,9.79,28.9,4.37,0.67,63.49,0.52,1.25,0.65,0.68,0.65,14.53,-0.3017,-0.7502,-0.5535,-1.2351,0.333,19.87,3.19,0.015916,8.45,-8.0,8.2296,5.1657,-2.4492935982947064e-16,1.0,2023-12-01
Hechi,2024,1,108.06,24.7,11.65,24.08,-4.1,9.61,8.26,12.14,97.35,3.59,9.08,5.18,77.5,81.11,7.57,3.66,4.71,30.92,2.25,0.42,94.67,0.62,1.32,0.7,0.7,0.73,14.63,1.6125,0.5874,1.803,0.2679,0.2024,22.39,2.52,0.017217,7.11,-12.12,7.274,4.7,0.49999999999999994,0.8660254037844387,2024-01-01
Hechi,2024,2,108.06,24.7,12.35,32.21,1.35,10.99,7.44,12.99,97.12,4.01,12.28,6.55,93.7,74.52,7.31,1.47,8.09,30.54,3.72,0.74,84.28,0.81,1.58,0.69,0.71,0.71,17.97,0.301,1.1527,0.1753,0.739,0.2447,20.77,1.83,0.020977,10.13,-9.13,7.6285,4.8561,0.8660254037844386,0.5000000000000001,2024-02-01
Hechi,2024,3,108.06,24.7,18.14,32.48,3.1,12.02,12.91,18.91,96.74,4.43,11.46,6.25,139.9,74.38,10.16,1.46,10.51,32.96,4.85,0.94,86.45,1.54,2.27,0.69,0.71,0.7,20.39,-0.5773,0.7701,-0.9198,0.4911,0.2092,24.61,-3.91,0.023682,13.4,-7.26,9.4989,5.6347,1.0,6.123233995736766e-17,2024-03-01
Hechi,2024,4,108.06,24.7,24.18,37.06,14.35,10.89,19.43,24.93,96.07,4.1,9.3,5.77,148.7,77.36,14.94,5.88,12.32,35.9,5.68,1.03,85.38,3.09,3.43,0.7,0.71,0.72,21.56,1.576,0.6479,0.918,0.1231,0.1834,34.73,-16.76,0.032136,18.66,-6.77,12.8172,7.5577,0.8660254037844387,-0.4999999999999998,2024-04-01
Hechi,2024,5,108.06,24.7,23.77,32.63,15.25,9.05,20.27,24.18,96.27,3.25,7.69,4.6,111.0,82.12,15.64,9.5,12.0,35.44,5.72,1.18,86.83,5.08,4.44,0.76,0.77,0.8,24.88,1.0526,1.1791,1.0873,0.7966,0.2955,34.73,-14.33,0.023305,17.2,-4.95,13.1668,8.8091,0.49999999999999994,-0.8660254037844387,2024-05-01
Hechi,2024,6,108.06,24.7,26.06,31.9,18.98,6.52,23.96,26.25,95.89,3.48,7.31,5.12,153.6,88.77,19.62,7.975,11.28,37.04,5.54,1.32,96.37,4.4,5.02,0.88,0.89,0.91,26.03,2.2922,2.3821,1.9541,1.8218,0.1455,37.75,-20.0,0.036093,20.15,-1.68,16.3604,10.5088,1.2246467991473532e-16,-1.0,2024-06-01
Hechi,2024,7,108.06,24.7,27.24,34.17,22.69,7.18,24.44,27.37,95.79,3.46,8.57,5.1,170.0,85.58,20.15,6.45,16.69,37.11,8.02,1.93,83.66,7.47,6.28,0.87,0.91,0.88,26.75,-0.0219,1.7284,-0.3254,1.7339,0.2378,35.32,-20.0,0.038714,20.85,-1.38,16.461,9.331,-0.4999999999999997,-0.8660254037844388,2024-07-01
Hechi,2024,8,108.06,24.7,26.92,32.93,21.96,7.26,24.16,27.01,95.96,2.58,6.79,3.9,169.0,85.69,19.78,7.8,16.95,36.97,8.09,1.9,77.15,6.3,5.5,0.89,0.92,0.9,25.04,0.8408,1.7894,0.7477,1.6565,0.3289,34.8,-19.32,0.01774,20.82,-1.99,14.8654,8.9361,-0.8660254037844385,-0.5000000000000004,2024-08-01
Hechi,2024,9,108.06,24.7,25.71,32.72,16.03,8.0,22.58,25.68,96.14,2.96,9.45,4.5,54.3,83.72,18.06,3.73,16.9,36.1,7.97,1.77,73.1,6.05,5.04,0.86,0.9,0.87,22.86,-0.3863,0.162,-0.3404,-0.0043,0.2958,32.42,-15.42,0.021717,19.54,-2.47,13.6441,8.3669,-1.0,-1.8369701987210297e-16,2024-09-01
Hechi,2024,10,108.06,24.7,19.89,29.05,10.57,10.38,15.96,19.87,96.86,3.36,8.36,5.15,37.2,79.6,11.99,2.18,14.66,32.21,6.74,1.32,58.03,4.82,4.02,0.81,0.85,0.82,19.78,-0.0459,0.2049,0.0017,-0.0048,0.3519,22.52,-1.29,0.015361,13.95,-4.45,9.3549,6.8648,-0.8660254037844386,0.5000000000000001,2024-10-01
Hechi,2024,11,108.06,24.7,16.72,28.3,5.74,11.22,12.25,16.65,97.17,3.08,7.73,4.78,44.3,76.77,9.49,0.09,13.51,30.29,6.11,1.08,50.09,3.53,2.73,0.75,0.8,0.76,16.65,-2.3495,-0.848,-0.07800000000000001,-0.8369,0.143,19.96,0.59,0.012312,11.3,-6.94,8.5988,4.9482,-0.5000000000000004,0.8660254037844384,2024-11-01
Hechi,2024,12,108.06,24.7,10.21,22.97,0.81,10.84,5.07,10.3,97.43,3.32,7.77,5.02,41.2,72.74,5.85,0.53,8.08,28.91,3.59,0.59,76.14,1.09,1.49,0.73,0.76,0.74,14.07,-0.4911,-1.1515,-0.1577,-1.0264,0.1631,6.95,13.68,0.012284,5.98,-5.5,5.7814,4.0459,-2.4492935982947064e-16,1.0,2024-12-01
Hechi,2025,1,108.06,24.7,11.23,23.77,-0.12,12.47,4.75,11.1,97.33,3.26,10.56,4.86,58.3,67.44,5.79,0.27,10.64,27.94,4.58,0.69,58.59,0.95,1.44,0.7,0.74,0.71,15.1,-1.6416,-2.7526,-1.5723,-1.06345,0.1631,6.95,13.68,0.012284,5.98,-5.5,5.7814,4.0459,0.49999999999999994,0.8660254037844387,2025-01-01
Hechi,2025,2,108.06,24.7,10.47,27.64,-0.96,9.55,6.57,11.22,97.31,3.57,9.03,4.89,55.8,78.63,6.47,1.41,4.67,30.57,2.24,0.47,97.59,0.5,1.23,0.71,0.73,0.72,17.19,0.1902,-1.3878,0.3198,-1.1005,0.1631,6.95,13.68,0.012284,5.98,-5.5,5.7814,4.0459,0.8660254037844386,0.5000000000000001,2025-02-01
Hechi,2025,3,108.06,24.7,16.65,34.46,4.75,12.87,10.21,17.56,96.89,4.57,10.57,6.23,77.0,68.82,8.63,0.87,11.79,31.89,5.34,0.99,76.81,1.47,2.29,0.69,0.72,0.69,20.32,-1.2806,-1.9319,-1.2067,-1.8354,0.1631,6.95,13.68,0.012284,5.98,-5.5,5.7814,4.0459,1.0,6.123233995736766e-17,2025-03-01
Hechi,2025,4,108.06,24.7,23.07,36.68,8.25,13.27,14.86,23.95,96.43,3.67,10.629999999999999,5.3,148.2,74.405,11.44,1.58,15.02,34.12,6.83,1.32,79.7,1.36,2.57,0.65,0.69,0.63,22.93,-2.2712,-2.2168,-2.3249,-1.02205,0.1631,6.95,13.68,0.012284,5.98,-5.5,5.7814,4.0459,0.8660254037844387,-0.4999999999999998,2025-04-01
Hechi,2025,5,108.06,24.7,24.06,33.93,13.24,9.83,19.99,24.52,96.24,3.36,10.69,4.86,153.2,79.99,15.51,10.72,12.76,35.38,6.05,1.31,86.98,4.31,4.18,0.74,0.74,0.78,25.67,1.5659,-0.0847,1.6054,-0.2087,0.1631,6.95,13.68,0.012284,5.98,-5.5,5.7814,4.0459,0.49999999999999994,-0.8660254037844387,2025-05-01
Hechi,2025,6,108.06,24.7,26.12,32.9,19.16,7.24,23.28,26.3,95.87,3.43,8.72,5.04,163.3,85.29,18.81,7.715,13.52,36.81,6.57,1.57,92.14,6.03,5.32,0.82,0.82,0.85,26.54,1.3599,1.1659,1.2317,0.9822,0.1631,6.95,13.68,0.012284,5.98,-5.5,5.7814,4.0459,1.2246467991473532e-16,-1.0,2025-06-01
Hechi,2025,7,108.06,24.7,27.65,33.85,22.41,8.0,23.95,27.78,95.6,2.38,9.2,3.55,81.3,81.34,19.59,4.71,19.2,36.95,9.11,2.12,74.29,8.71,6.3,0.84,0.88,0.86,26.47,-0.7405,1.0414,-0.9647,0.898,0.1631,6.95,13.68,0.012284,5.98,-5.5,5.7814,4.0459,-0.4999999999999997,-0.8660254037844388,2025-07-01
Hechi,2025,8,108.06,24.7,26.37,32.79,21.0,7.1,23.53,26.47,96.04,2.88,7.6,4.29,155.4,85.27,19.04,5.73,16.58,36.52,7.91,1.85,83.27,7.04,5.17,0.83,0.86,0.84,25.32,0.1393,0.4076,-0.0166,0.2835,0.1631,6.95,13.68,0.012284,5.98,-5.5,5.7814,4.0459,-0.8660254037844385,-0.5000000000000004,2025-08-01
Hechi,2025,9,108.06,24.7,25.52,31.81,18.59,7.7,22.6,25.64,96.3,3.09,9.7,4.66,104.7,84.72,17.95,5.61,15.88,35.91,7.54,1.67,72.0,6.57,4.88,0.81,0.85,0.83,23.12,0.3869,-0.2559,0.4048,-0.3833,0.1631,6.95,13.68,0.012284,5.98,-5.5,5.7814,4.0459,-1.0,-1.8369701987210297e-16,2025-09-01
Hechi,2025,10,108.06,24.7,21.34,31.02,8.93,8.79,18.08,21.43,96.87,3.43,9.51,5.04,59.6,82.54,14.03,2.95,13.89,33.69,6.48,1.3,63.64,4.74,3.83,0.81,0.84,0.82,19.58,0.4519,0.3109,0.2465,0.0813,0.1631,6.95,13.68,0.012284,5.98,-5.5,5.7814,4.0459,-0.8660254037844386,0.5000000000000001,2025-10-01
Hechi,2025,11,108.06,24.7,14.7,25.06,3.71,10.85,10.09,14.4,97.29,3.35,8.92,5.0,28.1,75.93,8.34,1.96,11.36,29.07,5.13,0.92,54.45,2.56,2.59,0.8,0.83,0.81,16.76,0.2285,0.3612,0.4609,0.3463,0.1631,6.95,13.68,0.012284,5.98,-5.5,5.7814,4.0459,-0.5000000000000004,0.8660254037844384,2025-11-01
Hechi,2025,12,108.06,24.7,13.2,22.8,1.34,10.47,9.46,13.22,97.18,2.86,8.89,4.28,56.7,79.53,7.87,0.96,8.44,30.0,3.78,0.62,71.4,1.42,1.67,0.76,0.8,0.78,13.97,0.2046,0.2746,-0.0678,0.1503,0.1631,6.95,13.68,0.012284,5.98,-5.5,5.7814,4.0459,-2.4492935982947064e-16,1.0,2025-12-01
Liuzhou,2005,1,109.43,24.33,7.96,24.08,-3.87,10.19,3.73,8.25,99.85,4.03,9.49,5.68,34.1,76.8,5.27,1.25,5.32,28.69,2.43,0.43,72.49,0.38,1.05,0.66,0.68,0.68,13.99,-0.4571,0.0049,-0.4307,0.3751,0.1217,7.13,10.95,0.012485,4.83,-9.81,5.561,3.237,0.49999999999999994,0.8660254037844387,2005-01-01
Liuzhou,2005,2,109.43,24.33,11.39,27.17,0.05,11.41,6.98,12.18,99.6,4.61,9.9,6.19,43.3,75.84,6.87,2.11,7.03,30.98,3.27,0.67,75.36,0.59,1.48,0.67,0.69,0.69,16.94,0.0872,0.0049,0.1905,0.3751,0.1096,18.45,1.73,0.019868,8.22,-11.19,7.561,4.08,0.8660254037844386,0.5000000000000001,2005-02-01
Liuzhou,2005,3,109.43,24.33,15.7,28.68,2.26,11.66,10.36,16.32,99.59,4.26,11.16,5.94,68.6,72.94,8.56,4.67,8.58,31.98,3.97,0.76,84.61,1.15,2.24,0.67,0.69,0.7,19.9,0.66,0.0049,0.8659,0.3751,0.0468,20.52,1.91,0.015693,8.97,-10.66,7.408,4.633,1.0,6.123233995736766e-17,2005-03-01
Liuzhou,2005,4,109.43,24.33,21.99,35.15,11.11,10.58,16.87,22.36,99.03,3.93,9.01,5.6,126.3,74.79,12.51,4.1,12.06,34.56,5.54,1.09,76.35,3.25,3.49,0.69,0.72,0.71,22.05,-0.5787,-0.0857,-0.69,0.1048,0.3376,26.19,-6.02,0.019808,14.78,-7.5,9.72,5.6,0.8660254037844387,-0.4999999999999998,2005-04-01
Liuzhou,2005,5,109.43,24.33,26.42,34.05,16.95,8.7,22.87,26.64,98.32,3.84,10.2,5.68,167.1,82.13,17.97,8.5,16.16,36.69,7.6,1.63,76.25,5.22,4.8,0.73,0.75,0.77,25.2,0.0111,-0.134,-0.2919,-0.2162,0.2566,32.58,-14.37,0.028878,18.73,-5.18,12.471,7.347,0.49999999999999994,-0.8660254037844387,2005-05-01
Liuzhou,2005,6,109.43,24.33,26.97,32.49,21.46,5.93,24.93,26.98,98.01,3.14,7.18,4.72,153.1,89.09,20.31,6.4350000000000005,11.26,37.51,5.5,1.27,90.73,3.19,4.27,0.87,0.89,0.9,24.93,1.4621,0.8808,1.4471,0.7054,0.2826,35.23,-17.05,0.022449,19.5,-2.59,14.263,9.578,1.2246467991473532e-16,-1.0,2005-06-01
Liuzhou,2005,7,109.43,24.33,27.84,34.11,23.64,7.2,24.89,27.82,98.33,3.07,7.7,4.68,177.9,84.82,20.16,4.37,19.74,36.95,9.25,2.08,62.43,6.55,5.98,0.87,0.92,0.88,25.95,-0.4831,0.8195,-0.3896,0.591,0.4468,29.63,-13.18,0.022812,20.45,-3.06,12.159,7.14,-0.4999999999999997,-0.8660254037844388,2005-07-01
Liuzhou,2005,8,109.43,24.33,27.26,35.2,20.32,7.51,24.09,27.33,98.27,2.6,5.63,4.07,90.9,83.63,19.27,3.93,17.28,37.22,8.06,1.75,71.83,6.74,5.39,0.82,0.88,0.84,23.87,-0.4623,0.7362,-0.4398,0.6037,0.4196,31.25,-13.47,0.013757,19.53,-2.82,12.736,8.053,-0.8660254037844385,-0.5000000000000004,2005-08-01
Liuzhou,2005,9,109.43,24.33,25.81,33.21,18.74,8.94,21.97,25.75,98.85,3.2,6.56,4.95,46.1,80.44,16.86,1.32,16.57,36.02,7.65,1.58,60.09,7.2,5.07,0.76,0.82,0.77,21.81,-1.4967,-1.431,-1.2569,-1.2388,0.4122,28.68,-9.95,0.013309,18.42,-3.82,11.366,6.893,-1.0,-1.8369701987210297e-16,2005-09-01
Liuzhou,2005,10,109.43,24.33,21.24,32.58,9.71,10.71,16.03,21.26,99.48,3.31,7.96,5.09,35.7,73.66,11.81,0.49,14.66,33.01,6.56,1.21,41.89,5.43,3.77,0.68,0.75,0.69,17.51,-1.0835,-1.5139,-0.7716,-1.3014,0.3515,22.58,-1.75,0.012793,14.14,-5.44,9.062,6.008,-0.8660254037844386,0.5000000000000001,2005-10-01
Liuzhou,2005,11,109.43,24.33,17.54,30.81,5.16,10.05,13.27,17.57,99.55,3.4,7.7,5.17,39.7,77.51,10.24,2.1,10.29,31.76,4.64,0.87,59.86,2.6,2.38,0.68,0.72,0.7,15.27,0.0491,-1.4401,-0.1598,-3.09,0.3297,20.56,1.01,0.013381,11.15,-6.8,8.543,5.19,-0.5000000000000004,0.8660254037844384,2005-11-01
Liuzhou,2005,12,109.43,24.33,9.83,20.37,-0.93,10.47,3.18,9.88,100.12,4.06,9.99,6.0,33.2,66.26,5.14,1.62,8.58,27.64,3.72,0.59,56.79,0.88,1.5,0.67,0.71,0.69,13.4,0.4761,-0.413,0.5973,-0.0439,0.2589,5.24,15.26,0.012601,5.15,-7.55,4.556,3.935,-2.4492935982947064e-16,1.0,2005-12-01
Liuzhou,2006,1,109.43,24.33,10.33,24.43,-2.33,11.68,5.55,10.53,99.74,4.17,10.38,5.95,37.6,74.16,6.19,1.91,8.22,28.94,3.59,0.67,63.92,0.69,1.4,0.69,0.72,0.71,14.41,0.0539,-0.1283,-0.0988,-0.1374,0.2254,2.55,11.4,0.010271,6.11,-7.1,6.023,2.649,0.49999999999999994,0.8660254037844387,2006-01-01
Liuzhou,2006,2,109.43,24.33,12.3,26.65,2.58,9.5,8.31,12.9,99.86,4.48,9.81,5.99,39.7,77.91,7.14,3.51,5.48,31.45,2.61,0.58,91.3,0.64,1.59,0.69,0.72,0.72,17.11,0.88,0.502,0.8676,0.4738,0.1481,20.53,3.62,0.015467,7.67,-10.48,7.28,4.869,0.8660254037844386,0.5000000000000001,2006-02-01
Liuzhou,2006,3,109.43,24.33,16.77,28.8,0.89,11.66,12.13,17.42,99.26,3.77,11.26,5.35,63.6,76.19,9.56,2.6,9.22,32.95,4.23,0.89,85.58,1.62,2.55,0.71,0.74,0.73,19.58,-0.601,-0.0583,-0.5476,0.1213,0.137,21.78,-0.32,0.017913,10.4,-9.6,8.224,4.918,1.0,6.123233995736766e-17,2006-03-01
Liuzhou,2006,4,109.43,24.33,22.45,34.17,8.13,10.62,17.87,22.85,98.79,4.46,10.06,6.23,150.5,77.03,13.51,4.96,12.06,35.09,5.58,1.19,84.58,3.4,3.94,0.72,0.75,0.75,22.59,-0.1189,-0.0771,-0.3053,-0.0333,0.4382,27.58,-8.05,0.024531,15.65,-6.89,10.456,6.121,0.8660254037844387,-0.4999999999999998,2006-04-01
Liuzhou,2006,5,109.43,24.33,24.09,32.81,13.78,9.29,20.11,24.24,98.72,3.68,11.16,5.46,128.7,80.21,15.37,8.97,14.21,35.37,6.69,1.46,78.4,4.74,4.58,0.75,0.78,0.79,25.49,0.2093,-0.394,0.3083,-0.2856,0.2973,28.72,-8.68,0.01487,16.82,-5.18,10.943,6.849,0.49999999999999994,-0.8660254037844387,2006-05-01
Liuzhou,2006,6,109.43,24.33,26.48,32.26,20.51,7.3,24.05,26.57,98.28,3.09,8.4,4.79,177.0,87.23,19.23,9.72,13.89,37.02,6.62,1.45,82.18,4.77,4.76,0.84,0.88,0.87,25.17,-0.7907,-0.5925,-0.7432,-0.5492,0.1763,33.79,-14.53,0.027133,19.26,-3.16,13.132,9.01,1.2246467991473532e-16,-1.0,2006-06-01
Liuzhou,2006,7,109.43,24.33,27.69,34.25,23.14,6.5,25.17,27.67,98.02,2.82,7.01,4.38,163.2,86.86,20.58,9.28,16.43,37.31,7.8,1.78,77.51,5.35,5.09,0.86,0.91,0.88,25.78,1.1119,0.1137,1.0406,0.0836,0.241,33.33,-16.6,0.019939,20.49,-2.26,13.817,8.8,-0.4999999999999997,-0.8660254037844388,2006-07-01
Liuzhou,2006,8,109.43,24.33,27.15,33.33,20.83,6.85,24.16,27.05,98.3,2.63,14.34,3.97,72.4,84.36,19.32,5.8,17.16,36.68,7.95,1.71,67.66,5.07,4.69,0.86,0.92,0.88,23.44,0.41,0.1917,0.4457,0.0912,0.2968,31.3,-14.29,0.012699,20.18,-3.37,12.585,7.591,-0.8660254037844385,-0.5000000000000004,2006-08-01
Liuzhou,2006,9,109.43,24.33,24.08,32.34,15.47,9.04,20.24,23.88,98.88,3.08,7.85,4.73,43.1,80.19,15.37,2.61,16.3,34.66,7.41,1.46,54.7,5.46,4.8,0.83,0.89,0.84,21.19,-0.4486,0.7539,-0.1076,0.8455,0.4812,25.18,-7.23,0.012741,17.25,-3.84,10.727,6.292,-1.0,-1.8369701987210297e-16,2006-09-01
Liuzhou,2006,10,109.43,24.33,23.18,29.98,14.22,9.43,19.44,23.17,99.32,2.71,7.27,4.25,47.8,80.58,14.42,0.79,12.99,34.51,5.77,1.01,48.72,5.13,3.93,0.76,0.82,0.77,16.42,-0.6316,-0.2872,-1.5538,-0.1913,0.3224,29.12,-6.53,0.010111,15.66,-5.41,10.433,7.302,-0.8660254037844386,0.5000000000000001,2006-10-01
Liuzhou,2006,11,109.43,24.33,16.95,28.15,6.71,10.6,12.67,16.71,99.47,3.43,8.03,5.12,38.7,77.85,9.45,3.34,9.32,31.59,4.15,0.7,63.29,2.69,2.58,0.74,0.79,0.76,15.08,0.555,-0.2995,0.4509,-0.0427,0.2515,17.48,1.25,0.011932,12.22,-8.61,7.261,3.734,-0.5000000000000004,0.8660254037844384,2006-11-01
Liuzhou,2006,12,109.43,24.33,11.02,25.29,1.43,12.41,5.59,10.78,100.05,3.85,7.86,5.82,33.6,71.73,5.86,0.3,9.65,27.7,4.14,0.64,50.29,1.39,1.87,0.73,0.79,0.75,13.47,-1.2107,-0.338,-0.9779,-0.2366,0.2577,8.42,10.71,0.007382,7.47,-9.73,4.664,3.029,-2.4492935982947064e-16,1.0,2006-12-01
Liuzhou,2007,1,109.43,24.33,8.66,21.01,-0.27,11.32,3.34,8.65,100.21,4.12,9.06,5.89,29.6,71.94,4.94,1.88,8.15,28.45,3.54,0.58,72.4,0.7,1.55,0.73,0.77,0.75,14.54,0.0336,-0.1822,-0.0111,-0.1384,0.1968,6.38,12.94,0.008571,5.06,-9.93,4.567,3.045,0.49999999999999994,0.8660254037844387,2007-01-01
Liuzhou,2007,2,109.43,24.33,16.41,27.65,3.08,11.14,11.84,16.48,99.38,4.12,9.67,5.89,120.2,76.57,9.17,2.16,8.8,32.27,3.91,0.68,78.72,1.13,2.09,0.73,0.77,0.75,16.38,0.1208,-0.6675,-0.2922,-0.8737,0.285,23.65,-2.4,0.018281,10.87,-12.55,7.673,3.848,0.8660254037844386,0.5000000000000001,2007-02-01
Liuzhou,2007,3,109.43,24.33,17.62,31.38,4.16,10.41,13.75,18.08,99.18,4.74,9.62,6.59,110.4,79.43,10.53,2.9,7.89,33.82,3.61,0.71,91.65,1.47,2.56,0.74,0.77,0.76,18.83,-0.3837,-0.492,-0.4623,-0.5901,0.1688,20.26,-1.93,0.02088,11.85,-8.01,8.984,4.255,1.0,6.123233995736766e-17,2007-03-01
Liuzhou,2007,4,109.43,24.33,19.5,32.15,5.86,10.48,14.78,19.83,99.19,3.61,13.43,5.15,59.5,75.83,11.06,5.28,11.54,33.5,5.29,1.01,87.3,2.62,3.26,0.73,0.77,0.76,22.2,0.0384,-0.2749,0.2834,-0.2144,0.3014,22.43,-1.86,0.011697,12.48,-9.03,8.279,5.109,0.8660254037844387,-0.4999999999999998,2007-04-01
Liuzhou,2007,5,109.43,24.33,24.53,34.25,13.55,9.76,20.05,24.64,98.65,3.02,9.02,4.43,167.1,77.78,15.23,6.07,16.75,35.35,7.74,1.62,70.14,5.61,4.88,0.76,0.8,0.78,25.55,-1.1531,-1.222,-1.1134,-0.9782,0.2613,27.19,-9.66,0.017211,17.87,-4.91,11.028,6.181,0.49999999999999994,-0.8660254037844387,2007-05-01
Liuzhou,2007,6,109.43,24.33,26.76,32.93,19.61,7.11,24.16,26.83,98.22,3.29,8.32,4.99,174.4,86.41,19.37,16.07,15.69,37.0,7.46,1.66,83.33,5.09,5.09,0.84,0.88,0.88,25.81,0.7832,0.0866,0.7206,0.2037,0.3211,31.08,-13.29,0.025398,19.25,-3.04,12.687,7.97,1.2246467991473532e-16,-1.0,2007-06-01
Liuzhou,2007,7,109.43,24.33,27.63,33.11,22.68,7.01,25.01,27.7,98.23,3.87,8.64,5.86,177.5,86.4,20.34,3.11,17.99,37.15,8.54,2.03,82.97,7.15,5.72,0.82,0.87,0.83,26.47,-1.0859,-0.4368,-0.933,-0.4649,0.3298,29.56,-13.04,0.015217,20.42,-2.5,12.337,7.437,-0.4999999999999997,-0.8660254037844388,2007-07-01
Liuzhou,2007,8,109.43,24.33,27.69,34.05,22.36,7.39,24.22,27.6,98.19,2.47,6.3,3.74,107.2,82.3,19.41,6.11,17.98,36.94,8.37,1.83,68.92,7.2,5.22,0.78,0.83,0.81,24.01,0.5355,0.2516,0.4783,0.0832,0.3618,30.44,-12.89,0.005036,20.51,-3.11,12.001,7.395,-0.8660254037844385,-0.5000000000000004,2007-08-01
Liuzhou,2007,9,109.43,24.33,24.2,31.43,14.03,8.61,20.62,24.12,98.7,3.35,7.79,5.13,33.3,81.52,15.64,4.61,14.25,35.35,6.59,1.37,65.5,5.59,4.75,0.8,0.86,0.82,21.52,0.6131,-0.2042,0.7857,-0.0901,0.4358,25.09,-6.81,0.016465,17.04,-3.29,10.863,6.509,-1.0,-1.8369701987210297e-16,2007-09-01
Liuzhou,2007,10,109.43,24.33,21.0,31.3,10.59,10.51,16.01,20.83,99.36,3.5,7.11,5.39,36.1,74.51,11.82,0.18,14.29,32.92,6.25,1.1,40.35,5.26,3.79,0.72,0.79,0.73,17.11,-1.8733,0.1891,-1.4269,0.3294,0.3663,18.88,-0.06,0.013042,14.29,-4.94,8.515,4.943,-0.8660254037844386,0.5000000000000001,2007-10-01
Liuzhou,2007,11,109.43,24.33,14.92,26.25,1.18,13.0,8.13,14.44,99.75,3.66,9.19,5.76,28.3,66.6,7.02,0.65,13.68,27.86,5.88,0.92,62.245000000000005,3.05,2.6,0.69,0.74,0.7,15.68,-0.9532,-0.7774,-0.7078,-0.1494,0.3086,3.47,11.75,0.008059,10.54,-8.49,3.586,3.058,-0.5000000000000004,0.8660254037844384,2007-11-01
Liuzhou,2007,12,109.43,24.33,12.48,25.08,1.5,10.26,7.69,12.55,99.71,3.82,8.51,5.77,38.2,74.75,6.92,1.96,6.33,30.85,2.8,0.49,84.14,1.04,1.51,0.68,0.71,0.7,12.57,0.7288,-1.0758,0.6225,-0.9171,0.2405,9.29,9.35,0.010569,7.72,-7.44,6.116,3.228,-2.4492935982947064e-16,1.0,2007-12-01
Liuzhou,2008,1,109.43,24.33,6.86,25.94,-2.38,8.93,1.8,7.02,99.98,4.73,8.59,6.32,31.0,72.06,4.73,2.49,6.29,28.2,2.81,0.51,71.43,0.46,1.21,0.69,0.72,0.71,15.0,0.4107,-0.3058,0.4687,-0.1471,0.1276,1.71,13.31,0.01225,4.92,-8.61,5.028,3.087,0.49999999999999994,0.8660254037844387,2008-01-01
Liuzhou,2008,2,109.43,24.33,7.62,23.64,-7.72,10.73,2.21,7.89,100.09,3.83,9.67,5.64,33.8,71.53,4.85,3.32,8.52,28.73,3.77,0.77,77.59,0.6,1.63,0.74,0.77,0.77,17.24,0.8452,0.8231,1.055,1.0213,0.1088,2.44,19.37,0.009845,1.94,-8.2,3.763,3.627,0.8660254037844386,0.5000000000000001,2008-02-01
Liuzhou,2008,3,109.43,24.33,17.79,30.2,5.63,10.72,13.11,18.04,99.26,3.35,10.12,4.81,106.6,76.61,9.99,3.85,9.86,32.49,4.44,0.85,78.43,1.53,2.56,0.74,0.77,0.76,19.51,0.217,0.6611,0.1528,0.8881,0.113,22.71,-0.75,0.013374,11.0,-11.14,7.522,4.466,1.0,6.123233995736766e-17,2008-03-01
Liuzhou,2008,4,109.43,24.33,21.45,33.94,10.5,9.39,17.88,21.97,98.89,3.76,9.16,5.39,115.2,81.42,13.34,3.69,10.76,35.1,5.03,1.06,83.42,2.98,3.45,0.75,0.79,0.77,22.07,-0.8213,-0.091,-0.8309,0.1105,0.244,26.1,-7.48,0.020611,14.75,-6.82,10.609,5.655,0.8660254037844387,-0.4999999999999998,2008-04-01
Liuzhou,2008,5,109.43,24.33,23.96,31.72,14.79,8.62,20.22,24.14,98.5,3.2,9.45,4.7,108.3,81.06,15.43,10.54,12.87,35.76,6.02,1.3,81.7,4.38,4.39,0.77,0.8,0.8,24.53,0.8255,0.1362,0.9272,0.267,0.3372,28.78,-9.22,0.014258,16.69,-4.95,11.306,6.854,0.49999999999999994,-0.8660254037844387,2008-05-01
Liuzhou,2008,6,109.43,24.33,25.99,32.14,18.4,7.18,23.4,26.15,98.21,2.9,8.36,4.31,151.4,86.4,18.51,8.815,14.01,36.89,6.62,1.43,87.63,4.55,4.95,0.87,0.91,0.89,25.03,1.0895,0.8439,1.1226,0.913,0.2912,30.97,-12.4,0.016449,18.55,-3.63,12.378,7.722,1.2246467991473532e-16,-1.0,2008-06-01
Liuzhou,2008,7,109.43,24.33,27.22,34.78,22.87,6.6,24.58,27.21,98.18,3.04,7.95,4.58,177.6,86.25,19.82,7.09,16.97,36.85,8.0,1.83,81.38,5.12,5.43,0.91,0.95,0.91,25.67,0.4947,1.2848,0.5695,1.4263,0.3008,30.59,-13.0,0.027147,20.1,-3.3,12.13,7.422,-0.4999999999999997,-0.8660254037844388,2008-07-01
Liuzhou,2008,8,109.43,24.33,26.93,33.89,21.05,6.57,24.43,26.89,98.32,2.96,9.97,4.52,156.0,86.8,19.62,5.86,15.38,36.92,7.26,1.65,88.54,4.76,4.78,0.87,0.92,0.89,24.4,0.4347,1.2663,0.5136,1.5141,0.3797,29.9,-13.29,0.014147,19.91,-3.22,12.352,7.202,-0.8660254037844385,-0.5000000000000004,2008-08-01
Liuzhou,2008,9,109.43,24.33,25.9,33.38,17.68,8.08,22.61,25.84,98.66,2.81,11.88,4.29,54.1,82.92,17.58,3.21,16.09,35.96,7.4,1.5,54.46,5.46,4.78,0.85,0.91,0.86,21.45,-0.0851,0.3945,-0.1335,0.439,0.3246,27.98,-10.43,0.01167,18.85,-3.46,11.533,6.63,-1.0,-1.8369701987210297e-16,2008-09-01
Liuzhou,2008,10,109.43,24.33,22.09,29.92,13.27,9.68,18.29,22.01,99.3,3.15,8.33,4.84,41.5,80.25,13.42,1.42,14.09,33.9,6.35,1.18,53.51,4.84,3.92,0.78,0.84,0.79,17.97,0.0152,0.0873,0.0072,0.0967,0.245,22.44,-4.44,0.013019,15.36,-5.34,9.728,5.542,-0.8660254037844386,0.5000000000000001,2008-10-01
Liuzhou,2008,11,109.43,24.33,14.85,27.41,2.25,10.01,10.72,14.61,99.79,3.53,7.76,5.49,33.6,78.06,8.56,4.83,11.4,29.39,5.04,0.85,48.07,1.82,2.55,0.82,0.86,0.84,15.7,1.0186,0.5206,1.1218,0.6306,0.1622,11.6,7.49,0.009998,9.9,-8.21,5.725,3.679,-0.5000000000000004,0.8660254037844384,2008-11-01
Liuzhou,2008,12,109.43,24.33,10.99,23.05,0.03,11.43,5.8,10.42,99.92,3.49,10.26,5.02,32.3,72.32,5.99,0.34,10.25,27.47,4.39,0.69,44.06,1.18,1.84,0.78,0.83,0.79,13.82,-1.1108,0.415,-0.8635,0.65,0.195,3.97,11.8,0.006035,7.16,-9.77,4.308,2.611,-2.4492935982947064e-16,1.0,2008-12-01
Liuzhou,2009,1,109.43,24.33,8.41,21.98,-1.38,11.3,2.82,8.44,100.11,3.73,10.92,5.54,36.1,70.5,4.96,0.46,9.29,27.48,4.01,0.66,59.87,0.63,1.58,0.76,0.81,0.77,14.68,-1.4418,-0.1598,-1.1369,0.0379,0.1691,4.14,14.54,0.006364,4.42,-10.51,3.882,2.989,0.49999999999999994,0.8660254037844387,2009-01-01
Liuzhou,2009,2,109.43,24.33,17.3,31.08,5.79,10.37,13.79,17.66,99.15,4.01,10.72,5.56,119.7,81.26,10.31,0.45,10.23,32.89,4.59,0.91,64.72,1.27,2.08,0.73,0.78,0.74,17.36,-1.6819,-2.9788,-2.383,-2.175,0.1122,17.31,-0.82,0.022778,12.75,-6.42,8.825,3.616,0.8660254037844386,0.5000000000000001,2009-02-01
Liuzhou,2009,3,109.43,24.33,16.03,30.46,2.38,9.99,12.23,16.5,99.26,4.37,11.91,5.98,74.2,79.57,9.7,3.58,9.99,32.55,4.53,0.89,84.8,1.23,2.36,0.75,0.79,0.77,19.56,0.0575,-1.742,0.2223,-2.1329,0.2137,17.48,0.62,0.017642,11.17,-8.66,7.919,4.287,1.0,6.123233995736766e-17,2009-03-01
Liuzhou,2009,4,109.43,24.33,20.95,30.18,10.38,9.71,16.92,21.34,98.91,3.86,9.45,5.5,111.0,79.41,12.57,5.12,11.79,34.44,5.46,1.1,81.04,2.83,3.56,0.76,0.8,0.79,22.78,-0.0394,-0.6247,0.0113,-0.671,0.2847,25.99,-3.56,0.018453,13.38,-7.51,9.259,6.171,0.8660254037844387,-0.4999999999999998,2009-04-01
Liuzhou,2009,5,109.43,24.33,23.82,31.8,15.95,8.55,20.37,24.13,98.75,3.36,8.57,4.91,120.3,82.17,15.35,7.38,12.87,36.16,6.09,1.34,84.6,4.54,4.32,0.77,0.8,0.79,25.01,-0.4929,-0.552,-0.3323,-0.1974,0.2948,29.14,-8.17,0.018063,15.87,-4.72,11.302,7.551,0.49999999999999994,-0.8660254037844387,2009-05-01
Liuzhou,2009,6,109.43,24.33,26.64,32.96,17.36,7.3,23.69,26.66,98.1,2.97,7.82,4.42,167.8,84.88,18.94,7.81,15.35,36.75,7.25,1.58,79.58,5.46,4.83,0.81,0.86,0.84,25.79,-1.3999,-1.2855,-1.2419,-1.1169,0.2706,31.63,-13.92,0.023583,19.58,-3.09,12.788,8.007,1.2246467991473532e-16,-1.0,2009-06-01
Liuzhou,2009,7,109.43,24.33,27.67,33.77,22.11,6.66,25.12,27.72,98.12,3.4,14.09,5.11,169.0,86.68,20.49,11.14,16.01,37.37,7.64,1.77,79.31,6.37,5.56,0.85,0.89,0.87,26.1,1.5657,-0.1783,1.4241,-0.1829,0.2413,30.39,-14.12,0.027118,20.05,-1.68,13.239,7.902,-0.4999999999999997,-0.8660254037844388,2009-07-01
Liuzhou,2009,8,109.43,24.33,27.81,34.59,19.38,7.7,24.47,27.76,98.32,2.95,7.83,4.53,74.9,82.88,19.69,1.19,19.45,37.02,9.06,1.99,59.39,7.13,5.28,0.8,0.86,0.81,24.22,-2.5794,-0.8458,-2.3036,-0.8509,0.2485,29.68,-13.88,0.007163,20.69,-3.02,12.357,6.953,-0.8660254037844385,-0.5000000000000004,2009-08-01
Liuzhou,2009,9,109.43,24.33,26.73,33.99,17.51,8.51,22.79,26.73,98.64,3.18,10.28,4.85,50.8,79.98,17.83,3.16,17.2,36.26,7.9,1.61,47.64,7.42,5.11,0.74,0.8,0.76,21.58,-0.1136,0.2323,-0.3346,0.0799,0.2911,28.83,-11.9,0.013709,19.18,-3.14,12.121,6.895,-1.0,-1.8369701987210297e-16,2009-09-01
Liuzhou,2009,10,109.43,24.33,22.16,30.97,14.91,9.95,17.34,22.07,99.16,3.16,6.61,4.88,33.8,75.68,12.59,0.65,12.33,34.03,5.54,1.04,59.07,5.3,3.73,0.69,0.75,0.7,17.28,-0.8233,-1.8726,-0.9758,-1.9659,0.1857,23.25,-0.8,0.014204,15.33,-4.36,8.649,6.678,-0.8660254037844386,0.5000000000000001,2009-10-01
Liuzhou,2009,11,109.43,24.33,14.05,30.01,1.0,11.26,7.91,13.97,99.74,4.05,10.57,5.79,35.0,68.69,7.42,1.22,10.72,29.77,4.76,0.85,57.58,2.19,2.2,0.67,0.71,0.68,15.75,-0.4563,-0.9355,-0.2911,-0.8183,0.1874,8.45,10.28,0.009142,9.32,-6.08,5.67,3.863,-0.5000000000000004,0.8660254037844384,2009-11-01
Liuzhou,2009,12,109.43,24.33,10.89,23.15,-0.51,9.51,6.53,11.06,99.79,3.6,11.07,5.26,36.6,76.32,6.4,0.94,6.56,30.15,2.91,0.46,82.38,0.72,1.2,0.66,0.69,0.67,12.89,-0.1632,-1.0749,0.0055,-0.9179,0.1757,12.39,8.19,0.011293,6.43,-10.31,5.896,3.521,-2.4492935982947064e-16,1.0,2009-12-01
Liuzhou,2010,1,109.43,24.33,10.85,25.73,-0.35,9.89,7.49,11.06,99.84,3.8,9.15,5.45,41.7,81.08,6.97,5.43,6.35,30.17,2.9,0.54,81.12,0.61,1.35,0.71,0.72,0.74,15.02,1.673,0.5093,1.8255,0.6811,0.0348,10.54,7.23,0.013436,7.84,-8.55,6.495,3.265,0.49999999999999994,0.8660254037844387,2010-01-01
Liuzhou,2010,2,109.43,24.33,13.55,30.54,1.42,10.55,9.17,14.14,99.32,4.76,11.98,6.32,57.3,76.56,8.13,0.3,9.5,31.25,4.27,0.8,78.18,1.07,1.86,0.7,0.75,0.72,17.73,-2.0396,0.4787,-1.5437,0.3079,0.1182,13.96,1.77,0.017993,10.07,-10.25,7.205,2.999,0.8660254037844386,0.5000000000000001,2010-02-01
Liuzhou,2010,3,109.43,24.33,16.64,30.17,1.67,10.59,11.36,17.1,99.35,4.72,10.73,6.4,95.8,73.24,9.27,0.61,10.13,32.68,4.48,0.81,81.88,1.26,2.01,0.67,0.72,0.68,18.54,-2.9227,-0.6971,-2.7393,-0.5726,0.142,18.57,-0.57,0.018145,11.69,-9.13,8.011,4.146,1.0,6.123233995736766e-17,2010-03-01
Liuzhou,2010,4,109.43,24.33,19.33,31.82,7.36,9.68,15.4,19.89,99.12,4.14,9.85,5.7,78.0,79.43,11.56,6.81,10.35,34.02,4.9,1.03,86.61,2.27,3.04,0.72,0.73,0.76,22.99,0.7136,-1.1805,0.9604,-0.8935,0.1542,25.57,-4.69,0.022246,13.24,-7.52,9.778,6.162,0.8660254037844387,-0.4999999999999998,2010-04-01
Liuzhou,2010,5,109.43,24.33,24.63,32.07,16.09,8.96,21.28,24.94,98.45,3.75,10.19,5.35,150.0,82.67,16.38,6.77,12.38,36.36,5.85,1.23,86.81,4.46,4.19,0.73,0.77,0.77,24.56,-0.7894,-1.2638,-0.7706,-0.9302,0.2023,30.39,-12.68,0.029225,17.54,-4.03,12.734,7.641,0.49999999999999994,-0.8660254037844387,2010-05-01
Liuzhou,2010,6,109.43,24.33,25.04,30.59,18.13,6.46,22.96,25.09,98.37,3.65,9.32,5.33,135.2,88.71,18.12,14.38,9.72,37.07,4.79,1.09,95.53,3.09,3.77,0.85,0.87,0.88,24.93,0.4123,0.1852,0.5032,0.4159,0.1006,33.66,-14.3,0.027443,18.11,-3.02,13.56,9.378,1.2246467991473532e-16,-1.0,2010-06-01
Liuzhou,2010,7,109.43,24.33,27.53,32.71,23.48,6.24,25.24,27.47,98.35,3.76,8.07,5.74,168.2,87.89,20.58,4.19,17.31,37.11,8.22,1.87,88.41,5.27,4.94,0.85,0.9,0.86,26.16,-0.5611,-0.4086,-0.4055,-0.3194,0.227,32.27,-16.07,0.038911,20.75,-2.7,13.326,8.069,-0.4999999999999997,-0.8660254037844388,2010-07-01
Liuzhou,2010,8,109.43,24.33,27.07,32.84,20.29,7.01,24.02,27.1,98.57,2.64,6.57,4.08,154.4,84.2,19.12,2.16,19.75,36.6,9.26,2.04,65.73,6.31,4.93,0.82,0.88,0.83,24.87,-1.6124,-0.7548,-1.3913,-0.5972,0.2832,30.6,-13.0,0.014771,20.09,-2.85,12.313,7.705,-0.8660254037844385,-0.5000000000000004,2010-08-01
Liuzhou,2010,9,109.43,24.33,25.75,33.32,16.75,7.67,22.87,25.75,98.67,2.63,7.91,4.01,76.8,85.0,17.87,6.18,14.16,36.4,6.62,1.36,70.69,5.17,4.27,0.8,0.84,0.82,21.3,1.2459,-0.5764,1.1813,-0.4706,0.2053,32.29,-13.37,0.008135,18.84,-3.25,12.799,8.345,-1.0,-1.8369701987210297e-16,2010-09-01
Liuzhou,2010,10,109.43,24.33,19.87,30.77,7.16,10.02,15.54,19.86,99.31,3.97,8.94,6.05,30.9,77.48,11.6,0.59,13.91,32.62,6.32,1.21,58.81,4.46,3.84,0.77,0.83,0.78,18.56,-0.9147,-0.4076,-0.1915,-0.1918,0.198,20.68,1.25,0.017658,13.49,-5.35,8.119,6.374,-0.8660254037844386,0.5000000000000001,2010-10-01
Liuzhou,2010,11,109.43,24.33,15.49,25.51,6.95,11.59,10.55,15.16,99.63,3.32,6.94,5.21,29.8,74.39,8.07,0.56,11.36,29.36,4.9,0.79,49.62,2.8,2.49,0.72,0.78,0.73,14.83,-1.0596,-0.1085,-0.8328,0.285,0.1826,10.51,8.86,0.008268,10.16,-8.49,4.931,3.828,-0.5000000000000004,0.8660254037844384,2010-11-01
Liuzhou,2010,12,109.43,24.33,11.39,23.56,-4.29,11.3,6.37,11.08,99.53,3.71,10.7,5.4,34.7,73.57,6.38,3.21,8.9,28.62,3.91,0.63,59.62,1.25,1.84,0.74,0.78,0.76,13.81,1.4691,-0.33,1.3002,0.2367,0.1379,9.03,11.32,0.010164,7.84,-8.11,4.95,3.774,-2.4492935982947064e-16,1.0,2010-12-01
Liuzhou,2011,1,109.43,24.33,4.76,25.369999999999997,-2.69,9.31,-0.56,5.24,100.21,4.89,10.2,6.69,28.1,70.43,3.7,0.68,5.28,28.17,2.39,0.45,92.23,0.28,1.39,0.74,0.78,0.75,14.72,-1.0878,-0.5626,-0.7467,-0.3604,0.0873,1.85,18.39,0.01032,0.78,-10.19,3.778,3.473,0.49999999999999994,0.8660254037844387,2011-01-01
Liuzhou,2011,2,109.43,24.33,12.85,27.18,0.29,10.72,8.63,13.25,99.45,3.94,8.96,5.61,76.5,77.16,7.52,1.39,8.31,31.11,3.76,0.72,82.27,0.96,1.83,0.72,0.77,0.74,17.45,-0.471,-0.1594,-0.414,-0.1258,0.1372,11.34,4.84,0.013119,7.68,-10.41,6.783,2.913,0.8660254037844386,0.5000000000000001,2011-02-01
Liuzhou,2011,3,109.43,24.33,13.21,24.93,4.1,9.93,8.49,13.84,99.75,4.17,12.54,5.72,42.0,75.07,7.22,3.33,7.41,31.47,3.48,0.73,94.33,1.01,2.15,0.74,0.78,0.76,20.38,-0.0976,-1.2517,0.3744,-0.509,0.1004,13.77,8.18,0.013306,6.78,-9.59,6.067,4.412,1.0,6.123233995736766e-17,2011-03-01
Liuzhou,2011,4,109.43,24.33,20.82,29.36,8.06,9.88,16.55,21.11,99.08,3.68,9.22,5.31,146.8,78.14,12.16,2.19,11.97,34.2,5.49,1.08,85.03,2.73,3.07,0.72,0.77,0.74,22.22,-1.9153,-1.5007,-1.6707,-1.0979,0.1969,23.98,-4.38,0.015325,13.99,-7.4,9.401,5.155,0.8660254037844387,-0.4999999999999998,2011-04-01
Liuzhou,2011,5,109.43,24.33,23.01,33.24,12.49,9.84,19.01,23.19,98.65,3.91,9.86,5.58,111.6,79.62,14.27,7.64,16.26,34.49,7.47,1.57,65.87,4.86,4.67,0.77,0.8,0.8,25.54,-0.3715,-1.6085,-0.0848,-0.9557,0.197,23.48,-6.1,0.012925,16.15,-4.82,10.303,5.877,0.49999999999999994,-0.8660254037844387,2011-05-01
Liuzhou,2011,6,109.43,24.33,27.02,33.14,19.76,6.71,24.36,27.05,98.13,3.47,8.77,5.19,163.2,86.08,19.6,12.54,14.45,37.25,6.89,1.55,88.77,5.17,4.65,0.8,0.83,0.83,25.54,-0.026,-0.8545,-0.1181,-0.6711,0.1448,34.49,-16.19,0.030019,19.51,-2.66,13.888,9.378,1.2246467991473532e-16,-1.0,2011-06-01
Liuzhou,2011,7,109.43,24.33,27.7,33.62,22.96,7.93,24.34,27.77,98.15,3.1,8.37,4.7,167.4,82.85,19.54,2.21,18.74,37.1,8.65,1.88,68.69,8.25,6.01,0.8,0.86,0.81,24.43,-1.6335,-0.9952,-1.5536,-0.8567,0.267,29.78,-13.4,0.013653,20.46,-2.64,12.41,7.446,-0.4999999999999997,-0.8660254037844388,2011-07-01
Liuzhou,2011,8,109.43,24.33,26.82,32.91,20.18,7.87,23.43,26.82,98.39,2.69,6.59,4.15,166.7,82.72,18.5,3.21,19.5,36.31,9.06,1.99,56.81,7.22,4.94,0.75,0.8,0.77,24.46,-0.8746,-1.4353,-0.7188,-1.2067,0.2744,29.08,-12.44,0.009581,20.06,-3.69,11.765,6.68,-0.8660254037844385,-0.5000000000000004,2011-08-01
Liuzhou,2011,9,109.43,24.33,24.98,32.96,14.95,8.63,21.02,25.12,98.67,3.47,12.19,5.14,45.9,79.58,16.19,3.04,15.57,35.9,7.19,1.44,65.1,6.49,4.58,0.71,0.77,0.73,21.21,-0.1831,-1.8631,-0.0508,-1.4197,0.2854,30.1,-10.03,0.017795,17.87,-3.38,11.795,8.15,-1.0,-1.8369701987210297e-16,2011-09-01
Liuzhou,2011,10,109.43,24.33,20.56,31.19,12.21,9.19,16.64,20.63,99.33,3.56,9.24,5.31,38.2,79.56,12.17,3.31,12.09,33.34,5.56,1.06,64.82,4.3,3.45,0.71,0.75,0.73,18.21,1.196,-0.1819,1.1813,0.059,0.2016,25.3,-2.7,0.015667,13.63,-6.21,9.339,6.867,-0.8660254037844386,0.5000000000000001,2011-10-01
Liuzhou,2011,11,109.43,24.33,19.0,28.43,7.69,11.38,14.37,18.88,99.46,2.99,9.3,4.6,47.3,76.23,10.55,0.58,12.52,31.36,5.54,0.91,41.86,3.19,2.52,0.66,0.71,0.67,15.32,-1.0349,-0.2084,-1.3716,0.0452,0.2005,19.85,-0.72,0.009566,12.69,-9.17,7.666,3.915,-0.5000000000000004,0.8660254037844384,2011-11-01
Liuzhou,2011,12,109.43,24.33,9.59,22.22,0.71,11.64,2.47,9.71,100.13,4.25,8.99,6.37,30.4,63.88,4.71,0.34,9.02,27.57,3.87,0.59,60.53,0.94,1.44,0.64,0.68,0.65,13.21,-1.1108,-0.384,-0.5763,-0.0568,0.1742,2.06,17.44,0.010435,4.89,-6.66,4.106,3.472,-2.4492935982947064e-16,1.0,2011-12-01
Liuzhou,2012,1,109.43,24.33,7.5,23.705,-2.06,8.81,3.53,8.03,99.91,4.13,8.76,5.66,31.7,77.31,5.03,3.38,4.65,29.53,2.17,0.46,94.37,0.34,1.13,0.69,0.7,0.71,14.6,0.8638,-0.626,0.9577,-0.75,0.0159,5.95,13.14,0.014489,4.1,-8.29,5.561,3.285,0.49999999999999994,0.8660254037844387,2012-01-01
Liuzhou,2012,2,109.43,24.33,10.85,25.19,0.17,9.82,6.5,11.54,99.54,4.43,9.2,5.92,41.0,75.9,6.49,1.71,5.44,31.38,2.58,0.54,97.26,0.55,1.41,0.68,0.71,0.7,17.3,-0.1559,-0.0791,0.0101,0.0585,0.0292,10.42,8.03,0.016644,6.48,-8.66,6.649,3.56,0.8660254037844386,0.5000000000000001,2012-02-01
Liuzhou,2012,3,109.43,24.33,16.51,29.16,5.98,9.85,12.3,17.1,99.28,4.29,12.12,5.9,69.1,78.15,9.59,3.51,8.64,33.4,3.94,0.78,91.27,1.33,2.26,0.71,0.74,0.74,19.1,0.0148,0.2838,0.1163,0.5712,0.1072,19.3,0.9,0.019793,10.98,-8.39,7.991,4.571,1.0,6.123233995736766e-17,2012-03-01
Liuzhou,2012,4,109.43,24.33,22.35,35.16,11.2,10.18,18.17,22.76,98.72,4.32,11.9,6.15,137.4,78.9,13.57,4.67,13.0,35.14,6.04,1.24,83.66,3.3,3.67,0.71,0.74,0.74,22.97,-0.2674,-0.3859,-0.4439,-0.2714,0.167,28.82,-10.32,0.024288,15.79,-7.68,11.003,5.74,0.8660254037844387,-0.4999999999999998,2012-04-01
Liuzhou,2012,5,109.43,24.33,25.77,34.75,17.63,8.07,22.46,26.06,98.42,3.36,7.53,4.97,113.4,83.08,17.48,8.52,13.64,36.76,6.45,1.37,79.3,4.52,4.22,0.73,0.76,0.77,24.64,0.0197,-0.3326,-0.164,-0.4315,0.2038,32.93,-13.73,0.023104,17.95,-4.08,12.969,8.577,0.49999999999999994,-0.8660254037844387,2012-05-01
Liuzhou,2012,6,109.43,24.33,26.57,32.47,19.09,6.8,23.95,26.62,97.95,3.22,7.86,4.84,120.1,86.2,19.22,6.494999999999999,12.85,37.36,6.1,1.3,87.16,4.34,4.85,0.84,0.86,0.88,23.95,0.9478,0.55,0.9144,0.4356,0.1945,34.05,-14.74,0.016428,19.24,-2.47,13.497,9.577,1.2246467991473532e-16,-1.0,2012-06-01
Liuzhou,2012,7,109.43,24.33,27.35,33.87,22.66,6.45,24.85,27.35,98.11,3.63,12.39,5.44,168.1,86.87,20.15,4.47,16.98,37.06,8.09,1.86,81.64,5.87,5.37,0.85,0.91,0.86,26.32,-0.4407,0.4072,-0.2621,0.2773,0.1724,33.0,-15.48,0.027827,20.12,-2.82,13.298,8.615,-0.4999999999999997,-0.8660254037844388,2012-07-01
Liuzhou,2012,8,109.43,24.33,27.42,33.68,20.58,7.28,24.18,27.36,98.19,2.55,8.1,3.93,58.9,83.27,19.38,3.68,17.56,36.87,8.13,1.73,68.83,6.18,4.91,0.82,0.89,0.84,23.51,-0.5991,0.1874,-0.5998,0.0895,0.2601,31.09,-13.86,0.013388,20.27,-2.71,12.638,7.644,-0.8660254037844385,-0.5000000000000004,2012-08-01
Liuzhou,2012,9,109.43,24.33,23.97,31.81,13.22,8.42,20.43,23.98,98.93,3.07,8.65,4.75,51.4,81.66,15.61,3.52,14.94,35.2,6.92,1.43,72.28,5.46,4.59,0.8,0.85,0.81,21.53,0.0848,-0.8023,0.3527,-0.5207,0.3088,27.05,-5.9,0.012334,16.79,-4.07,10.274,7.492,-1.0,-1.8369701987210297e-16,2012-09-01
Liuzhou,2012,10,109.43,24.33,21.69,28.85,10.84,9.79,17.63,21.68,99.28,3.07,8.63,4.78,57.6,79.11,12.95,1.5,13.07,33.62,5.81,1.07,52.58,4.96,3.72,0.74,0.8,0.76,17.31,0.0818,-0.4536,0.1523,-0.2317,0.2403,25.0,-2.66,0.012206,14.62,-5.05,9.408,6.814,-0.8660254037844386,0.5000000000000001,2012-10-01
Liuzhou,2012,11,109.43,24.33,16.07,28.1,4.95,9.55,12.5,16.1,99.39,3.56,9.65,5.24,49.2,80.8,9.49,3.71,7.26,32.17,3.34,0.63,79.41,2.01,2.37,0.76,0.8,0.79,15.37,0.681,0.3203,0.6599,0.6058,0.204,21.49,-0.0,0.018818,11.51,-8.27,8.206,5.26,-0.5000000000000004,0.8660254037844384,2012-11-01
Liuzhou,2012,12,109.43,24.33,10.59,26.07,-2.59,9.69,6.58,10.75,99.76,4.43,10.22,6.26,36.4,77.91,6.55,2.01,6.63,29.87,3.0,0.54,80.32,0.95,1.74,0.76,0.8,0.78,13.75,0.7634,0.6175,0.7784,0.773,0.1714,11.03,8.75,0.011931,6.94,-8.74,6.124,3.53,-2.4492935982947064e-16,1.0,2012-12-01
Liuzhou,2013,1,109.43,24.33,9.42,22.7,-0.86,8.75,5.62,9.54,99.93,3.97,8.84,5.73,40.5,78.53,6.03,1.07,5.73,29.95,2.61,0.51,90.82,0.48,1.39,0.76,0.81,0.78,14.15,-0.6287,0.2428,-0.6721,0.3659,0.0928,7.19,11.63,0.010236,5.32,-8.88,5.474,3.131,0.49999999999999994,0.8660254037844387,2013-01-01
Liuzhou,2013,2,109.43,24.33,14.66,27.51,2.08,9.66,11.44,15.2,99.55,4.56,11.67,6.25,99.3,82.02,9.1,1.78,6.83,32.33,3.25,0.74,91.62,0.89,1.94,0.75,0.8,0.77,18.2,-0.1491,-0.3793,-0.3355,-0.5216,0.1491,14.27,2.28,0.021344,10.11,-7.46,8.146,3.872,0.8660254037844386,0.5000000000000001,2013-02-01
Liuzhou,2013,3,109.43,24.33,18.94,30.08,4.45,10.89,14.58,19.27,99.19,4.22,11.83,5.93,116.9,77.55,10.94,5.05,11.53,33.04,5.15,0.97,74.45,1.57,2.74,0.74,0.79,0.77,19.13,0.848,-0.0376,0.6873,-0.1622,0.2171,23.32,-3.44,0.014824,12.4,-10.03,8.552,4.576,1.0,6.123233995736766e-17,2013-03-01
Liuzhou,2013,4,109.43,24.33,20.57,31.68,9.4,9.49,17.06,20.97,98.88,4.0,10.34,5.66,119.1,81.54,12.83,5.67,10.77,34.86,5.03,1.04,88.26,2.32,3.42,0.79,0.83,0.81,21.98,0.2217,0.4006,0.3228,0.3601,0.1294,26.58,-6.7,0.018992,13.85,-7.99,10.168,5.793,0.8660254037844387,-0.4999999999999998,2013-04-01
Liuzhou,2013,5,109.43,24.33,24.65,33.17,15.85,7.88,21.72,24.83,98.49,3.3,8.41,4.83,154.6,84.71,16.81,8.8,14.2,36.33,6.73,1.44,81.17,3.63,4.45,0.84,0.88,0.86,25.28,0.1385,0.5702,0.1505,0.5862,0.2222,30.14,-11.8,0.023627,17.58,-4.88,12.02,7.063,0.49999999999999994,-0.8660254037844387,2013-05-01
Liuzhou,2013,6,109.43,24.33,26.53,33.81,16.0,7.42,23.73,26.58,98.21,3.56,8.61,5.28,159.8,85.45,19.0,7.22,16.7,36.65,7.91,1.77,76.44,5.32,5.42,0.85,0.9,0.87,26.69,-1.6088,-0.9852,-1.3816,-0.8618,0.2597,31.63,-14.41,0.019901,19.03,-2.91,13.276,8.308,1.2246467991473532e-16,-1.0,2013-06-01
Liuzhou,2013,7,109.43,24.33,27.36,33.49,23.08,6.98,24.57,27.49,98.28,3.69,8.0,5.52,169.0,85.52,19.77,3.3,19.21,36.94,9.13,2.08,73.61,7.44,5.89,0.81,0.87,0.83,26.73,-0.9852,-1.6385,-0.7705,-1.3744,0.2189,31.94,-14.33,0.035731,19.81,-2.96,12.91,8.204,-0.4999999999999997,-0.8660254037844388,2013-07-01
Liuzhou,2013,8,109.43,24.33,27.45,33.88,23.14,6.94,24.54,27.39,98.17,3.18,10.15,4.87,155.8,85.0,19.77,10.61,17.4,36.8,8.2,1.79,68.28,6.05,4.97,0.81,0.86,0.83,24.99,2.0173,-0.6053,2.1405,-0.6082,0.2017,33.19,-15.71,0.013233,20.37,-3.33,13.089,8.271,-0.8660254037844385,-0.5000000000000004,2013-08-01
Liuzhou,2013,9,109.43,24.33,24.84,32.31,14.22,8.02,21.65,24.79,98.74,3.01,8.14,4.42,33.2,83.24,16.71,4.81,15.39,35.53,7.15,1.46,59.88,4.83,4.59,0.84,0.9,0.86,21.82,0.7008,0.966,0.775,0.9984,0.3377,28.66,-9.53,0.013981,17.77,-4.03,11.373,7.219,-1.0,-1.8369701987210297e-16,2013-09-01
Liuzhou,2013,10,109.43,24.33,20.19,30.85,10.39,10.07,15.82,19.95,99.39,3.41,8.5,5.34,28.0,77.35,11.53,0.51,13.83,32.61,6.21,1.11,54.03,4.23,3.8,0.79,0.85,0.81,17.89,-1.0479,1.4041,-0.357,1.4494,0.1878,20.48,1.56,0.013962,13.9,-6.08,7.528,5.716,-0.8660254037844386,0.5000000000000001,2013-10-01
Liuzhou,2013,11,109.43,24.33,16.24,28.74,3.65,9.98,12.12,16.05,99.66,3.59,9.75,5.5,39.1,78.09,9.23,4.92,10.75,31.19,4.83,0.84,63.45,2.4,2.64,0.79,0.83,0.8,15.67,1.0435,0.7168,1.0709,0.8879,0.257,18.04,4.67,0.01077,10.73,-7.75,6.776,4.877,-0.5000000000000004,0.8660254037844384,2013-11-01
Liuzhou,2013,12,109.43,24.33,8.89,21.13,-1.52,10.98,3.75,8.47,99.96,3.75,9.7,5.81,29.6,72.51,5.19,2.91,10.25,26.08,4.25,0.59,43.22,0.91,1.82,0.8,0.85,0.82,12.96,1.3109,0.9211,1.2794,1.0485,0.1756,0.26,16.97,0.00837,3.99,-9.19,3.578,2.778,-2.4492935982947064e-16,1.0,2013-12-01
Liuzhou,2014,1,109.43,24.33,10.99,24.04,-1.99,11.86,6.24,10.63,99.92,3.58,8.13,5.37,52.6,74.81,6.28,0.28,10.38,27.66,4.38,0.68,49.69,0.83,1.75,0.79,0.84,0.8,14.24,-1.8462,0.6238,-1.5748,0.7428,0.1879,2.61,11.88,0.006713,6.21,-9.74,4.654,2.28,0.49999999999999994,0.8660254037844387,2014-01-01
Liuzhou,2014,2,109.43,24.33,10.78,25.33,-1.97,9.29,6.99,11.26,99.58,4.24,9.92,5.86,52.6,78.73,6.93,1.85,6.87,30.37,3.15,0.64,86.34,0.54,1.66,0.77,0.82,0.79,17.8,-0.0967,-0.2944,0.0771,-0.2351,0.1546,10.45,9.91,0.013958,6.04,-8.32,6.165,3.679,0.8660254037844386,0.5000000000000001,2014-02-01
Liuzhou,2014,3,109.43,24.33,16.47,28.52,7.44,9.06,13.18,17.05,99.39,4.08,11.04,5.69,84.3,82.04,10.0,4.04,7.22,33.26,3.41,0.71,96.23,1.07,2.43,0.78,0.82,0.8,19.34,0.3248,-0.8597,0.4405,-0.5548,0.0991,23.69,-2.13,0.019995,10.64,-10.37,8.566,5.143,1.0,6.123233995736766e-17,2014-03-01
Liuzhou,2014,4,109.43,24.33,22.06,29.72,14.59,8.0,19.32,22.35,98.96,4.1,8.89,5.88,137.4,85.18,14.47,7.33,9.44,35.77,4.42,0.9,93.8,1.9,3.47,0.83,0.87,0.85,21.15,0.9201,0.5886,0.8431,0.7023,0.2355,28.66,-9.12,0.022929,14.66,-6.9,11.284,6.333,0.8660254037844387,-0.4999999999999998,2014-04-01
Liuzhou,2014,5,109.43,24.33,24.55,32.87,14.15,7.76,21.95,24.72,98.54,3.48,9.27,5.09,140.3,86.14,17.16,8.68,12.78,36.57,6.08,1.29,87.17,3.13,4.39,0.85,0.9,0.88,24.89,0.0879,0.7156,0.1164,0.7585,0.0724,33.64,-14.62,0.027427,17.55,-4.55,13.3,8.385,0.49999999999999994,-0.8660254037844387,2014-05-01
Liuzhou,2014,6,109.43,24.33,27.17,33.69,21.96,5.94,24.82,27.11,98.08,2.84,7.23,4.29,129.4,87.6,20.17,13.65,14.62,37.53,6.94,1.52,83.41,3.38,4.64,0.93,0.95,0.93,24.7,0.2432,0.486,0.1268,0.4288,0.1443,35.12,-16.8,0.015698,19.74,-2.32,14.174,10.054,1.2246467991473532e-16,-1.0,2014-06-01
Liuzhou,2014,7,109.43,24.33,27.71,34.06,24.08,5.91,25.42,27.63,98.24,2.5,9.14,3.9,171.1,87.79,20.83,5.71,19.46,37.18,9.2,2.12,76.17,3.76,4.48,0.94,0.96,0.93,26.21,0.0381,0.1034,0.1088,-0.0097,0.2358,33.37,-16.15,0.017623,20.74,-2.73,13.352,8.559,-0.4999999999999997,-0.8660254037844388,2014-07-01
Liuzhou,2014,8,109.43,24.33,27.1,33.38,21.39,6.29,24.67,27.1,98.38,2.5,6.38,3.85,161.9,87.12,19.93,6.65,16.3,36.96,7.71,1.74,81.53,4.33,4.57,0.9,0.94,0.91,24.35,0.7446,0.4167,0.8022,0.2602,0.1256,33.67,-15.13,0.012687,19.73,-2.61,13.398,9.007,-0.8660254037844385,-0.5000000000000004,2014-08-01
Liuzhou,2014,9,109.43,24.33,26.25,33.21,17.13,7.75,23.22,26.25,98.64,2.97,10.82,4.59,94.7,84.22,18.3,2.03,17.39,36.06,8.1,1.71,56.61,5.43,4.88,0.85,0.91,0.86,22.46,-0.8597,-0.0356,-0.8898,-0.0586,0.2556,31.31,-12.56,0.011698,18.79,-3.2,12.5154,8.1399,-1.0,-1.8369701987210297e-16,2014-09-01
Liuzhou,2014,10,109.43,24.33,22.3,30.18,13.34,9.5,18.3,22.06,99.31,2.84,6.65,4.51,60.2,79.28,13.51,1.32,14.99,33.11,6.66,1.2,45.35,4.72,3.87,0.79,0.85,0.8,17.91,-0.0719,-0.0422,-0.1332,-0.0985,0.2908,19.73,-2.05,0.007904,15.13,-5.62,8.7216,4.8069,-0.8660254037844386,0.5000000000000001,2014-10-01
Liuzhou,2014,11,109.43,24.33,16.72,27.02,8.26,8.65,13.48,16.74,99.57,3.71,10.21,5.6,44.0,82.32,10.0,3.64,7.76,32.48,3.57,0.65,79.66,2.06,2.55,0.79,0.84,0.81,15.04,0.6578,-0.2105,0.5863,-0.1068,0.1809,21.47,2.03,0.013525,10.45,-7.28,8.1926,5.4556,-0.5000000000000004,0.8660254037844384,2014-11-01
Liuzhou,2014,12,109.43,24.33,9.6,21.02,0.55,10.78,3.81,9.29,100.15,3.88,9.56,5.82,30.9,69.77,5.14,1.57,9.48,27.3,4.11,0.62,58.05,1.03,1.97,0.78,0.83,0.79,13.95,0.4361,0.4082,0.5799,0.591,0.2238,0.67,17.06,0.008815,5.32,-7.14,3.9002,3.247,-2.4492935982947064e-16,1.0,2014-12-01
Liuzhou,2015,1,109.43,24.33,11.3,22.87,2.12,9.81,7.42,11.23,99.92,3.76,8.46,5.54,48.2,78.67,6.71,2.15,8.32,28.94,3.68,0.6,65.79,0.7,1.61,0.78,0.83,0.8,14.58,0.2093,0.4185,-0.0057,0.4784,0.1553,8.18,10.57,0.009642,6.31,-9.66,5.2062,3.3394,0.49999999999999994,0.8660254037844387,2015-01-01
Liuzhou,2015,2,109.43,24.33,14.28,28.67,0.98,9.87,10.53,14.65,99.59,3.9,10.42,5.52,73.1,79.6,8.6,1.82,7.46,32.0,3.39,0.65,88.38,0.88,2.06,0.78,0.82,0.79,16.28,-0.119,-0.059,-0.262,-0.2499,0.0457,19.07,2.37,0.014335,8.28,-11.73,7.0349,3.6754,0.8660254037844386,0.5000000000000001,2015-02-01
Liuzhou,2015,3,109.43,24.33,17.44,31.14,5.55,8.86,14.22,18.09,99.39,4.16,9.69,5.76,90.6,82.46,10.75,1.89,6.91,33.78,3.29,0.67,94.25,1.33,2.46,0.77,0.82,0.78,19.43,-1.1952,-1.0214,-1.2892,-1.1292,0.111,22.4,-3.4,0.023412,11.84,-7.98,9.6138,4.8516,1.0,6.123233995736766e-17,2015-03-01
Liuzhou,2015,4,109.43,24.33,21.47,35.66,9.29,10.86,16.69,21.89,99.04,4.42,10.09,6.31,137.1,75.98,12.53,1.95,15.31,33.56,6.95,1.35,69.83,3.51,3.77,0.73,0.78,0.74,22.87,-2.1371,-2.0998,-1.9983,-2.7796,0.3126,24.61,-4.86,0.017669,14.74,-7.74,9.1588,5.3393,0.8660254037844387,-0.4999999999999998,2015-04-01
Liuzhou,2015,5,109.43,24.33,25.48,33.0,14.14,7.9,22.83,25.66,98.41,3.67,11.34,5.44,143.5,86.06,17.95,11.84,12.97,37.09,6.18,1.3,87.41,3.54,4.15,0.8,0.83,0.84,24.34,1.2914,-0.6571,1.1811,-0.7099,0.1945,34.03,-15.91,0.030326,18.23,-3.92,13.7926,8.6019,0.49999999999999994,-0.8660254037844387,2015-05-01
Liuzhou,2015,6,109.43,24.33,27.19,33.05,21.13,6.15,25.14,27.15,98.24,4.11,8.56,6.04,170.5,88.97,20.52,12.52,15.07,37.42,7.23,1.61,83.92,4.02,4.97,0.89,0.93,0.9,26.04,-0.0309,-0.0771,-0.1409,-0.1506,0.2758,34.84,-18.21,0.0197625,20.03,-2.29,14.6259,9.4876,1.2246467991473532e-16,-1.0,2015-06-01
Liuzhou,2015,7,109.43,24.33,26.67,34.34,18.89,6.64,24.0,26.65,98.16,3.3,7.97,4.95,100.7,85.94,19.24,7.6,15.04,37.0,7.12,1.6,83.07,5.3,5.16,0.87,0.92,0.89,25.24,0.6485,0.7904,0.7576,0.7059,0.2562,32.73,-14.79,0.009199,19.24,-2.43,13.5341,8.7852,-0.4999999999999997,-0.8660254037844388,2015-07-01
Liuzhou,2015,8,109.43,24.33,26.85,34.05,20.67,7.46,23.87,26.81,98.4,2.69,6.08,4.09,118.4,84.61,19.0,4.94,16.34,36.7,7.67,1.68,79.0,5.85,5.16,0.85,0.91,0.87,24.03,0.0367,0.2274,0.1255,0.1846,0.2228,32.01,-13.45,0.005923,19.71,-3.22,12.4948,8.114,-0.8660254037844385,-0.5000000000000004,2015-08-01
Liuzhou,2015,9,109.43,24.33,25.43,32.25,18.39,7.45,22.9,25.45,98.78,2.93,7.15,4.52,76.7,86.48,17.89,7.72,13.22,36.68,6.25,1.34,79.84,4.23,4.71,0.88,0.93,0.89,21.8,1.7729,1.2728,1.7662,1.3701,0.3146,33.33,-13.11,0.011469,17.98,-3.09,13.1088,9.516,-1.0,-1.8369701987210297e-16,2015-09-01
Liuzhou,2015,10,109.43,24.33,21.69,29.64,13.89,9.25,18.03,21.35,99.31,3.23,11.82,4.86,39.5,80.91,13.25,5.85,13.9,33.34,6.37,1.21,55.94,3.8,4.09,0.86,0.91,0.87,19.02,2.2223,1.9129,1.8719,1.8507,0.2938,23.22,-1.78,0.011266,15.22,-5.23,8.7346,6.1891,-0.8660254037844386,0.5000000000000001,2015-10-01
Liuzhou,2015,11,109.43,24.33,17.38,28.36,5.08,7.91,15.44,17.48,99.57,3.59,9.56,5.38,67.9,88.81,11.56,9.31,7.45,33.27,3.5,0.69,87.2,1.26,2.7,0.92,0.95,0.92,15.59,2.0178,2.1745,2.2232,2.3329,0.2136,24.24,-2.99,0.019802,12.69,-7.47,9.314,5.5718,-0.5000000000000004,0.8660254037844384,2015-11-01
Liuzhou,2015,12,109.43,24.33,10.49,21.67,1.74,7.99,8.27,10.54,100.04,3.81,8.96,5.67,32.6,86.75,7.04,4.93,6.07,30.12,2.77,0.48,88.96,0.37,2.18,0.95,0.96,0.93,13.48,2.2356,2.4361,1.9429,2.2314,0.1332,12.98,8.96,0.013183,6.41,-9.43,5.9486,4.16,-2.4492935982947064e-16,1.0,2015-12-01
Liuzhou,2016,1,109.43,24.33,9.27,22.89,-3.04,7.58,7.09,9.4,99.93,4.08,10.2,5.65,36.1,86.64,6.62,3.77,6.46,29.66,2.99,0.54,88.55,0.22,1.94,0.94,0.96,0.93,15.2,1.0379,2.6977,1.0916,2.6979,0.0799,14.02,7.24,0.013544,5.58,-11.93,5.9441,3.5077,0.49999999999999994,0.8660254037844387,2016-01-01
Liuzhou,2016,2,109.43,24.33,10.47,25.12,-1.15,11.16,6.12,10.26,100.07,4.11,10.29,5.9,36.0,76.21,6.22,0.9,11.24,28.23,4.95,0.89,64.29,0.48,2.77,0.91,0.95,0.9,17.9,-0.9432,1.4867,-0.5479,1.7943,0.1367,4.67,15.62,0.00778,5.56,-8.02,4.0427,3.3837,0.8660254037844386,0.5000000000000001,2016-02-01
Liuzhou,2016,3,109.43,24.33,16.18,27.17,2.81,9.45,13.19,16.52,99.42,3.7,9.61,5.26,90.8,83.51,9.99,2.46,9.29,32.6,4.22,0.82,87.62,0.82,2.8,0.86,0.92,0.87,19.36,-0.7083,-0.3318,-0.5629,0.0425,0.0462,20.44,0.25,0.015333,9.8,-10.29,7.9348,4.474,1.0,6.123233995736766e-17,2016-03-01
Liuzhou,2016,4,109.43,24.33,22.48,30.6,10.78,8.49,19.87,22.7,98.71,3.81,12.37,5.55,144.8,85.99,14.88,7.84,10.65,35.71,4.92,1.0,87.14,1.79,3.88,0.88,0.93,0.9,21.27,1.1135,0.0232,0.9925,0.1554,0.1893,30.09,-10.99,0.027009,15.82,-7.33,11.4047,6.4682,0.8660254037844387,-0.4999999999999998,2016-04-01
Liuzhou,2016,5,109.43,24.33,24.52,31.0,13.88,7.48,22.11,24.57,98.58,3.68,9.54,5.45,151.9,87.1,17.22,9.71,13.79,36.05,6.5,1.44,82.27,2.57,4.63,0.91,0.95,0.92,24.85,0.5079,0.6985,0.5353,0.7237,0.147,29.6,-11.43,0.025808,17.39,-4.21,12.2173,7.5448,0.49999999999999994,-0.8660254037844387,2016-05-01
Liuzhou,2016,6,109.43,24.33,26.85,32.81,18.66,6.33,24.83,26.82,98.34,3.38,8.47,5.07,172.2,89.16,20.16,10.96,15.85,37.19,7.59,1.78,85.52,3.45,4.95,0.95,0.97,0.94,26.5,-0.4381,0.2972,-0.4792,0.2478,0.1752,32.33,-15.28,0.030393,19.99,-2.96,13.2143,8.2984,1.2246467991473532e-16,-1.0,2016-06-01
Liuzhou,2016,7,109.43,24.33,27.68,34.15,22.63,5.89,25.47,27.58,98.3,3.44,8.31,5.19,179.4,88.31,20.89,4.97,18.35,37.02,8.72,2.05,80.12,4.17,4.38,0.91,0.95,0.91,26.43,-0.238,-0.3292,-0.1332,-0.3803,0.1856,32.76,-16.06,0.033565,21.15,-2.93,13.0748,8.2896,-0.4999999999999997,-0.8660254037844388,2016-07-01
Liuzhou,2016,8,109.43,24.33,27.6,33.89,18.56,6.78,24.64,27.45,98.07,2.69,8.96,4.11,44.9,84.69,20.04,5.83,17.22,37.12,8.11,1.81,84.03,4.68,4.56,0.87,0.93,0.89,24.31,0.4224,-0.4869,0.3797,-0.5757,0.1938,33.71,-15.85,0.018574,20.37,-1.88,13.7188,9.329,-0.8660254037844385,-0.5000000000000004,2016-08-01
Liuzhou,2016,9,109.43,24.33,25.42,33.27,16.39,8.7,21.75,25.35,98.63,3.01,8.08,4.7,29.2,81.19,16.74,3.64,16.61,35.66,7.68,1.62,64.25,6.29,5.24,0.83,0.89,0.84,21.92,0.1479,-0.0361,0.1684,-0.03,0.2818,28.92,-8.79,0.017731,17.77,-2.58,11.6554,8.0314,-1.0,-1.8369701987210297e-16,2016-09-01
Liuzhou,2016,10,109.43,24.33,22.73,30.96,11.52,9.24,19.18,22.78,99.04,3.74,8.0,5.78,40.8,81.4,14.32,1.8,14.43,34.18,6.66,1.36,57.36,5.18,4.04,0.76,0.82,0.77,19.31,0.3124,0.2984,0.1494,0.2154,0.2423,25.55,-6.44,0.016542,15.99,-3.86,10.8978,6.6465,-0.8660254037844386,0.5000000000000001,2016-10-01
Liuzhou,2016,11,109.43,24.33,16.42,28.28,2.96,9.44,13.11,16.52,99.61,3.96,9.06,5.78,41.6,81.74,10.28,4.18,9.28,31.99,4.3,0.86,70.02,2.33,2.64,0.77,0.81,0.79,16.09,0.8297,0.5666,0.8076,0.6066,0.2046,19.05,1.66,0.013608,11.46,-6.53,8.2557,5.3602,-0.5000000000000004,0.8660254037844384,2016-11-01
Liuzhou,2016,12,109.43,24.33,13.06,23.59,2.1,11.4,8.47,12.91,99.84,3.79,9.91,5.79,39.3,75.68,7.31,0.91,10.2,28.93,4.52,0.78,61.23,1.44,2.02,0.76,0.81,0.77,14.48,-0.1979,0.5142,-0.3228,0.5643,0.3758,9.98,10.0,0.0089,9.03,-7.58,5.2713,3.7778,-2.4492935982947064e-16,1.0,2016-12-01
Liuzhou,2017,1,109.43,24.33,12.82,23.96,2.73,9.8,8.99,13.06,99.83,3.88,9.11,5.55,43.0,78.99,7.46,2.09,8.49,30.16,3.83,0.75,72.08,0.95,1.84,0.76,0.81,0.78,15.04,0.1716,0.359,-0.1835,0.241,0.2325,12.97,6.48,0.013816,8.31,-8.26,6.7532,3.8509,0.49999999999999994,0.8660254037844387,2017-01-01
Liuzhou,2017,2,109.43,24.33,13.29,28.19,1.52,11.24,8.32,13.78,99.82,4.15,10.84,5.85,50.9,73.97,7.3,1.06,9.36,30.87,4.21,0.82,80.29,1.08,2.18,0.74,0.79,0.76,17.62,-0.7972,-0.7628,-0.7273,-1.042,0.2406,13.23,7.42,0.010317,6.98,-10.77,5.811,3.7685,0.8660254037844386,0.5000000000000001,2017-02-01
Liuzhou,2017,3,109.43,24.33,16.73,30.69,8.19,10.52,13.07,17.35,99.32,4.2,12.73,5.77,58.7,80.61,9.85,6.28,7.33,33.46,3.5,0.77,94.28,1.25,2.55,0.76,0.8,0.79,20.48,1.4001,0.6158,1.5279,0.5641,0.1113,22.83,-0.72,0.019544,10.34,-9.74,8.3548,5.0894,1.0,6.123233995736766e-17,2017-03-01
Liuzhou,2017,4,109.43,24.33,21.44,31.92,7.89,10.4,17.15,21.88,98.95,4.34,10.92,6.16,153.0,78.2,12.79,4.2,12.66,34.31,5.89,1.25,82.84,3.08,3.92,0.77,0.82,0.79,23.54,-0.522,0.1504,-0.5384,0.2484,0.258,25.18,-4.9,0.020794,14.28,-6.69,9.7865,5.8312,0.8660254037844387,-0.4999999999999998,2017-04-01
Liuzhou,2017,5,109.43,24.33,24.51,32.78,15.12,9.39,20.29,24.65,98.75,3.17,8.66,4.65,115.0,78.94,15.37,8.19,15.82,35.19,7.36,1.58,74.47,5.1,4.93,0.8,0.84,0.82,25.54,-0.1237,0.3197,-0.0867,0.4476,0.2292,26.66,-7.89,0.013221,16.85,-4.83,10.7515,6.3695,0.49999999999999994,-0.8660254037844387,2017-05-01
Liuzhou,2017,6,109.43,24.33,26.52,32.33,19.96,6.37,24.34,26.58,98.26,3.12,7.31,4.63,162.9,88.36,19.59,12.23,12.5,37.28,6.08,1.43,95.87,3.79,4.15,0.84,0.88,0.87,25.48,-0.1039,-0.4117,-0.1395,-0.3492,0.183,35.06,-16.5,0.032501,19.04,-2.98,14.0754,9.7354,1.2246467991473532e-16,-1.0,2017-06-01
Liuzhou,2017,7,109.43,24.33,27.72,34.4,23.45,6.37,25.04,27.65,98.34,2.74,7.76,4.14,167.8,86.11,20.34,9.49,17.3,37.15,8.22,1.91,83.29,4.68,5.29,0.93,0.96,0.93,26.27,1.1659,0.4437,1.0833,0.3773,0.268,34.47,-16.86,0.024485,20.32,-2.95,13.7137,8.931,-0.4999999999999997,-0.8660254037844388,2017-07-01
Liuzhou,2017,8,109.43,24.33,27.56,34.62,22.37,6.03,25.3,27.44,98.29,3.1,14.35,4.8,165.2,88.06,20.69,8.23,16.42,37.17,7.81,1.83,82.1,3.92,4.45,0.91,0.95,0.91,24.85,1.2988,1.1944,1.324,1.2153,0.2534,34.82,-17.56,0.024854,20.67,-2.85,13.8877,9.1074,-0.8660254037844385,-0.5000000000000004,2017-08-01
Liuzhou,2017,9,109.43,24.33,27.21,33.26,21.28,7.4,24.31,27.22,98.67,2.49,5.88,3.86,129.0,84.87,19.43,3.24,16.53,36.93,7.79,1.71,72.69,5.38,5.05,0.87,0.93,0.88,22.37,-0.0682,1.4453,-0.3958,1.2494,0.2616,33.43,-15.34,0.014244,19.55,-2.95,13.4248,8.9041,-1.0,-1.8369701987210297e-16,2017-09-01
Liuzhou,2017,10,109.43,24.33,21.45,31.66,8.4,9.29,17.68,21.47,99.31,3.84,10.31,5.8,36.1,80.16,13.28,0.77,14.95,33.51,6.85,1.34,63.6,4.62,4.19,0.8,0.86,0.82,19.09,-0.6574,0.5557,-0.45,0.384,0.3895,21.58,-1.23,0.016274,14.45,-3.6,9.4869,6.5306,-0.8660254037844386,0.5000000000000001,2017-10-01
Liuzhou,2017,11,109.43,24.33,16.41,28.13,6.84,8.9,12.82,16.46,99.62,3.78,8.72,5.55,33.3,80.52,9.7,2.7,8.36,32.03,3.84,0.74,81.42,2.18,2.56,0.77,0.82,0.79,15.23,0.3135,-0.3098,0.2266,-0.2293,0.2318,20.68,2.66,0.014922,11.39,-6.92,7.704,5.9337,-0.5000000000000004,0.8660254037844384,2017-11-01
Liuzhou,2017,12,109.43,24.33,10.96,19.56,-0.42,10.51,5.7,10.81,100.05,3.82,9.82,5.85,30.8,72.54,5.93,1.23,9.21,28.23,4.01,0.65,66.43,1.18,1.89,0.77,0.82,0.78,13.85,0.1385,-0.2214,0.2488,0.1507,0.2085,2.6,16.71,0.008728,6.08,-5.15,4.6006,3.566,-2.4492935982947064e-16,1.0,2017-12-01
Liuzhou,2018,1,109.43,24.33,9.77,22.66,-2.0,9.62,5.98,9.93,99.71,4.07,10.48,5.64,38.1,78.86,6.28,3.89,6.53,30.16,2.99,0.56,89.5,0.49,1.65,0.8,0.84,0.82,15.1,1.0891,0.5619,1.1302,0.6504,0.0941,9.99,12.45,0.014847,5.93,-6.42,5.939,4.2009,0.49999999999999994,0.8660254037844387,2018-01-01
Liuzhou,2018,2,109.43,24.33,11.93,26.61,-2.32,11.16,6.94,12.29,99.75,3.96,9.71,5.79,57.1,73.77,6.96,0.62,8.38,30.47,3.77,0.73,85.34,0.83,2.08,0.78,0.83,0.79,17.57,-1.3738,0.0814,-0.9501,0.0295,0.1452,7.91,10.77,0.010314,5.67,-9.05,5.6333,3.2254,0.8660254037844386,0.5000000000000001,2018-02-01
Liuzhou,2018,3,109.43,24.33,18.58,31.01,4.37,10.66,14.31,18.95,99.25,4.05,10.58,5.76,143.7,78.13,10.77,3.79,11.94,32.7,5.36,1.01,74.17,1.67,3.02,0.78,0.82,0.8,20.4,0.1822,0.1807,-0.0014,0.2161,0.2567,23.33,-2.07,0.015823,11.54,-11.62,7.66,4.4438,1.0,6.123233995736766e-17,2018-03-01
Liuzhou,2018,4,109.43,24.33,21.49,30.68,8.05,10.2,16.93,21.78,99.04,4.28,12.26,6.09,154.7,76.94,12.72,4.19,12.36,34.21,5.7,1.15,83.94,3.06,3.89,0.77,0.82,0.78,23.18,-0.5276,-0.8197,-0.5524,-0.8535,0.201,26.14,-5.45,0.021118,14.09,-7.7,9.6737,5.9163,0.8660254037844387,-0.4999999999999998,2018-04-01
Liuzhou,2018,5,109.43,24.33,25.78,32.72,19.02,7.72,22.84,25.9,98.62,4.21,9.29,6.14,172.0,84.68,17.82,6.06,15.38,36.71,7.34,1.6,79.95,4.48,4.5,0.79,0.83,0.81,25.79,-1.1585,-1.2889,-1.3944,-1.6924,0.2108,31.75,-13.9,0.036487,18.37,-4.54,12.6846,7.5634,0.49999999999999994,-0.8660254037844387,2018-05-01
Liuzhou,2018,6,109.43,24.33,26.73,32.73,20.24,7.45,23.73,26.86,98.19,3.39,7.12,5.08,127.6,84.51,18.89,5.93,15.64,37.25,7.47,1.71,87.19,6.2,4.97,0.78,0.83,0.81,26.07,-2.1115,-2.2552,-1.7433,-2.303,0.2183,32.48,-13.3,0.016345,18.91,-2.41,13.0762,9.117,1.2246467991473532e-16,-1.0,2018-06-01
Liuzhou,2018,7,109.43,24.33,28.04,34.23,23.43,6.86,25.01,28.04,98.06,2.8,7.09,4.27,144.8,84.47,20.37,5.62,18.05,37.35,8.58,1.94,85.33,6.77,5.12,0.78,0.84,0.81,26.33,0.0058,-2.0398,0.0309,-1.779,0.2784,33.16,-16.42,0.025755,20.33,-2.07,13.8827,8.7618,-0.4999999999999997,-0.8660254037844388,2018-07-01
Liuzhou,2018,8,109.43,24.33,27.81,34.83,22.12,6.94,24.66,27.66,97.99,2.48,6.13,3.84,46.4,83.89,19.97,4.54,16.59,37.23,7.84,1.76,83.96,5.8,4.39,0.76,0.81,0.79,24.42,-0.1518,-1.8874,-0.255,-1.5479,0.3502,34.84,-17.06,0.020014,20.33,-2.64,13.9139,9.1406,-0.8660254037844385,-0.5000000000000004,2018-08-01
Liuzhou,2018,9,109.43,24.33,25.74,32.91,17.08,8.16,22.26,25.76,98.72,3.4,6.88,5.21,64.8,82.08,17.3,5.09,16.09,35.85,7.51,1.6,70.58,6.3,4.97,0.77,0.82,0.8,22.33,0.8197,0.1575,0.754,0.0561,0.3241,30.1,-10.32,0.01163,17.76,-3.31,11.9872,8.3397,-1.0,-1.8369701987210297e-16,2018-09-01
Liuzhou,2018,10,109.43,24.33,19.72,28.66,11.54,9.78,15.54,19.64,99.46,3.36,7.63,5.25,33.6,78.71,11.28,4.08,11.79,32.6,5.45,1.1,72.34,4.18,3.65,0.76,0.81,0.78,19.1,1.5472,0.902,1.5138,0.916,0.2954,22.23,1.43,0.01481,13.27,-6.02,7.8533,6.3773,-0.8660254037844386,0.5000000000000001,2018-10-01
Liuzhou,2018,11,109.43,24.33,16.5,26.5,6.66,10.04,12.93,16.42,99.6,3.21,7.72,4.8,37.1,80.79,9.59,2.83,10.17,31.18,4.63,0.88,60.45,2.4,2.52,0.77,0.81,0.79,16.22,0.3654,1.1705,0.2754,1.145,0.3061,19.21,1.05,0.013327,11.76,-8.05,7.7618,4.5027,-0.5000000000000004,0.8660254037844384,2018-11-01
Liuzhou,2018,12,109.43,24.33,11.18,27.59,-3.69,8.57,7.83,11.35,99.96,4.72,8.92,6.47,33.1,80.77,7.32,2.25,5.53,30.65,2.59,0.54,90.33,0.84,1.75,0.77,0.82,0.79,13.93,0.9226,1.1514,0.8716,1.1584,0.1617,13.0,7.43,0.017059,7.77,-7.44,6.9074,4.3978,-2.4492935982947064e-16,1.0,2018-12-01
Liuzhou,2019,1,109.43,24.33,9.93,24.5,-2.11,8.57,7.04,10.19,100.04,4.1,8.82,5.67,33.6,83.17,6.51,2.49,5.89,30.41,2.74,0.59,91.59,0.43,1.45,0.79,0.83,0.81,14.89,0.4107,0.4883,0.3162,0.5583,0.082,10.4,7.25,0.013882,7.15,-8.73,6.6877,3.4015,0.49999999999999994,0.8660254037844387,2019-01-01
Liuzhou,2019,2,109.43,24.33,12.0,27.16,2.87,9.31,9.14,12.65,99.58,4.6,10.18,5.9,33.3,83.42,7.59,4.12,5.73,32.81,2.75,0.64,94.97,0.58,1.81,0.79,0.83,0.81,17.61,1.1603,1.1381,1.1628,1.2037,0.0901,16.79,-0.76,0.022984,10.28,-9.81,8.3702,3.4921,0.8660254037844386,0.5000000000000001,2019-02-01
Liuzhou,2019,3,109.43,24.33,17.31,29.34,8.34,9.6,14.25,17.71,99.24,4.27,9.58,5.92,61.9,83.23,10.6,5.62,8.39,33.52,3.91,0.82,88.05,1.01,2.87,0.83,0.88,0.86,19.34,1.1136,1.5043,1.1689,1.4052,0.267,22.19,-1.58,0.019605,11.19,-9.28,8.5751,4.7218,1.0,6.123233995736766e-17,2019-03-01
Liuzhou,2019,4,109.43,24.33,22.63,31.49,11.58,8.47,20.08,22.85,98.78,3.96,10.59,5.68,149.9,86.2,15.36,9.05,11.15,35.94,5.18,1.07,83.92,1.86,3.83,0.86,0.9,0.88,21.44,1.542,1.9071,1.4413,1.7614,0.1143,29.37,-11.79,0.028038,16.35,-7.38,11.4939,5.9904,0.8660254037844387,-0.4999999999999998,2019-04-01
Liuzhou,2019,5,109.43,24.33,23.84,32.09,15.06,7.75,21.03,24.02,98.61,3.49,8.43,5.14,95.1,85.0,16.18,3.72,12.07,36.42,5.7,1.25,87.01,3.17,4.4,0.86,0.92,0.87,23.73,-2.6431,0.1804,-2.4119,0.2483,0.2823,30.32,-10.29,0.024285,16.36,-3.92,12.2912,8.4275,0.49999999999999994,-0.8660254037844387,2019-05-01
Liuzhou,2019,6,109.43,24.33,26.89,32.94,19.5,6.24,24.81,26.88,98.16,3.53,8.47,5.3,167.2,88.9,20.21,12.18,14.51,37.34,6.96,1.6,88.51,3.55,4.47,0.89,0.93,0.9,26.01,-0.1166,-0.3775,-0.1899,-0.3676,0.2646,32.79,-16.49,0.032793,19.77,-2.14,14.1102,9.0327,1.2246467991473532e-16,-1.0,2019-06-01
Liuzhou,2019,7,109.43,24.33,27.55,33.21,20.77,5.78,25.62,27.48,98.12,3.08,7.17,4.77,165.9,89.64,21.14,14.15,15.55,37.4,7.44,1.76,89.15,3.37,4.78,0.96,0.97,0.95,25.86,2.2078,0.4682,1.9666,0.4332,0.2284,34.62,-17.45,0.022239,20.39,-2.08,14.2594,9.6347,-0.4999999999999997,-0.8660254037844388,2019-07-01
Liuzhou,2019,8,109.43,24.33,28.57,34.72,22.39,7.32,25.13,28.45,98.11,2.46,8.36,3.79,63.9,82.61,20.54,4.62,19.16,37.23,8.98,1.99,76.76,6.05,5.37,0.87,0.92,0.88,24.66,-0.1133,1.3788,-0.3832,1.3399,0.296,32.09,-15.04,0.012717,21.26,-2.23,12.9048,7.9583,-0.8660254037844385,-0.5000000000000004,2019-08-01
Liuzhou,2019,9,109.43,24.33,25.84,33.85,15.27,9.72,21.02,25.43,98.88,2.87,6.77,4.44,38.5,76.28,16.18,2.61,19.69,34.6,9.05,1.9,52.32,6.87,5.48,0.82,0.88,0.83,22.88,-0.4486,1.5335,-0.4488,1.3693,0.3218,25.42,-6.71,0.01244,18.38,-4.09,9.9656,5.9741,-1.0,-1.8369701987210297e-16,2019-09-01
Liuzhou,2019,10,109.43,24.33,21.65,31.53,9.51,9.21,18.09,21.63,99.35,3.01,7.22,4.54,49.8,81.36,13.4,2.37,11.95,33.84,5.51,1.06,64.2,4.51,3.67,0.77,0.82,0.78,18.5,0.6881,-0.1657,0.6607,-0.2998,0.2691,24.07,-3.95,0.010745,15.09,-5.95,9.3816,5.8507,-0.8660254037844386,0.5000000000000001,2019-10-01
Liuzhou,2019,11,109.43,24.33,16.3,26.83,6.47,10.69,11.71,16.18,99.66,3.67,11.24,5.47,39.8,75.7,8.94,0.75,11.16,30.94,5.03,0.86,58.74,2.8,2.67,0.74,0.79,0.75,15.73,-0.8474,-0.6388,-0.8034,-0.3912,0.2732,15.48,5.13,0.010304,10.87,-6.17,7.1898,4.7675,-0.5000000000000004,0.8660254037844384,2019-11-01
Liuzhou,2019,12,109.43,24.33,12.26,25.81,1.6,11.23,7.07,11.95,99.93,3.75,8.94,5.62,32.9,73.22,6.67,0.54,9.56,28.64,4.21,0.66,58.59,1.51,1.79,0.71,0.76,0.73,14.43,-0.7127,-0.6365,-0.7521,-0.3991,0.2575,7.66,8.99,0.00893,7.65,-9.83,5.2809,2.8582,-2.4492935982947064e-16,1.0,2019-12-01
Liuzhou,2020,1,109.43,24.33,12.25,25.84,0.01,10.35,8.37,12.57,99.74,4.2,8.75,5.96,49.7,78.83,7.38,2.09,6.94,30.93,3.17,0.54,82.16,0.91,1.61,0.71,0.75,0.73,14.82,0.1716,-1.0543,-0.1293,-1.5212,0.1889,15.61,4.05,0.015643,7.76,-10.87,6.8924,3.5139,0.49999999999999994,0.8660254037844387,2020-01-01
Liuzhou,2020,2,109.43,24.33,14.86,27.37,2.54,10.51,10.97,15.18,99.8,3.93,13.31,5.72,80.0,79.27,8.76,4.78,8.14,32.12,3.72,0.7,86.1,0.95,2.04,0.76,0.79,0.78,16.91,1.5024,0.6558,1.3141,0.2656,0.207,20.37,2.41,0.017004,8.96,-10.33,7.3388,4.4219,0.8660254037844386,0.5000000000000001,2020-02-01
Liuzhou,2020,3,109.43,24.33,18.4,29.49,7.99,9.53,15.15,18.77,99.2,4.38,9.96,6.15,95.2,82.51,11.3,7.71,8.18,34.16,3.81,0.73,92.32,1.15,2.69,0.79,0.83,0.82,19.15,1.9611,2.2596,1.9656,1.772,0.1076,26.09,-3.48,0.023641,12.02,-8.68,9.2836,5.9802,1.0,6.123233995736766e-17,2020-03-01
Liuzhou,2020,4,109.43,24.33,18.69,30.12,8.42,9.25,14.95,18.84,99.38,3.84,10.38,5.48,70.2,80.49,11.06,5.49,12.26,33.15,5.63,1.1,84.61,1.88,3.41,0.84,0.89,0.86,22.52,0.1382,1.7704,0.4737,1.7288,0.3798,22.8,-1.39,0.014269,12.01,-8.93,8.3113,5.3661,0.8660254037844387,-0.4999999999999998,2020-04-01
Liuzhou,2020,5,109.43,24.33,25.87,34.21,18.47,8.27,22.83,25.95,98.47,3.77,9.12,5.59,171.7,84.15,17.89,10.8,15.75,36.73,7.42,1.62,79.02,4.0,4.71,0.83,0.87,0.86,25.53,0.9216,1.8571,0.746,1.7025,0.2138,32.24,-15.27,0.028434,18.86,-4.21,13.1677,7.6178,0.49999999999999994,-0.8660254037844387,2020-05-01
Liuzhou,2020,6,109.43,24.33,27.26,32.06,23.09,5.55,25.56,27.13,98.21,4.39,8.06,6.52,176.1,90.71,21.03,14.02,13.45,37.61,6.51,1.53,93.13,2.87,5.07,0.96,0.97,0.95,26.11,0.3296,0.6055,0.2031,0.6041,0.204,35.66,-18.92,0.026355333333333335,20.04,-2.49,14.8235,9.7416,1.2246467991473532e-16,-1.0,2020-06-01
Liuzhou,2020,7,109.43,24.33,27.9,33.14,23.47,6.32,25.59,27.78,98.27,3.85,8.47,5.81,180.6,87.79,21.04,6.64,17.32,37.21,8.23,1.97,89.66,5.04,5.41,0.9,0.94,0.9,26.21,0.3528,0.6987,0.3634,0.4751,0.2522,33.15,-16.49,0.024276666666666665,20.6,-2.09,13.7939,8.8752,-0.4999999999999997,-0.8660254037844388,2020-07-01
Liuzhou,2020,8,109.43,24.33,27.4,34.0,22.51,6.67,24.62,27.29,98.32,2.97,6.93,4.53,153.6,85.58,19.86,7.3,18.74,36.8,8.85,2.07,72.4,5.43,5.32,0.88,0.93,0.89,25.32,0.9819,0.8041,1.0081,0.6373,0.3086,32.64,-14.67,0.022198,19.84,-2.72,13.1307,8.6348,-0.8660254037844385,-0.5000000000000004,2020-08-01
Liuzhou,2020,9,109.43,24.33,25.15,32.76,17.03,7.28,22.79,25.21,98.7,2.96,9.14,4.45,79.7,87.42,17.84,7.19,12.51,36.66,5.97,1.37,83.74,3.93,4.4,0.87,0.92,0.89,22.02,1.5997,1.4539,1.6251,1.4158,0.2034,32.93,-12.44,0.018874,17.46,-2.98,13.0927,9.8053,-1.0,-1.8369701987210297e-16,2020-09-01
Liuzhou,2020,10,109.43,24.33,19.57,30.68,11.5,8.42,16.62,19.58,99.39,4.23,8.06,6.35,30.0,83.84,12.22,2.12,12.0,33.56,5.57,1.13,77.97,2.98,3.77,0.86,0.92,0.87,18.88,0.5316,1.532,0.8055,1.5838,0.3941,21.64,-0.58,0.019099,13.35,-4.0,9.4881,7.1966,-0.8660254037844386,0.5000000000000001,2020-10-01
Liuzhou,2020,11,109.43,24.33,16.83,28.28,5.57,9.82,13.12,16.8,99.74,4.12,8.28,6.22,33.6,80.03,9.9,0.18,10.48,31.43,4.76,0.84,61.99,2.59,2.95,0.8,0.86,0.82,15.97,-1.7636,0.5349,-1.3174,0.7577,0.1648,15.39,3.98,0.013204,11.73,-5.62,7.5597,4.6352,-0.5000000000000004,0.8660254037844384,2020-11-01
Liuzhou,2020,12,109.43,24.33,9.54,22.91,-1.7,10.17,5.27,9.78,100.06,4.39,10.78,6.39,28.5,76.34,5.83,0.52,8.24,28.86,3.64,0.6,72.59,0.86,1.77,0.78,0.83,0.79,14.02,-0.7471,-1.0507,-0.3057,-0.4446,0.2484,5.22,14.44,0.012225,4.64,-6.91,5.3791,3.7661,-2.4492935982947064e-16,1.0,2020-12-01
Liuzhou,2021,1,109.43,24.33,9.93,22.59,-1.77,11.87,4.07,9.69,99.93,3.76,10.59,5.52,34.6,69.24,5.47,0.28,9.86,28.19,4.3,0.68,61.47,0.8,1.71,0.75,0.8,0.76,14.85,-1.8462,-2.8334,-1.454,-3.09,0.1852,2.03,17.46,0.009244,4.27,-6.49,4.4085,3.3664,0.49999999999999994,0.8660254037844387,2021-01-01
Liuzhou,2021,2,109.43,24.33,15.98,27.34,7.05,10.81,11.63,16.22,99.49,3.47,8.99,5.02,52.1,77.27,8.78,3.3,10.96,31.68,4.94,0.84,67.61,1.25,2.22,0.74,0.79,0.77,17.51,0.7763,-0.8628,0.4598,-0.9762,0.2143,19.82,2.58,0.011627,9.42,-9.64,7.3737,4.3999,0.8660254037844386,0.5000000000000001,2021-02-01
Liuzhou,2021,3,109.43,24.33,18.66,33.47,7.69,10.03,15.01,19.17,99.23,4.54,10.9,6.3,122.2,80.69,11.28,3.2,8.49,34.67,3.92,0.77,90.71,1.53,2.73,0.77,0.81,0.78,18.95,-0.1813,-0.623,-0.4218,-0.8983,0.2085,24.3,-3.81,0.022125,12.2,-8.21,9.5462,5.2285,1.0,6.123233995736766e-17,2021-03-01
Liuzhou,2021,4,109.43,24.33,21.3,32.69,12.7,8.81,17.92,21.72,99.08,3.85,8.12,5.41,67.4,82.18,13.26,5.55,8.68,35.54,4.13,0.85,90.88,2.45,3.3,0.77,0.8,0.79,21.92,0.1662,0.2258,0.1659,0.0806,0.2172,27.85,-6.66,0.021869,14.15,-6.48,10.6582,6.7573,0.8660254037844387,-0.4999999999999998,2021-04-01
Liuzhou,2021,5,109.43,24.33,25.52,33.06,17.92,8.31,22.91,25.69,98.53,4.05,9.72,5.85,172.8,86.23,18.0,11.26,12.95,37.08,6.25,1.42,88.56,3.83,4.9,0.84,0.87,0.87,25.72,1.0879,0.7209,0.9698,0.5879,0.2804,33.31,-15.21,0.036767,18.22,-4.02,13.479,8.5385,0.49999999999999994,-0.8660254037844387,2021-05-01
Liuzhou,2021,6,109.43,24.33,27.25,33.11,18.27,7.42,24.25,27.22,98.23,3.24,7.94,4.83,157.8,84.65,19.59,10.07,16.2,36.98,7.66,1.72,84.55,5.43,5.42,0.85,0.9,0.88,26.26,-0.6882,0.0215,-0.7408,-0.053,0.2138,32.18,-15.32,0.024077,19.68,-2.11,13.6957,8.7696,1.2246467991473532e-16,-1.0,2021-06-01
Liuzhou,2021,7,109.43,24.33,28.3,34.52,23.39,7.57,25.09,28.29,98.18,2.96,7.1,4.61,168.6,83.61,20.44,3.89,20.48,37.11,9.65,2.21,78.65,7.21,6.15,0.85,0.91,0.86,26.31,-0.6964,-0.4049,-0.6925,-0.5914,0.2514,31.51,-14.78,0.019295,20.8,-2.43,12.9067,8.0613,-0.4999999999999997,-0.8660254037844388,2021-07-01
Liuzhou,2021,8,109.43,24.33,28.14,34.39,22.44,7.42,24.96,28.22,98.35,2.78,6.37,4.35,172.5,83.82,20.26,3.62,18.86,37.23,8.92,2.07,84.89,7.58,5.67,0.79,0.85,0.81,25.11,-0.6329,-1.515,-0.8062,-1.4102,0.2622,33.96,-16.51,0.016769,20.55,-2.43,13.6885,8.9972,-0.8660254037844385,-0.5000000000000004,2021-08-01
Liuzhou,2021,9,109.43,24.33,27.66,34.04,21.62,8.24,23.69,27.64,98.76,2.05,5.16,3.2,120.3,79.99,18.67,2.68,19.79,36.49,9.29,1.95,59.01,7.67,5.06,0.74,0.8,0.76,22.95,-0.4035,-1.2558,-0.8341,-1.4494,0.2521,33.05,-14.54,0.009705,19.85,-4.01,12.5604,8.0754,-1.0,-1.8369701987210297e-16,2021-09-01
Liuzhou,2021,10,109.43,24.33,20.6,32.33,10.49,9.6,16.39,20.71,99.35,4.82,11.34,6.92,32.8,77.96,12.2,2.61,12.49,33.62,5.84,1.15,70.25,4.65,3.73,0.69,0.75,0.71,19.29,0.8286,-0.3783,0.9018,-0.5656,0.2739,24.66,-1.92,0.020308,13.57,-4.6,9.7095,7.5856,-0.8660254037844386,0.5000000000000001,2021-10-01
Liuzhou,2021,11,109.43,24.33,15.87,29.13,6.64,9.99,11.13,15.85,99.65,3.78,10.69,5.74,33.2,75.63,8.87,2.76,9.15,31.08,4.23,0.77,74.3,2.4,2.53,0.72,0.75,0.74,16.41,0.3376,0.1338,0.2955,0.2287,0.251,18.22,6.78,0.014277,9.64,-7.62,6.3728,5.8754,-0.5000000000000004,0.8660254037844384,2021-11-01
Liuzhou,2021,12,109.43,24.33,11.75,24.29,-0.27,11.66,6.4,11.72,100.06,3.86,8.89,5.77,31.9,71.99,6.22,0.31,10.15,28.08,4.5,0.7,54.16,1.44,1.72,0.68,0.73,0.69,14.44,-1.1848,0.1378,-1.2326,0.4945,0.2126,5.74,12.48,0.009338,6.87,-7.31,5.175,3.3598,-2.4492935982947064e-16,1.0,2021-12-01
Liuzhou,2022,1,109.43,24.33,11.05,23.23,-0.42,9.3,7.8,11.41,99.75,4.01,7.54,5.57,35.7,81.49,6.83,3.2,5.5,30.52,2.58,0.47,91.52,0.57,1.32,0.7,0.72,0.72,14.74,0.779,0.0845,0.6754,0.1083,0.0882,17.78,5.53,0.015096,6.15,-11.98,6.4285,4.2587,0.49999999999999994,0.8660254037844387,2022-01-01
Liuzhou,2022,2,109.43,24.33,8.55,24.39,-0.81,10.05,5.19,9.2,99.88,4.6,9.63,6.18,32.5,80.64,5.73,5.9,7.39,29.22,3.41,0.68,84.06,0.46,1.66,0.76,0.78,0.8,18.18,1.8518,1.263,1.9969,1.432,0.2216,11.54,10.68,0.01605,4.16,-10.58,5.6136,4.1825,0.8660254037844386,0.5000000000000001,2022-02-01
Liuzhou,2022,3,109.43,24.33,19.8,30.58,8.35,10.82,16.06,20.23,99.06,4.15,10.42,5.8,152.3,80.52,11.89,4.09,10.64,33.78,4.92,0.98,81.15,1.76,3.02,0.77,0.81,0.79,20.63,0.3526,1.7582,-0.0072,1.5075,0.25479999999999997,24.15,-5.16,0.021341,13.1,-7.63,9.9831,5.2819,1.0,6.123233995736766e-17,2022-03-01
Liuzhou,2022,4,109.43,24.33,20.75,32.38,7.47,10.64,16.08,20.92,99.11,4.07,9.99,5.8,87.7,76.85,12.08,5.85,15.34,32.84,6.98,1.37,63.58,2.96,3.99,0.78,0.82,0.8,23.4,0.3035,1.192,0.3803,1.198,0.288,25.29,-3.51,0.014915,13.75,-7.08,9.2692,6.0682,0.8660254037844387,-0.4999999999999998,2022-04-01
Liuzhou,2022,5,109.43,24.33,22.72,30.8,11.79,8.23,19.57,22.83,98.73,3.3,8.72,4.83,69.6,83.6,14.87,14.36,11.74,34.86,5.6,1.22,89.09,2.91,4.11,0.85,0.88,0.87,25.26,2.1078,1.9342,2.3128,1.8275,0.1863,30.0,-7.23,0.019331,15.12,-4.94,11.1298,8.4436,0.49999999999999994,-0.8660254037844387,2022-05-01
Liuzhou,2022,6,109.43,24.33,26.63,32.52,20.21,5.63,24.79,26.53,98.17,3.67,8.25,5.37,172.0,90.04,20.14,9.969999999999999,11.89,37.18,5.82,1.3,93.41,2.3,4.71,0.98,0.98,0.96,25.56,1.5639,2.1093,1.5956,2.1505,0.1198,35.56,-17.13,0.035157,19.15,-3.03,14.2607,9.7407,1.2246467991473532e-16,-1.0,2022-06-01
Liuzhou,2022,7,109.43,24.33,27.83,33.41,22.77,7.14,25.2,27.83,98.26,3.23,11.88,5.02,188.3,86.38,20.57,5.58,19.49,37.01,9.25,2.13,67.47,5.89,6.19,0.93,0.96,0.91,26.81,-0.0086,1.9911,0.0494,2.3109,0.2906,31.49,-15.35,0.025602,20.88,-2.43,13.0994,8.0972,-0.4999999999999997,-0.8660254037844388,2022-07-01
Liuzhou,2022,8,109.43,24.33,28.0,34.93,23.28,7.66,24.81,28.11,98.4,2.72,9.42,4.21,151.6,83.74,20.05,3.8,18.99,37.32,9.06,2.12,71.9,7.73,5.96,0.82,0.88,0.84,25.49,-0.5327,1.0475,-0.675,0.9449,0.2429,32.97,-15.66,0.022133,20.29,-2.25,13.5272,8.8351,-0.8660254037844385,-0.5000000000000004,2022-08-01
Liuzhou,2022,9,109.43,24.33,26.48,33.81,19.34,9.18,21.61,26.37,98.78,2.66,5.91,4.1,38.5,75.9,16.5,0.55,18.02,35.93,8.34,1.76,63.44,7.93,5.21,0.73,0.8,0.74,22.21,-2.5877,-1.3187,-2.1061,-1.3009,0.3912,30.44,-9.46,0.013687,18.54,-3.45,11.2725,7.9268,-1.0,-1.8369701987210297e-16,2022-09-01
Liuzhou,2022,10,109.43,24.33,21.52,31.86,10.41,11.66,14.71,21.51,99.45,3.95,9.77,6.14,35.6,67.82,11.09,0.47,16.63,32.27,7.58,1.47,49.06,4.93,3.77,0.66,0.72,0.66,20.0,-1.1203,-1.9183,-0.9676,-1.922,0.2332,19.23,2.61,0.012142,14.38,-4.3,7.6351,6.3643,-0.8660254037844386,0.5000000000000001,2022-10-01
Liuzhou,2022,11,109.43,24.33,19.76,30.07,4.49,10.6,15.37,19.94,99.33,3.69,9.81,5.46,57.0,77.65,11.33,3.65,9.41,32.95,4.35,0.84,70.49,2.14,2.36,0.64,0.68,0.66,16.13,0.6611,-1.0901,0.3266,-3.09,0.1342,23.47,-4.58,0.01705,13.64,-6.09,10.1636,5.4183,-0.5000000000000004,0.8660254037844384,2022-11-01
Liuzhou,2022,12,109.43,24.33,9.54,20.85,0.16,11.34,2.96,9.63,100.05,4.28,11.25,6.31,31.2,66.38,4.83,0.64,9.62,27.85,4.23,0.7,66.95,1.06,1.58,0.67,0.7,0.68,14.55,-0.5536,-0.2099,-0.1632,-0.0562,0.2676,3.88,16.81,0.009874,4.43,-8.01,3.9756,3.8333,-2.4492935982947064e-16,1.0,2022-12-01
Liuzhou,2023,1,109.43,24.33,11.08,26.27,-1.0,12.0,4.92,11.21,99.94,4.28,10.24,6.25,36.9,68.72,5.91,0.86,9.86,28.34,4.35,0.75,64.96,0.75,1.42,0.65,0.68,0.66,15.72,-0.8571,-0.3236,-1.0034,-0.6142,0.2972,1.98,15.44,0.009783,5.06,-6.09,5.1421,3.2098,0.49999999999999994,0.8660254037844387,2023-01-01
Liuzhou,2023,2,109.43,24.33,14.4,29.04,4.22,11.14,9.52,14.98,99.69,4.43,9.99,6.23,50.1,74.57,7.84,2.48,8.84,30.82,4.02,0.77,75.21,0.87,1.74,0.67,0.69,0.69,17.46,0.3242,-0.8862,0.1526,-0.9376,0.1487,17.32,4.56,0.01584,8.39,-8.99,7.2241,4.5564,0.8660254037844386,0.5000000000000001,2023-02-01
Liuzhou,2023,3,109.43,24.33,18.8,34.52,7.83,11.87,13.36,19.4,99.36,4.05,11.65,5.69,76.4,73.11,9.94,3.03,10.05,32.89,4.59,0.91,81.13,1.31,2.23,0.64,0.68,0.66,19.21,-0.2944,-0.7883,-0.5759,-1.0423,0.2228,24.84,-2.36,0.013653,11.1,-10.73,8.3254,5.1587,1.0,6.123233995736766e-17,2023-03-01
Liuzhou,2023,4,109.43,24.33,22.67,32.71,10.83,10.51,17.84,23.04,98.81,4.73,10.65,6.63,141.0,76.18,13.42,4.4,12.16,34.98,5.57,1.08,79.76,2.96,3.38,0.67,0.69,0.69,21.54,-0.4114,-0.4203,-0.646,-0.6989,0.3533,27.22,-7.27,0.02478,14.94,-6.59,10.5399,6.4512,0.8660254037844387,-0.4999999999999998,2023-04-01
Liuzhou,2023,5,109.43,24.33,25.54,35.24,15.11,10.04,21.14,25.83,98.61,4.07,11.4,5.8,150.1,78.22,16.26,7.55,14.24,36.36,6.75,1.5,78.4,6.13,5.16,0.7,0.72,0.73,25.21,-0.4132,-0.9384,-0.5651,-1.3718,0.3524,31.46,-12.56,0.030083,17.9,-4.06,12.5273,8.1174,0.49999999999999994,-0.8660254037844387,2023-05-01
Liuzhou,2023,6,109.43,24.33,27.62,34.9,21.28,8.0,24.06,27.77,98.32,3.08,8.39,4.76,146.0,82.2,19.23,9.91,15.94,37.38,7.66,1.77,86.62,6.89,5.41,0.72,0.74,0.76,26.39,-0.7347,-0.9588,-0.8222,-1.1409,0.2836,33.28,-14.74,0.023833,19.45,-2.59,13.3657,9.0618,1.2246467991473532e-16,-1.0,2023-06-01
Liuzhou,2023,7,109.43,24.33,28.7,34.77,23.56,7.73,24.9,28.82,98.28,3.88,10.16,5.75,170.4,81.08,20.19,2.03,18.75,37.72,8.96,2.11,85.25,8.74,5.61,0.68,0.75,0.7,26.53,-1.7617,-1.6191,-2.2541,-1.5941,0.2396,33.07,-16.1,0.02613,20.71,-1.91,13.6677,9.153,-0.4999999999999997,-0.8660254037844388,2023-07-01
Liuzhou,2023,8,109.43,24.33,28.03,35.1,20.35,7.73,24.51,28.37,98.22,2.46,6.63,3.73,127.6,82.39,19.78,6.75,15.8,37.6,7.58,1.78,84.82,7.28,5.27,0.68,0.71,0.71,24.86,0.782,-1.2236,0.6807,-1.2783,0.2335,34.59,-16.59,0.007828,19.94,-1.83,14.1985,9.7758,-0.8660254037844385,-0.5000000000000004,2023-08-01
Liuzhou,2023,9,109.43,24.33,26.6,33.11,19.68,7.88,23.31,26.69,98.67,3.1,7.91,4.73,54.3,83.08,18.3,4.5,15.79,36.77,7.5,1.63,67.84,6.79,4.82,0.71,0.74,0.73,22.86,0.5638,-0.3516,0.3555,-0.5868,0.2889,32.93,-14.73,0.017274,18.78,-2.77,13.5603,8.7975,-1.0,-1.8369701987210297e-16,2023-09-01
Liuzhou,2023,10,109.43,24.33,22.74,32.73,13.19,9.89,18.0,22.84,99.36,3.24,10.22,4.83,44.9,76.15,13.29,1.64,13.8,34.03,6.41,1.27,64.11,4.7,3.56,0.65,0.7,0.66,19.44,0.1929,0.7084,0.0242,0.4474,0.25,24.84,-3.33,0.016625,14.74,-4.45,9.884,7.0055,-0.8660254037844386,0.5000000000000001,2023-10-01
Liuzhou,2023,11,109.43,24.33,18.14,30.29,6.64,11.11,13.15,18.06,99.71,3.39,9.47,5.03,49.7,74.72,9.97,1.45,11.05,31.24,5.0,0.86,58.58,2.56,2.39,0.64,0.68,0.66,16.34,-0.3044,-0.0158,-0.5911,-0.0911,0.2858,17.69,1.48,0.011205,12.22,-6.98,7.842,4.4985,-0.5000000000000004,0.8660254037844384,2023-11-01
Liuzhou,2023,12,109.43,24.33,12.83,28.69,-1.73,12.12,7.06,12.95,99.98,4.22,11.44,6.08,41.5,70.54,7.12,0.73,9.72,29.06,4.33,0.66,62.95,1.01,1.51,0.62,0.66,0.63,14.49,-0.4249,-0.5738,-0.5387,-1.3139,0.3168,17.75,4.88,0.014459,8.02,-8.19,7.5777,4.8826,-2.4492935982947064e-16,1.0,2023-12-01
Liuzhou,2024,1,109.43,24.33,12.31,24.74,-2.87,9.63,8.72,12.68,99.94,3.91,10.46,5.54,48.9,79.99,7.6,4.53,5.5,30.98,2.58,0.47,91.79,0.68,1.46,0.67,0.68,0.71,14.56,1.3468,0.2406,1.3118,0.0191,0.173,21.6,3.71,0.015552,6.77,-12.14,6.8945,4.6847,0.49999999999999994,0.8660254037844387,2024-01-01
Liuzhou,2024,2,109.43,24.33,12.52,31.32,1.57,10.71,8.03,12.98,99.74,5.36,11.49,7.04,58.4,76.07,7.45,2.39,7.32,30.83,3.39,0.69,86.06,0.79,1.69,0.68,0.71,0.7,17.94,0.3214,0.8014,0.3008,0.5457,0.0938,18.57,3.59,0.020335,9.1,-9.0,7.3491,4.6175,0.8660254037844386,0.5000000000000001,2024-02-01
Liuzhou,2024,3,109.43,24.33,18.58,32.06,3.83,11.38,13.85,19.13,99.3,4.59,11.2,6.45,116.7,76.09,10.58,2.54,10.38,33.28,4.8,0.93,88.34,1.78,2.57,0.69,0.71,0.71,20.34,-0.6465,0.6075,-0.9369,0.4607,0.1814,21.46,-0.33,0.022261,12.0,-7.4,8.5103,5.2823,1.0,6.123233995736766e-17,2024-03-01
Liuzhou,2024,4,109.43,24.33,24.2,34.33,14.33,9.18,20.92,24.56,98.57,4.02,9.91,5.83,135.9,83.1,15.97,11.09,11.84,36.07,5.51,1.01,84.36,2.87,3.74,0.74,0.76,0.79,21.49,2.1882,1.2986,1.968,1.0162,0.2256,33.32,-14.71,0.035471,17.28,-6.78,12.5479,7.4457,0.8660254037844387,-0.4999999999999998,2024-04-01
Liuzhou,2024,5,109.43,24.33,24.41,33.0,15.43,8.87,21.04,24.61,98.72,3.38,7.82,4.94,91.3,82.71,16.01,8.37,12.75,35.67,6.04,1.23,84.92,4.45,4.54,0.79,0.83,0.82,24.81,-0.045,1.2534,0.0056,0.936,0.3386,32.17,-10.74,0.021643,16.56,-5.01,11.9465,8.4293,0.49999999999999994,-0.8660254037844387,2024-05-01
Liuzhou,2024,6,109.43,24.33,26.95,32.28,20.37,6.37,24.85,27.03,98.35,3.39,7.33,5.1,154.6,88.8,20.18,7.369999999999999,11.6,37.42,5.7,1.35,95.58,3.9,5.06,0.89,0.92,0.91,25.9,1.2334,1.732,1.1908,1.5401,0.1423,34.27,-16.22,0.033111,19.11,-2.0,14.3245,9.904,1.2246467991473532e-16,-1.0,2024-06-01
Liuzhou,2024,7,109.43,24.33,28.15,35.17,23.96,6.8,25.58,28.16,98.23,3.25,7.9,4.98,169.7,86.67,21.03,6.37,17.86,37.55,8.58,2.0,79.82,6.12,6.01,0.89,0.93,0.89,26.64,0.2646,0.936,0.2512,0.8405,0.2944,30.11,-14.22,0.035914,20.31,-1.8,13.1273,8.1985,-0.4999999999999997,-0.8660254037844388,2024-07-01
Liuzhou,2024,8,109.43,24.33,28.15,34.05,23.45,7.38,25.1,28.22,98.38,2.51,7.07,3.84,173.6,84.39,20.41,4.76,17.23,37.52,8.24,1.92,75.44,6.75,5.76,0.85,0.91,0.86,24.91,-0.0468,1.0582,-0.2168,0.8766,0.2885,31.1,-14.51,0.016388,20.59,-2.2,12.9734,8.0152,-0.8660254037844385,-0.5000000000000004,2024-08-01
Liuzhou,2024,9,109.43,24.33,26.85,33.19,16.98,7.98,23.45,26.72,98.54,3.08,9.33,4.77,39.2,82.43,18.58,2.14,17.23,36.69,8.14,1.79,72.44,6.04,4.9,0.8,0.86,0.82,22.73,-0.776,-0.3336,-0.9645,-0.5374,0.3584,29.65,-12.25,0.023446,19.42,-2.51,12.4153,7.7688,-1.0,-1.8369701987210297e-16,2024-09-01
Liuzhou,2024,10,109.43,24.33,21.11,29.83,10.68,10.75,16.59,21.07,99.3,3.79,8.46,5.88,32.0,76.98,12.18,2.05,15.54,32.6,7.13,1.37,55.07,5.49,4.24,0.74,0.8,0.76,19.71,0.4856,-0.3602,0.5779,-0.489,0.4377,20.2,0.04,0.016916,14.03,-4.44,8.7833,6.3835,-0.8660254037844386,0.5000000000000001,2024-10-01
Liuzhou,2024,11,109.43,24.33,17.81,29.7,6.47,11.44,12.66,17.72,99.66,3.71,8.58,5.81,35.6,73.75,9.55,0.11,14.07,30.45,6.35,1.1,43.26,3.64,2.86,0.69,0.75,0.7,16.59,-2.0239,-1.2311,-1.5714,-2.5144,0.3162,21.37,-0.36,0.015109,11.5,-6.91,8.9261,5.1959,-0.5000000000000004,0.8660254037844384,2024-11-01
Liuzhou,2024,12,109.43,24.33,11.21,24.95,1.83,11.42,4.75,11.18,100.0,4.02,8.58,6.03,32.4,66.95,5.6,0.27,9.11,28.62,4.0,0.62,65.66,1.23,1.64,0.67,0.71,0.68,14.01,-1.2924,-1.2765,-1.1422,-3.09,0.249,2.9,15.86,0.010061,5.4,-5.65,5.0144,3.5419,-2.4492935982947064e-16,1.0,2024-12-01
Liuzhou,2025,1,109.43,24.33,12.0,23.65,0.1,13.24,4.71,11.9,99.9,3.66,11.82,5.6,39.7,64.35,5.66,0.74,11.3,27.61,4.82,0.71,50.22,0.96,1.53,0.64,0.68,0.65,15.04,-1.0064,-2.6635,-1.2212,-3.09,0.249,2.9,15.86,0.010061,5.4,-5.65,5.0144,3.5419,0.49999999999999994,0.8660254037844387,2025-01-01
Liuzhou,2025,2,109.43,24.33,11.65,28.03,-0.29,9.89,6.96,12.32,99.9,4.29,9.21,5.89,35.8,74.76,6.51,1.64,5.05,30.9,2.4,0.49,95.69,0.57,1.43,0.66,0.68,0.68,17.09,-0.2585,-1.7147,-0.1245,-1.4344,0.249,2.9,15.86,0.010061,5.4,-5.65,5.0144,3.5419,0.8660254037844386,0.5000000000000001,2025-02-01
Liuzhou,2025,3,109.43,24.33,17.14,33.43,5.32,12.55,10.7,17.86,99.44,4.83,10.8,6.59,56.3,68.65,8.7,1.8,11.57,31.97,5.25,0.97,74.0,1.51,2.44,0.65,0.68,0.66,20.26,-1.2812,-2.0219,-1.3126,-2.3513,0.249,2.9,15.86,0.010061,5.4,-5.65,5.0144,3.5419,1.0,6.123233995736766e-17,2025-03-01
Liuzhou,2025,4,109.43,24.33,23.34,36.16,7.21,12.7,16.13,23.93,98.93,3.65,11.21,5.36,133.3,67.09,12.06,2.55,14.37,34.35,6.58,1.26,78.64,2.39,3.13,0.62,0.65,0.62,22.8,-1.6133,-1.938,-2.0078,-2.6267,0.249,2.9,15.86,0.010061,5.4,-5.65,5.0144,3.5419,0.8660254037844387,-0.4999999999999998,2025-04-01
Liuzhou,2025,5,109.43,24.33,24.68,33.24,13.57,9.17,20.84,24.88,98.71,3.48,11.62,5.16,146.2,80.74,15.96,13.79,13.11,35.65,6.22,1.31,85.37,4.31,4.5,0.73,0.72,0.78,25.59,1.9317,0.1675,1.9244,0.0773,0.249,2.9,15.86,0.010061,5.4,-5.65,5.0144,3.5419,0.49999999999999994,-0.8660254037844387,2025-05-01
Liuzhou,2025,6,109.43,24.33,27.08,33.35,19.34,7.09,24.25,27.16,98.31,3.54,8.95,5.34,162.7,85.36,19.46,11.84,14.73,37.29,7.12,1.67,88.93,5.84,5.39,0.8,0.83,0.83,26.42,-0.204,0.2638,-0.2913,0.1415,0.249,2.9,15.86,0.010061,5.4,-5.65,5.0144,3.5419,1.2246467991473532e-16,-1.0,2025-06-01
Liuzhou,2025,7,109.43,24.33,28.82,34.33,23.22,7.64,25.07,28.82,97.97,2.25,8.92,3.45,41.3,81.17,20.46,5.5,19.64,37.71,9.36,2.16,76.97,8.23,6.06,0.8,0.85,0.82,26.3,-0.0377,0.6549,-0.1354,0.451,0.249,2.9,15.86,0.010061,5.4,-5.65,5.0144,3.5419,-0.4999999999999997,-0.8660254037844388,2025-07-01
Liuzhou,2025,8,109.43,24.33,27.48,33.3,21.8,6.95,24.46,27.49,98.48,2.71,7.59,4.1,157.8,84.45,19.63,7.36,17.55,37.02,8.38,1.93,81.27,6.4,5.27,0.82,0.87,0.85,25.19,1.0031,0.1561,1.0146,-0.131,0.249,2.9,15.86,0.010061,5.4,-5.65,5.0144,3.5419,-0.8660254037844385,-0.5000000000000004,2025-08-01
Liuzhou,2025,9,109.43,24.33,26.72,32.58,20.08,7.77,23.55,26.73,98.72,3.15,11.21,4.75,85.9,83.57,18.57,4.5,16.36,36.52,7.78,1.71,72.2,6.26,4.99,0.8,0.85,0.82,23.0,0.5638,0.6652,0.334,0.4073,0.249,2.9,15.86,0.010061,5.4,-5.65,5.0144,3.5419,-1.0,-1.8369701987210297e-16,2025-09-01
Liuzhou,2025,10,109.43,24.33,22.8,32.24,10.33,8.81,18.92,22.79,99.33,3.57,9.87,5.24,46.1,79.65,14.43,1.39,15.26,34.2,7.09,1.38,61.35,5.17,3.99,0.75,0.81,0.77,19.48,-0.0105,0.7963,-0.2066,0.5744,0.249,2.9,15.86,0.010061,5.4,-5.65,5.0144,3.5419,-0.8660254037844386,0.5000000000000001,2025-10-01
Liuzhou,2025,11,109.43,24.33,15.7,26.12,4.04,10.8,10.59,15.42,99.79,3.9,9.32,5.93,26.9,73.84,8.47,1.65,11.95,29.58,5.4,0.97,56.95,2.66,2.64,0.73,0.78,0.75,16.68,-0.1855,-0.0339,-0.2094,0.0165,0.249,2.9,15.86,0.010061,5.4,-5.65,5.0144,3.5419,-0.5000000000000004,0.8660254037844384,2025-11-01
Liuzhou,2025,12,109.43,24.33,14.15,24.5,2.32,10.83,9.47,13.98,99.73,3.26,10.7,4.87,38.9,75.1,7.69,1.57,9.31,30.04,4.15,0.65,65.28,1.6,1.88,0.71,0.75,0.73,13.88,0.4361,-0.2436,0.1864,-0.1494,0.249,2.9,15.86,0.010061,5.4,-5.65,5.0144,3.5419,-2.4492935982947064e-16,1.0,2025-12-01
Nanning,2005,1,108.37,22.82,11.18,29.26,-0.97,11.46,5.28,11.91,99.92,3.82,7.97,5.4,40.9,69.76,5.95,0.87,6.93,30.28,3.34,0.7,67.68,0.01,0.69,0.49,0.49,0.47,15.01,-0.2705,-0.3715,-0.2606,-0.0303,0.0582,7.9,7.47,0.014854,8.85,-7.47,6.452,3.302,0.49999999999999994,0.8660254037844387,2005-01-01
Nanning,2005,2,108.37,22.82,15.25,31.52,2.1,13.13,9.06,16.56,99.65,4.59,10.71,6.17,59.7,69.1,7.92,1.09,8.25,32.38,4.07,0.96,66.47,0.03,1.12,0.5,0.49,0.48,17.63,-0.0314,-0.3715,0.0804,-0.0303,0.122,18.97,-3.44,0.023131,13.37,-9.11,8.548,3.561,0.8660254037844386,0.5000000000000001,2005-02-01
Nanning,2005,3,108.37,22.82,18.43,34.7,4.6,13.39,11.15,19.68,99.68,4.42,12.05,6.02,92.8,65.99,9.01,2.03,9.64,32.98,4.62,0.96,72.1,0.08,1.32,0.49,0.49,0.47,20.03,0.1914,-0.3715,0.4604,-0.0303,0.1112,22.57,-2.51,0.019907,12.63,-8.78,8.594,4.792,1.0,6.123233995736766e-17,2005-03-01
Nanning,2005,4,108.37,22.82,24.68,40.34,13.19,12.77,17.13,26.01,99.16,3.88,9.53,5.33,145.5,66.4,12.64,2.08,13.32,35.71,6.28,1.29,71.68,0.23,2.09,0.51,0.5,0.49,22.11,-0.5233,-0.4129,-0.7249,-0.1559,0.2939,27.71,-8.32,0.022423,17.18,-6.22,10.229,6.111,0.8660254037844387,-0.4999999999999998,2005-04-01
Nanning,2005,5,108.37,22.82,28.16,40.56,19.95,10.09,22.8,28.78,98.47,3.88,9.99,5.63,168.0,75.45,17.83,5.75,18.12,36.86,8.74,2.0,68.28,2.25,3.57,0.58,0.57,0.59,25.78,0.1135,-0.1362,0.1325,-0.1037,0.235,32.7,-14.16,0.03059,21.19,-4.48,11.691,7.329,0.49999999999999994,-0.8660254037844387,2005-05-01
Nanning,2005,6,108.37,22.82,27.29,33.18,23.01,5.22,25.57,27.24,98.16,3.04,6.86,4.66,170.6,90.66,21.05,5.109999999999999,12.53,37.59,6.27,1.5,93.83,2.04,3.62,0.89,0.86,0.89,25.41,2.3729,1.2467,1.8243,1.0348,0.1789,35.34,-17.22,0.024122,20.7,-2.73,13.79,9.221,1.2246467991473532e-16,-1.0,2005-06-01
Nanning,2005,7,108.37,22.82,27.63,34.68,22.91,6.81,25.06,27.62,98.49,3.17,10.17,4.81,152.7,86.67,20.34,4.47,18.23,36.97,8.81,2.09,64.28,5.02,5.54,0.89,0.86,0.88,26.19,-1.0865,0.801,-0.9922,0.7207,0.2238,31.31,-14.08,0.019188,20.41,-3.27,12.447,7.463,-0.4999999999999997,-0.8660254037844388,2005-07-01
Nanning,2005,8,108.37,22.82,27.49,34.08,21.78,7.03,24.83,27.63,98.4,2.51,7.91,3.91,100.3,86.15,20.09,5.13,16.66,37.36,8.17,1.99,79.17,5.72,5.25,0.78,0.76,0.81,24.72,-0.8857,0.4319,-0.8882,0.4613,0.2262,33.5,-15.93,0.008448,20.04,-3.02,13.431,8.36,-0.8660254037844385,-0.5000000000000004,2005-08-01
Nanning,2005,9,108.37,22.82,26.28,34.15,19.55,8.84,22.54,26.32,98.96,3.65,9.93,5.57,56.7,81.21,17.41,3.79,16.29,36.48,7.89,1.85,65.63,6.03,5.05,0.67,0.66,0.7,22.46,-0.3479,-1.5144,-0.5163,-1.2646,0.229,29.89,-10.86,0.018187,18.72,-3.7,11.663,7.179,-1.0,-1.8369701987210297e-16,2005-09-01
Nanning,2005,10,108.37,22.82,23.56,33.87,12.98,11.46,16.86,24.09,99.57,3.25,8.42,4.9,43.7,68.62,12.45,0.36,15.16,34.01,6.95,1.41,42.47,2.39,2.87,0.56,0.56,0.54,18.13,-1.8397,-1.4694,-1.8807,-1.2963,0.2461,24.29,-4.66,0.012433,15.59,-4.93,9.892,6.125,-0.8660254037844386,0.5000000000000001,2005-10-01
Nanning,2005,11,108.37,22.82,19.95,33.14,7.34,11.32,13.9,20.56,99.66,3.64,7.85,5.35,56.9,70.7,10.71,1.1,11.71,32.39,5.57,1.28,53.72,0.34,1.47,0.52,0.52,0.5,16.78,-0.217,-1.2565,-0.3473,-1.2127,0.182,20.43,-0.57,0.014477,13.31,-5.13,9.034,5.407,-0.5000000000000004,0.8660254037844384,2005-11-01
Nanning,2005,12,108.37,22.82,12.68,26.85,2.17,11.07,4.16,13.17,100.18,4.14,10.53,6.01,38.0,59.92,5.67,0.89,8.66,29.24,3.97,0.78,61.17,0.04,0.87,0.49,0.49,0.47,14.12,0.2913,-1.198,0.4415,-1.1362,0.1481,9.76,10.51,0.014811,8.1,-6.27,5.97,4.8,-2.4492935982947064e-16,1.0,2005-12-01
Nanning,2006,1,108.37,22.82,13.86,29.37,1.12,13.27,7.05,14.66,99.8,4.12,10.04,5.91,57.1,66.58,6.99,0.22,9.48,29.97,4.38,0.96,56.69,0.02,0.74,0.49,0.49,0.45,15.86,-1.3323,-0.8635,-1.5136,-1.1787,0.1059,2.53,6.35,0.012561,10.37,-5.84,7.015,2.281,0.49999999999999994,0.8660254037844387,2006-01-01
Nanning,2006,2,108.37,22.82,15.54,31.06,5.55,11.2,9.71,16.75,99.92,4.52,9.93,5.94,51.7,70.22,7.8,2.01,7.04,32.69,3.5,0.9,88.24,0.02,0.84,0.49,0.49,0.45,18.19,0.7412,-0.4004,0.6699,-0.3073,0.1028,22.51,-1.8,0.02055,11.34,-8.66,8.862,4.656,0.8660254037844386,0.5000000000000001,2006-02-01
Nanning,2006,3,108.37,22.82,19.42,34.34,3.13,13.13,12.95,20.8,99.35,4.02,11.21,5.54,92.1,69.38,10.05,1.18,9.93,34.05,4.79,1.12,84.55,0.14,1.54,0.52,0.51,0.5,19.86,-0.6435,-0.7837,-0.4262,-0.6491,0.1434,24.89,-6.54,0.023489,14.61,-7.41,10.036,5.161,1.0,6.123233995736766e-17,2006-03-01
Nanning,2006,4,108.37,22.82,25.42,40.15,10.41,13.24,17.57,26.8,98.92,4.65,10.78,6.27,161.4,65.56,13.2,1.83,14.59,35.44,6.95,1.58,71.64,0.24,1.99,0.5,0.5,0.47,23.19,-0.7867,-0.561,-1.214,-0.6785,0.1263,29.01,-10.57,0.026983,18.43,-5.69,10.859,6.327,0.8660254037844387,-0.4999999999999998,2006-04-01
Nanning,2006,5,108.37,22.82,26.17,38.69,15.64,10.78,19.56,27.01,98.86,4.03,10.53,5.69,136.7,70.83,14.94,4.81,15.87,35.8,7.78,1.9,75.18,0.75,2.58,0.53,0.53,0.54,26.17,-0.2797,-0.8179,0.1469,-0.7116,0.1879,28.95,-10.13,0.016159,18.55,-4.67,11.046,6.611,0.49999999999999994,-0.8660254037844387,2006-05-01
Nanning,2006,6,108.37,22.82,27.35,35.82,22.12,7.57,24.21,27.57,98.45,3.06,6.53,4.7,166.9,84.16,19.34,6.32,15.35,37.14,7.61,1.78,86.21,3.93,3.99,0.64,0.63,0.68,25.84,-0.9006,-0.9071,-0.7044,-1.0337,0.2226,34.81,-16.37,0.028477,20.75,-3.14,13.273,8.775,1.2246467991473532e-16,-1.0,2006-06-01
Nanning,2006,7,108.37,22.82,27.65,34.11,23.06,6.13,25.25,27.62,98.17,3.18,9.26,4.81,153.4,87.46,20.64,12.48,15.99,37.42,7.89,1.95,79.24,4.53,4.76,0.8,0.77,0.83,25.8,1.7483,0.4956,2.0421,0.6191,0.1374,34.36,-16.87,0.016423,20.76,-2.46,13.736,8.83,-0.4999999999999997,-0.8660254037844388,2006-07-01
Nanning,2006,8,108.37,22.82,26.93,32.84,20.41,6.43,24.48,26.83,98.42,2.8,15.05,4.22,79.0,86.98,19.66,7.53,15.86,36.9,7.65,1.75,75.95,3.65,4.65,0.93,0.9,0.9,23.71,0.2251,0.7937,0.2094,0.818,0.2241,32.96,-14.64,0.01099,19.71,-3.46,12.875,8.286,-0.8660254037844385,-0.5000000000000004,2006-08-01
Nanning,2006,9,108.37,22.82,24.52,31.97,15.84,8.6,21.0,24.41,99.02,3.15,8.21,4.88,41.4,81.86,16.05,1.17,17.23,35.02,8.12,1.77,57.0,5.48,4.86,0.78,0.76,0.79,22.25,-2.4375,0.5538,-1.4587,0.6531,0.2004,26.6,-7.39,0.012118,17.6,-3.76,10.682,6.932,-1.0,-1.8369701987210297e-16,2006-09-01
Nanning,2006,10,108.37,22.82,24.87,32.98,16.18,10.37,19.87,25.33,99.45,2.8,7.41,4.41,75.8,75.79,14.74,0.86,14.64,34.86,6.64,1.29,31.4,2.67,3.01,0.58,0.58,0.57,17.02,-1.0872,-1.3476,-1.8228,-1.1262,0.1683,28.5,-7.68,0.009464,16.91,-4.78,10.662,6.841,-0.8660254037844386,0.5000000000000001,2006-10-01
Nanning,2006,11,108.37,22.82,20.28,31.76,9.46,11.9,13.79,20.74,99.54,3.56,8.83,5.28,55.7,69.86,10.26,1.69,11.38,32.86,5.33,1.11,54.78,0.44,1.56,0.53,0.52,0.51,16.35,0.2847,-1.9761,0.1162,-1.5651,0.1212,19.03,-1.44,0.013054,14.66,-6.58,8.26,4.113,-0.5000000000000004,0.8660254037844384,2006-11-01
Nanning,2006,12,108.37,22.82,13.83,29.16,3.31,13.28,6.13,14.19,100.13,3.91,8.58,5.88,40.0,63.31,6.15,0.14,11.0,28.89,4.95,0.93,48.52,0.16,1.08,0.52,0.52,0.49,14.73,-1.2563,-1.0036,-0.8382,-1.2946,0.1253,7.67,8.73,0.009382,9.59,-6.83,5.903,2.911,-2.4492935982947064e-16,1.0,2006-12-01
Nanning,2007,1,108.37,22.82,11.7,24.74,2.45,12.38,3.72,12.29,100.28,4.12,9.09,5.78,34.7,61.82,5.17,0.46,9.19,29.44,4.24,0.87,66.67,0.01,0.74,0.49,0.49,0.45,15.56,-0.8096,-0.8233,-0.7631,-1.0622,0.1021,5.25,10.14,0.010053,8.15,-6.78,5.889,2.63,0.49999999999999994,0.8660254037844387,2007-01-01
Nanning,2007,2,108.37,22.82,19.59,32.49,5.45,13.18,12.33,20.62,99.48,4.25,9.19,5.9,139.1,66.94,9.56,0.88,10.68,32.8,4.95,0.99,65.25,0.01,0.75,0.48,0.48,0.4,16.89,-0.2674,-1.7559,-1.1349,-2.1348,0.111,24.69,-3.93,0.021588,13.89,-9.91,8.218,4.238,0.8660254037844386,0.5000000000000001,2007-02-01
Nanning,2007,3,108.37,22.82,20.28,36.43,6.56,12.1,14.43,21.46,99.28,4.84,9.48,6.46,125.2,71.92,10.92,1.78,8.71,34.74,4.15,0.89,85.82,0.1,1.33,0.5,0.5,0.48,18.48,-0.0243,-0.9049,-0.0864,-1.1746,0.1738,22.04,-5.72,0.025079,15.64,-6.23,9.775,4.272,1.0,6.123233995736766e-17,2007-03-01
Nanning,2007,4,108.37,22.82,22.2,39.29,8.14,12.72,14.57,23.48,99.3,3.91,11.76,5.27,72.0,65.45,10.95,1.58,12.61,34.71,5.99,1.23,85.37,0.07,1.51,0.49,0.49,0.47,22.55,-1.0763,-0.9637,-0.3785,-1.095,0.1668,24.68,-5.39,0.017594,15.3,-7.89,9.096,5.414,0.8660254037844387,-0.4999999999999998,2007-04-01
Nanning,2007,5,108.37,22.82,26.73,39.32,15.38,11.97,19.19,27.84,98.79,3.39,9.15,4.82,161.8,67.36,14.5,4.04,17.71,36.02,8.41,1.87,71.88,0.89,2.79,0.53,0.53,0.52,26.07,-0.6428,-0.9706,-0.3727,-0.5772,0.2033,26.48,-9.38,0.016399,18.35,-4.25,10.992,6.102,0.49999999999999994,-0.8660254037844387,2007-05-01
Nanning,2007,6,108.37,22.82,27.73,36.08,21.45,8.14,23.99,28.02,98.39,3.18,6.86,4.79,170.2,81.59,19.12,6.23,17.09,37.01,8.32,1.95,77.6,3.85,3.95,0.61,0.6,0.64,26.07,-0.9462,-1.211,-1.0005,-1.2883,0.1521,30.97,-14.04,0.02818,20.67,-2.98,12.444,7.479,1.2246467991473532e-16,-1.0,2007-06-01
Nanning,2007,7,108.37,22.82,27.57,33.7,22.51,6.82,25.14,27.66,98.4,3.61,8.72,5.5,165.2,87.36,20.46,5.93,17.89,37.14,8.82,2.19,76.77,5.91,4.89,0.7,0.68,0.74,26.69,-0.3996,-1.126,-0.4703,-1.1379,0.24,31.99,-14.39,0.034604,20.48,-2.8,12.729,7.988,-0.4999999999999997,-0.8660254037844388,2007-07-01
Nanning,2007,8,108.37,22.82,27.56,34.63,22.42,7.31,24.23,27.59,98.37,2.45,5.75,3.78,94.3,83.09,19.38,7.71,17.43,36.99,8.35,1.92,72.67,5.5,4.69,0.69,0.67,0.73,24.0,0.2982,-0.6535,0.1583,-0.571,0.2561,29.59,-12.16,0.004652,20.41,-3.16,11.73,7.006,-0.8660254037844385,-0.5000000000000004,2007-08-01
Nanning,2007,9,108.37,22.82,24.67,31.93,14.98,8.15,21.53,24.67,98.82,3.41,8.43,5.18,33.9,83.66,16.51,5.23,15.47,35.97,7.39,1.75,70.92,5.39,4.9,0.76,0.74,0.79,22.31,0.3678,-0.0218,0.5517,0.0364,0.2467,26.91,-8.09,0.013418,17.82,-3.1,11.148,7.01,-1.0,-1.8369701987210297e-16,2007-09-01
Nanning,2007,10,108.37,22.82,22.4,31.72,12.62,10.58,17.01,22.5,99.45,3.69,9.22,5.55,40.7,73.53,12.55,0.88,15.0,33.75,6.87,1.44,42.21,3.38,3.33,0.61,0.61,0.61,18.07,-1.065,-0.1498,-0.7961,-0.1424,0.2218,19.81,-1.88,0.016422,15.38,-4.25,9.118,5.105,-0.8660254037844386,0.5000000000000001,2007-10-01
Nanning,2007,11,108.37,22.82,16.99,29.53,3.37,13.96,8.04,17.19,99.85,3.92,9.88,6.08,29.1,60.07,7.06,0.58,14.72,28.82,6.54,1.26,59.67,0.61,1.66,0.54,0.53,0.51,16.46,-0.8535,-0.6905,-0.1905,-0.387,0.1794,6.36,9.67,0.008885,11.73,-7.1,4.576,3.404,-0.5000000000000004,0.8660254037844384,2007-11-01
Nanning,2007,12,108.37,22.82,15.64,29.25,4.32,11.48,9.11,16.2,99.79,3.95,8.24,5.8,57.9,68.08,7.66,0.7,7.8,32.1,3.7,0.8,77.13,0.03,0.77,0.49,0.49,0.46,13.99,0.0406,-1.3111,-0.2554,-0.9671,0.1398,10.92,4.22,0.013562,10.95,-5.65,7.759,3.148,-2.4492935982947064e-16,1.0,2007-12-01
Nanning,2008,1,108.37,22.82,9.87,31.02,0.91,11.01,3.23,10.67,100.03,4.51,8.19,5.9,34.8,66.17,5.26,1.91,7.71,29.38,3.62,0.8,67.17,0.01,0.73,0.49,0.49,0.47,16.14,0.5537,-0.285,0.6734,-0.015,0.0927,6.13,7.25,0.013907,9.3,-7.42,6.389,3.202,0.49999999999999994,0.8660254037844387,2008-01-01
Nanning,2008,2,108.37,22.82,9.74,26.74,-1.27,10.67,3.68,10.5,100.19,4.08,9.61,5.71,34.8,68.69,5.33,2.1,7.27,30.15,3.53,0.87,83.19,0.35,1.47,0.59,0.58,0.59,17.76,0.8531,0.5834,1.1636,0.8192,0.075,6.84,14.93,0.012901,5.13,-5.91,5.408,4.194,0.8660254037844386,0.5000000000000001,2008-02-01
Nanning,2008,3,108.37,22.82,19.86,35.84,5.27,12.47,13.69,20.84,99.38,3.56,9.6,5.01,130.0,70.96,10.3,1.17,11.76,33.28,5.49,1.21,72.66,0.49,1.88,0.56,0.55,0.53,20.09,-0.6555,0.2412,-0.5693,0.592,0.0546,23.73,-2.56,0.018224,13.41,-8.75,8.318,5.001,1.0,6.123233995736766e-17,2008-03-01
Nanning,2008,4,108.37,22.82,24.17,38.28,12.9,12.01,17.98,25.5,99.01,3.92,9.39,5.32,136.2,71.35,13.31,2.0,13.08,35.79,6.24,1.38,75.95,0.53,2.21,0.53,0.53,0.51,22.74,-0.6051,-0.3892,-0.6279,0.0802,0.1334,26.79,-8.85,0.022522,17.06,-5.5,10.784,5.991,0.8660254037844387,-0.4999999999999998,2008-04-01
Nanning,2008,5,108.37,22.82,26.36,36.22,17.47,10.96,19.89,27.43,98.63,3.52,10.28,4.98,120.6,70.97,15.1,4.35,15.63,36.32,7.54,1.75,72.64,1.14,2.74,0.55,0.54,0.53,25.23,-0.4913,-0.9305,-0.0905,-0.7289,0.1906,29.3,-10.49,0.016144,17.77,-4.16,11.705,7.057,0.49999999999999994,-0.8660254037844387,2008-05-01
Nanning,2008,6,108.37,22.82,26.71,33.61,19.67,7.17,23.88,26.98,98.38,2.96,7.31,4.41,166.8,85.6,19.0,10.71,13.42,37.2,6.64,1.54,91.73,4.01,4.5,0.73,0.71,0.77,25.46,0.9335,0.0572,1.0453,0.3542,0.1891,32.92,-14.1,0.021717,19.37,-3.33,12.849,8.197,1.2246467991473532e-16,-1.0,2008-06-01
Nanning,2008,7,108.37,22.82,26.95,34.18,22.93,6.23,24.8,26.94,98.35,3.01,7.07,4.68,163.8,88.66,20.05,8.75,15.18,36.94,7.56,1.82,86.27,3.87,4.48,0.88,0.85,0.88,25.92,0.6549,0.5069,0.6871,0.7138,0.1333,31.79,-13.58,0.025401,19.98,-3.49,12.332,7.703,-0.4999999999999997,-0.8660254037844388,2008-07-01
Nanning,2008,8,108.37,22.82,26.9,34.02,22.52,6.57,24.72,26.88,98.47,3.12,12.42,4.79,140.1,88.42,19.93,10.32,15.81,36.88,7.78,1.88,86.4,3.94,4.96,0.92,0.89,0.9,25.24,1.2501,1.4441,1.4005,1.4806,0.2526,30.81,-13.87,0.013056,19.93,-3.35,12.523,7.334,-0.8660254037844385,-0.5000000000000004,2008-08-01
Nanning,2008,9,108.37,22.82,26.09,33.76,18.74,7.39,23.19,26.02,98.78,2.96,15.95,4.46,64.1,84.86,18.15,7.71,16.6,36.16,7.96,1.81,61.64,4.65,4.88,0.87,0.84,0.87,22.48,1.3411,1.6846,1.545,1.8526,0.2494,27.16,-9.65,0.010885,19.08,-3.59,11.078,6.307,-1.0,-1.8369701987210297e-16,2008-09-01
Nanning,2008,10,108.37,22.82,23.11,30.17,15.34,8.99,19.78,22.99,99.42,2.92,7.97,4.53,48.3,82.55,14.68,3.8,14.38,34.82,6.87,1.59,59.4,4.37,4.25,0.79,0.76,0.81,19.31,0.7018,1.5949,0.6012,1.7962,0.1918,24.71,-5.88,0.016128,16.43,-4.77,10.125,6.139,-0.8660254037844386,0.5000000000000001,2008-10-01
Nanning,2008,11,108.37,22.82,16.24,28.31,3.98,10.0,12.41,15.92,99.89,3.41,7.8,5.29,32.4,79.47,9.53,3.04,12.42,30.13,5.72,1.2,43.95,1.95,3.03,0.84,0.81,0.84,17.15,1.099,1.4518,1.2409,1.5219,0.186,10.15,6.37,0.012193,11.74,-6.48,6.202,3.54,-0.5000000000000004,0.8660254037844384,2008-11-01
Nanning,2008,12,108.37,22.82,12.65,23.37,2.64,11.09,7.88,12.19,100.02,3.32,9.61,4.85,32.3,74.36,6.88,0.58,10.81,28.73,4.89,0.97,46.91,1.39,2.11,0.7,0.69,0.73,14.95,-0.1428,0.8334,0.1484,0.8351,0.178,2.82,9.53,0.008346,8.88,-7.03,5.756,2.344,-2.4492935982947064e-16,1.0,2008-12-01
Nanning,2009,1,108.37,22.82,10.6,23.62,0.77,11.67,4.73,10.72,100.2,3.77,10.38,5.61,41.8,69.64,5.69,0.27,11.22,27.97,4.99,0.97,49.72,0.69,1.63,0.63,0.62,0.64,15.79,-1.1961,0.0138,-0.859,0.4409,0.1703,2.94,12.29,0.007743,7.39,-7.17,5.111,2.644,0.49999999999999994,0.8660254037844387,2009-01-01
Nanning,2009,2,108.37,22.82,20.45,34.39,8.96,12.76,15.59,21.24,99.25,4.04,9.76,5.69,163.8,76.47,11.42,0.21,12.77,33.16,6.01,1.4,55.4,0.55,1.7,0.56,0.55,0.53,18.92,-1.5293,-2.2193,-0.41335,-2.5701,0.1795,15.12,-2.45,0.025601,15.59,-4.72,9.075,3.082,0.8660254037844386,0.5000000000000001,2009-02-01
Nanning,2009,3,108.37,22.82,18.41,35.37,5.05,11.17,12.95,19.56,99.36,4.36,12.36,5.86,78.4,73.11,10.05,1.43,9.68,33.8,4.61,1.01,87.25,0.16,1.41,0.52,0.52,0.51,19.32,-0.364,-1.8237,0.0323,-1.6673,0.169,21.3,-4.71,0.021833,15.17,-7.31,9.105,4.499,1.0,6.123233995736766e-17,2009-03-01
Nanning,2009,4,108.37,22.82,23.49,35.27,11.86,11.31,17.74,24.6,99.03,4.23,8.68,5.79,133.1,72.94,13.17,3.6,12.47,35.54,5.99,1.27,80.22,0.93,2.64,0.56,0.55,0.55,22.91,0.7371,-0.3706,0.7125,-0.4447,0.2171,28.28,-8.2,0.023277,15.74,-6.3,10.723,6.49,0.8660254037844387,-0.4999999999999998,2009-04-01
Nanning,2009,5,108.37,22.82,25.44,35.4,17.67,9.46,20.85,26.27,98.88,3.91,8.6,5.49,132.3,77.66,15.78,5.7,13.74,36.59,6.82,1.58,82.64,2.34,3.44,0.59,0.58,0.6,25.82,0.0937,0.112,0.5268,0.5154,0.1992,31.04,-11.4,0.021533,17.14,-4.23,12.299,7.812,0.49999999999999994,-0.8660254037844387,2009-05-01
Nanning,2009,6,108.37,22.82,27.14,33.62,19.18,6.84,24.37,27.21,98.25,2.96,7.25,4.46,159.7,85.84,19.64,6.0,16.68,37.11,8.17,1.88,83.67,4.61,4.13,0.69,0.67,0.73,25.97,-1.0648,-0.3266,-0.9163,0.1207,0.1716,32.14,-15.02,0.025751,20.47,-2.83,12.971,7.903,1.2246467991473532e-16,-1.0,2009-06-01
Nanning,2009,7,108.37,22.82,27.76,33.93,22.56,7.21,24.99,27.93,98.29,3.23,7.31,4.89,163.6,85.75,20.28,8.33,16.59,37.36,8.2,1.99,76.74,6.61,5.53,0.71,0.7,0.76,26.29,0.5138,-0.2346,0.3717,0.0695,0.2004,32.54,-15.7,0.021683,20.24,-2.08,13.632,8.343,-0.4999999999999997,-0.8660254037844388,2009-07-01
Nanning,2009,8,108.37,22.82,27.77,34.99,20.76,7.54,24.56,27.78,98.49,2.69,8.72,4.17,95.5,83.63,19.75,3.29,19.28,37.04,9.3,2.19,66.7,6.12,4.83,0.71,0.7,0.74,24.76,-2.0156,-1.2307,-1.6825,-1.1026,0.2214,30.37,-13.74,0.004873,20.51,-3.16,12.318,7.146,-0.8660254037844385,-0.5000000000000004,2009-08-01
Nanning,2009,9,108.37,22.82,27.56,35.87,19.09,9.32,22.74,27.94,98.77,3.24,9.4,4.87,52.1,76.64,17.71,2.89,17.14,36.59,8.12,1.77,59.63,4.2,4.12,0.61,0.6,0.61,22.37,-0.8956,-1.1682,-1.2489,-1.1831,0.2534,29.56,-12.75,0.015124,19.29,-3.45,12.294,6.845,-1.0,-1.8369701987210297e-16,2009-09-01
Nanning,2009,10,108.37,22.82,24.24,34.79,17.12,11.08,17.65,24.75,99.26,3.28,8.74,4.93,53.1,70.07,12.87,1.83,13.9,34.4,6.52,1.44,50.3,1.43,2.46,0.55,0.55,0.53,18.38,-0.2799,-1.9113,-0.5538,-1.7113,0.1976,26.03,-5.74,0.013319,16.77,-3.71,10.363,6.875,-0.8660254037844386,0.5000000000000001,2009-10-01
Nanning,2009,11,108.37,22.82,16.93,33.16,3.75,12.45,8.6,17.49,99.82,4.28,10.9,6.1,41.9,61.51,7.87,0.5,12.59,30.58,5.78,1.19,47.5,0.25,1.33,0.51,0.51,0.48,16.86,-0.9856,-1.2485,-0.26,-1.2443,0.2174,10.64,6.23,0.009427,11.87,-4.66,6.968,3.981,-0.5000000000000004,0.8660254037844384,2009-11-01
Nanning,2009,12,108.37,22.82,14.61,27.62,3.29,10.71,8.19,15.35,99.85,3.93,10.32,5.55,65.7,67.96,7.29,0.26,7.73,31.28,3.68,0.71,76.93,0.03,0.48,0.48,0.48,0.4,14.14,-0.8216,-1.0396,-0.8223,-0.9723,0.1735,11.21,3.42,0.014587,9.98,-7.57,7.672,2.917,-2.4492935982947064e-16,1.0,2009-12-01
Nanning,2010,1,108.37,22.82,13.44,27.85,2.62,10.58,9.02,14.03,99.93,3.75,8.76,5.35,56.3,76.63,7.72,3.89,6.7,31.65,3.34,0.78,82.83,0.28,1.0,0.53,0.53,0.53,15.79,1.5172,0.3705,1.6036,0.4811,0.1009,13.35,2.66,0.016987,10.94,-6.48,8.068,3.512,0.49999999999999994,0.8660254037844387,2010-01-01
Nanning,2010,2,108.37,22.82,16.84,34.62,3.25,12.29,11.28,17.75,99.4,4.39,11.23,6.11,108.8,72.87,9.29,0.12,11.11,32.43,5.27,1.16,71.47,0.64,1.79,0.58,0.57,0.56,18.45,-1.9158,0.4158,-1.3681,0.1763,0.1948,14.34,-1.15,0.021201,14.51,-8.08,7.582,2.947,0.8660254037844386,0.5000000000000001,2010-02-01
Nanning,2010,3,108.37,22.82,19.33,35.43,5.42,12.25,12.44,20.41,99.45,4.66,11.48,6.29,119.7,67.94,9.89,0.25,11.75,33.48,5.33,1.03,73.95,0.11,1.24,0.51,0.51,0.48,18.56,-2.4315,-0.1674,-1.9376,-0.2122,0.1992,20.72,-3.4,0.022529,15.29,-7.04,8.63,4.624,1.0,6.123233995736766e-17,2010-03-01
Nanning,2010,4,108.37,22.82,21.94,37.09,9.3,11.31,16.64,23.1,99.21,4.35,9.07,5.78,98.9,74.16,12.4,3.99,10.49,35.4,5.11,1.1,83.91,0.52,2.11,0.54,0.53,0.53,22.21,1.0006,-0.8903,1.2848,-0.3313,0.1772,28.84,-10.15,0.029257,17.08,-5.87,11.154,6.484,0.8660254037844387,-0.4999999999999998,2010-04-01
Nanning,2010,5,108.37,22.82,26.44,34.94,18.42,9.82,22.29,27.08,98.58,3.81,9.51,5.4,148.6,79.51,17.31,5.02,14.61,36.9,7.2,1.62,81.57,3.02,3.81,0.61,0.6,0.62,25.07,-0.1876,-0.3467,0.1779,0.1535,0.1962,31.72,-15.45,0.035776,20.23,-3.08,13.141,7.662,0.49999999999999994,-0.8660254037844387,2010-05-01
Nanning,2010,6,108.37,22.82,26.55,33.58,19.21,6.9,24.0,26.71,98.51,3.33,7.73,4.93,146.5,86.62,19.21,8.72,12.86,37.49,6.45,1.5,93.14,3.19,3.59,0.68,0.67,0.73,25.26,0.1802,0.2048,0.566,0.6096,0.1558,33.36,-15.84,0.030951,20.35,-2.97,13.289,8.456,1.2246467991473532e-16,-1.0,2010-06-01
Nanning,2010,7,108.37,22.82,27.71,33.99,23.56,6.47,25.32,27.64,98.5,3.72,7.91,5.71,158.9,87.53,20.65,8.02,18.6,37.18,9.03,2.12,83.75,4.92,4.63,0.76,0.74,0.8,26.51,0.4067,0.1114,0.2652,0.3423,0.2262,32.61,-15.22,0.031252,20.62,-2.73,13.032,8.22,-0.4999999999999997,-0.8660254037844388,2010-07-01
Nanning,2010,8,108.37,22.82,26.81,31.98,20.8,6.45,24.37,26.78,98.72,2.73,6.16,4.21,126.5,87.11,19.48,4.21,17.99,36.83,8.7,2.1,75.89,4.5,4.59,0.83,0.81,0.84,25.12,-1.4071,-0.4105,-1.1289,-0.1571,0.2376,32.68,-14.48,0.015943,19.54,-3.01,13.058,8.327,-0.8660254037844385,-0.5000000000000004,2010-08-01
Nanning,2010,9,108.37,22.82,26.12,33.44,19.46,7.55,23.39,26.17,98.83,2.46,6.0,3.85,125.3,85.77,18.36,5.89,16.52,36.4,7.93,1.78,68.77,5.16,4.62,0.77,0.75,0.8,22.51,0.652,-0.214,0.586,-0.1956,0.225,31.7,-13.1,0.008301,19.56,-3.38,12.351,7.757,-1.0,-1.8369701987210297e-16,2010-09-01
Nanning,2010,10,108.37,22.82,20.98,30.78,8.21,9.33,16.76,21.0,99.4,4.08,8.16,6.2,33.0,78.17,12.59,0.48,14.41,33.37,6.75,1.45,59.59,4.1,3.88,0.7,0.69,0.71,19.34,-1.6081,-1.07,-0.7717,-0.804,0.224,23.55,-2.75,0.020201,15.01,-4.36,9.574,6.722,-0.8660254037844386,0.5000000000000001,2010-10-01
Nanning,2010,11,108.37,22.82,17.71,28.76,8.52,12.77,11.08,17.92,99.74,3.31,7.17,5.17,35.7,68.09,8.36,0.39,12.11,30.55,5.43,0.99,48.05,1.06,1.82,0.56,0.55,0.54,15.54,-1.1957,-0.6703,-0.5961,-0.4492,0.1598,13.26,6.31,0.011076,12.1,-5.76,6.387,4.359,-0.5000000000000004,0.8660254037844384,2010-11-01
Nanning,2010,12,108.37,22.82,14.22,27.79,-0.8,11.84,8.02,14.4,99.62,3.74,11.75,5.46,45.9,69.48,7.23,1.44,9.61,30.17,4.45,0.88,57.77,0.29,1.21,0.54,0.54,0.53,14.69,0.8585,-1.2089,0.7096,-0.7121,0.1823,14.44,5.39,0.013837,11.05,-5.86,7.139,4.534,-2.4492935982947064e-16,1.0,2010-12-01
Nanning,2011,1,108.37,22.82,7.22,29.285,-0.83,9.83,0.39,8.01,100.26,4.84,10.3,6.51,30.0,64.08,3.97,0.47,5.92,29.3,2.94,0.66,89.19,0.06,0.91,0.53,0.53,0.51,15.61,-0.7928,-0.7897,-0.3554,-0.3362,0.0522,5.28,11.94,0.012934,5.23,-7.83,5.827,3.253,0.49999999999999994,0.8660254037844387,2011-01-01
Nanning,2011,2,108.37,22.82,15.13,30.78,2.32,12.13,9.62,16.21,99.55,3.97,8.3,5.52,93.8,72.14,7.94,0.83,8.32,32.17,4.08,0.97,80.45,0.09,1.06,0.52,0.51,0.5,18.2,-0.3292,-0.5922,-0.1155,-0.1794,0.0598,13.02,0.66,0.017404,11.57,-8.08,7.986,2.918,0.8660254037844386,0.5000000000000001,2011-02-01
Nanning,2011,3,108.37,22.82,15.15,29.97,4.18,10.78,9.51,16.2,99.84,4.42,13.86,5.93,43.1,71.42,7.73,3.1,7.54,32.77,3.83,0.94,95.51,0.46,1.65,0.56,0.55,0.56,20.8,0.9552,-0.1288,1.4028,0.5617,0.1182,16.48,3.98,0.0159,9.99,-7.64,7.403,4.721,1.0,6.123233995736766e-17,2011-03-01
Nanning,2011,4,108.37,22.82,23.01,33.91,11.2,11.73,16.72,24.08,99.22,3.83,8.83,5.39,151.8,70.62,12.21,1.78,13.01,34.88,6.19,1.32,78.95,0.5,1.99,0.54,0.54,0.52,22.66,-0.8423,-0.1196,-0.4468,0.6302,0.1614,25.37,-6.85,0.021204,15.75,-5.76,10.387,5.623,0.8660254037844387,-0.4999999999999998,2011-04-01
Nanning,2011,5,108.37,22.82,25.08,37.44,15.2,11.51,18.94,25.86,98.79,3.92,8.68,5.52,116.6,71.73,14.15,3.06,17.04,35.28,8.14,1.83,69.89,1.95,3.3,0.57,0.57,0.56,25.66,-1.1819,-0.7739,-0.5588,0.1358,0.2079,26.45,-9.01,0.014887,17.9,-4.1,11.084,6.34,0.49999999999999994,-0.8660254037844387,2011-05-01
Nanning,2011,6,108.37,22.82,28.41,36.98,22.4,8.34,23.97,28.97,98.26,3.72,10.63,5.41,155.9,79.0,19.11,8.25,15.04,37.26,7.29,1.69,85.19,1.92,3.41,0.58,0.57,0.59,25.87,-0.014,-0.8886,0.0814,-0.5837,0.2299,35.78,-17.78,0.025597,20.46,-2.55,14.179,9.485,1.2246467991473532e-16,-1.0,2011-06-01
Nanning,2011,7,108.37,22.82,27.81,34.41,23.29,7.7,24.56,27.95,98.32,3.17,9.11,4.74,150.9,83.53,19.76,3.6,18.63,37.07,9.03,2.15,65.43,6.77,5.31,0.69,0.67,0.72,25.24,-1.5737,-1.4755,-1.3204,-1.6127,0.1758,31.81,-14.41,0.014068,20.46,-2.73,12.775,7.908,-0.4999999999999997,-0.8660254037844388,2011-07-01
Nanning,2011,8,108.37,22.82,27.45,37.51,21.22,8.98,23.22,27.83,98.57,2.68,6.0,4.1,142.8,79.69,18.23,3.82,18.3,36.69,8.83,2.1,65.63,4.42,4.24,0.61,0.6,0.62,24.89,-1.6523,-1.7966,-1.4084,-1.8271,0.2568,31.28,-13.77,0.010282,19.67,-3.57,12.5,7.432,-0.8660254037844385,-0.5000000000000004,2011-08-01
Nanning,2011,9,108.37,22.82,26.64,36.48,16.34,10.3,21.03,27.26,98.75,3.88,16.34,5.66,58.8,73.81,16.14,5.95,16.57,36.28,7.81,1.66,63.36,2.19,3.46,0.57,0.56,0.56,21.94,0.6767,-1.5423,0.5008,-1.3301,0.209,31.31,-12.08,0.018007,18.38,-3.47,12.379,8.108,-1.0,-1.8369701987210297e-16,2011-09-01
Nanning,2011,10,108.37,22.82,21.25,30.91,14.17,8.24,18.24,21.18,99.44,3.52,8.95,5.24,38.8,83.82,13.42,6.81,12.54,34.1,5.96,1.29,62.52,3.47,3.95,0.8,0.78,0.82,19.23,1.6861,0.5137,1.6689,0.4111,0.2217,26.35,-5.29,0.015359,14.82,-5.43,10.255,6.853,-0.8660254037844386,0.5000000000000001,2011-10-01
Nanning,2011,11,108.37,22.82,19.85,28.33,9.27,10.42,15.96,19.59,99.58,2.78,8.96,4.23,49.2,79.54,11.63,0.65,13.11,32.41,6.09,1.22,44.99,3.11,2.84,0.67,0.65,0.69,16.57,-0.7485,1.225,-1.0647,1.1338,0.1879,19.38,-1.44,0.011924,13.44,-7.65,8.299,4.062,-0.5000000000000004,0.8660254037844384,2011-11-01
Nanning,2011,12,108.37,22.82,11.42,23.59,2.14,11.66,4.39,11.6,100.21,4.16,9.04,6.16,31.0,64.58,5.41,0.5,9.63,28.66,4.33,0.78,56.25,0.6,1.52,0.58,0.58,0.57,14.07,-0.2803,1.0074,0.2111,0.9918,0.1427,5.04,13.26,0.011362,8.0,-4.76,5.485,3.767,-2.4492935982947064e-16,1.0,2011-12-01
Nanning,2012,1,108.37,22.82,9.59,25.945,-0.44,9.17,5.74,10.24,99.97,3.89,8.81,5.37,35.9,78.3,5.89,2.46,4.86,31.4,2.52,0.67,95.55,0.29,1.21,0.6,0.59,0.61,15.69,0.8684,-0.08,1.0409,0.1593,0.0211,10.38,6.6,0.017903,8.88,-6.47,7.234,3.482,0.49999999999999994,0.8660254037844387,2012-01-01
Nanning,2012,2,108.37,22.82,13.0,28.3,3.76,11.17,8.47,13.97,99.61,4.38,9.24,5.9,50.3,75.53,7.34,0.66,6.7,32.85,3.45,0.89,95.82,0.42,1.49,0.59,0.58,0.58,18.12,-0.5269,0.0244,0.013,0.507,0.0448,11.16,2.62,0.019254,11.66,-6.79,7.668,3.097,0.8660254037844386,0.5000000000000001,2012-02-01
Nanning,2012,3,108.37,22.82,19.14,32.09,7.47,11.15,13.77,20.11,99.38,4.38,12.38,6.03,110.9,73.86,10.46,1.28,9.17,34.62,4.42,0.97,91.24,0.45,1.74,0.56,0.56,0.54,19.33,-0.5272,-0.1086,-0.2595,0.2764,0.1187,22.41,-3.43,0.023949,14.75,-6.78,8.962,5.012,1.0,6.123233995736766e-17,2012-03-01
Nanning,2012,4,108.37,22.82,25.14,40.54,13.54,12.38,18.61,26.32,98.83,4.29,12.05,5.86,155.6,70.5,13.87,1.48,15.05,35.74,7.15,1.48,71.54,0.44,2.03,0.53,0.52,0.5,23.17,-1.2011,-1.4958,-1.4407,-1.6414,0.2284,29.02,-11.54,0.026328,18.85,-6.23,10.868,5.837,0.8660254037844387,-0.4999999999999998,2012-04-01
Nanning,2012,5,108.37,22.82,27.68,41.62,19.11,9.26,22.78,28.49,98.54,3.46,7.04,4.98,134.0,77.22,17.79,6.26,16.85,36.98,8.18,1.8,74.49,1.78,3.21,0.57,0.56,0.59,25.6,0.309,-0.3988,0.3844,-0.426,0.1466,33.9,-15.26,0.022142,19.8,-3.61,13.025,8.508,0.49999999999999994,-0.8660254037844387,2012-05-01
Nanning,2012,6,108.37,22.82,27.08,32.85,20.15,6.77,24.45,27.23,98.1,3.27,7.39,4.88,136.9,86.22,19.73,7.31,13.28,37.61,6.58,1.51,91.56,4.61,4.39,0.69,0.67,0.74,25.04,-0.426,-0.3805,-0.0264,-0.3672,0.2456,36.13,-18.03,0.016031,20.37,-2.51,14.331,9.818,1.2246467991473532e-16,-1.0,2012-06-01
Nanning,2012,7,108.37,22.82,27.48,33.84,23.08,6.81,24.87,27.56,98.26,3.51,10.77,5.35,161.7,86.53,20.14,5.54,17.21,37.02,8.47,1.99,78.27,5.63,4.76,0.69,0.67,0.73,26.43,-0.5706,-0.4463,-0.5908,-0.3266,0.2819,33.62,-16.02,0.024522,20.09,-2.9,13.495,8.623,-0.4999999999999997,-0.8660254037844388,2012-07-01
Nanning,2012,8,108.37,22.82,27.43,33.73,21.04,7.08,24.56,27.43,98.34,2.69,15.44,4.1,70.9,85.16,19.78,6.93,17.35,37.07,8.34,1.9,72.73,5.51,4.77,0.77,0.74,0.8,24.19,-0.0272,-0.6844,-0.1358,-0.4981,0.1801,32.31,-14.76,0.006221,20.37,-2.96,12.858,7.895,-0.8660254037844385,-0.5000000000000004,2012-08-01
Nanning,2012,9,108.37,22.82,24.75,31.95,15.07,8.39,21.18,24.88,99.06,3.08,9.67,4.77,60.6,81.82,16.27,2.37,16.59,35.75,7.99,1.83,71.2,5.48,4.59,0.69,0.67,0.71,22.53,-1.2685,-1.0674,-0.9069,-0.7949,0.2604,29.34,-9.07,0.010011,17.64,-3.72,11.363,7.761,-1.0,-1.8369701987210297e-16,2012-09-01
Nanning,2012,10,108.37,22.82,23.88,32.28,13.43,10.83,18.3,24.45,99.38,3.51,9.81,5.2,87.8,73.62,13.45,3.47,13.54,34.29,6.28,1.34,45.28,1.66,2.62,0.56,0.56,0.55,18.31,0.5663,-0.403,0.3691,-0.4535,0.2575,25.8,-6.0,0.012583,16.09,-4.38,10.467,6.531,-0.8660254037844386,0.5000000000000001,2012-10-01
Nanning,2012,11,108.37,22.82,18.63,31.21,8.05,9.77,14.98,18.9,99.48,3.54,10.82,5.31,74.8,80.74,11.18,2.12,8.51,33.85,4.21,0.99,83.71,1.9,2.36,0.62,0.61,0.63,16.48,0.5796,-0.2353,0.6318,-0.2625,0.1997,25.46,-5.79,0.022405,14.68,-6.37,10.131,5.913,-0.5000000000000004,0.8660254037844384,2012-11-01
Nanning,2012,12,108.37,22.82,13.43,28.72,0.05,10.54,8.77,13.8,99.83,4.3,10.91,6.16,44.8,75.41,7.67,1.3,7.42,31.36,3.58,0.81,78.15,0.86,1.67,0.6,0.59,0.61,14.94,0.7299,0.6851,0.6889,0.4509,0.1771,13.45,3.57,0.016001,10.64,-6.22,7.913,3.689,-2.4492935982947064e-16,1.0,2012-12-01
Nanning,2013,1,108.37,22.82,11.5,25.92,1.71,9.78,7.12,11.98,100.03,3.82,9.05,5.43,49.0,76.2,6.67,0.68,5.82,31.18,2.88,0.71,89.61,0.24,1.09,0.58,0.57,0.56,15.37,-0.4904,0.1203,-0.4881,0.2827,0.0388,8.12,7.43,0.013459,8.56,-6.25,7.1,3.051,0.49999999999999994,0.8660254037844387,2013-01-01
Nanning,2013,2,108.37,22.82,17.28,31.33,4.26,11.49,12.63,18.23,99.65,4.46,10.83,6.14,120.2,76.25,9.67,0.84,7.78,33.29,3.98,1.12,88.45,0.26,1.39,0.55,0.54,0.53,19.09,-0.3167,-0.5339,-0.4957,-0.484,0.1372,15.2,-2.16,0.024273,13.64,-6.27,9.088,3.564,0.8660254037844386,0.5000000000000001,2013-02-01
Nanning,2013,3,108.37,22.82,21.68,34.28,7.64,12.56,15.3,22.83,99.3,4.26,10.45,5.81,129.3,70.06,11.43,1.96,11.91,34.58,5.53,1.15,74.15,0.24,1.73,0.53,0.52,0.5,19.2,0.1329,-0.6654,-0.3018,-0.9097,0.268,26.02,-8.13,0.021387,15.96,-8.28,9.795,4.689,1.0,6.123233995736766e-17,2013-03-01
Nanning,2013,4,108.37,22.82,23.16,38.38,12.05,11.25,17.77,24.22,99.0,4.19,12.4,5.74,131.0,74.34,13.34,4.15,12.4,35.72,5.97,1.29,83.82,0.7,2.33,0.55,0.55,0.55,21.85,1.1039,0.4473,1.1261,0.3078,0.1602,27.58,-8.84,0.024812,16.64,-6.25,10.645,6.287,0.8660254037844387,-0.4999999999999998,2013-04-01
Nanning,2013,5,108.37,22.82,26.23,35.85,17.57,8.48,22.61,26.69,98.63,3.37,7.95,4.93,152.5,81.92,17.66,4.93,14.99,36.79,7.37,1.7,78.56,3.5,3.91,0.64,0.63,0.67,25.44,-0.2268,0.1973,0.181,0.3355,0.2735,31.62,-13.23,0.028891,19.36,-4.37,12.087,7.45,0.49999999999999994,-0.8660254037844387,2013-05-01
Nanning,2013,6,108.37,22.82,27.19,34.76,17.11,7.98,23.66,27.38,98.36,3.66,9.04,5.41,146.1,82.37,18.88,5.99,18.82,36.59,9.02,2.07,73.58,5.0,4.72,0.66,0.64,0.69,26.61,-1.07,-0.3862,-0.9571,0.0063,0.2845,31.77,-14.42,0.016851,19.8,-2.94,12.958,8.127,1.2246467991473532e-16,-1.0,2013-06-01
Nanning,2013,7,108.37,22.82,27.29,33.39,22.77,6.64,24.65,27.46,98.44,3.5,7.4,5.25,161.3,86.34,19.83,8.18,16.7,36.96,8.3,2.01,78.77,5.4,4.91,0.69,0.67,0.73,26.57,0.4623,-0.4391,0.4048,-0.1506,0.1906,32.92,-14.74,0.029144,19.56,-3.19,13.082,8.341,-0.4999999999999997,-0.8660254037844388,2013-07-01
Nanning,2013,8,108.37,22.82,27.22,33.36,22.69,6.59,24.75,27.17,98.35,2.91,12.75,4.51,155.7,87.09,19.99,8.88,17.02,36.95,8.35,1.97,77.64,4.57,4.64,0.82,0.8,0.84,25.25,0.7475,0.0951,0.7184,0.2322,0.262,33.58,-15.71,0.006449,20.17,-3.43,13.127,8.297,-0.8660254037844385,-0.5000000000000004,2013-08-01
Nanning,2013,9,108.37,22.82,25.21,32.1,14.85,7.59,22.35,25.2,98.88,2.68,7.37,3.99,33.4,84.89,17.35,4.88,15.51,36.08,7.47,1.67,70.97,4.46,4.77,0.86,0.83,0.86,22.5,0.2073,0.6974,0.262,0.7483,0.2767,30.78,-11.59,0.017157,18.33,-3.88,12.037,7.637,-1.0,-1.8369701987210297e-16,2013-09-01
Nanning,2013,10,108.37,22.82,21.08,31.05,12.06,9.92,16.75,20.95,99.52,3.47,8.66,5.41,31.1,77.78,12.21,1.02,15.14,33.14,7.05,1.42,48.1,4.28,3.84,0.69,0.68,0.7,18.64,-0.9195,0.0951,-0.4123,0.1656,0.2875,23.48,-1.06,0.014552,14.94,-5.15,8.582,6.489,-0.8660254037844386,0.5000000000000001,2013-10-01
Nanning,2013,11,108.37,22.82,17.74,30.42,6.06,9.65,13.49,17.78,99.76,3.74,12.04,5.65,42.3,77.89,10.03,5.12,11.35,32.25,5.34,1.08,66.39,2.19,2.67,0.67,0.65,0.69,16.67,1.9839,0.6082,1.8113,0.7564,0.2438,20.82,0.13,0.014363,12.63,-5.86,8.712,5.379,-0.5000000000000004,0.8660254037844384,2013-11-01
Nanning,2013,12,108.37,22.82,10.23,22.56,-0.37,11.37,5.17,9.92,100.06,3.78,10.0,5.8,30.5,73.05,5.72,2.5,11.56,26.32,4.94,0.8,54.185,1.12,1.92,0.68,0.67,0.71,13.81,1.6421,1.1516,1.565,1.3003,0.2092,-1.8,14.46,0.010973,6.36,-6.74,4.773,2.438,-2.4492935982947064e-16,1.0,2013-12-01
Nanning,2014,1,108.37,22.82,12.49,26.06,-0.1,12.19,7.78,12.43,100.04,3.67,8.65,5.55,68.0,75.31,6.94,0.12,11.57,28.26,5.11,0.97,41.98,0.87,1.68,0.64,0.63,0.65,15.37,-1.7021,1.3561,-1.372,1.416,0.1705,-2.27,9.44,0.007756,8.56,-7.36,5.782,1.627,0.49999999999999994,0.8660254037844387,2014-01-01
Nanning,2014,2,108.37,22.82,13.37,28.37,-0.26,11.17,8.5,14.31,99.66,4.39,10.26,5.98,74.9,74.47,7.66,0.74,7.53,31.66,3.75,0.95,85.38,0.37,1.39,0.57,0.57,0.56,18.39,-0.4475,-0.1569,0.0375,0.2805,0.0363,11.16,4.62,0.019076,10.79,-5.68,7.641,3.211,0.8660254037844386,0.5000000000000001,2014-02-01
Nanning,2014,3,108.37,22.82,18.81,33.29,9.61,10.97,14.34,19.89,99.48,4.11,11.73,5.57,100.3,77.23,10.64,1.64,7.47,34.54,3.74,0.85,93.45,0.42,1.67,0.56,0.55,0.54,19.1,-0.1542,-1.3532,0.1188,-0.7198,0.0607,25.92,-8.28,0.026066,14.95,-8.59,10.132,4.873,1.0,6.123233995736766e-17,2014-03-01
Nanning,2014,4,108.37,22.82,24.36,33.88,16.54,9.73,19.76,25.2,99.07,4.24,8.26,5.85,144.2,77.45,14.76,2.6,10.27,36.49,5.02,1.1,91.44,0.87,2.28,0.56,0.56,0.55,20.94,-0.038,-0.5276,-0.211,-0.1077,0.1668,29.7,-12.18,0.031185,17.22,-5.96,11.884,6.445,0.8660254037844387,-0.4999999999999998,2014-04-01
Nanning,2014,5,108.37,22.82,27.41,39.73,15.81,10.51,21.87,28.27,98.66,3.96,8.52,5.54,158.7,74.32,16.96,2.54,16.19,36.8,7.92,1.75,82.28,1.11,2.74,0.55,0.54,0.53,25.32,-1.5192,-1.2251,-0.037349999999999994,-1.543,0.2289,33.04,-15.09,0.033248,19.93,-4.06,12.729,7.87,0.49999999999999994,-0.8660254037844387,2014-05-01
Nanning,2014,6,108.37,22.82,27.83,34.89,22.65,6.52,25.04,27.95,98.24,2.92,6.39,4.4,144.1,85.66,20.38,8.08,15.44,37.64,7.67,1.77,88.7,4.08,3.96,0.68,0.66,0.73,25.72,-0.0861,-0.8595,0.1363,-1.1931,0.177,35.83,-18.54,0.017546,20.85,-2.17,14.472,9.82,1.2246467991473532e-16,-1.0,2014-06-01
Nanning,2014,7,108.37,22.82,27.68,34.14,23.39,6.24,25.33,27.7,98.38,2.85,7.555,4.4,150.5,87.67,20.69,8.9,17.75,37.26,8.78,2.17,80.76,4.55,4.43,0.78,0.76,0.81,26.39,0.7042,-0.3607,0.603,-0.3145,0.2974,34.4,-17.43,0.021224,20.57,-2.79,13.903,8.701,-0.4999999999999997,-0.8660254037844388,2014-07-01
Nanning,2014,8,108.37,22.82,27.12,33.63,21.76,6.45,24.72,27.18,98.55,2.51,8.72,3.94,166.3,87.4,19.94,5.28,16.23,37.04,7.98,1.91,83.58,4.56,4.41,0.81,0.78,0.83,25.18,-0.807,-0.099,-0.7548,-0.0355,0.1724,34.47,-16.49,0.015822,19.93,-2.96,13.719,8.939,-0.8660254037844385,-0.5000000000000004,2014-08-01
Nanning,2014,9,108.37,22.82,26.4,32.72,16.56,7.68,23.59,26.37,98.77,2.99,7.8500000000000005,4.56,107.0,85.31,18.64,8.53,17.71,36.21,8.49,1.93,56.26,5.0,4.98,0.83,0.8,0.84,23.21,1.6173,0.8409,1.9042,0.7529,0.2984,30.3,-11.82,0.009294,19.19,-3.35,12.0003,7.6266,-1.0,-1.8369701987210297e-16,2014-09-01
Nanning,2014,10,108.37,22.82,23.1,31.31,15.19,8.94,19.52,22.95,99.45,2.72,6.98,4.24,68.1,81.32,14.5,2.35,15.43,33.83,7.18,1.59,42.16,4.7,4.17,0.75,0.73,0.77,18.85,0.0301,0.3976,-0.0206,0.2124,0.1003,22.75,-4.89,0.009819,15.97,-5.03,9.7969,5.4226,-0.8660254037844386,0.5000000000000001,2014-10-01
Nanning,2014,11,108.37,22.82,18.21,29.75,9.8,8.61,15.37,18.28,99.67,3.52,9.7,5.35,51.8,84.25,11.25,2.64,9.5,33.15,4.56,0.97,70.47,2.45,2.75,0.71,0.69,0.74,16.37,0.8877,1.2163,0.9219,1.0954,0.194,22.41,-1.78,0.016807,13.18,-5.0,9.6411,5.5107,-0.5000000000000004,0.8660254037844384,2014-11-01
Nanning,2014,12,108.37,22.82,11.39,22.84,2.39,10.74,5.59,11.36,100.23,3.98,10.21,5.86,33.7,70.11,5.84,1.11,9.97,28.44,4.55,0.83,56.93,1.05,1.93,0.64,0.63,0.65,14.91,0.5401,0.4303,0.7273,0.3873,0.264,4.51,11.54,0.011432,8.32,-5.08,5.9507,3.3943,-2.4492935982947064e-16,1.0,2014-12-01
Nanning,2015,1,108.37,22.82,13.19,25.14,3.31,10.79,8.94,13.29,100.03,3.96,8.4,5.76,62.3,77.12,7.41,1.6,10.13,29.4,4.68,0.93,59.41,0.7,1.54,0.62,0.61,0.63,16.05,0.3493,0.6104,0.1763,0.7452,0.2104,5.09,7.57,0.010702,8.66,-8.0,6.263,2.613,0.49999999999999994,0.8660254037844387,2015-01-01
Nanning,2015,2,108.37,22.82,16.86,32.66,2.55,11.15,12.24,17.53,99.69,3.81,10.73,5.46,132.8,76.63,9.59,0.93,9.68,32.37,4.62,1.06,77.56,0.63,1.76,0.59,0.58,0.58,17.57,-0.2079,0.0076,-0.3177,0.0423,0.1237,16.45,-0.26,0.018832,11.55,-9.36,7.8381,3.0007,0.8660254037844386,0.5000000000000001,2015-02-01
Nanning,2015,3,108.37,22.82,20.23,36.22,7.75,11.54,15.28,21.49,99.49,4.18,10.06,5.55,113.6,75.6,11.33,1.2,9.02,34.73,4.37,0.93,87.87,0.34,1.66,0.54,0.54,0.52,19.52,-0.6197,-0.5161,-0.649,-0.6137,0.1715,23.49,-7.84,0.028661,15.75,-6.6,10.451,4.6188,1.0,6.123233995736766e-17,2015-03-01
Nanning,2015,4,108.37,22.82,24.35,40.93,11.58,13.18,16.24,25.68,99.18,4.58,10.16,6.2,150.3,64.54,12.09,1.09,16.3,34.29,7.58,1.53,60.42,0.2,1.81,0.5,0.5,0.47,22.86,-1.7544,-1.6742,-1.5006,-3.09,0.1714,25.52,-7.04,0.019452,17.12,-6.45,9.6395,5.3604,0.8660254037844387,-0.4999999999999998,2015-04-01
Nanning,2015,5,108.37,22.82,27.98,37.94,18.52,9.51,23.21,28.78,98.53,3.83,10.49,5.41,162.4,77.43,18.28,5.07,15.72,37.31,7.64,1.69,77.79,1.24,2.7,0.55,0.54,0.56,24.91,-0.1661,-0.9797,-0.1261,-1.5935,0.2216,33.62,-17.04,0.035087,20.85,-3.27,13.4463,7.9047,0.49999999999999994,-0.8660254037844387,2015-05-01
Nanning,2015,6,108.37,22.82,28.09,35.8,22.25,6.95,25.23,28.14,98.4,3.93,10.28,5.92,170.9,85.43,20.56,5.58,18.02,37.37,8.76,1.99,76.4,4.69,4.33,0.66,0.65,0.7,26.46,-1.2897,-1.2319,0.2586,-3.09,0.1999,34.46,-17.31,0.037278,21.13,-2.53,13.7314,8.8894,1.2246467991473532e-16,-1.0,2015-06-01
Nanning,2015,7,108.37,22.82,27.63,36.61,20.06,7.39,23.84,27.92,98.31,3.32,9.25,4.87,104.9,81.39,19.0,8.98,15.04,37.19,7.48,1.85,88.4,3.82,4.13,0.65,0.63,0.67,25.72,0.7302,-0.3188,0.6433,-0.363,0.2152,34.12,-15.8,0.009127,19.85,-2.48,13.6638,8.9835,-0.4999999999999997,-0.8660254037844388,2015-07-01
Nanning,2015,8,108.37,22.82,27.13,33.5,21.97,6.88,24.38,27.04,98.57,2.69,6.92,4.15,128.9,85.74,19.54,7.12,17.69,36.83,8.55,1.97,80.79,5.02,4.79,0.81,0.79,0.84,24.57,0.0542,-0.2144,-0.0006,-0.1642,0.2287,33.02,-15.09,0.008546,20.18,-3.28,12.9373,8.1064,-0.8660254037844385,-0.5000000000000004,2015-08-01
Nanning,2015,9,108.37,22.82,25.85,31.99,18.56,6.85,23.67,25.89,98.92,2.99,6.19,4.67,96.8,88.36,18.7,6.22,13.78,36.98,6.76,1.56,82.1,3.94,4.58,0.87,0.84,0.87,22.61,0.7863,0.7718,0.8155,0.7376,0.3061,34.07,-15.71,0.012828,19.21,-3.1,13.6446,8.8881,-1.0,-1.8369701987210297e-16,2015-09-01
Nanning,2015,10,108.37,22.82,22.56,31.07,14.67,9.16,18.95,22.29,99.44,3.11,15.33,4.65,34.3,81.2,13.99,2.39,14.52,34.17,6.86,1.51,54.32,4.39,4.25,0.78,0.76,0.8,19.64,0.0519,0.314,0.0854,0.223,0.352,26.58,-5.86,0.010671,16.28,-4.55,10.2691,6.7958,-0.8660254037844386,0.5000000000000001,2015-10-01
Nanning,2015,11,108.37,22.82,19.67,29.84,7.14,8.08,17.33,19.84,99.66,3.36,9.38,5.1,87.7,87.0,12.96,4.95,9.72,34.23,4.81,1.13,80.49,2.37,2.94,0.75,0.73,0.78,16.97,1.9211,1.2256,1.6308,1.1262,0.3324,25.35,-5.86,0.021444,14.87,-5.78,10.3211,5.8928,-0.5000000000000004,0.8660254037844384,2015-11-01
Nanning,2015,12,108.37,22.82,12.69,25.93,3.96,8.52,10.06,12.81,100.12,3.8,8.42,5.62,35.4,84.92,7.99,3.82,6.86,31.33,3.39,0.74,87.3,0.86,2.13,0.8,0.77,0.82,14.84,2.3687,1.7627,2.0042,1.6451,0.277,16.07,4.74,0.01572,9.73,-6.88,7.5044,4.6527,-2.4492935982947064e-16,1.0,2015-12-01
Nanning,2016,1,108.37,22.82,11.54,24.68,-1.2,8.67,9.11,11.79,100.0,3.76,10.16,5.26,43.1,85.61,7.62,3.95,6.97,30.95,3.48,0.77,86.42,0.57,1.95,0.81,0.78,0.82,16.0,1.5409,2.5738,1.7505,2.2554,0.1666,17.37,2.77,0.017352,9.5,-9.19,7.4581,3.9284,0.49999999999999994,0.8660254037844387,2016-01-01
Nanning,2016,2,108.37,22.82,11.59,27.96,0.68,11.64,7.13,11.61,100.2,4.21,9.83,6.06,35.0,75.93,6.57,0.52,10.93,29.29,5.04,1.08,66.53,0.83,2.71,0.79,0.77,0.8,18.71,-0.7551,2.1402,0.0425,2.1068,0.243,4.22,13.1,0.009579,8.46,-5.27,5.1534,3.2535,0.8660254037844386,0.5000000000000001,2016-02-01
Nanning,2016,3,108.37,22.82,17.88,30.6,4.81,10.66,14.25,18.44,99.54,3.92,10.78,5.57,113.4,80.7,10.65,1.25,9.8,33.38,4.6,0.95,85.78,1.27,2.55,0.68,0.67,0.7,19.15,-0.5614,0.5404,-0.0134,0.8866,0.0874,23.97,-4.25,0.022294,13.97,-7.76,9.2057,5.1015,1.0,6.123233995736766e-17,2016-03-01
Nanning,2016,4,108.37,22.82,24.44,35.29,14.35,10.23,20.65,24.99,98.84,3.66,11.03,5.3,158.6,81.33,15.58,4.09,13.57,36.1,6.28,1.26,74.36,2.34,3.29,0.65,0.63,0.66,20.74,1.0654,-0.0565,0.7854,0.4329,0.2604,32.39,-13.86,0.033888,19.61,-6.36,11.4466,6.884,0.8660254037844387,-0.4999999999999998,2016-04-01
Nanning,2016,5,108.37,22.82,25.86,35.37,15.55,8.6,22.33,26.15,98.73,3.85,9.77,5.68,153.2,82.4,17.4,6.19,17.06,36.41,8.15,1.88,75.04,3.58,3.95,0.66,0.65,0.7,24.98,0.2828,0.3375,0.6022,0.5836,0.3034,31.06,-12.98,0.029694,19.55,-3.59,12.2271,7.7916,0.49999999999999994,-0.8660254037844387,2016-05-01
Nanning,2016,6,108.37,22.82,27.53,33.29,20.31,6.66,25.25,27.56,98.52,3.1,7.7,4.82,175.6,88.04,20.59,9.82,18.22,37.31,8.81,2.13,82.09,4.1,4.86,0.86,0.83,0.86,26.57,0.6091,0.6909,0.7343,0.7919,0.2152,33.14,-15.99,0.0293,20.84,-2.89,13.1839,8.29,1.2246467991473532e-16,-1.0,2016-06-01
Nanning,2016,7,108.37,22.82,27.57,33.73,22.58,5.61,25.58,27.49,98.48,3.32,7.17,5.13,167.8,89.41,20.99,4.65,17.8,37.15,8.75,2.14,78.72,3.71,3.89,0.83,0.81,0.84,26.62,-0.9942,-0.1259,-0.918,0.1123,0.294,33.13,-16.52,0.02946,21.06,-3.18,13.1939,8.0345,-0.4999999999999997,-0.8660254037844388,2016-07-01
Nanning,2016,8,108.37,22.82,27.45,33.68,20.56,6.41,24.86,27.31,98.23,2.82,10.72,4.35,53.0,86.39,20.22,11.07,16.71,37.42,8.11,1.94,84.83,3.65,4.64,0.9,0.87,0.9,24.28,1.494,0.6068,1.6107,0.6044,0.233,34.91,-17.22,0.007591,20.65,-2.31,13.9764,9.3061,-0.8660254037844385,-0.5000000000000004,2016-08-01
Nanning,2016,9,108.37,22.82,25.74,33.27,17.94,7.99,22.67,25.61,98.78,2.83,7.09,4.46,32.2,84.04,17.64,3.42,16.95,36.15,8.07,1.83,68.26,4.83,5.14,0.87,0.84,0.86,22.79,-0.5609,0.0584,-0.5829,0.0328,0.3264,31.56,-11.57,0.012552,18.77,-2.7,12.3313,8.61,-1.0,-1.8369701987210297e-16,2016-09-01
Nanning,2016,10,108.37,22.82,23.72,31.59,12.98,9.22,20.09,23.71,99.13,3.64,10.57,5.55,42.2,81.23,15.08,3.9,16.0,34.85,7.52,1.66,51.87,5.0,4.27,0.7,0.68,0.73,20.14,0.7414,0.9305,0.5608,0.7869,0.2835,27.99,-9.74,0.014192,17.29,-3.72,11.775,6.9349,-0.8660254037844386,0.5000000000000001,2016-10-01
Nanning,2016,11,108.37,22.82,18.05,29.55,5.6,9.84,14.53,18.26,99.72,3.95,10.33,5.86,51.9,81.01,11.16,1.76,10.65,32.71,5.11,1.18,63.59,2.69,2.88,0.66,0.65,0.68,17.24,0.3359,0.1071,0.5069,-0.0227,0.3219,20.41,-1.54,0.015317,13.83,-5.26,9.1762,5.5555,-0.5000000000000004,0.8660254037844384,2016-11-01
Nanning,2016,12,108.37,22.82,15.54,28.12,4.47,12.1,9.75,15.77,99.93,3.97,10.04,5.95,50.6,71.1,8.01,0.3,11.53,30.1,5.23,1.01,56.43,0.88,1.7,0.58,0.58,0.57,15.51,-0.7112,0.3934,-1.2606,0.1281,0.2912,13.23,5.68,0.010865,11.42,-5.7,6.9389,4.0813,-2.4492935982947064e-16,1.0,2016-12-01
Nanning,2017,1,108.37,22.82,15.11,28.16,5.05,10.76,10.75,15.6,99.91,3.55,8.8,5.12,56.1,77.02,8.32,2.54,9.79,31.47,4.68,1.12,73.09,0.65,1.59,0.6,0.59,0.6,16.44,0.9102,0.3342,0.6639,0.2156,0.2774,14.85,1.69,0.016707,11.18,-6.89,8.2085,3.9871,0.49999999999999994,0.8660254037844387,2017-01-01
Nanning,2017,2,108.37,22.82,15.63,30.91,3.84,12.58,9.52,16.58,99.92,4.2,9.98,5.93,77.8,69.74,7.9,0.52,10.87,31.75,5.16,1.21,74.38,0.48,1.67,0.57,0.56,0.55,19.06,-0.7874,-0.1432,-0.494,-0.4501,0.2652,11.1,3.74,0.013531,9.93,-8.46,7.1821,2.9859,0.8660254037844386,0.5000000000000001,2017-02-01
Nanning,2017,3,108.37,22.82,19.82,35.11,10.09,11.32,14.98,20.84,99.4,4.44,10.57,6.04,108.8,76.06,11.12,4.41,8.83,34.7,4.41,1.07,88.25,0.69,2.08,0.57,0.56,0.57,20.69,1.6849,1.2508,1.514,0.9721,0.1882,25.19,-6.44,0.025782,14.31,-7.78,9.9641,5.066,1.0,6.123233995736766e-17,2017-03-01
Nanning,2017,4,108.37,22.82,23.24,37.99,9.56,11.79,17.5,24.14,99.09,4.31,10.81,6.03,154.1,72.59,13.0,1.12,13.86,35.24,6.63,1.43,77.97,1.47,2.83,0.58,0.58,0.57,23.41,-1.7072,0.0793,-1.0723,0.3229,0.3164,26.41,-7.69,0.023898,16.52,-5.47,10.5438,6.017,0.8660254037844387,-0.4999999999999998,2017-04-01
Nanning,2017,5,108.37,22.82,25.64,37.25,16.71,10.05,20.88,26.08,98.91,3.27,7.93,4.74,120.8,76.99,15.86,7.54,17.06,36.19,8.21,1.87,77.99,4.16,4.52,0.65,0.63,0.68,25.28,0.7572,0.7767,0.9192,0.8824,0.2984,29.25,-10.43,0.015743,18.2,-3.76,11.6747,7.2331,0.49999999999999994,-0.8660254037844387,2017-05-01
Nanning,2017,6,108.37,22.82,27.33,35.71,21.24,6.64,24.91,27.41,98.42,3.16,6.78,4.87,160.9,87.45,20.21,6.88,14.94,37.48,7.43,1.8,94.34,3.62,3.75,0.7,0.68,0.74,26.05,-0.6264,-0.2571,-0.3063,0.1629,0.2106,34.88,-18.2,0.034312,20.95,-2.85,14.0282,8.8624,1.2246467991473532e-16,-1.0,2017-06-01
Nanning,2017,7,108.37,22.82,27.46,33.9,23.62,5.79,25.2,27.36,98.5,2.86,6.52,4.41,151.6,88.05,20.5,10.26,16.29,37.26,8.09,2.04,89.4,3.46,4.43,0.9,0.87,0.89,26.14,1.1282,0.6966,1.1752,0.8262,0.3286,34.9,-17.04,0.019211,20.15,-2.97,13.8443,8.9785,-0.4999999999999997,-0.8660254037844388,2017-07-01
Nanning,2017,8,108.37,22.82,27.34,34.2,23.07,5.65,25.43,27.21,98.45,2.85,9.11,4.45,168.1,89.76,20.82,9.72,16.97,37.13,8.36,2.12,84.73,2.9,3.93,0.93,0.89,0.9,25.47,1.0466,0.8977,1.0504,0.8919,0.3162,34.88,-17.24,0.024189,20.56,-3.06,13.7247,8.9915,-0.8660254037844385,-0.5000000000000004,2017-08-01
Nanning,2017,9,108.37,22.82,27.21,32.93,21.63,6.77,24.92,27.22,98.82,2.54,7.17,4.04,132.5,87.87,20.11,3.81,17.19,37.02,8.41,2.05,77.35,4.05,4.78,0.91,0.88,0.89,23.25,-0.3368,1.1046,-0.7125,0.9563,0.3442,34.29,-17.35,0.014696,20.29,-3.03,13.8888,8.6088,-1.0,-1.8369701987210297e-16,2017-09-01
Nanning,2017,10,108.37,22.82,22.06,30.93,10.66,8.02,19.11,21.95,99.41,3.59,10.64,5.48,37.1,84.13,14.43,4.95,14.98,34.19,7.19,1.61,66.15,3.35,4.26,0.86,0.83,0.86,20.03,1.1219,0.9469,1.0962,0.796,0.3403,25.16,-4.69,0.018539,15.69,-3.45,10.476,7.1181,-0.8660254037844386,0.5000000000000001,2017-10-01
Nanning,2017,11,108.37,22.82,17.81,29.64,7.64,8.8,14.64,17.79,99.72,3.58,8.22,5.34,35.6,82.67,10.94,2.0,8.51,33.05,4.23,1.0,81.39,2.4,2.98,0.75,0.73,0.77,16.47,0.5016,0.575,0.662,0.4143,0.2891,23.72,-1.9,0.015102,13.46,-5.75,9.2683,6.5932,-0.5000000000000004,0.8660254037844384,2017-11-01
Nanning,2017,12,108.37,22.82,12.5,21.31,0.95,9.92,7.63,12.42,100.14,3.74,10.16,5.73,33.2,74.63,6.78,1.53,9.31,29.55,4.3,0.87,70.05,1.28,2.12,0.69,0.68,0.72,14.76,0.937,1.1359,0.9247,1.1432,0.2613,6.0,11.06,0.011383,8.73,-3.71,6.5694,3.7755,-2.4492935982947064e-16,1.0,2017-12-01
Nanning,2018,1,108.37,22.82,12.64,25.54,0.75,10.16,8.76,12.96,99.77,3.99,10.63,5.66,61.6,78.89,7.68,1.53,8.0,31.52,3.95,0.95,86.5,0.86,1.9,0.68,0.66,0.71,16.56,0.2996,0.5104,0.1769,0.6716,0.1297,11.89,7.22,0.018341,9.6,-4.14,7.6668,4.2319,0.49999999999999994,0.8660254037844387,2018-01-01
Nanning,2018,2,108.37,22.82,13.88,29.36,-0.53,11.9,8.25,14.63,99.86,4.0,9.05,5.82,72.0,71.48,7.63,0.41,9.32,31.48,4.51,1.09,86.58,0.61,1.8,0.61,0.6,0.6,18.54,-0.9985,-0.0666,-0.3144,0.193,0.2116,8.87,6.11,0.013386,9.55,-6.91,6.9887,3.0346,0.8660254037844386,0.5000000000000001,2018-02-01
Nanning,2018,3,108.37,22.82,20.5,34.11,6.23,12.79,14.94,21.43,99.39,4.08,10.46,5.78,153.4,73.38,11.17,2.4,13.48,33.33,6.33,1.36,68.06,0.84,2.32,0.58,0.57,0.57,21.46,0.4803,-0.1393,0.3386,-0.0753,0.2971,22.6,-3.19,0.020152,13.93,-9.39,8.1087,4.474,1.0,6.123233995736766e-17,2018-03-01
Nanning,2018,4,108.37,22.82,23.36,35.32,10.18,11.71,16.91,24.41,99.18,4.36,12.18,5.97,148.7,70.12,12.67,2.25,13.9,34.67,6.68,1.42,74.98,0.8,2.44,0.55,0.55,0.53,23.56,-0.3564,-0.4575,-0.1845,-0.1221,0.1677,27.43,-7.72,0.02367,15.9,-6.4,10.4185,6.2527,0.8660254037844387,-0.4999999999999998,2018-04-01
Nanning,2018,5,108.37,22.82,26.97,34.96,20.92,8.59,23.21,27.28,98.79,3.74,7.94,5.55,171.4,81.52,18.15,5.82,18.2,36.73,8.88,1.98,74.41,3.62,3.98,0.63,0.62,0.66,26.19,0.141,0.0479,0.3597,0.2027,0.1473,32.25,-14.45,0.03739,19.89,-4.4,12.3545,7.314,0.49999999999999994,-0.8660254037844387,2018-05-01
Nanning,2018,6,108.37,22.82,27.72,34.17,21.76,7.12,24.59,27.91,98.33,3.26,6.73,4.87,145.9,84.06,19.82,8.29,16.2,37.56,7.98,1.87,87.8,5.5,4.94,0.67,0.66,0.72,25.97,0.0028,-0.0853,0.2373,0.1377,0.2578,35.23,-16.33,0.019687,20.05,-2.51,13.7893,9.6235,1.2246467991473532e-16,-1.0,2018-06-01
Nanning,2018,7,108.37,22.82,27.67,34.35,23.47,6.08,25.26,27.64,98.18,3.17,7.16,4.85,123.0,87.45,20.66,10.27,15.66,37.46,7.81,1.9,90.1,4.98,4.72,0.76,0.74,0.8,26.35,1.1312,0.6312,1.137,0.6396,0.2722,35.21,-17.88,0.020646,20.06,-2.22,14.5078,9.4822,-0.4999999999999997,-0.8660254037844388,2018-07-01
Nanning,2018,8,108.37,22.82,27.63,33.75,23.59,6.42,25.14,27.52,98.15,2.52,7.18,3.99,53.4,86.94,20.51,7.31,16.19,37.35,7.94,1.91,90.24,3.74,4.33,0.88,0.85,0.88,24.66,0.1342,0.6859,-0.0222,0.629,0.3459,35.85,-17.93,0.008307,20.57,-2.73,14.1181,9.3705,-0.8660254037844385,-0.5000000000000004,2018-08-01
Nanning,2018,9,108.37,22.82,25.91,32.74,18.35,7.6,23.07,25.86,98.83,3.29,7.505,5.02,76.8,85.13,18.09,5.17,16.4,36.21,7.95,1.81,70.09,4.68,5.2,0.88,0.86,0.87,23.03,0.3408,0.8731,0.2624,0.7778,0.3419,30.93,-12.51,0.005854,18.63,-3.39,12.4833,7.9047,-1.0,-1.8369701987210297e-16,2018-09-01
Nanning,2018,10,108.37,22.82,21.05,29.05,13.56,8.95,17.52,20.93,99.57,3.2,7.83,4.99,41.1,81.74,12.78,2.8,13.1,33.7,6.31,1.51,66.37,3.91,3.95,0.76,0.74,0.78,19.93,0.2625,0.2146,0.462,0.1705,0.4087,25.72,-4.88,0.015717,15.54,-5.21,9.8869,6.5464,-0.8660254037844386,0.5000000000000001,2018-10-01
Nanning,2018,11,108.37,22.82,18.66,28.61,8.96,10.6,14.94,18.67,99.69,3.13,8.1,4.65,55.4,80.36,10.95,1.06,11.4,32.53,5.38,1.22,59.97,2.85,2.84,0.66,0.65,0.69,17.28,-0.2572,0.0819,-0.0748,0.1255,0.3362,20.89,-2.74,0.016045,14.39,-6.26,9.0324,4.6878,-0.5000000000000004,0.8660254037844384,2018-11-01
Nanning,2018,12,108.37,22.82,13.91,29.1,-0.81,9.49,9.93,14.33,100.01,4.53,9.01,6.29,42.0,78.09,8.41,1.25,6.75,31.68,3.35,0.84,82.05,0.9,1.74,0.61,0.6,0.61,15.37,0.6818,0.1035,0.6016,0.1707,0.2052,17.18,0.84,0.018492,11.77,-6.21,8.6106,4.6737,-2.4492935982947064e-16,1.0,2018-12-01
Nanning,2019,1,108.37,22.82,12.33,25.81,0.85,9.76,8.87,12.78,100.11,3.86,8.08,5.37,43.8,80.61,7.37,1.46,6.88,31.53,3.44,0.9,85.62,0.46,1.33,0.61,0.6,0.62,16.18,0.2483,-0.0118,0.1506,0.0922,0.1584,13.54,1.56,0.016032,10.53,-7.36,8.3243,3.5061,0.49999999999999994,0.8660254037844387,2019-01-01
Nanning,2019,2,108.37,22.82,17.03,31.71,5.45,10.8,13.21,17.94,99.6,3.9,9.63,5.36,87.4,79.75,9.94,2.41,8.53,34.25,4.3,1.2,85.99,0.59,1.69,0.59,0.58,0.59,18.67,1.0035,0.7417,0.7373,0.5661,0.1882,16.45,-5.11,0.027184,15.11,-8.47,8.8128,2.8755,0.8660254037844386,0.5000000000000001,2019-02-01
Nanning,2019,3,108.37,22.82,19.45,32.21,9.97,10.41,15.94,20.1,99.35,3.95,8.7,5.52,83.6,81.49,11.75,3.8,9.18,34.71,4.41,0.98,84.25,1.45,2.67,0.66,0.64,0.69,18.79,1.3652,1.2572,1.2848,1.0628,0.2789,25.03,-7.04,0.025634,15.55,-6.69,10.1633,4.8906,1.0,6.123233995736766e-17,2019-03-01
Nanning,2019,4,108.37,22.82,24.73,35.76,13.6,10.12,21.06,25.25,98.91,3.82,8.63,5.44,156.4,81.59,16.12,3.24,13.83,36.6,6.52,1.4,74.61,2.76,3.54,0.65,0.64,0.67,21.88,0.4767,1.4312,0.1468,1.131,0.2756,30.08,-12.84,0.031977,19.61,-6.25,11.0788,6.108,0.8660254037844387,-0.4999999999999998,2019-04-01
Nanning,2019,5,108.37,22.82,25.98,36.47,17.62,8.94,21.87,26.63,98.71,3.59,8.56,5.05,111.2,79.69,16.93,4.92,13.28,37.11,6.45,1.47,80.9,2.51,3.37,0.61,0.6,0.62,23.48,-0.2311,0.4643,0.2186,0.5667,0.2901,32.09,-14.48,0.030483,19.38,-3.08,13.0935,8.2886,0.49999999999999994,-0.8660254037844387,2019-05-01
Nanning,2019,6,108.37,22.82,27.86,33.3,20.95,6.03,25.75,27.85,98.32,3.37,8.0,5.12,166.1,88.81,21.29,9.41,16.11,37.82,7.91,1.91,91.62,3.7,4.01,0.77,0.74,0.81,26.04,0.4532,0.1703,0.5751,0.3397,0.2082,34.53,-18.07,0.038022,21.49,-2.33,13.9662,9.0582,1.2246467991473532e-16,-1.0,2019-06-01
Nanning,2019,7,108.37,22.82,27.66,33.3,22.15,5.58,25.85,27.55,98.28,3.16,8.68,4.98,151.8,90.23,21.4,8.66,16.68,37.6,8.27,2.05,90.32,2.9,4.14,0.91,0.88,0.9,26.11,0.625,0.3547,0.5156,0.4781,0.1909,35.29,-18.61,0.019879,21.19,-2.22,14.3406,9.2964,-0.4999999999999997,-0.8660254037844388,2019-07-01
Nanning,2019,8,108.37,22.82,28.14,34.11,22.84,6.56,25.6,27.98,98.26,2.68,14.0,4.14,69.1,86.75,21.07,8.47,17.21,37.43,8.39,2.01,83.19,3.85,4.61,0.92,0.89,0.9,24.89,0.5948,0.8162,0.3553,0.6861,0.2656,34.22,-16.92,0.00791,20.93,-2.5,13.6692,8.689,-0.8660254037844385,-0.5000000000000004,2019-08-01
Nanning,2019,9,108.37,22.82,25.98,33.41,16.13,9.03,22.03,25.68,99.02,2.97,7.08,4.61,38.3,80.21,17.14,2.23,19.39,35.07,9.1,2.06,53.54,5.73,5.51,0.84,0.82,0.84,23.2,-1.3787,0.1209,-1.2285,-0.0217,0.3483,28.35,-8.64,0.012816,18.5,-3.84,10.7977,6.8856,-1.0,-1.8369701987210297e-16,2019-09-01
Nanning,2019,10,108.37,22.82,22.76,31.37,11.46,9.18,19.24,22.89,99.47,3.07,7.0,4.68,63.0,81.94,14.36,1.99,14.18,34.65,6.82,1.58,64.42,4.12,3.62,0.66,0.65,0.68,19.79,-0.1787,-0.4235,-0.1495,-0.5733,0.2636,27.07,-7.82,0.01455,16.47,-5.08,10.7717,6.4018,-0.8660254037844386,0.5000000000000001,2019-10-01
Nanning,2019,11,108.37,22.82,18.73,29.25,8.97,11.82,13.05,19.07,99.75,3.7,9.91,5.53,47.6,71.84,9.74,0.64,11.96,32.08,5.62,1.16,57.74,1.37,2.12,0.57,0.57,0.55,16.9,-0.763,-1.402,-0.5592,-1.1183,0.2826,16.53,0.6,0.011573,13.27,-4.71,8.7385,4.5186,-0.5000000000000004,0.8660254037844384,2019-11-01
Nanning,2019,12,108.37,22.82,14.94,28.79,3.27,12.86,7.49,15.22,100.02,3.82,9.35,5.6,39.5,64.98,7.03,0.15,11.1,29.69,5.09,1.01,54.9,0.16,1.03,0.51,0.51,0.48,15.85,-1.2109,-0.933,-1.6858,-0.8677,0.2949,8.15,6.43,0.009875,10.33,-7.6,6.2552,2.9574,-2.4492935982947064e-16,1.0,2019-12-01
Nanning,2020,1,108.37,22.82,15.64,29.36,2.5,11.62,10.22,16.35,99.82,4.26,9.05,6.01,89.6,72.66,8.38,1.79,8.48,32.15,4.05,0.86,78.63,0.06,0.94,0.5,0.5,0.48,16.09,0.4774,-0.6218,0.0226,-1.0947,0.2921,15.86,-0.63,0.018809,11.51,-8.41,8.4124,3.2256,0.49999999999999994,0.8660254037844387,2020-01-01
Nanning,2020,2,108.37,22.82,16.77,30.28,4.51,11.34,12.18,17.42,99.92,4.05,11.36,5.89,112.3,76.78,9.37,2.29,9.33,32.78,4.51,1.01,79.74,0.48,1.66,0.58,0.57,0.57,18.13,0.9797,0.3188,0.7175,-0.1354,0.2126,19.72,0.3,0.019248,11.92,-7.67,8.1688,4.2178,0.8660254037844386,0.5000000000000001,2020-02-01
Nanning,2020,3,108.37,22.82,20.49,32.85,10.12,10.65,16.53,21.12,99.3,4.33,10.02,6.05,115.1,79.82,12.21,5.13,8.85,35.41,4.3,0.89,88.24,1.09,2.48,0.62,0.61,0.64,18.89,2.0285,1.8308,1.7335,1.3423,0.1646,26.77,-8.15,0.027228,15.93,-6.77,10.4352,5.4704,1.0,6.123233995736766e-17,2020-03-01
Nanning,2020,4,108.37,22.82,19.78,31.54,10.84,9.35,16.08,20.12,99.51,3.8,9.47,5.43,70.2,80.76,11.84,4.21,11.96,34.49,5.67,1.17,86.16,2.26,3.2,0.7,0.68,0.74,21.96,1.1419,2.2138,1.7814,1.9888,0.3014,25.93,-6.0,0.019995,14.48,-7.5,9.8298,6.0125,0.8660254037844387,-0.4999999999999998,2020-04-01
Nanning,2020,5,108.37,22.82,26.79,34.77,19.36,8.53,23.47,26.99,98.64,3.5,8.19,5.22,173.2,83.24,18.52,5.47,18.86,36.93,9.09,2.02,72.36,4.38,4.34,0.68,0.66,0.71,25.66,0.0012,1.1821,0.2744,1.1838,0.2004,33.27,-17.4,0.032316,21.14,-3.65,13.3258,7.6544,0.49999999999999994,-0.8660254037844387,2020-05-01
Nanning,2020,6,108.37,22.82,27.96,33.36,24.49,5.76,25.88,27.84,98.38,4.1,8.17,6.23,174.0,88.95,21.37,7.29,16.82,37.69,8.27,1.95,89.04,3.93,4.2,0.78,0.75,0.81,26.39,-0.4351,0.0458,-0.2588,0.4568,0.1105,35.28,-17.65,0.0343025,21.38,-2.64,13.7244,9.2571,1.2246467991473532e-16,-1.0,2020-06-01
Nanning,2020,7,108.37,22.82,28.43,35.93,23.43,7.11,25.51,28.42,98.46,3.59,7.42,5.5,177.5,85.22,20.89,2.69,19.86,37.33,9.67,2.4,83.43,5.59,4.72,0.7,0.69,0.72,26.75,-2.1828,-1.3257,-1.7305,-1.7861,0.1371,32.89,-15.59,0.036289,21.08,-2.4,13.1257,8.4602,-0.4999999999999997,-0.8660254037844388,2020-07-01
Nanning,2020,8,108.37,22.82,27.39,33.71,23.06,6.73,24.88,27.4,98.46,3.18,8.22,4.83,146.3,86.96,20.13,8.18,17.04,37.04,8.35,2.08,79.59,5.29,4.87,0.75,0.73,0.79,25.43,0.4837,-1.0983,0.3926,-1.1186,0.3059,33.91,-16.02,0.020059,20.0,-2.93,13.5135,8.7783,-0.8660254037844385,-0.5000000000000004,2020-08-01
Nanning,2020,9,108.37,22.82,26.37,33.58,18.16,7.86,23.8,26.5,98.82,2.95,8.86,4.49,112.6,86.56,18.88,5.82,15.25,37.04,7.55,1.85,81.58,5.25,4.7,0.73,0.71,0.77,22.99,0.6229,-0.5851,0.4989,-0.6629,0.2613,34.3,-16.02,0.01618,19.52,-3.05,13.6644,8.8796,-1.0,-1.8369701987210297e-16,2020-09-01
Nanning,2020,10,108.37,22.82,20.61,30.83,12.29,8.15,17.82,20.63,99.45,4.59,10.91,6.78,31.7,84.8,13.17,7.42,12.92,34.27,6.27,1.5,78.99,3.36,4.14,0.81,0.79,0.83,19.99,1.8498,1.528,1.8596,1.8163,0.3429,24.84,-4.39,0.026036,15.15,-3.55,10.5244,7.6129,-0.8660254037844386,0.5000000000000001,2020-10-01
Nanning,2020,11,108.37,22.82,18.28,28.58,6.62,10.15,14.65,18.31,99.83,3.97,7.25,6.03,35.7,80.46,10.85,0.25,12.05,32.5,5.61,1.11,60.26,3.0,3.11,0.7,0.69,0.72,17.0,-1.5414,1.2473,-1.1429,1.3426,0.3127,17.89,1.0,0.014578,13.67,-4.86,8.3523,5.2297,-0.5000000000000004,0.8660254037844384,2020-11-01
Nanning,2020,12,108.37,22.82,12.04,25.64,1.2,11.17,6.58,12.45,100.11,4.49,10.85,6.45,31.4,71.49,6.46,0.17,9.85,29.38,4.46,0.83,60.2,0.7,1.51,0.59,0.59,0.58,14.91,-1.1268,0.9779,-0.2883,1.092,0.2748,3.3,8.44,0.012111,8.73,-5.39,6.9698,2.7382,-2.4492935982947064e-16,1.0,2020-12-01
Nanning,2021,1,108.37,22.82,12.56,26.52,0.57,12.78,5.26,13.05,100.02,3.81,10.57,5.52,46.5,64.25,6.0,0.09,10.13,29.57,4.67,0.91,62.6,0.17,1.06,0.53,0.53,0.5,15.84,-1.8629,-2.6185,-1.4374,-3.09,0.2694,2.38,12.95,0.011744,7.53,-4.28,6.005,3.1065,0.49999999999999994,0.8660254037844387,2021-01-01
Nanning,2021,2,108.37,22.82,18.34,29.41,7.94,12.42,12.56,19.26,99.6,3.51,8.73,5.05,111.2,71.99,9.29,2.5,13.47,31.72,6.26,1.25,53.39,0.39,1.57,0.55,0.54,0.53,18.8,1.0585,-0.6998,0.621,-0.733,0.2855,18.05,-0.14,0.014219,12.03,-7.48,8.3877,3.7745,0.8660254037844386,0.5000000000000001,2021-02-01
Nanning,2021,3,108.37,22.82,21.65,37.7,10.38,12.08,16.17,22.85,99.33,4.56,10.55,6.11,144.0,73.51,12.0,0.84,9.44,35.65,4.47,0.93,88.08,0.25,1.6,0.53,0.53,0.5,19.04,-1.1004,-0.8018,-2.2467,-1.2257,0.2042,25.29,-6.98,0.027096,15.78,-6.31,10.2045,5.2292,1.0,6.123233995736766e-17,2021-03-01
Nanning,2021,4,108.37,22.82,24.22,37.26,14.78,10.53,19.08,25.3,99.17,4.06,8.83,5.46,115.7,75.16,14.16,4.7,10.47,36.44,5.14,1.11,87.15,0.93,2.51,0.55,0.54,0.55,22.25,1.4405,0.8479,1.2123,0.4328,0.2056,29.95,-11.69,0.027041,17.2,-5.29,11.965,6.6641,0.8660254037844387,-0.4999999999999998,2021-04-01
Nanning,2021,5,108.37,22.82,27.35,35.26,19.38,9.1,23.71,27.82,98.68,3.98,9.02,5.73,174.9,81.99,18.77,4.22,17.14,37.04,8.41,1.99,77.75,3.3,3.87,0.61,0.6,0.63,26.31,-0.5539,-0.1939,-0.4667,-0.26,0.253,32.72,-15.23,0.038844,20.68,-3.5,12.7081,8.033,0.49999999999999994,-0.8660254037844387,2021-05-01
Nanning,2021,6,108.37,22.82,28.05,35.16,19.21,7.67,24.58,28.12,98.37,3.43,8.03,5.12,150.0,82.75,19.94,7.49,17.51,37.36,8.61,2.04,84.56,5.26,4.8,0.65,0.63,0.69,26.4,-0.3444,-0.0861,-0.1775,-0.0133,0.3129,33.56,-16.31,0.025937,20.9,-2.1,13.5998,8.92,1.2246467991473532e-16,-1.0,2021-06-01
Nanning,2021,7,108.37,22.82,28.67,36.19,23.34,8.1,25.04,28.94,98.34,2.97,7.27,4.58,157.3,82.16,20.35,6.49,20.31,37.25,9.89,2.38,81.29,6.27,5.2,0.65,0.64,0.69,26.33,-0.167,-0.6547,-0.476,-0.8241,0.3073,33.0,-15.88,0.015875,20.82,-2.59,13.2675,8.3653,-0.4999999999999997,-0.8660254037844388,2021-07-01
Nanning,2021,8,108.37,22.82,28.04,33.74,23.33,6.95,25.39,28.13,98.52,3.09,7.04,4.79,159.2,86.3,20.74,5.37,18.1,37.36,8.88,2.15,85.33,6.22,5.14,0.71,0.69,0.75,25.38,-0.7605,-0.7934,-0.9012,-0.9438,0.2372,34.7,-16.92,0.020496,20.89,-2.81,13.566,8.9052,-0.8660254037844385,-0.5000000000000004,2021-08-01
Nanning,2021,9,108.37,22.82,27.44,34.33,22.32,7.72,24.11,27.57,98.93,2.16,5.04,3.39,132.3,83.21,19.11,4.69,18.36,36.63,8.89,2.06,69.13,5.15,4.27,0.65,0.64,0.69,23.64,0.117,-0.6128,-0.3239,-0.8837,0.3029,33.1,-14.78,0.014048,19.6,-3.98,12.7689,7.9733,-1.0,-1.8369701987210297e-16,2021-09-01
Nanning,2021,10,108.37,22.82,21.78,34.41,12.64,9.33,17.42,21.97,99.4,5.11,12.95,4.6850000000000005,35.0,77.69,12.93,4.01,12.78,34.18,6.31,1.52,69.18,3.1,3.61,0.63,0.62,0.64,20.27,0.7841,-0.0813,0.8237,-0.348,0.316,28.32,-6.4,0.023026,15.39,-4.16,11.0003,8.2723,-0.8660254037844386,0.5000000000000001,2021-10-01
Nanning,2021,11,108.37,22.82,17.93,29.94,8.14,10.32,12.3,18.18,99.75,3.93,10.38,5.98,34.9,72.29,9.57,1.03,11.76,31.83,5.68,1.24,65.45,1.61,2.35,0.6,0.59,0.59,17.65,-0.288,0.2917,0.0367,0.1262,0.399,21.21,1.23,0.016368,12.45,-5.35,8.5375,6.2673,-0.5000000000000004,0.8660254037844384,2021-11-01
Nanning,2021,12,108.37,22.82,14.23,26.63,1.8,12.56,7.17,14.55,100.14,3.81,9.22,5.61,34.2,65.77,6.59,0.25,11.81,28.78,5.43,1.03,47.44,0.27,1.18,0.53,0.53,0.5,15.59,-0.8511,0.1695,-0.6936,0.1939,0.3544,7.79,8.59,0.011025,9.64,-5.63,6.4475,3.3781,-2.4492935982947064e-16,1.0,2021-12-01
Nanning,2022,1,108.37,22.82,14.11,27.65,2.85,11.0,9.66,14.8,99.82,3.89,7.75,5.44,50.6,76.36,7.79,2.1,6.71,31.85,3.41,0.82,86.57,0.12,1.04,0.52,0.52,0.52,16.16,0.6684,-0.1968,0.4626,-0.1498,0.2988,19.43,0.11,0.018295,10.25,-9.57,8.1135,3.9263,0.49999999999999994,0.8660254037844387,2022-01-01
Nanning,2022,2,108.37,22.82,11.07,27.43,1.27,10.46,7.35,11.88,99.94,4.56,10.14,6.08,37.9,79.18,6.71,5.51,7.87,30.66,3.92,1.01,85.79,0.41,1.69,0.64,0.62,0.66,19.26,2.4525,1.7978,2.4457,1.6781,0.3382,14.54,4.38,0.019688,8.9,-8.16,7.4448,4.0079,0.8660254037844386,0.5000000000000001,2022-02-01
Nanning,2022,3,108.37,22.82,20.76,31.94,9.48,10.9,17.35,21.35,99.2,4.09,10.2,5.77,146.5,82.23,12.79,2.71,11.82,34.44,5.75,1.33,77.61,1.98,3.14,0.67,0.66,0.71,21.27,0.7004,2.0654,0.4944,1.859,0.3154,25.43,-8.67,0.026151,16.3,-6.21,10.7283,5.367,1.0,6.123233995736766e-17,2022-03-01
Nanning,2022,4,108.37,22.82,22.49,35.59,8.72,11.53,16.96,23.08,99.24,4.16,10.53,5.84,116.1,73.58,12.69,2.76,15.91,33.96,7.45,1.54,60.08,2.3,3.44,0.61,0.61,0.62,23.63,0.0979,1.8808,0.4009,1.7584,0.3825,26.33,-5.56,0.016928,16.01,-5.48,9.868,6.4022,0.8660254037844387,-0.4999999999999998,2022-04-01
Nanning,2022,5,108.37,22.82,23.86,31.85,14.22,8.29,20.57,24.09,98.85,3.57,9.27,5.19,99.3,83.2,15.82,10.36,13.28,35.8,6.57,1.51,91.52,3.23,4.14,0.73,0.71,0.77,25.5,1.5935,1.4302,1.4962,1.379,0.1973,32.54,-11.34,0.021022,17.14,-4.14,12.3097,8.9221,0.49999999999999994,-0.8660254037844387,2022-05-01
Nanning,2022,6,108.37,22.82,27.1,32.72,21.88,5.65,25.21,27.04,98.35,3.4,6.94,5.18,173.5,89.83,20.56,7.15,14.68,37.38,7.36,1.72,93.26,2.95,3.97,0.88,0.85,0.87,25.66,-0.4996,0.7504,-0.1046,1.0674,0.2819,35.98,-17.4,0.035411,20.53,-3.12,13.7778,9.4077,1.2246467991473532e-16,-1.0,2022-06-01
Nanning,2022,7,108.37,22.82,27.8,33.33,22.28,7.0,25.31,27.83,98.45,3.1,8.45,4.87,165.5,87.1,20.67,4.96,19.97,37.13,9.7,2.36,67.68,5.51,5.58,0.86,0.83,0.86,26.82,-0.8407,0.2656,-0.8528,0.6003,0.243,32.16,-15.67,0.021193,20.83,-2.86,13.0714,8.0763,-0.4999999999999997,-0.8660254037844388,2022-07-01
Nanning,2022,8,108.37,22.82,27.71,34.11,23.6,6.94,24.94,27.79,98.53,3.0,14.43,4.58,137.1,85.7,20.17,5.3,17.0,37.46,8.38,2.07,79.07,6.11,5.17,0.73,0.71,0.77,25.59,-0.7966,-1.2974,-0.863,-1.1605,0.2828,33.94,-15.9,0.017517,20.17,-2.95,13.3952,8.8148,-0.8660254037844385,-0.5000000000000004,2022-08-01
Nanning,2022,9,108.37,22.82,27.45,35.93,21.4,9.47,22.27,27.7,98.9,2.68,6.63,4.16,57.8,75.39,17.13,2.59,17.93,36.55,8.57,1.93,70.23,5.08,4.65,0.63,0.62,0.63,22.8,-1.1044,-1.672,-1.3715,-1.5138,0.2396,32.41,-11.75,0.016209,19.17,-3.49,11.9237,8.3203,-1.0,-1.8369701987210297e-16,2022-09-01
Nanning,2022,10,108.37,22.82,23.38,34.08,13.11,12.27,15.11,23.82,99.53,4.14,10.22,6.24,37.8,63.87,11.38,1.44,17.63,32.97,8.26,1.84,46.85,1.57,2.68,0.55,0.55,0.52,20.8,-0.5554,-1.4395,-0.6161,-1.3865,0.3475,22.64,-0.89,0.01719,15.59,-4.17,8.6628,6.7919,-0.8660254037844386,0.5000000000000001,2022-10-01
Nanning,2022,11,108.37,22.82,22.37,32.87,8.16,11.54,16.52,23.06,99.42,3.6,9.31,5.28,78.9,72.67,12.17,2.37,11.05,34.06,5.42,1.32,67.35,0.32,1.46,0.51,0.51,0.48,17.37,0.7332,-0.789,0.1839,-1.1985,0.2379,23.25,-7.08,0.017312,15.71,-4.74,10.9122,5.2921,-0.5000000000000004,0.8660254037844384,2022-11-01
Nanning,2022,12,108.37,22.82,11.97,23.17,2.34,11.98,4.0,12.41,100.12,4.32,11.91,6.27,34.8,61.56,5.22,0.29,11.43,28.55,5.27,1.08,56.9,0.19,1.15,0.53,0.53,0.5,15.85,-0.7377,-0.3152,-0.1021,-0.6713,0.3482,8.51,10.83,0.013085,8.3,-5.76,5.9732,3.9415,-2.4492935982947064e-16,1.0,2022-12-01
Nanning,2023,1,108.37,22.82,13.12,29.37,1.41,12.44,6.0,13.65,100.03,4.31,11.2,6.25,39.0,65.48,6.35,1.02,10.32,29.64,4.85,1.05,66.25,0.1,1.02,0.52,0.51,0.5,16.61,-0.1199,-0.0732,-0.3367,-0.3821,0.2654,2.58,10.76,0.010986,8.43,-4.83,6.3452,3.0726,0.49999999999999994,0.8660254037844387,2023-01-01
Nanning,2023,2,108.37,22.82,17.01,32.35,6.61,11.86,11.7,17.85,99.75,4.26,10.66,5.98,82.3,73.52,9.04,2.04,10.17,32.43,4.9,1.16,75.21,0.28,1.43,0.55,0.54,0.54,18.63,0.762,-0.2458,0.5144,-0.2164,0.1646,18.32,-0.87,0.019257,12.44,-7.08,8.6973,4.0671,0.8660254037844386,0.5000000000000001,2023-02-01
Nanning,2023,3,108.37,22.82,20.99,37.82,10.93,12.02,14.49,22.03,99.47,4.02,10.98,5.56,121.0,69.55,10.66,1.2,11.78,33.93,5.54,1.18,76.75,0.1,1.42,0.51,0.51,0.49,19.46,-0.6197,-0.2701,-0.9361,-0.5205,0.2967,26.29,-6.99,0.019179,14.74,-8.79,9.6081,5.1218,1.0,6.123233995736766e-17,2023-03-01
Nanning,2023,4,108.37,22.82,24.9,37.63,14.1,11.94,18.51,25.93,98.93,4.69,9.96,6.33,139.6,70.79,13.89,3.54,11.49,36.22,5.43,1.01,77.27,0.3,2.1,0.52,0.51,0.5,20.45,0.6949,0.3235,0.3068,0.0209,0.4126,29.15,-12.14,0.028924,18.71,-5.21,11.5725,6.3748,0.8660254037844387,-0.4999999999999998,2023-04-01
Nanning,2023,5,108.37,22.82,27.41,41.03,17.53,11.6,21.47,28.32,98.74,4.22,9.89,5.89,146.7,73.07,16.46,3.07,16.2,37.03,7.88,1.74,67.88,2.13,3.58,0.57,0.56,0.55,25.37,-1.1758,-0.8417,0.5004500000000001,-1.3258,0.293,31.46,-14.54,0.030439,20.28,-3.25,12.6936,7.6573,0.49999999999999994,-0.8660254037844387,2023-05-01
Nanning,2023,6,108.37,22.82,28.56,40.56,22.23,8.08,24.39,29.04,98.45,3.47,7.4,5.09,142.6,80.6,19.61,10.21,15.56,37.76,7.71,1.81,84.14,2.72,3.86,0.63,0.62,0.65,26.24,0.7535,-0.0043,0.6941,-0.0611,0.2558,34.53,-16.81,0.024084,20.55,-2.55,13.7615,9.1244,1.2246467991473532e-16,-1.0,2023-06-01
Nanning,2023,7,108.37,22.82,28.63,34.58,24.24,7.19,25.56,28.67,98.43,3.89,6.845000000000001,5.76,150.5,84.5,20.98,4.8,19.12,37.77,9.33,2.26,79.48,7.1,5.61,0.71,0.69,0.74,26.53,-0.9191,-0.703,-1.0589,-0.9801,0.2589,32.58,-16.09,0.022612,21.09,-2.23,13.3887,8.4445,-0.4999999999999997,-0.8660254037844388,2023-07-01
Nanning,2023,8,108.37,22.82,27.72,33.6,20.75,6.66,25.23,27.86,98.37,2.59,6.29,4.03,119.8,87.02,20.62,8.58,14.93,37.79,7.48,1.89,91.02,5.39,5.15,0.77,0.75,0.81,25.19,0.6362,0.1849,0.4894,-0.0155,0.2851,35.71,-18.08,0.010208,20.09,-1.98,14.6727,10.0527,-0.8660254037844385,-0.5000000000000004,2023-08-01
Nanning,2023,9,108.37,22.82,26.51,32.7,20.02,7.32,23.89,26.47,98.78,3.54,9.33,5.3,49.4,86.2,18.93,6.36,14.24,37.13,7.1,1.7,78.49,5.14,5.19,0.79,0.77,0.82,23.35,0.8418,0.1801,0.7415,-0.0816,0.3626,34.17,-15.91,0.016033,19.11,-2.91,13.8398,9.0371,-1.0,-1.8369701987210297e-16,2023-09-01
Nanning,2023,10,108.37,22.82,23.24,32.4,15.76,8.55,19.65,23.31,99.47,3.33,11.09,5.01,46.2,81.4,14.64,3.34,14.07,34.95,6.79,1.56,67.01,4.39,4.08,0.68,0.67,0.71,20.09,0.5106,0.8868,0.4036,0.6557,0.2494,27.41,-8.08,0.016872,16.3,-3.78,11.475,7.2741,-0.8660254037844386,0.5000000000000001,2023-10-01
Nanning,2023,11,108.37,22.82,19.46,30.29,8.3,10.69,15.17,19.49,99.82,3.24,10.22,4.88,62.3,78.23,11.32,1.13,12.44,32.2,5.89,1.2,53.13,2.44,2.78,0.65,0.63,0.65,17.38,-0.1875,0.5792,-0.186,0.2984,0.3199,18.07,-0.8,0.01415,14.06,-5.3,8.7586,4.7594,-0.5000000000000004,0.8660254037844384,2023-11-01
Nanning,2023,12,108.37,22.82,14.76,30.13,0.29,11.7,9.16,15.06,100.07,4.04,10.95,5.86,51.4,71.73,8.14,0.69,10.39,30.34,4.94,0.96,62.98,0.6,1.54,0.57,0.57,0.56,15.74,0.0262,0.1211,-0.0673,-0.1337,0.3406,20.5,-0.6,0.017263,11.26,-6.25,9.4039,5.0556,-2.4492935982947064e-16,1.0,2023-12-01
Nanning,2024,1,108.37,22.82,14.25,26.21,-0.86,9.42,10.72,14.71,100.03,3.93,10.37,5.62,71.7,80.57,8.63,3.17,6.64,31.87,3.37,0.77,85.27,0.45,1.47,0.6,0.59,0.61,16.31,1.2137,0.4945,1.1465,0.3526,0.1546,21.75,0.61,0.020137,10.1,-8.78,8.2985,4.7145,0.49999999999999994,0.8660254037844387,2024-01-01
Nanning,2024,2,108.37,22.82,15.21,33.78,4.28,11.29,10.58,15.91,99.81,4.94,10.39,6.62,77.7,75.96,8.66,1.2,8.96,31.94,4.4,1.06,77.52,0.64,1.83,0.6,0.59,0.6,18.78,0.1213,0.789,0.1733,0.5604,0.2979,20.49,-2.63,0.024789,13.65,-6.82,9.0526,4.2589,0.8660254037844386,0.5000000000000001,2024-02-01
Nanning,2024,3,108.37,22.82,20.28,35.39,5.04,11.93,15.18,21.09,99.42,4.51,11.13,6.29,119.0,74.95,11.4,2.0,11.09,34.22,5.33,1.13,82.24,0.94,2.29,0.59,0.58,0.59,20.41,0.1665,0.8031,0.0891,0.579,0.3034,24.74,-6.05,0.027326,15.87,-5.31,10.1951,5.5853,1.0,6.123233995736766e-17,2024-03-01
Nanning,2024,4,108.37,22.82,26.52,38.42,16.9,11.63,21.38,27.29,98.68,4.14,9.26,5.83,150.9,76.21,16.37,4.22,13.94,36.83,6.57,1.2,69.51,1.76,3.08,0.58,0.57,0.58,21.17,1.1482,0.6587,0.2876,0.2538,0.3719,33.42,-15.79,0.039496,21.86,-5.46,11.6843,7.256,0.8660254037844387,-0.4999999999999998,2024-04-01
Nanning,2024,5,108.37,22.82,25.51,34.22,17.75,8.14,22.57,25.76,98.86,3.3,7.45,4.83,105.6,84.81,17.53,5.733333333333333,12.73,36.86,6.32,1.37,91.48,3.68,4.99,0.79,0.76,0.83,24.5,1.74925,2.9957,2.2363,2.0249,0.2068,33.86,-14.78,0.025112,18.52,-4.03,13.1777,8.678,0.49999999999999994,-0.8660254037844387,2024-05-01
Nanning,2024,6,108.37,22.82,27.39,31.84,21.81,5.39,25.81,27.36,98.49,3.43,6.75,5.24,146.1,91.34,21.31,7.246666666666666,12.31,37.83,6.28,1.55,96.13,2.17,4.53,0.97,0.94,0.94,26.13,2.3503,2.7690333333333332,1.804,2.3616,0.223,34.32,-17.76,0.035029,20.73,-1.94,14.3001,9.1229,1.2246467991473532e-16,-1.0,2024-06-01
Nanning,2024,7,108.37,22.82,27.91,34.74,24.24,6.08,25.87,27.88,98.38,3.46,7.52,5.26,146.6,89.23,21.38,8.76,16.13,37.72,8.03,1.98,83.65,3.9,5.66,0.94,0.91,0.91,26.49,0.6582,2.5423666666666667,0.5066,2.5589,0.2924,31.61,-15.0,0.02914,20.45,-1.94,13.3268,8.439,-0.4999999999999997,-0.8660254037844388,2024-07-01
Nanning,2024,8,108.37,22.82,28.03,34.05,23.77,6.57,25.64,28.03,98.55,2.47,6.7,3.88,163.6,87.52,21.05,10.8,16.54,37.67,8.17,1.99,81.3,4.15,5.31,0.95,0.92,0.92,25.24,1.4075,2.3157,1.3709,2.0033,0.3978,32.84,-15.81,0.021217,20.62,-2.63,13.3014,8.3528,-0.8660254037844385,-0.5000000000000004,2024-08-01
Nanning,2024,9,108.37,22.82,26.8,33.35,18.35,7.04,24.26,26.63,98.65,3.33,13.89,5.06,49.4,86.54,19.44,6.32,15.41,37.12,7.59,1.78,80.38,3.92,5.13,0.93,0.9,0.9,23.04,0.8261,1.5159,0.6593,1.3359,0.3408,31.51,-13.42,0.020243,19.51,-2.49,12.8522,8.2785,-1.0,-1.8369701987210297e-16,2024-09-01
Nanning,2024,10,108.37,22.82,22.14,30.52,13.29,10.22,18.06,22.02,99.4,3.77,8.75,5.83,31.7,79.13,13.35,1.15,16.87,33.47,8.0,1.76,52.0,5.08,4.74,0.74,0.72,0.76,20.61,-0.7968,0.8849,-0.5327,0.6792,0.3647,23.5,-3.5,0.018187,15.72,-3.98,9.7531,6.8953,-0.8660254037844386,0.5000000000000001,2024-10-01
Nanning,2024,11,108.37,22.82,19.96,31.78,8.68,12.54,13.34,20.21,99.74,3.59,8.51,5.59,37.7,68.46,9.99,0.28,15.13,31.56,6.89,1.22,38.56,1.83,2.39,0.57,0.57,0.55,17.33,-1.4567,-0.3272,-0.8030999999999999,-0.4882,0.3518,19.76,-1.59,0.016553,13.28,-5.49,9.3163,4.8953,-0.5000000000000004,0.8660254037844384,2024-11-01
Nanning,2024,12,108.37,22.82,14.22,27.49,4.5,12.18,5.6,14.7,100.06,4.12,9.27,6.06,39.2,59.18,6.02,0.13,10.43,29.5,4.63,0.75,57.31,0.15,0.97,0.5,0.5,0.47,15.19,-1.3043,-1.7548,-1.0735,-1.3438,0.3156,4.89,9.04,0.012152,9.23,-4.22,7.0117,3.1587,-2.4492935982947064e-16,1.0,2024-12-01
Nanning,2025,1,108.37,22.82,14.98,27.55,3.11,14.0,4.23,15.71,99.99,3.93,12.33,5.72,57.7,63.41,5.57,0.14,12.34,28.68,5.54,1.02,44.13,0.02,0.39,0.47,0.47,0.33,16.33,-1.6123,-2.5431,-2.0439,-3.09,0.3156,4.89,9.04,0.012152,9.23,-4.22,7.0117,3.1587,0.49999999999999994,0.8660254037844387,2025-01-01
Nanning,2025,2,108.37,22.82,14.89,30.2,3.43,11.68,8.37,16.16,99.96,4.33,10.04,5.7,52.3,67.64,7.22,1.18,6.48,32.52,3.29,0.82,93.57,0.01,0.75,0.48,0.48,0.43,18.57,0.0602,-1.8264,0.1951,-1.7406,0.3156,4.89,9.04,0.012152,9.23,-4.22,7.0117,3.1587,0.8660254037844386,0.5000000000000001,2025-02-01
Nanning,2025,3,108.37,22.82,19.82,37.43,7.65,14.19,10.93,21.37,99.54,4.98,11.35,6.59,71.0,60.68,8.83,0.73,12.69,33.15,5.95,1.23,68.49,0.01,1.11,0.48,0.48,0.42,20.82,-1.2765,-1.7799,-1.1442,-1.5134,0.3156,4.89,9.04,0.012152,9.23,-4.22,7.0117,3.1587,1.0,6.123233995736766e-17,2025-03-01
Nanning,2025,4,108.37,22.82,26.21,39.88,11.23,14.11,15.36,27.96,99.06,4.2,15.08,5.52,156.3,55.9,11.7,1.78,15.41,35.59,7.22,1.44,79.58,0.01,0.83,0.47,0.47,0.33,22.95,-0.8423,-1.3588,-1.5935,-3.09,0.3156,4.89,9.04,0.012152,9.23,-4.22,7.0117,3.1587,0.8660254037844387,-0.4999999999999998,2025-04-01
Nanning,2025,5,108.37,22.82,26.04,37.35,15.11,9.83,21.52,26.67,98.85,3.6,12.54,5.17,144.2,78.59,16.59,9.5,14.6,36.63,7.18,1.64,87.31,2.66,4.05,0.65,0.63,0.68,25.96,1.3559,0.4908,1.2309,0.4388,0.3156,4.89,9.04,0.012152,9.23,-4.22,7.0117,3.1587,0.49999999999999994,-0.8660254037844387,2025-05-01
Nanning,2025,6,108.37,22.82,27.26,34.29,20.59,6.68,24.89,27.25,98.46,3.47,7.17,5.29,148.8,87.56,20.17,13.7,15.71,37.5,7.86,1.88,90.7,4.04,4.99,0.83,0.8,0.85,26.39,1.9093,1.5886,1.5691,1.3094,0.3156,4.89,9.04,0.012152,9.23,-4.22,7.0117,3.1587,1.2246467991473532e-16,-1.0,2025-06-01
Nanning,2025,7,108.37,22.82,28.31,33.86,23.59,6.89,25.4,28.27,98.14,2.49,10.24,3.82,84.8,85.01,20.83,8.04,17.07,37.74,8.45,2.03,83.79,4.82,5.6,0.93,0.9,0.91,26.16,0.4137,1.8013,0.1565,1.5452,0.3156,4.89,9.04,0.012152,9.23,-4.22,7.0117,3.1587,-0.4999999999999997,-0.8660254037844388,2025-07-01
Nanning,2025,8,108.37,22.82,27.19,33.14,22.93,6.22,24.98,27.13,98.62,3.03,7.78,4.66,133.0,88.32,20.24,8.28,15.49,37.22,7.66,1.86,86.18,3.87,5.04,0.93,0.9,0.91,25.29,0.5223,1.4712,0.4716,1.3277,0.3156,4.89,9.04,0.012152,9.23,-4.22,7.0117,3.1587,-0.8660254037844385,-0.5000000000000004,2025-08-01
Nanning,2025,9,108.37,22.82,26.63,32.66,20.89,6.81,24.21,26.58,98.85,3.07,13.61,4.73,89.6,87.16,19.27,7.9,16.3,36.87,7.99,1.84,74.49,4.24,4.85,0.88,0.85,0.88,23.4,1.4067,1.167,1.5176,0.9981,0.3156,4.89,9.04,0.012152,9.23,-4.22,7.0117,3.1587,-1.0,-1.8369701987210297e-16,2025-09-01
Nanning,2025,10,108.37,22.82,22.95,31.34,10.98,7.83,20.15,22.85,99.42,3.73,14.36,5.56,50.5,84.8,15.4,4.72,14.26,34.81,6.95,1.54,63.2,3.41,4.59,0.9,0.88,0.88,20.26,1.0433,1.4137,0.9352,1.4257,0.3156,4.89,9.04,0.012152,9.23,-4.22,7.0117,3.1587,-0.8660254037844386,0.5000000000000001,2025-10-01
Nanning,2025,11,108.37,22.82,16.56,29.05,5.63,9.91,12.43,16.23,99.89,3.89,9.64,5.98,25.2,78.17,9.5,1.58,12.38,30.6,5.88,1.31,60.59,2.28,3.28,0.8,0.77,0.81,17.93,0.2014,1.3832,0.574,1.3709,0.3156,4.89,9.04,0.012152,9.23,-4.22,7.0117,3.1587,-0.5000000000000004,0.8660254037844384,2025-11-01
Nanning,2025,12,108.37,22.82,15.74,25.33,4.07,10.39,11.89,15.61,99.83,3.09,10.81,4.73,50.7,79.3,9.01,1.09,10.16,31.39,4.82,0.97,69.33,1.63,2.19,0.69,0.68,0.72,15.29,0.5189,0.8383,0.2072,0.7093,0.3156,4.89,9.04,0.012152,9.23,-4.22,7.0117,3.1587,-2.4492935982947064e-16,1.0,2025-12-01
Wuzhou,2005,1,111.28,23.47,11.84,26.52,-2.43,12.66,5.08,12.52,100.45,3.26,6.46,4.62,36.6,66.45,5.92,0.65,7.45,30.88,3.31,0.57,87.15,0.0,0.58,0.54,0.54,0.46,14.03,-0.6536,-0.7959,-0.3109,-0.3695,-0.0159,5.28,9.85,0.012315,8.01,-7.28,5.855,3.105,0.49999999999999994,0.8660254037844387,2005-01-01
Wuzhou,2005,2,111.28,23.47,15.5,31.09,2.01,13.17,9.2,16.75,100.22,3.84,8.85,5.11,44.6,68.46,7.93,1.42,6.46,33.22,3.04,0.64,98.3,0.01,0.88,0.54,0.54,0.48,16.75,-0.2292,-0.7959,-0.1332,-0.3695,-0.0332,19.52,-1.9,0.02081,11.98,-9.0,8.508,3.98,0.8660254037844386,0.5000000000000001,2005-02-01
Wuzhou,2005,3,111.28,23.47,17.94,31.48,3.87,12.53,11.46,18.9,100.26,3.83,9.62,5.34,71.7,68.97,9.22,3.86,9.38,33.12,4.31,0.84,92.0,0.41,1.88,0.59,0.59,0.59,19.81,0.0594,-0.7959,0.0081,-0.3695,0.0211,22.66,-0.81,0.019653,11.74,-8.79,8.235,5.098,1.0,6.123233995736766e-17,2005-03-01
Wuzhou,2005,4,111.28,23.47,23.76,35.07,11.3,10.85,18.74,24.46,99.73,3.21,8.58,4.65,144.1,75.73,13.94,5.81,12.11,35.56,5.57,1.09,85.45,2.66,3.53,0.67,0.66,0.69,21.46,0.1505,-0.1163,0.0708,-0.1714,0.0164,27.73,-7.84,0.023419,15.79,-6.18,10.605,6.256,0.8660254037844387,-0.4999999999999998,2005-04-01
Wuzhou,2005,5,111.28,23.47,26.51,33.19,17.64,7.16,23.86,26.58,99.08,3.06,8.33,4.74,165.9,86.13,18.89,11.46,16.3,36.81,7.69,1.68,86.08,3.26,4.65,0.85,0.82,0.87,25.06,1.1109,0.6706,0.8443,0.4225,-0.0378,33.13,-15.01,0.037025,19.65,-4.91,12.47,7.604,0.49999999999999994,-0.8660254037844387,2005-05-01
Wuzhou,2005,6,111.28,23.47,27.14,32.91,22.42,5.19,25.44,27.1,98.74,2.99,6.58,4.65,174.2,90.75,20.77,14.77,12.13,37.46,5.92,1.37,97.29,2.26,4.17,0.96,0.94,0.95,25.02,1.5097,1.3797,1.3029,1.1447,-0.0478,35.17,-16.35,0.035567,20.0,-3.0,13.622,9.37,1.2246467991473532e-16,-1.0,2005-06-01
Wuzhou,2005,7,111.28,23.47,28.05,34.46,23.48,7.36,25.09,28.1,99.04,2.72,7.03,4.16,163.7,84.79,20.26,3.8,19.94,36.91,9.35,2.1,63.64,6.66,6.02,0.89,0.87,0.88,25.9,-1.1228,1.0565,-1.0157,0.8725,-0.1488,29.25,-12.68,0.021361,20.15,-3.36,11.957,6.909,-0.4999999999999997,-0.8660254037844388,2005-07-01
Wuzhou,2005,8,111.28,23.47,27.66,34.2,20.46,7.44,24.63,27.77,98.92,2.68,7.89,4.16,96.2,84.37,19.75,5.1,16.75,37.3,7.86,1.75,74.06,7.13,5.56,0.77,0.75,0.8,23.94,-0.5182,0.3736,-0.4241,0.3906,-0.1324,32.01,-14.37,0.013999,19.64,-3.43,12.806,8.024,-0.8660254037844385,-0.5000000000000004,2005-08-01
Wuzhou,2005,9,111.28,23.47,26.7,33.14,19.2,8.43,22.95,26.69,99.44,3.1,9.21,4.69,47.8,80.9,17.75,4.36,16.06,36.52,7.5,1.58,66.61,6.58,5.12,0.73,0.71,0.75,21.96,-0.0351,-0.9953,0.0121,-0.8104,-0.1171,30.38,-12.01,0.024862,18.84,-3.86,12.01,7.307,-1.0,-1.8369701987210297e-16,2005-09-01
Wuzhou,2005,10,111.28,23.47,24.06,34.22,12.9,12.65,16.41,24.8,100.04,3.24,7.85,4.85,34.2,64.96,12.02,0.11,16.02,33.82,7.16,1.34,36.73,1.67,2.43,0.59,0.59,0.54,18.09,-1.6611,-1.1422,-1.4681,-0.9764,-0.1863,22.2,-4.12,0.021201,15.92,-4.66,9.654,5.61,-0.8660254037844386,0.5000000000000001,2005-10-01
Wuzhou,2005,11,111.28,23.47,20.27,34.93,6.65,12.4,13.49,20.92,100.15,3.14,7.33,4.63,29.3,67.73,10.24,1.65,11.68,32.53,5.23,0.97,52.47,0.26,1.27,0.56,0.56,0.51,15.5,0.0327,-0.837,-0.4326,-0.8661,-0.15894999999999998,19.04,-0.66,0.016022,13.86,-5.23,8.81,4.935,-0.5000000000000004,0.8660254037844384,2005-11-01
Wuzhou,2005,12,111.28,23.47,12.75,27.64,1.02,12.61,3.06,13.25,100.68,3.84,10.38,5.54,31.3,55.69,5.27,0.4,9.98,28.68,4.34,0.72,54.69,0.03,0.78,0.54,0.54,0.48,13.77,-0.4645,-1.1034,-0.1638,-1.1484,-0.1316,10.21,10.9,0.017626,9.53,-6.16,5.297,4.962,-2.4492935982947064e-16,1.0,2005-12-01
Wuzhou,2006,1,111.28,23.47,14.1,29.89,-0.87,13.9,6.67,14.82,100.34,3.52,8.82,4.89,29.3,63.63,6.7,0.6,9.76,29.83,4.27,0.81,59.44,0.01,0.7,0.54,0.54,0.46,14.85,-0.7118,-0.8131,-0.7771,-0.8459,0.0623,5.78,7.67,0.012446,9.81,-5.72,6.731,2.965,0.49999999999999994,0.8660254037844387,2006-01-01
Wuzhou,2006,2,111.28,23.47,16.05,31.73,2.12,12.16,9.61,17.28,100.47,3.68,8.87,4.89,36.1,67.92,7.67,4.16,8.26,32.4,3.79,0.8,86.77,0.05,0.78,0.56,0.55,0.47,17.26,1.1525,-0.0524,1.0773,0.0662,-0.0471,22.18,-0.34,0.017909,11.41,-8.82,8.156,4.797,0.8660254037844386,0.5000000000000001,2006-02-01
Wuzhou,2006,3,111.28,23.47,18.31,30.96,1.5,11.27,13.83,19.07,99.93,3.3,9.38,4.72,68.4,76.95,10.56,4.0,9.54,33.42,4.35,0.91,84.5,1.49,2.57,0.67,0.66,0.69,19.35,0.1298,0.2208,0.036,0.3189,-0.085,23.82,-3.22,0.020728,13.17,-7.55,9.185,5.428,1.0,6.123233995736766e-17,2006-03-01
Wuzhou,2006,4,111.28,23.47,23.37,33.36,9.37,9.99,19.31,23.83,99.52,3.47,10.45,5.0,167.0,79.28,14.64,3.7,11.63,35.5,5.42,1.18,81.81,3.36,3.92,0.7,0.69,0.74,22.09,-0.7594,0.03,-0.808,-0.0366,-0.0112,28.65,-9.18,0.028724,16.97,-5.69,10.879,6.664,0.8660254037844387,-0.4999999999999998,2006-04-01
Wuzhou,2006,5,111.28,23.47,24.65,32.66,14.83,8.11,21.19,24.77,99.41,3.34,9.83,5.07,110.1,82.35,16.23,11.12,13.65,35.79,6.52,1.43,83.39,3.82,4.34,0.77,0.75,0.81,25.5,0.9913,0.1274,1.0323,0.0756,0.0965,29.92,-10.3,0.016844,17.87,-4.77,11.345,7.207,0.49999999999999994,-0.8660254037844387,2006-05-01
Wuzhou,2006,6,111.28,23.47,26.95,32.66,20.44,6.26,24.73,26.99,99.03,2.61,7.23,4.07,183.6,88.14,19.85,12.09,15.06,37.0,7.2,1.61,82.03,3.48,4.77,0.95,0.93,0.93,25.39,0.8014,0.5399,0.8322,0.6114,0.057,32.8,-13.98,0.033036,20.05,-3.57,12.432,8.292,1.2246467991473532e-16,-1.0,2006-06-01
Wuzhou,2006,7,111.28,23.47,27.84,34.13,22.64,6.04,25.47,27.77,98.73,2.9,10.51,4.44,167.7,87.54,20.8,10.72,15.67,37.27,7.47,1.71,76.49,4.46,4.88,0.93,0.9,0.92,25.5,2.0754,1.7127,2.6662,1.621,-0.0784,32.75,-15.41,0.026519,20.6,-2.85,13.066,8.354,-0.4999999999999997,-0.8660254037844388,2006-07-01
Wuzhou,2006,8,111.28,23.47,27.44,32.49,21.14,6.61,24.66,27.35,98.93,2.74,15.55,4.09,84.5,85.37,19.78,7.99,16.78,36.81,7.82,1.7,70.89,4.6,5.01,0.94,0.91,0.92,23.72,0.652,2.0612,0.7606,1.9247,-0.1116,31.7,-14.91,0.018296,19.79,-3.48,12.943,7.664,-0.8660254037844385,-0.5000000000000004,2006-08-01
Wuzhou,2006,9,111.28,23.47,24.38,31.56,15.81,8.76,21.0,24.21,99.47,3.01,7.97,4.48,35.4,82.31,15.92,3.68,16.1,34.92,7.36,1.47,57.67,5.26,5.02,0.88,0.86,0.88,21.27,-0.4434,1.288,0.1471,1.4562,-0.14595,28.16,-10.02,0.019662,17.7,-3.81,11.686,7.153,-1.0,-1.8369701987210297e-16,2006-09-01
Wuzhou,2006,10,111.28,23.47,24.82,31.44,15.15,9.94,19.98,24.92,99.94,2.36,6.63,3.59,30.8,75.93,14.8,0.56,14.06,34.75,6.18,1.06,35.46,4.48,3.58,0.68,0.67,0.68,16.56,-0.6801,-0.1753,-1.174,0.2581,-0.1803,27.09,-7.35,0.017637,16.58,-4.39,10.817,6.625,-0.8660254037844386,0.5000000000000001,2006-10-01
Wuzhou,2006,11,111.28,23.47,19.76,31.99,9.65,12.84,13.78,20.0,100.06,3.22,9.19,4.87,38.9,72.17,10.18,4.05,10.55,32.43,4.68,0.79,62.46,1.12,2.05,0.61,0.61,0.6,15.51,0.9289,-0.0517,0.8651,0.071,0.0221,20.24,-2.28,0.017115,14.7,-6.63,8.57,4.349,-0.5000000000000004,0.8660254037844384,2006-11-01
Wuzhou,2006,12,111.28,23.47,12.73,26.8,1.11,13.89,6.55,12.76,100.64,3.56,7.68,5.38,31.6,69.09,6.27,0.49,11.34,28.02,4.88,0.76,42.16,1.26,1.8,0.64,0.64,0.64,14.15,-0.3233,0.1291,-0.0549,-0.0409,-0.114,10.73,8.53,0.013942,10.72,-7.07,5.448,3.578,-2.4492935982947064e-16,1.0,2006-12-01
Wuzhou,2007,1,111.28,23.47,11.26,25.06,1.23,13.09,4.72,11.6,100.79,3.55,8.49,5.01,27.7,67.41,5.51,1.29,10.09,28.6,4.36,0.73,59.59,0.35,1.28,0.61,0.61,0.6,15.05,-0.0998,0.248,0.1819,0.2776,-0.1935,9.27,8.64,0.011526,9.34,-7.15,5.904,3.173,0.49999999999999994,0.8660254037844387,2007-01-01
Wuzhou,2007,2,111.28,23.47,18.49,30.27,2.47,12.5,12.37,18.73,100.09,3.08,7.78,4.57,105.3,70.99,9.46,2.16,9.83,32.32,4.34,0.76,68.92,0.43,1.58,0.6,0.6,0.59,16.53,0.2516,-0.5183,-0.0539,-0.3913,-0.0207,20.46,-0.8,0.016614,12.53,-9.86,7.474,3.836,0.8660254037844386,0.5000000000000001,2007-02-01
Wuzhou,2007,3,111.28,23.47,19.58,33.13,6.81,11.1,15.19,20.28,99.88,3.77,8.58,5.3,98.9,77.5,11.36,3.19,7.86,34.52,3.6,0.7,92.71,1.18,2.35,0.65,0.64,0.65,18.3,-0.3039,-0.5181,-0.5521,-0.4736,0.0576,23.07,-4.29,0.022722,14.07,-6.62,9.653,4.889,1.0,6.123233995736766e-17,2007-03-01
Wuzhou,2007,4,111.28,23.47,20.98,34.01,8.27,10.39,16.34,21.53,99.85,3.01,11.06,4.26,45.7,76.71,12.1,4.83,11.52,34.39,5.3,1.04,88.82,1.96,2.92,0.67,0.66,0.7,21.83,-0.238,-0.371,0.0692,-0.4165,-0.182,26.39,-7.05,0.018136,14.82,-7.94,9.945,5.67,0.8660254037844387,-0.4999999999999998,2007-04-01
Wuzhou,2007,5,111.28,23.47,25.64,34.42,14.61,9.33,21.24,25.86,99.34,2.62,7.73,3.87,163.8,78.38,16.23,6.71,16.73,35.83,7.77,1.62,72.45,4.91,4.64,0.72,0.71,0.76,25.32,-0.8447,-0.9991,-0.7567,-0.8314,0.0377,26.77,-9.74,0.01541,18.32,-4.68,10.978,6.035,0.49999999999999994,-0.8660254037844387,2007-05-01
Wuzhou,2007,6,111.28,23.47,27.34,33.19,20.94,6.79,24.66,27.41,98.96,2.51,6.51,3.88,184.1,86.1,19.78,9.27,16.55,37.03,7.86,1.76,79.58,4.83,4.84,0.84,0.82,0.87,25.61,-0.0661,-0.6361,0.1208,-0.3667,0.0944,30.32,-12.5,0.028813,20.09,-3.47,11.865,7.407,1.2246467991473532e-16,-1.0,2007-06-01
Wuzhou,2007,7,111.28,23.47,28.33,34.49,23.02,7.87,24.96,28.49,98.99,2.81,7.69,4.36,173.8,83.12,20.12,2.71,20.98,36.83,9.88,2.31,61.4,7.71,5.85,0.77,0.76,0.79,26.53,-1.9548,-1.1679,-1.5586,-0.9731,0.0561,27.2,-11.5,0.030262,20.37,-3.39,11.389,6.331,-0.4999999999999997,-0.8660254037844388,2007-07-01
Wuzhou,2007,8,111.28,23.47,28.22,36.49,23.32,7.91,24.38,28.43,98.83,2.47,7.96,3.74,62.2,81.05,19.46,6.3,17.69,36.98,8.27,1.83,72.41,5.43,4.64,0.68,0.67,0.71,23.87,0.0109,-1.078,-0.0137,-0.953,-0.0894,30.88,-13.25,0.006917,20.09,-3.43,12.183,7.478,-0.8660254037844385,-0.5000000000000004,2007-08-01
Wuzhou,2007,9,111.28,23.47,25.79,32.99,16.78,8.74,21.68,25.87,99.26,2.97,10.98,4.56,35.3,79.31,16.6,3.76,14.96,36.17,6.91,1.41,70.3,5.62,4.55,0.71,0.7,0.73,21.13,-0.3928,-1.1388,-0.0884,-0.9368,-0.1282,27.3,-9.01,0.017776,18.15,-3.16,11.361,6.966,-1.0,-1.8369701987210297e-16,2007-09-01
Wuzhou,2007,10,111.28,23.47,23.91,34.35,13.16,12.81,15.9,24.55,99.91,3.64,8.98,5.39,37.3,63.9,11.67,0.36,14.81,33.87,6.54,1.19,47.93,1.26,2.25,0.58,0.58,0.53,17.93,-0.9826,-0.8104,-0.9937,-0.4889,-0.1449,19.89,-3.03,0.024544,15.76,-4.33,9.406,4.942,-0.8660254037844386,0.5000000000000001,2007-10-01
Wuzhou,2007,11,111.28,23.47,18.27,31.75,3.49,15.39,5.88,18.8,100.28,3.79,9.62,5.83,31.0,61.96,6.12,0.33,14.67,29.12,6.37,1.03,31.93,0.05,0.73,0.53,0.54,0.4,16.09,-1.0824,-1.5764,-0.936,-1.1389,-0.1833,8.89,7.29,0.01626,12.59,-6.65,5.425,3.59,-0.5000000000000004,0.8660254037844384,2007-11-01
Wuzhou,2007,12,111.28,23.47,16.37,29.74,3.34,13.02,7.73,17.04,100.31,3.27,7.27,4.75,33.3,60.02,6.89,1.44,8.7,31.07,3.78,0.65,68.67,0.06,0.47,0.54,0.54,0.36,13.04,0.5863,-1.0959,0.3083,-1.1584,-0.1158,7.77,7.52,0.011568,10.97,-5.96,6.236,3.056,-2.4492935982947064e-16,1.0,2007-12-01
Wuzhou,2008,1,111.28,23.47,10.16,30.05,0.03,11.89,3.49,10.63,100.56,3.9,8.41,5.07,23.6,66.4,5.28,3.69,8.02,29.12,3.56,0.66,67.63,0.06,0.99,0.58,0.58,0.58,15.35,1.0161,0.1801,1.0666,0.1893,-0.0848,6.41,6.83,0.01391,9.79,-7.03,6.54,3.078,0.49999999999999994,0.8660254037844387,2008-01-01
Wuzhou,2008,2,111.28,23.47,9.17,25.46,-3.21,11.29,4.17,9.74,100.71,3.6,8.03,5.1,27.6,73.14,5.48,2.13,8.28,29.44,3.71,0.77,79.12,1.0,2.08,0.72,0.71,0.75,17.22,0.2776,0.8088,0.6628,0.9228,-0.1186,8.26,14.23,0.014237,7.03,-5.47,5.151,4.351,0.8660254037844386,0.5000000000000001,2008-02-01
Wuzhou,2008,3,111.28,23.47,19.38,30.76,3.71,11.66,13.84,19.85,99.95,2.98,8.52,4.3,105.6,73.18,10.36,3.26,11.66,32.74,5.14,1.0,69.39,1.49,2.56,0.66,0.65,0.67,19.31,-0.2636,0.4223,-0.4926,0.7315,-0.0695,20.73,-0.15,0.013453,12.75,-8.85,7.537,4.478,1.0,6.123233995736766e-17,2008-03-01
Wuzhou,2008,4,111.28,23.47,22.79,33.08,12.08,8.97,19.46,23.33,99.59,3.0,8.88,4.41,116.2,82.67,14.52,5.08,10.3,35.9,4.84,1.04,88.1,3.2,3.7,0.73,0.72,0.77,21.9,-0.1341,-0.2744,-0.0733,-0.1486,0.0563,27.65,-8.16,0.02091,16.36,-5.89,10.623,6.374,0.8660254037844387,-0.4999999999999998,2008-04-01
Wuzhou,2008,5,111.28,23.47,24.84,32.18,16.4,8.42,21.37,25.02,99.18,2.85,8.2,4.26,111.3,82.3,16.38,10.28,12.97,36.22,6.1,1.35,85.25,4.13,4.64,0.78,0.77,0.82,24.09,0.685,0.0656,0.6853,-0.0233,0.0114,29.72,-10.09,0.017152,17.65,-4.64,11.401,7.35,0.49999999999999994,-0.8660254037844387,2008-05-01
Wuzhou,2008,6,111.28,23.47,26.42,33.48,20.65,6.17,24.39,26.48,98.94,2.88,8.93,4.42,182.3,89.1,19.47,8.059999999999999,13.02,36.95,6.27,1.41,90.71,3.01,4.79,0.95,0.92,0.94,25.24,2.1393,1.4917,1.7666,1.4123,-0.0508,31.28,-12.31,0.03312,19.17,-3.89,11.99,7.69,1.2246467991473532e-16,-1.0,2008-06-01
Wuzhou,2008,7,111.28,23.47,27.38,35.01,23.08,6.89,24.87,27.37,98.92,2.59,6.2,4.12,181.4,86.92,20.02,5.84,18.83,36.76,8.87,2.04,74.98,4.71,5.3,0.95,0.93,0.93,25.79,0.0688,1.628,0.1065,1.6029,-0.06666666666666667,29.79,-11.84,0.025665,20.14,-4.0,11.374,7.093,-0.4999999999999997,-0.8660254037844388,2008-07-01
Wuzhou,2008,8,111.28,23.47,27.45,33.57,22.75,7.04,24.61,27.45,99.0,2.73,12.54,4.17,145.5,85.23,19.69,4.29,17.69,36.76,8.31,1.87,78.24,6.02,5.09,0.85,0.83,0.86,24.58,-0.9255,1.3048,-0.78,1.3597,-0.08253333333333333,29.26,-12.48,0.014051,19.89,-3.76,11.822,6.86,-0.8660254037844385,-0.5000000000000004,2008-08-01
Wuzhou,2008,9,111.28,23.47,26.76,34.03,17.54,7.74,23.17,26.69,99.28,2.66,11.665,3.99,52.0,81.57,18.06,4.42,17.54,36.2,8.07,1.64,56.42,5.89,4.58,0.76,0.74,0.79,21.61,-0.0012,-0.6198,0.0324,-0.3987,-0.0984,28.6,-11.28,0.016654,19.36,-3.86,11.513,6.654,-1.0,-1.8369701987210297e-16,2008-09-01
Wuzhou,2008,10,111.28,23.47,24.22,31.92,15.88,10.13,19.74,24.42,99.9,2.81,10.79,4.3,47.8,77.58,14.54,1.87,14.07,35.3,6.41,1.23,55.02,4.45,3.65,0.67,0.66,0.68,18.57,0.3598,-0.7592,0.1426,-0.4771,-0.1591,23.73,-8.41,0.024558,16.81,-4.78,10.998,5.39,-0.8660254037844386,0.5000000000000001,2008-10-01
Wuzhou,2008,11,111.28,23.47,17.68,29.72,2.08,13.05,10.66,17.86,100.36,3.35,9.2,5.1,31.8,66.93,8.77,1.66,13.32,29.91,5.89,1.05,39.53,1.33,2.05,0.62,0.61,0.6,16.43,0.0379,-0.1493,-0.0881,-0.0887,-0.16505,10.78,4.23,0.017731,13.31,-6.65,6.415,3.253,-0.5000000000000004,0.8660254037844384,2008-11-01
Wuzhou,2008,12,111.28,23.47,13.93,27.78,1.01,14.37,5.24,13.96,100.51,3.24,9.91,4.56,33.9,60.06,5.81,0.61,11.25,27.97,4.87,0.8,41.66,0.1,0.91,0.55,0.55,0.51,14.71,-0.1618,-0.1814,-0.0982,-0.1558,-0.171,4.72,9.88,0.012205,10.56,-7.61,4.72,2.736,-2.4492935982947064e-16,1.0,2008-12-01
Wuzhou,2009,1,111.28,23.47,11.0,26.76,-0.88,13.69,1.94,11.41,100.71,3.41,10.17,4.94,32.4,57.92,4.71,0.55,11.28,27.42,4.83,0.83,49.83,0.03,0.72,0.55,0.55,0.5,15.34,-0.7737,-0.7368,-0.3224,-0.4678,-0.1761,0.79,13.26,0.008624,8.2,-7.57,4.22,2.387,0.49999999999999994,0.8660254037844387,2009-01-01
Wuzhou,2009,2,111.28,23.47,22.14,35.88,10.14,13.74,14.44,23.28,99.82,3.11,9.47,4.39,160.4,65.08,10.56,0.05,12.22,33.56,5.42,1.08,56.56,0.01,0.63,0.53,0.54,0.4,17.58,-2.6694,-2.2933,-3.09,-0.93165,-0.0308,12.4,1.44,0.016404,14.18,-4.51,8.113,3.109,0.8660254037844386,0.5000000000000001,2009-02-01
Wuzhou,2009,3,111.28,23.47,18.43,32.82,4.08,11.02,13.51,19.32,99.92,3.66,11.99,5.0,69.8,74.93,10.36,4.59,9.22,33.69,4.21,0.85,90.52,0.55,1.83,0.61,0.6,0.61,19.15,0.4098,-1.0805,0.3473,-1.3955,0.0214,21.25,-3.81,0.020506,13.94,-7.01,9.346,4.739,1.0,6.123233995736766e-17,2009-03-01
Wuzhou,2009,4,111.28,23.47,21.83,32.6,12.15,9.87,17.75,22.34,99.62,3.5,10.33,5.07,101.6,79.01,13.03,5.79,12.46,35.01,5.77,1.17,81.7,2.99,3.6,0.7,0.68,0.73,22.56,0.1431,-0.2556,0.3132,-0.5284,-0.0183,27.7,-6.11,0.022464,15.0,-6.71,9.993,6.529,0.8660254037844387,-0.4999999999999998,2009-04-01
Wuzhou,2009,5,111.28,23.47,25.22,35.12,17.46,9.11,20.92,25.86,99.44,2.97,7.94,4.36,110.0,79.16,15.78,8.6,13.72,36.24,6.45,1.4,79.71,3.45,4.22,0.72,0.71,0.74,25.03,0.0188,0.1507,0.0026,0.1622,0.0873,27.39,-7.92,0.01749,16.87,-4.94,10.709,6.754,0.49999999999999994,-0.8660254037844387,2009-05-01
Wuzhou,2009,6,111.28,23.47,27.0,32.89,19.5,6.71,24.43,27.02,98.83,2.6,7.08,3.94,177.2,86.58,19.59,8.28,16.64,36.97,7.88,1.75,80.56,4.29,4.89,0.9,0.87,0.9,25.76,-0.4123,-0.2517,-0.1268,-0.0117,-0.181,30.85,-12.9,0.024232,19.85,-3.5,12.11,7.637,1.2246467991473532e-16,-1.0,2009-06-01
Wuzhou,2009,7,111.28,23.47,27.93,33.28,22.95,7.02,25.26,27.98,98.86,2.94,11.12,4.52,158.2,86.14,20.51,6.62,17.79,37.18,8.45,1.93,73.17,6.46,5.82,0.87,0.84,0.87,25.99,0.4492,-0.1156,0.3511,-0.0251,0.0482,29.15,-12.34,0.024256,20.1,-2.63,12.134,7.281,-0.4999999999999997,-0.8660254037844388,2009-07-01
Wuzhou,2009,8,111.28,23.47,28.37,35.01,20.22,7.54,24.96,28.3,98.95,2.43,10.16,3.63,54.4,82.59,20.14,5.61,19.2,36.99,9.0,2.0,61.36,6.77,5.3,0.81,0.79,0.84,24.32,-0.284,-0.4175,-0.353,-0.3307,0.1094,31.93,-15.39,0.006029,20.71,-3.22,12.87,7.706,-0.8660254037844385,-0.5000000000000004,2009-08-01
Wuzhou,2009,9,111.28,23.47,27.45,34.12,18.27,8.24,23.71,27.48,99.24,3.01,11.51,4.49,52.9,80.98,18.67,4.09,16.08,36.73,7.46,1.54,54.44,6.72,5.06,0.73,0.72,0.76,21.71,-0.1917,-0.1362,-0.2956,-0.2347,-0.0312,29.41,-13.11,0.032189,19.59,-3.45,12.316,6.875,-1.0,-1.8369701987210297e-16,2009-09-01
Wuzhou,2009,10,111.28,23.47,24.33,33.1,16.34,12.11,17.21,24.67,99.74,2.81,6.17,4.35,34.7,67.33,12.45,0.52,14.85,34.34,6.66,1.23,42.13,2.17,2.74,0.6,0.6,0.58,18.02,-0.7332,-0.889,-0.9817,-1.0545,-0.1512,21.91,-3.35,0.019524,16.5,-3.93,9.407,5.831,-0.8660254037844386,0.5000000000000001,2009-10-01
Wuzhou,2009,11,111.28,23.47,16.37,33.43,1.51,13.03,8.53,16.66,100.32,3.79,11.37,5.29,27.0,63.12,7.71,2.56,12.42,30.15,5.5,0.97,45.46,0.61,1.68,0.59,0.59,0.57,16.1,0.4374,-0.4344,0.5066,-0.3701,-0.0553,13.33,4.74,0.013266,12.62,-4.91,7.194,4.325,-0.5000000000000004,0.8660254037844384,2009-11-01
Wuzhou,2009,12,111.28,23.47,13.7,26.35,1.09,11.76,8.23,14.07,100.41,3.15,10.04,4.64,43.6,72.09,7.18,1.45,8.1,30.49,3.56,0.56,72.8,0.28,1.13,0.59,0.59,0.58,13.29,0.5932,-0.0495,0.6019,0.0367,-0.0753,11.44,5.65,0.013649,9.72,-7.68,6.792,3.187,-2.4492935982947064e-16,1.0,2009-12-01
Wuzhou,2010,1,111.28,23.47,13.14,26.84,0.59,10.56,9.88,13.36,100.48,3.22,8.15,4.6,50.6,81.89,8.06,4.16,6.47,31.21,2.99,0.58,84.92,0.98,1.69,0.69,0.67,0.72,14.9,1.1713,0.8151,1.1038,0.8676,-0.0759,15.9,3.46,0.016895,10.76,-6.4,7.838,4.145,0.49999999999999994,0.8660254037844387,2010-01-01
Wuzhou,2010,2,111.28,23.47,16.36,32.19,2.63,10.84,12.49,16.81,100.0,3.85,11.07,5.39,104.8,79.2,10.01,1.29,9.0,32.4,4.1,0.81,77.66,1.69,2.43,0.7,0.68,0.72,17.66,-0.3307,0.6955,-0.3249,0.6565,-0.1393,18.75,-1.79,0.02343,12.94,-8.03,8.483,3.795,0.8660254037844386,0.5000000000000001,2010-02-01
Wuzhou,2010,3,111.28,23.47,19.27,32.51,3.36,11.96,13.32,19.99,100.03,4.05,10.63,5.65,104.8,71.19,10.43,0.68,11.13,33.24,4.91,0.88,75.56,0.68,1.88,0.62,0.61,0.6,18.33,-2.6047,-0.7012,-1.6654,-0.5367,0.1017,18.74,-1.03,0.018594,13.92,-6.84,8.274,4.524,1.0,6.123233995736766e-17,2010-03-01
Wuzhou,2010,4,111.28,23.47,20.87,34.06,9.07,10.0,17.14,21.41,99.79,3.9,8.95,5.44,104.4,80.44,12.68,6.95,9.12,35.08,4.36,0.92,91.95,1.61,2.73,0.68,0.67,0.71,22.09,0.5508,-0.7313,0.777,-0.5997,0.06,28.57,-8.97,0.026954,15.68,-6.05,11.161,6.603,0.8660254037844387,-0.4999999999999998,2010-04-01
Wuzhou,2010,5,111.28,23.47,25.46,32.17,16.36,8.36,22.6,25.62,99.17,3.14,7.51,4.68,155.7,85.05,17.57,9.32,13.49,36.55,6.36,1.33,84.52,3.74,4.45,0.81,0.79,0.84,24.43,0.314,-0.3883,0.2289,-0.3331,-0.0016,30.16,-11.7,0.029151,18.63,-3.72,12.026,7.571,0.49999999999999994,-0.8660254037844387,2010-05-01
Wuzhou,2010,6,111.28,23.47,26.07,31.39,19.31,6.01,24.29,26.08,99.09,3.02,7.05,4.64,157.9,90.23,19.41,13.57,10.51,37.13,5.14,1.15,95.78,2.52,4.07,0.95,0.92,0.93,24.53,1.2038,1.0203,1.1882,1.1157,0.1699,32.35,-13.7,0.034082,19.48,-3.36,12.63,8.397,1.2246467991473532e-16,-1.0,2010-06-01
Wuzhou,2010,7,111.28,23.47,27.85,33.17,23.62,6.99,25.32,27.82,99.12,3.08,10.36,4.83,164.8,86.79,20.52,5.44,18.38,37.02,8.73,1.97,81.13,5.58,5.5,0.88,0.86,0.89,26.16,-0.1395,0.7659,-0.2076,0.7857,0.0501,30.35,-13.75,0.031477,20.45,-3.62,12.161,7.249,-0.4999999999999997,-0.8660254037844388,2010-07-01
Wuzhou,2010,8,111.28,23.47,27.42,32.67,21.49,6.88,24.56,27.45,99.25,2.18,5.73,3.36,126.7,85.1,19.6,4.36,19.28,36.84,9.06,2.02,68.52,5.83,4.96,0.84,0.82,0.86,24.59,-0.8883,0.3063,-0.7387,0.4932,0.0442,31.65,-13.67,0.016997,19.9,-3.43,12.425,7.829,-0.8660254037844385,-0.5000000000000004,2010-08-01
Wuzhou,2010,9,111.28,23.47,26.55,32.94,19.42,6.85,23.95,26.55,99.32,2.43,7.03,3.78,122.8,86.31,18.88,8.27,14.61,36.71,6.82,1.41,73.75,4.83,4.45,0.86,0.83,0.87,21.23,1.7357,0.2724,1.5873,0.3344,0.0203,31.54,-12.43,0.004968,19.47,-3.67,12.005,7.722,-1.0,-1.8369701987210297e-16,2010-09-01
Wuzhou,2010,10,111.28,23.47,21.02,30.67,6.63,9.34,17.27,21.02,99.85,3.71,7.59,5.72,33.1,80.16,12.95,0.87,13.62,33.38,6.21,1.2,63.02,4.62,4.15,0.8,0.78,0.81,18.71,-0.3419,0.1863,0.1609,0.6026,-0.0667,24.9,-4.84,0.02816,15.67,-4.46,10.129,6.776,-0.8660254037844386,0.5000000000000001,2010-10-01
Wuzhou,2010,11,111.28,23.47,17.63,28.12,7.53,13.58,11.4,17.58,100.21,2.95,6.09,4.61,31.7,69.32,8.51,0.1,13.11,30.13,5.71,0.94,47.61,2.13,2.26,0.63,0.63,0.62,15.56,-1.6827,0.2493,-0.9943,0.5542,0.0648,11.09,5.76,0.016381,12.65,-6.17,6.234,3.706,-0.5000000000000004,0.8660254037844384,2010-11-01
Wuzhou,2010,12,111.28,23.47,13.87,27.38,-4.93,13.53,6.66,13.91,100.14,3.39,10.32,4.93,34.1,65.67,6.64,1.49,10.24,28.96,4.46,0.72,52.14,0.44,1.35,0.59,0.59,0.57,14.19,0.6206,-0.9053,0.6117,-0.3601,-0.1786,6.98,10.1,0.012485,11.07,-5.92,5.14,3.528,-2.4492935982947064e-16,1.0,2010-12-01
Wuzhou,2011,1,111.28,23.47,7.61,28.45,-0.89,11.23,0.94,8.47,100.75,4.14,9.64,5.63,23.9,65.12,4.14,0.74,7.33,28.7,3.27,0.59,83.96,0.14,1.02,0.59,0.59,0.58,15.1,-0.5568,-0.9423,0.0289,-0.5252,0.0011,7.32,11.23,0.013345,6.79,-7.64,5.596,3.429,0.49999999999999994,0.8660254037844387,2011-01-01
Wuzhou,2011,2,111.28,23.47,15.19,29.52,2.54,12.09,9.84,16.04,100.12,3.04,7.15,4.32,58.4,72.91,7.99,1.95,8.69,32.02,3.94,0.78,82.63,0.32,1.3,0.59,0.59,0.58,17.47,0.1284,-0.3926,0.2014,0.0177,0.0228,12.0,4.13,0.012516,10.32,-8.18,6.984,3.146,0.8660254037844386,0.5000000000000001,2011-02-01
Wuzhou,2011,3,111.28,23.47,15.39,29.97,6.46,10.87,9.64,16.46,100.36,3.8,12.62,5.04,34.1,70.78,7.78,2.58,7.92,32.72,3.7,0.78,96.43,0.71,1.86,0.63,0.62,0.63,20.12,-0.6832,-1.1314,-0.3823,-0.2864,-0.0139,15.97,4.58,0.016653,10.54,-7.65,6.932,4.716,1.0,6.123233995736766e-17,2011-03-01
Wuzhou,2011,4,111.28,23.47,23.07,32.58,10.61,11.2,16.79,24.04,99.77,2.82,7.68,4.04,142.6,70.39,12.22,2.38,13.98,35.2,6.28,1.22,81.49,0.88,2.24,0.61,0.6,0.59,21.96,-1.535,-1.3679,-1.6225,-1.0107,0.0459,21.5,-2.57,0.011756,14.79,-5.93,8.941,5.073,0.8660254037844387,-0.4999999999999998,2011-04-01
Wuzhou,2011,5,111.28,23.47,24.39,33.23,13.29,9.38,20.53,24.64,99.33,2.94,9.3,4.26,111.6,80.36,15.51,8.48,15.11,35.41,7.05,1.51,71.23,4.59,4.67,0.74,0.72,0.78,25.18,-0.032,-1.3703,0.0902,-0.9131,0.0822,27.72,-10.46,0.016287,17.31,-4.58,11.711,6.576,0.49999999999999994,-0.8660254037844387,2011-05-01
Wuzhou,2011,6,111.28,23.47,27.57,33.5,22.34,7.02,24.7,27.65,98.87,3.07,10.61,4.71,151.6,85.17,19.82,9.93,15.9,37.29,7.55,1.71,85.39,5.54,4.94,0.75,0.73,0.8,25.44,0.1512,-0.6281,0.2681,-0.41,-0.158,33.02,-14.8,0.031915,19.94,-3.08,12.999,8.521,1.2246467991473532e-16,-1.0,2011-06-01
Wuzhou,2011,7,111.28,23.47,27.99,33.92,23.07,7.12,24.99,28.05,98.85,2.42,7.65,3.72,168.9,84.55,20.17,5.0,18.34,37.08,8.54,1.9,66.66,6.74,5.48,0.83,0.81,0.85,24.53,-0.3809,-0.1445,-0.4511,-0.0416,0.0304,31.23,-13.87,0.014281,20.21,-3.24,12.456,7.771,-0.4999999999999997,-0.8660254037844388,2011-07-01
Wuzhou,2011,8,111.28,23.47,28.03,35.39,22.21,8.54,23.84,28.34,99.06,2.27,5.75,3.52,167.3,79.48,18.81,1.89,20.13,36.68,9.33,2.05,62.28,6.5,4.87,0.7,0.69,0.71,24.41,-2.5955,-1.5418,-3.09,-1.2895,0.1152,29.84,-12.91,0.007887,20.04,-3.88,11.885,6.949,-0.8660254037844385,-0.5000000000000004,2011-08-01
Wuzhou,2011,9,111.28,23.47,27.33,36.39,16.28,10.55,21.23,28.13,99.25,3.5,14.66,5.04,54.3,71.65,16.27,3.14,16.45,36.09,7.56,1.51,58.64,1.84,3.2,0.6,0.6,0.59,21.25,-0.8059,-2.0494,-0.8,-1.7198,0.125,32.19,-13.32,0.031109,18.84,-3.59,12.645,8.157,-1.0,-1.8369701987210297e-16,2011-09-01
Wuzhou,2011,10,111.28,23.47,22.3,32.58,13.92,10.28,17.71,22.55,99.92,3.27,9.26,4.82,42.6,76.78,12.94,3.99,12.25,34.52,5.62,1.08,64.4,3.32,3.3,0.65,0.64,0.66,18.4,1.2553,-1.3469,1.3119,-1.2249,0.021600000000000008,25.72,-5.71,0.025258,15.54,-5.32,10.183,6.656,-0.8660254037844386,0.5000000000000001,2011-10-01
Wuzhou,2011,11,111.28,23.47,20.66,31.41,9.7,11.92,15.24,20.96,100.07,3.0,8.93,4.6,44.1,73.45,11.07,1.95,12.58,32.46,5.69,0.99,50.24,1.6,2.28,0.62,0.61,0.61,16.21,0.18,0.2323,-0.3206,0.1591,-0.0818,23.19,-2.64,0.023335,14.45,-7.59,8.422,5.394,-0.5000000000000004,0.8660254037844384,2011-11-01
Wuzhou,2011,12,111.28,23.47,11.72,25.51,0.65,13.78,2.64,12.16,100.69,4.13,8.85,6.0,28.0,56.92,4.79,0.11,10.94,27.93,4.69,0.73,50.68,0.11,1.0,0.56,0.56,0.53,14.11,-1.2148,0.444,-0.414,0.4736,-0.0558,6.18,12.54,0.01411,9.59,-5.3,4.943,3.99,-2.4492935982947064e-16,1.0,2011-12-01
Wuzhou,2012,1,111.28,23.47,10.05,27.76,-0.46,9.86,6.06,10.74,100.5,3.38,7.84,4.69,31.6,77.66,6.02,3.22,5.21,30.54,2.43,0.52,95.3,0.24,1.09,0.61,0.6,0.61,14.69,0.8477,0.1151,0.9429,0.1591,0.0533,11.61,6.99,0.018275,9.3,-6.5,6.887,3.803,0.49999999999999994,0.8660254037844387,2012-01-01
Wuzhou,2012,2,111.28,23.47,13.57,30.01,3.73,11.56,8.75,14.46,100.17,3.7,9.25,4.94,42.8,74.5,7.5,1.84,6.8,32.23,3.16,0.65,92.85,0.47,1.51,0.63,0.62,0.62,17.26,0.1012,0.0683,0.2952,0.4527,0.0326,13.96,2.4,0.018016,11.15,-6.77,7.97,3.561,0.8660254037844386,0.5000000000000001,2012-02-01
Wuzhou,2012,3,111.28,23.47,18.61,29.82,6.52,10.48,14.67,19.13,99.95,3.44,11.06,4.87,84.4,79.56,10.97,3.6,9.34,33.98,4.25,0.85,90.21,1.73,2.74,0.71,0.7,0.74,19.27,-0.0761,0.2851,-0.2176,0.5686,0.0395,22.89,-2.84,0.020462,13.86,-6.96,8.996,5.379,1.0,6.123233995736766e-17,2012-03-01
Wuzhou,2012,4,111.28,23.47,23.43,33.03,13.38,9.34,20.24,23.65,99.43,3.45,10.06,5.15,153.5,83.39,15.27,9.59,12.59,35.79,5.85,1.18,84.28,2.54,3.86,0.77,0.75,0.81,22.39,1.3356,0.7819,1.2489,0.8243,-0.0173,29.31,-11.78,0.029794,17.2,-6.47,11.524,5.995,0.8660254037844387,-0.4999999999999998,2012-04-01
Wuzhou,2012,5,111.28,23.47,26.48,33.69,19.89,6.9,23.82,26.59,99.12,2.87,7.24,4.38,131.0,86.08,18.78,7.13,14.38,37.05,6.82,1.44,81.87,3.45,4.52,0.85,0.82,0.87,24.46,-0.6398,0.4497,-0.7481,0.1687,0.0368,33.65,-14.22,0.021159,19.42,-3.85,12.667,8.589,0.49999999999999994,-0.8660254037844387,2012-05-01
Wuzhou,2012,6,111.28,23.47,27.15,33.91,21.44,6.57,24.75,27.18,98.63,3.1,9.38,4.72,135.8,87.27,19.96,9.09,13.69,37.57,6.54,1.44,89.73,4.2,4.96,0.88,0.85,0.89,24.41,-0.1271,0.3232,0.0968,0.2829,0.0638,35.35,-16.83,0.019487,19.72,-2.49,14.127,9.849,1.2246467991473532e-16,-1.0,2012-06-01
Wuzhou,2012,7,111.28,23.47,27.6,33.43,22.8,6.82,24.93,27.62,98.84,2.82,10.365,4.32,157.6,86.07,20.1,5.82,18.3,36.93,8.68,1.98,75.29,5.83,5.33,0.86,0.83,0.87,26.38,0.0587,-0.4214,0.0415,-0.36,0.005,32.42,-14.7,0.025025,19.84,-3.42,12.862,8.212,-0.4999999999999997,-0.8660254037844388,2012-07-01
Wuzhou,2012,8,111.28,23.47,27.96,34.18,22.01,7.15,24.7,27.91,98.82,2.35,11.35,3.6,57.1,83.22,19.84,4.62,17.28,36.97,8.03,1.73,72.94,6.38,5.18,0.83,0.81,0.85,23.51,-0.7537,-0.7048,-0.7387,-0.4934,-0.0772,31.98,-13.88,0.00449,20.13,-3.09,12.553,8.009,-0.8660254037844385,-0.5000000000000004,2012-08-01
Wuzhou,2012,9,111.28,23.47,25.47,32.58,15.42,8.76,21.12,25.55,99.54,2.63,8.17,4.05,49.3,78.32,16.14,2.83,15.64,35.62,7.23,1.49,68.15,5.91,4.72,0.72,0.7,0.73,21.67,-1.0338,-0.9775,-0.5022,-0.6483,-0.1238,28.47,-8.87,0.016293,17.81,-3.97,11.115,7.418,-1.0,-1.8369701987210297e-16,2012-09-01
Wuzhou,2012,10,111.28,23.47,24.42,34.15,12.16,12.03,17.19,25.02,99.89,2.71,9.24,4.15,49.9,67.18,12.47,2.97,14.83,33.63,6.55,1.18,35.05,1.59,2.33,0.59,0.59,0.55,17.9,0.8774,-0.7993,0.6548,-0.4376,0.0418,20.87,-3.08,0.018763,15.82,-4.26,9.431,5.324,-0.8660254037844386,0.5000000000000001,2012-10-01
Wuzhou,2012,11,111.28,23.47,18.51,29.46,7.61,10.25,14.92,18.65,100.03,3.13,9.51,4.66,67.0,80.97,11.02,5.18,8.47,33.46,3.92,0.78,84.54,2.49,2.69,0.68,0.67,0.71,15.78,1.2278,0.7647,1.4957,0.782,-0.0229,26.34,-6.17,0.022763,14.73,-6.79,10.091,5.941,-0.5000000000000004,0.8660254037844384,2012-11-01
Wuzhou,2012,12,111.28,23.47,12.86,26.2,-2.36,10.51,9.21,13.07,100.37,3.73,10.69,5.4,41.9,79.84,7.82,2.0,8.07,30.46,3.64,0.68,72.26,1.71,2.29,0.75,0.73,0.78,14.14,0.934,1.4204,0.9495,1.3041,-0.0796,16.38,3.46,0.017852,11.45,-6.65,7.458,4.284,-2.4492935982947064e-16,1.0,2012-12-01
Wuzhou,2013,1,111.28,23.47,11.47,24.52,1.49,10.11,7.66,11.66,100.56,3.0,7.22,4.37,38.2,78.62,6.79,0.54,7.8,30.62,3.5,0.68,84.38,1.02,1.57,0.7,0.69,0.72,14.76,-0.7865,0.6989,-0.3826,0.7402,-0.1363,8.0,8.81,0.011935,9.15,-6.25,6.286,3.191,0.49999999999999994,0.8660254037844387,2013-01-01
Wuzhou,2013,2,111.28,23.47,17.22,29.68,4.35,11.21,12.96,18.01,100.24,3.28,9.17,4.52,72.1,77.39,9.83,0.78,8.04,33.37,3.78,0.87,89.99,0.94,1.84,0.64,0.64,0.64,18.21,-0.8184,-0.7703,-0.898,-0.5246,0.0268,15.9,-0.46,0.01767,12.76,-6.22,8.756,3.989,0.8660254037844386,0.5000000000000001,2013-02-01
Wuzhou,2013,3,111.28,23.47,20.95,32.17,5.78,11.79,15.08,21.72,99.89,3.46,10.93,4.88,107.6,71.91,11.2,6.89,11.04,34.04,4.94,0.94,74.41,0.49,1.95,0.61,0.61,0.62,18.91,1.3183,0.1416,1.3426,0.0744,0.0219,23.79,-4.27,0.017111,14.92,-7.96,8.755,4.804,1.0,6.123233995736766e-17,2013-03-01
Wuzhou,2013,4,111.28,23.47,21.57,31.7,9.51,9.17,18.62,21.92,99.58,3.4,10.09,4.96,122.1,84.22,13.97,6.55,10.6,35.26,4.97,1.06,89.54,2.22,3.81,0.82,0.8,0.85,21.57,0.4157,0.6376,0.5889,0.5288,0.1187,28.8,-9.18,0.024551,15.7,-6.37,11.109,6.566,0.8660254037844387,-0.4999999999999998,2013-04-01
Wuzhou,2013,5,111.28,23.47,25.55,33.01,16.08,7.73,22.95,25.74,99.21,2.76,7.51,4.17,164.7,86.23,17.94,8.94,13.88,36.69,6.63,1.46,85.88,3.18,4.68,0.89,0.86,0.89,25.06,0.1601,0.9515,0.0736,0.8885,0.0294,32.93,-13.61,0.030213,18.83,-4.63,12.347,7.968,0.49999999999999994,-0.8660254037844387,2013-05-01
Wuzhou,2013,6,111.28,23.47,27.11,33.31,16.58,7.46,24.41,27.17,98.92,3.13,7.44,4.81,156.8,85.86,19.55,6.33,17.65,36.84,8.37,1.89,76.2,5.27,5.78,0.89,0.86,0.89,26.46,-1.1869,-0.4166,-0.9719,-0.1764,-0.0381,31.49,-14.26,0.024816,19.54,-3.21,12.889,7.987,1.2246467991473532e-16,-1.0,2013-06-01
Wuzhou,2013,7,111.28,23.47,27.36,32.87,23.03,7.2,24.63,27.47,99.04,3.03,10.79,4.68,149.9,85.82,19.69,6.02,17.79,36.81,8.49,1.95,73.29,6.58,5.55,0.79,0.77,0.82,26.55,0.1595,-0.5619,0.1982,-0.3747,-0.144,32.1,-13.37,0.031421,19.36,-3.84,12.357,8.134,-0.4999999999999997,-0.8660254037844388,2013-07-01
Wuzhou,2013,8,111.28,23.47,27.55,33.27,23.16,6.31,24.91,27.46,98.82,3.46,10.524999999999999,5.07,134.7,86.25,20.08,13.06,16.52,36.86,7.83,1.74,72.88,4.94,4.78,0.85,0.83,0.87,24.98,2.1586,0.8753,2.158,0.9117,-0.0472,32.98,-15.42,0.020688,20.14,-3.48,13.003,8.162,-0.8660254037844385,-0.5000000000000004,2013-08-01
Wuzhou,2013,9,111.28,23.47,25.83,32.22,16.44,7.61,22.89,25.78,99.33,2.72,10.26,4.08,42.5,84.45,17.79,6.56,16.06,36.12,7.47,1.53,63.35,4.88,5.12,0.93,0.9,0.91,21.92,1.0488,1.9275,1.0958,2.0055,-0.1137,30.89,-12.89,0.028223,18.9,-3.92,12.315,7.442,-1.0,-1.8369701987210297e-16,2013-09-01
Wuzhou,2013,10,111.28,23.47,21.66,31.01,9.99,10.21,16.93,21.44,99.96,2.93,7.22,4.63,31.6,75.83,12.39,0.04,15.5,32.83,6.92,1.25,42.93,5.02,4.06,0.76,0.74,0.77,18.24,-2.1342,1.8908,-0.5523,1.6308,-0.1802,20.52,-0.4,0.021611,15.21,-5.05,8.246,5.672,-0.8660254037844386,0.5000000000000001,2013-10-01
Wuzhou,2013,11,111.28,23.47,17.79,31.65,3.57,10.25,13.19,17.73,100.26,3.46,9.91,5.22,43.7,76.21,9.87,4.69,10.95,31.78,4.96,0.88,66.08,2.66,2.79,0.7,0.69,0.72,16.22,1.1038,0.8214,1.3532,1.044,-0.08895,21.89,1.71,0.021717,13.45,-6.05,7.651,6.137,-0.5000000000000004,0.8660254037844384,2013-11-01
Wuzhou,2013,12,111.28,23.47,9.89,28.634999999999998,-0.78,12.17,4.51,9.45,100.53,3.51,8.09,5.44,25.8,71.65,5.44,4.21,11.05,26.16,4.61,0.66,36.63,1.45,2.17,0.76,0.74,0.78,13.62,1.8981,1.1601,1.8497,1.3393,0.0023,-1.19,14.66,0.013306,7.58,-6.54,4.301,2.656,-2.4492935982947064e-16,1.0,2013-12-01
Wuzhou,2014,1,111.28,23.47,12.47,25.62,-0.14,12.59,7.1,12.02,100.57,3.03,7.87,4.59,48.8,72.18,6.62,0.05,12.06,27.63,5.09,0.81,40.49,1.51,2.03,0.73,0.71,0.74,14.85,-2.093,0.9624,-3.09,1.0415,-0.0258,-3.68,12.66,0.00793,8.12,-7.51,4.528,1.835,0.49999999999999994,0.8660254037844387,2014-01-01
Wuzhou,2014,2,111.28,23.47,12.89,27.19,-2.05,11.13,8.59,13.49,100.23,3.59,8.43,5.0,49.8,76.78,7.63,1.53,7.93,31.07,3.61,0.73,83.46,0.78,1.67,0.66,0.65,0.67,17.79,-0.1483,0.2972,0.1637,0.624,-0.0616,10.42,7.62,0.013785,9.67,-6.27,6.572,3.427,0.8660254037844386,0.5000000000000001,2014-02-01
Wuzhou,2014,3,111.28,23.47,18.54,31.06,8.7,10.34,14.63,19.3,100.07,3.47,10.03,4.78,79.7,79.37,10.81,5.53,8.13,34.02,3.79,0.77,92.38,1.02,2.24,0.66,0.65,0.68,19.01,0.8105,-0.301,0.8895,0.0854,0.0462,25.22,-5.23,0.021843,13.65,-8.58,9.4,5.213,1.0,6.123233995736766e-17,2014-03-01
Wuzhou,2014,4,111.28,23.47,23.02,31.05,15.94,8.04,20.18,23.38,99.68,3.03,6.51,4.54,121.3,84.89,15.04,6.32,10.22,36.01,4.72,0.94,91.33,2.35,3.57,0.81,0.78,0.83,20.65,0.3355,0.4349,0.3509,0.5107,0.0268,29.97,-10.14,0.021187,16.15,-5.91,11.505,6.907,0.8660254037844387,-0.4999999999999998,2014-04-01
Wuzhou,2014,5,111.28,23.47,25.55,32.78,15.21,7.22,23.39,25.64,99.26,3.01,9.12,4.57,164.8,88.28,18.46,11.16,12.75,36.99,6.12,1.32,92.75,2.41,4.39,0.92,0.89,0.92,24.75,1.0055,1.0935,0.899,1.1428,-0.1702,34.57,-14.84,0.033474,19.11,-4.54,12.762,8.507,0.49999999999999994,-0.8660254037844387,2014-05-01
Wuzhou,2014,6,111.28,23.47,28.06,33.78,23.24,6.19,25.41,28.03,98.77,2.25,5.49,3.49,158.5,86.22,20.72,7.61,16.36,37.47,7.7,1.67,81.61,3.99,4.8,0.93,0.9,0.92,24.79,-0.6628,0.2179,-0.581,0.2132,-0.1529,34.44,-17.02,0.015025,20.57,-2.48,13.862,9.216,1.2246467991473532e-16,-1.0,2014-06-01
Wuzhou,2014,7,111.28,23.47,28.38,33.37,24.02,6.48,25.66,28.35,98.93,2.32,9.79,3.59,162.4,85.81,20.98,6.99,18.94,37.14,8.95,2.05,74.78,4.96,4.98,0.92,0.9,0.91,25.84,0.6193,0.3294,0.4173,0.2008,0.0588,32.42,-15.55,0.019169,20.83,-3.14,12.915,8.045,-0.4999999999999997,-0.8660254037844388,2014-07-01
Wuzhou,2014,8,111.28,23.47,27.75,32.91,22.57,6.37,25.13,27.77,99.07,2.15,6.14,3.35,183.2,86.2,20.31,8.15,17.31,37.08,8.14,1.83,81.09,4.74,4.75,0.91,0.88,0.91,24.26,0.7079,0.1951,0.7628,0.0854,-0.0532,33.14,-14.75,0.016562,20.26,-3.39,12.725,8.281,-0.8660254037844385,-0.5000000000000004,2014-08-01
Wuzhou,2014,9,111.28,23.47,27.17,32.92,19.08,7.52,23.83,27.17,99.29,2.62,14.25,4.03,79.5,82.77,18.8,2.73,17.94,36.35,8.34,1.76,56.84,6.49,5.13,0.82,0.8,0.84,22.6,-1.1111,0.2672,-1.0114,0.1718,-0.0995,30.26,-12.48,0.012358,19.15,-3.44,12.2468,7.4703,-1.0,-1.8369701987210297e-16,2014-09-01
Wuzhou,2014,10,111.28,23.47,24.07,33.11,15.56,10.58,18.43,24.16,99.93,2.57,6.59,3.98,55.7,72.48,13.48,0.7,15.73,33.75,7.02,1.29,44.38,4.03,3.45,0.66,0.65,0.65,18.41,-0.5139,-0.3846,-0.679,-0.2057,0.0203,19.25,-4.22,0.017705,15.77,-4.7,9.7371,4.5402,-0.8660254037844386,0.5000000000000001,2014-10-01
Wuzhou,2014,11,111.28,23.47,19.47,33.0,10.04,10.57,14.79,19.87,100.18,3.07,9.84,4.61,44.4,76.3,10.76,2.63,10.02,32.86,4.55,0.79,63.74,1.51,2.1,0.63,0.62,0.63,15.36,0.4642,-0.8532,0.208,-0.8857,-0.0104,23.65,-2.31,0.018445,13.62,-5.31,9.5584,5.7733,-0.5000000000000004,0.8660254037844384,2014-11-01
Wuzhou,2014,12,111.28,23.47,11.78,23.82,1.35,11.6,4.37,11.75,100.72,3.63,9.81,5.33,33.2,64.19,5.44,1.71,10.0,28.06,4.38,0.69,59.14,0.53,1.45,0.61,0.61,0.6,14.31,0.7632,0.1244,0.8707,0.0961,0.018,9.77,10.01,0.015911,9.55,-5.42,5.9719,4.3544,-2.4492935982947064e-16,1.0,2014-12-01
Wuzhou,2015,1,111.28,23.47,13.35,26.49,2.73,12.4,7.81,13.43,100.56,3.28,7.13,4.92,47.8,71.72,6.88,2.23,10.89,28.7,4.76,0.77,54.45,0.93,1.61,0.64,0.63,0.64,15.15,0.4322,0.4495,0.4982,0.4454,-0.1174,0.36,11.12,0.010558,8.7,-7.52,4.9488,2.3938,0.49999999999999994,0.8660254037844387,2015-01-01
Wuzhou,2015,2,111.28,23.47,17.27,32.31,3.25,12.1,11.71,18.0,100.26,3.13,10.47,4.64,101.9,72.41,9.2,0.76,9.34,32.09,4.17,0.8,79.7,0.54,1.65,0.61,0.61,0.59,16.56,-0.8418,-0.1077,-0.9297,0.0192,-0.0105,17.36,1.82,0.014994,10.67,-8.97,7.4838,3.5118,0.8660254037844386,0.5000000000000001,2015-02-01
Wuzhou,2015,3,111.28,23.47,20.34,34.73,8.3,11.19,15.4,21.51,100.07,3.59,9.1,4.91,103.3,75.27,11.32,1.34,7.84,34.63,3.67,0.75,93.89,0.3,1.64,0.59,0.59,0.57,19.12,-1.7133,-1.5641,-1.5077,-1.839,0.0761,24.52,-5.36,0.022844,14.2,-6.76,9.9829,5.336,1.0,6.123233995736766e-17,2015-03-01
Wuzhou,2015,4,111.28,23.47,23.88,37.64,11.18,12.66,16.2,25.14,99.74,3.77,10.28,5.28,114.5,65.45,12.0,1.73,15.56,34.18,7.03,1.35,67.55,0.21,1.97,0.56,0.56,0.54,22.55,-2.0382,-2.6622,-2.8048,-2.278,0.0428,26.34,-7.67,0.016566,16.28,-6.56,10.1825,5.6601,0.8660254037844387,-0.4999999999999998,2015-04-01
Wuzhou,2015,5,111.28,23.47,26.67,35.41,16.85,7.48,23.93,26.91,99.14,3.08,9.24,4.69,165.1,85.98,18.99,14.89,12.79,37.27,6.14,1.31,89.55,2.38,3.77,0.78,0.76,0.82,24.37,2.2066,-0.076,2.1168,-0.4877,0.0291,35.25,-16.89,0.041084,19.66,-3.81,13.653,8.7116,0.49999999999999994,-0.8660254037844387,2015-05-01
Wuzhou,2015,6,111.28,23.47,27.91,33.35,23.21,6.51,25.6,27.84,99.02,3.13,6.47,4.9,172.8,87.83,20.89,5.99,17.23,37.32,8.22,1.8,78.44,4.42,5.41,0.93,0.9,0.91,26.09,-1.3382,-0.2227,-1.5148,-0.3194,-0.0182,31.88,-14.85,0.039611,20.5,-2.93,12.8564,8.0246,1.2246467991473532e-16,-1.0,2015-06-01
Wuzhou,2015,7,111.28,23.47,27.28,34.39,19.62,6.86,24.66,27.31,98.83,3.19,8.94,4.9,154.6,86.26,19.86,7.63,16.28,37.2,7.72,1.76,86.25,5.94,5.22,0.82,0.8,0.85,25.28,0.9,0.8412,1.0486,0.6703,-0.0693,33.71,-15.65,0.018013,19.71,-2.92,13.4916,8.9178,-0.4999999999999997,-0.8660254037844388,2015-07-01
Wuzhou,2015,8,111.28,23.47,27.78,34.2,21.67,7.55,24.21,27.82,99.06,2.22,5.25,3.44,122.75,81.93,19.24,3.95,18.13,36.8,8.47,1.85,76.12,6.71,5.11,0.76,0.75,0.79,24.16,-1.1124,-1.2639,-1.0739,-0.9837,-0.0671,30.64,-13.6,0.010837,20.22,-3.37,12.2948,7.3597,-0.8660254037844385,-0.5000000000000004,2015-08-01
Wuzhou,2015,9,111.28,23.47,26.65,32.24,20.11,7.7,23.76,26.74,99.44,2.58,6.3,3.97,90.9,84.85,18.66,6.09,14.51,36.93,6.81,1.44,78.83,6.1,5.07,0.79,0.78,0.82,21.82,0.8401,0.191,0.7784,0.2775,-0.10600000000000001,31.82,-12.68,0.007823,19.05,-3.54,12.3252,8.3078,-1.0,-1.8369701987210297e-16,2015-09-01
Wuzhou,2015,10,111.28,23.47,23.31,31.83,14.95,9.21,19.16,23.0,99.92,3.13,13.49,4.64,50.3,78.76,14.18,5.99,14.04,34.14,6.45,1.26,62.27,5.05,4.3,0.76,0.75,0.79,19.12,1.8495,0.9524,1.8142,0.9217,-0.1449,24.84,-4.84,0.01734,16.19,-4.23,10.0169,6.6314,-0.8660254037844386,0.5000000000000001,2015-10-01
Wuzhou,2015,11,111.28,23.47,19.59,29.4,5.83,9.2,16.75,19.78,100.22,2.94,8.18,4.45,66.7,84.51,12.47,4.27,9.9,33.51,4.6,0.88,78.01,3.1,2.99,0.74,0.73,0.77,16.12,0.9909,2.0489,0.9854,1.8425,-0.009,23.22,-4.18,0.020416,14.92,-6.19,9.4424,5.3596,-0.5000000000000004,0.8660254037844384,2015-11-01
Wuzhou,2015,12,111.28,23.47,12.8,24.85,2.07,8.76,9.99,12.95,100.62,3.39,8.86,4.94,31.7,84.0,7.94,4.43,6.57,30.86,3.0,0.52,86.25,1.16,2.09,0.79,0.77,0.82,13.79,1.9749,2.267,1.8268,2.1352,-0.0281,20.25,1.79,0.019252,10.95,-6.92,8.2463,5.2686,-2.4492935982947064e-16,1.0,2015-12-01
Wuzhou,2016,1,111.28,23.47,11.85,24.47,-3.19,8.99,9.27,11.98,100.54,3.48,9.6,4.96,42.4,84.95,7.69,9.65,6.75,30.39,3.13,0.59,88.04,0.81,2.14,0.87,0.84,0.88,15.44,2.489,2.4435,2.1565,2.3185,-0.0435,21.61,1.47,0.021764,10.2,-9.22,7.7111,5.0035,0.49999999999999994,0.8660254037844387,2016-01-01
Wuzhou,2016,2,111.28,23.47,11.63,27.11,-0.73,11.05,7.76,11.5,100.7,3.63,8.85,5.2,36.8,78.45,6.91,0.81,10.38,29.14,4.64,0.88,68.9,0.82,2.95,0.91,0.89,0.9,18.12,-0.752,2.7301,-0.1599,2.2944,-0.0658,7.27,11.38,0.011444,9.06,-5.43,5.5817,3.4809,0.8660254037844386,0.5000000000000001,2016-02-01
Wuzhou,2016,3,111.28,23.47,17.55,28.2,3.73,9.85,14.34,17.85,100.11,3.19,9.28,4.59,91.6,82.62,10.71,4.48,9.99,32.92,4.53,0.88,85.22,1.29,3.09,0.85,0.82,0.86,19.51,0.3595,2.1022,0.4013,1.9358,0.0366,21.73,-0.83,0.019504,12.55,-7.82,8.3278,5.0106,1.0,6.123233995736766e-17,2016-03-01
Wuzhou,2016,4,111.28,23.47,23.98,31.58,14.17,8.2,21.65,24.11,99.43,3.19,11.34,4.85,160.2,87.36,16.46,7.94,10.57,36.22,4.9,0.98,85.72,1.8,3.79,0.89,0.86,0.89,20.5,0.8647,0.4105,0.7442,0.4838,0.0325,31.45,-12.34,0.037585,17.96,-6.25,11.5324,7.0002,0.8660254037844387,-0.4999999999999998,2016-04-01
Wuzhou,2016,5,111.28,23.47,25.54,32.29,14.11,7.64,23.1,25.63,99.29,3.07,8.95,4.76,148.8,86.98,18.08,9.74,14.68,36.38,6.93,1.54,80.77,2.73,4.71,0.93,0.9,0.92,24.52,0.4793,0.8917,0.3692,0.821,-0.1857,30.54,-13.11,0.028525,18.56,-3.88,12.5573,7.5309,0.49999999999999994,-0.8660254037844387,2016-05-01
Wuzhou,2016,6,111.28,23.47,27.73,33.02,21.45,6.71,25.31,27.74,99.09,2.54,6.09,3.99,186.4,87.26,20.53,7.02,17.5,37.08,8.39,1.95,79.31,4.14,5.15,0.95,0.92,0.92,26.47,-0.8962,0.1382,-0.774,0.1119,-0.0607,32.87,-15.61,0.033079,20.41,-3.49,12.965,8.1917,1.2246467991473532e-16,-1.0,2016-06-01
Wuzhou,2016,7,111.28,23.47,27.99,34.09,23.3,6.68,25.43,27.91,99.05,2.67,6.32,4.25,186.5,86.62,20.67,5.39,20.07,37.01,9.5,2.23,77.23,5.11,4.77,0.88,0.86,0.88,26.36,-0.1662,-0.3843,-0.2642,-0.339,0.0058000000000000065,30.95,-14.4,0.026726,20.58,-3.67,12.3486,7.3919,-0.4999999999999997,-0.8660254037844388,2016-07-01
Wuzhou,2016,8,111.28,23.47,27.87,34.17,20.41,6.75,25.01,27.72,98.69,2.96,12.09,4.43,60.2,85.17,20.33,8.94,15.83,37.36,7.49,1.71,84.92,5.11,4.99,0.87,0.85,0.88,24.18,0.9737,-0.1737,1.0013,-0.1549,0.0723,34.3,-16.55,0.007306,20.03,-2.28,13.975,9.4371,-0.8660254037844385,-0.5000000000000004,2016-08-01
Wuzhou,2016,9,111.28,23.47,26.12,33.73,17.11,7.62,23.02,26.12,99.22,2.74,8.1,4.28,24.5,83.77,17.96,4.66,16.18,36.27,7.56,1.63,67.88,5.78,5.05,0.83,0.81,0.84,22.08,0.1314,0.5218,0.2745,0.54,-0.1662,32.12,-12.7,0.012109,18.64,-2.65,12.8535,9.0264,-1.0,-1.8369701987210297e-16,2016-09-01
Wuzhou,2016,10,111.28,23.47,24.4,32.16,13.99,9.84,20.33,24.67,99.62,3.53,8.3,5.29,38.4,79.29,15.24,2.37,14.35,35.23,6.7,1.4,59.4,4.59,3.91,0.67,0.67,0.68,19.64,0.6146,0.9485,0.3761,0.8864,0.0991,29.53,-11.15,0.030674,17.46,-3.76,12.2566,7.5179,-0.8660254037844386,0.5000000000000001,2016-10-01
Wuzhou,2016,11,111.28,23.47,18.4,31.16,3.95,10.5,14.19,18.7,100.22,3.37,9.04,4.79,37.4,78.04,10.84,4.61,10.37,32.59,4.81,0.95,64.18,1.75,2.44,0.65,0.64,0.67,16.27,1.0828,0.9336,1.262,0.8741,-0.0811,23.73,-3.41,0.020281,14.77,-5.33,9.5413,6.1709,-0.5000000000000004,0.8660254037844384,2016-11-01
Wuzhou,2016,12,111.28,23.47,14.68,27.06,2.74,11.89,9.72,14.67,100.45,3.45,9.87,5.3,41.3,74.22,7.89,0.32,12.24,29.36,5.44,0.95,52.33,1.78,2.03,0.67,0.66,0.68,15.02,-0.6111,0.7635,-0.8162,0.6288,-0.057050000000000003,15.61,4.85,0.015845,12.58,-5.9,6.7508,4.5165,-2.4492935982947064e-16,1.0,2016-12-01
Wuzhou,2017,1,111.28,23.47,15.31,27.62,4.64,11.48,10.34,15.77,100.45,3.1,7.16,4.45,44.0,74.35,8.07,1.13,9.61,30.91,4.34,0.85,67.09,0.69,1.54,0.62,0.62,0.61,15.31,-0.2155,0.3041,-0.3097,0.2077,-0.033,14.9,2.86,0.016436,11.28,-6.78,7.7231,4.1337,0.49999999999999994,0.8660254037844387,2017-01-01
Wuzhou,2017,2,111.28,23.47,15.39,31.55,2.65,13.16,8.98,16.3,100.47,3.44,9.11,4.85,49.9,68.62,7.56,1.27,11.22,31.11,5.02,0.97,70.53,0.42,1.56,0.6,0.6,0.59,17.95,-0.347,-1.1506,-0.2173,-1.2766,0.0375,12.02,4.98,0.012017,9.88,-8.55,6.6427,3.3417,0.8660254037844386,0.5000000000000001,2017-02-01
Wuzhou,2017,3,111.28,23.47,19.26,32.31,8.98,10.85,14.68,20.0,99.99,3.63,9.48,5.07,89.4,77.14,10.88,5.81,8.53,34.13,4.01,0.88,91.7,0.99,2.16,0.64,0.63,0.66,20.32,0.9211,0.1245,0.9498,0.1441,0.0176,25.27,-3.96,0.022375,13.34,-7.68,9.3711,5.5898,1.0,6.123233995736766e-17,2017-03-01
Wuzhou,2017,4,111.28,23.47,22.64,33.71,8.86,10.54,17.96,23.17,99.66,3.44,7.91,4.98,134.7,76.64,13.34,3.58,13.74,34.73,6.38,1.34,78.21,3.08,3.71,0.69,0.68,0.71,23.41,-0.8209,-0.2066,-0.7285,-0.2347,0.0406,26.17,-6.17,0.022179,15.67,-5.58,10.2148,6.395,0.8660254037844387,-0.4999999999999998,2017-04-01
Wuzhou,2017,5,111.28,23.47,25.31,32.64,17.32,8.89,21.34,25.56,99.44,2.72,9.98,4.01,117.7,79.87,16.17,7.15,15.81,35.9,7.4,1.61,81.95,5.07,4.8,0.75,0.73,0.78,24.99,-0.6303,-0.4705,-0.5429,-0.5106,0.1756,31.01,-11.37,0.018182,17.65,-3.99,12.1792,7.9495,0.49999999999999994,-0.8660254037844387,2017-05-01
Wuzhou,2017,6,111.28,23.47,27.45,33.65,22.49,6.04,25.0,27.49,99.01,2.62,7.68,4.15,176.9,87.08,20.17,6.28,15.34,37.28,7.35,1.71,93.04,4.15,3.92,0.75,0.73,0.79,25.66,-1.2088,-1.4687,-1.1083,-1.2794,0.0853,33.0,-15.58,0.04117,20.2,-3.31,13.114,8.394,1.2246467991473532e-16,-1.0,2017-06-01
Wuzhou,2017,7,111.28,23.47,27.77,34.33,23.32,6.73,25.21,27.79,99.06,2.59,6.54,4.04,137.0,86.65,20.39,8.53,17.7,37.12,8.4,1.97,85.2,5.55,5.23,0.86,0.84,0.88,26.09,1.2699,-0.4192,1.4017,-0.3056,-0.0039,33.07,-14.67,0.02895,19.77,-3.3,12.9244,8.5838,-0.4999999999999997,-0.8660254037844388,2017-07-01
Wuzhou,2017,8,111.28,23.47,28.01,34.26,23.22,6.57,25.31,27.9,99.01,2.72,15.2,4.16,172.2,85.85,20.54,7.19,18.07,37.05,8.57,2.03,82.04,5.21,4.79,0.84,0.82,0.86,25.04,0.3611,0.0082,0.3791,0.0388,0.01885,32.67,-14.95,0.022429,20.34,-3.36,12.786,8.2828,-0.8660254037844385,-0.5000000000000004,2017-08-01
Wuzhou,2017,9,111.28,23.47,28.03,33.81,22.27,7.32,24.75,28.01,99.33,2.06,5.88,3.19,114.9,83.19,19.81,3.94,17.35,36.98,8.12,1.77,72.08,6.22,5.04,0.82,0.8,0.84,22.33,-0.2817,0.6835,-0.5257,0.5128,0.0416,32.34,-14.37,0.01457,19.94,-3.12,12.8126,8.3003,-1.0,-1.8369701987210297e-16,2017-09-01
Wuzhou,2017,10,111.28,23.47,23.02,32.99,9.93,10.99,17.9,23.25,99.85,3.87,11.81,5.81,34.5,74.81,13.46,1.53,15.59,33.71,7.12,1.38,56.96,4.41,3.95,0.68,0.67,0.68,19.56,0.1593,-0.0369,0.1822,0.06,0.03605,22.34,-4.01,0.031421,16.27,-3.45,9.9669,6.2004,-0.8660254037844386,0.5000000000000001,2017-10-01
Wuzhou,2017,11,111.28,23.47,18.31,30.47,8.21,9.59,13.88,18.57,100.21,3.42,8.59,5.07,36.6,77.73,10.33,3.4,8.53,33.18,3.96,0.79,85.06,1.16,2.03,0.63,0.62,0.64,15.62,0.7321,0.1427,0.7207,0.0799,0.0305,26.27,-4.2,0.024242,14.47,-5.68,9.8405,7.0056,-0.5000000000000004,0.8660254037844384,2017-11-01
Wuzhou,2017,12,111.28,23.47,13.05,24.22,-0.36,11.83,6.03,13.15,100.62,3.61,9.88,5.47,27.6,65.64,6.13,0.44,11.01,28.87,4.8,0.79,65.33,0.84,1.57,0.63,0.62,0.62,14.35,-0.3992,0.2232,-0.1608,0.322,0.0447,8.35,11.08,0.014742,9.93,-3.94,6.0001,4.189,-2.4492935982947064e-16,1.0,2017-12-01
Wuzhou,2018,1,111.28,23.47,12.67,26.1,0.21,11.3,7.52,13.02,100.33,3.55,9.52,4.97,43.5,73.07,7.0,2.86,8.59,30.62,3.87,0.71,79.59,0.87,1.7,0.65,0.64,0.66,15.27,0.7078,0.4752,0.7531,0.513,0.0394,12.72,7.91,0.018277,10.01,-4.69,6.9852,4.5486,0.49999999999999994,0.8660254037844387,2018-01-01
Wuzhou,2018,2,111.28,23.47,14.24,29.17,-1.63,12.87,7.57,14.85,100.4,3.31,7.7,4.8,35.4,67.22,7.33,0.85,10.44,30.99,4.65,0.9,80.56,0.52,1.59,0.62,0.61,0.6,17.89,-0.7399,-0.3567,-0.3765,-0.0263,-0.0201,10.34,7.26,0.012619,9.28,-7.09,6.5323,3.5107,0.8660254037844386,0.5000000000000001,2018-02-01
Wuzhou,2018,3,111.28,23.47,20.58,33.47,4.49,12.93,14.1,21.34,99.96,3.3,9.56,4.65,116.4,69.4,10.59,2.74,13.19,33.13,5.93,1.18,70.8,0.94,2.33,0.62,0.61,0.61,20.84,-0.5782,-0.5448,-0.9054,-0.3799,0.06,21.6,-1.38,0.015094,13.16,-9.38,7.6673,4.4306,1.0,6.123233995736766e-17,2018-03-01
Wuzhou,2018,4,111.28,23.47,23.35,34.24,8.97,11.21,16.87,24.17,99.75,3.28,10.0,4.71,131.8,70.03,12.62,4.4,12.33,34.96,5.71,1.16,83.28,0.99,2.47,0.61,0.61,0.61,23.02,-0.4254,-0.9839,-0.4511,-1.0282,0.0702,27.07,-6.64,0.018492,15.25,-6.53,10.1848,6.3736,0.8660254037844387,-0.4999999999999998,2018-04-01
Wuzhou,2018,5,111.28,23.47,26.86,34.34,19.85,8.48,23.35,27.03,99.38,3.06,6.66,4.61,180.2,82.29,18.19,5.12,17.89,36.64,8.46,1.8,73.65,5.03,4.63,0.73,0.72,0.76,25.79,-1.7114,-1.7768,-1.5353,-1.5934,0.03,30.64,-12.96,0.025297,19.27,-4.71,11.8813,7.0328,0.49999999999999994,-0.8660254037844387,2018-05-01
Wuzhou,2018,6,111.28,23.47,27.24,33.23,22.02,7.2,24.25,27.31,98.87,3.04,11.04,4.61,110.4,84.59,19.33,9.57,16.67,37.18,7.93,1.79,84.09,5.67,5.12,0.78,0.76,0.82,26.03,0.0339,-1.0122,0.2176,-1.0119,0.0247,33.82,-14.76,0.013809,19.41,-2.9,13.269,9.2176,1.2246467991473532e-16,-1.0,2018-06-01
Wuzhou,2018,7,111.28,23.47,28.09,34.47,23.84,7.11,25.24,28.14,98.76,2.86,8.19,4.45,124.1,85.34,20.49,6.34,17.3,37.22,8.24,1.87,85.55,6.77,5.42,0.76,0.75,0.8,26.27,0.3162,-0.6407,0.1694,-0.6239,0.0257,33.17,-15.68,0.027889,19.71,-2.5,13.6719,8.7637,-0.4999999999999997,-0.8660254037844388,2018-07-01
Wuzhou,2018,8,111.28,23.47,27.94,33.9,22.85,6.32,25.01,27.83,98.62,2.38,8.13,3.68,55.6,84.85,20.25,9.27,15.62,37.42,7.41,1.7,88.5,5.24,4.49,0.78,0.76,0.83,24.26,1.0802,0.7938,1.0899,0.7072,-0.1561,35.98,-17.71,0.006388,19.98,-2.72,14.2801,9.7872,-0.8660254037844385,-0.5000000000000004,2018-08-01
Wuzhou,2018,9,111.28,23.47,26.33,32.8,17.3,7.72,23.09,26.23,99.33,3.04,8.115,4.59,52.9,83.11,18.03,6.58,16.06,36.18,7.51,1.59,68.97,5.71,5.28,0.87,0.85,0.88,22.27,1.0575,1.2256,1.023,1.1608,-0.1982,30.88,-12.74,0.01351,18.3,-3.55,12.6445,7.948,-1.0,-1.8369701987210297e-16,2018-09-01
Wuzhou,2018,10,111.28,23.47,21.28,29.39,11.58,9.54,17.06,21.06,100.06,2.77,8.1,4.33,35.2,78.47,12.38,3.21,13.55,33.04,6.22,1.26,58.63,4.88,4.1,0.76,0.75,0.79,19.36,0.973,1.7432,1.1521,1.5082,-0.12455,22.8,-2.15,0.018661,15.33,-5.06,8.9151,6.0665,-0.8660254037844386,0.5000000000000001,2018-10-01
Wuzhou,2018,11,111.28,23.47,19.01,28.49,8.83,11.14,15.11,19.13,100.21,2.69,7.55,4.02,43.0,79.55,11.01,1.44,11.68,32.84,5.34,1.05,63.2,3.01,2.79,0.68,0.68,0.7,16.61,-0.0818,0.8336,-0.3746,0.972,-0.0509,21.82,-3.13,0.018492,14.26,-6.53,9.1405,5.0378,-0.5000000000000004,0.8660254037844384,2018-11-01
Wuzhou,2018,12,111.28,23.47,13.91,28.69,-0.22,11.05,9.54,14.38,100.54,4.02,8.04,5.48,31.5,76.19,8.12,1.27,6.94,31.45,3.23,0.67,83.97,1.07,1.79,0.64,0.64,0.64,14.1,0.4635,0.4107,0.4697,0.5583,0.0263,17.76,0.7,0.019246,12.36,-6.13,8.468,4.857,-2.4492935982947064e-16,1.0,2018-12-01
Wuzhou,2019,1,111.28,23.47,13.48,27.92,1.15,11.8,8.61,14.03,100.63,3.28,7.93,4.51,28.4,74.51,7.2,0.47,7.71,31.2,3.53,0.75,81.01,0.36,1.21,0.61,0.61,0.6,15.07,-0.882,-0.5822,-0.8748,-0.5419,-0.0725,10.54,3.05,0.014407,10.9,-6.92,7.7374,3.0753,0.49999999999999994,0.8660254037844387,2019-01-01
Wuzhou,2019,2,111.28,23.47,17.74,31.57,6.16,12.23,13.1,18.67,100.19,3.41,8.98,4.54,49.7,76.16,9.78,4.39,7.92,34.19,3.68,0.83,89.34,0.53,1.55,0.61,0.6,0.6,17.42,1.2363,0.3208,1.0371,0.2574,0.037,16.33,-3.85,0.022525,13.52,-7.87,9.175,3.1164,0.8660254037844386,0.5000000000000001,2019-02-01
Wuzhou,2019,3,111.28,23.47,19.33,30.5,9.83,10.4,16.24,19.85,99.91,3.49,8.18,4.98,70.3,83.27,11.88,6.58,9.24,34.37,4.27,0.89,85.42,1.79,3.31,0.79,0.77,0.82,18.99,1.2086,1.0731,1.4414,0.8783,-0.0246,26.3,-5.71,0.023977,14.46,-6.73,10.0349,5.6652,1.0,6.123233995736766e-17,2019-03-01
Wuzhou,2019,4,111.28,23.47,24.1,31.93,13.47,8.57,21.54,24.35,99.5,3.28,8.77,4.86,157.3,86.34,16.48,8.73,10.88,36.55,5.06,1.04,85.65,2.23,3.79,0.83,0.81,0.86,20.91,1.0973,1.6362,0.9571,1.6133,0.0256,30.37,-11.91,0.030983,18.06,-6.22,11.3331,6.5421,0.8660254037844387,-0.4999999999999998,2019-04-01
Wuzhou,2019,5,111.28,23.47,25.06,33.32,16.28,7.29,22.5,25.26,99.3,2.84,6.47,4.23,105.1,86.35,17.46,8.39,11.92,36.97,5.64,1.22,86.18,2.96,4.59,0.91,0.88,0.9,22.96,-0.0704,1.2275,-0.0488,1.2192,0.0268,32.66,-13.48,0.026251,18.23,-3.65,12.9316,8.6315,0.49999999999999994,-0.8660254037844387,2019-05-01
Wuzhou,2019,6,111.28,23.47,27.63,33.91,21.1,6.39,25.43,27.62,98.91,2.83,5.74,4.47,180.2,88.28,20.73,7.92,15.5,37.36,7.43,1.71,88.38,3.6,4.98,0.95,0.92,0.93,25.95,-0.5451,0.1921,-0.3648,0.1972,0.0807,32.5,-14.93,0.035844,20.36,-2.51,13.1113,8.7755,1.2246467991473532e-16,-1.0,2019-06-01
Wuzhou,2019,7,111.28,23.47,28.08,33.29,22.88,6.23,25.81,28.03,98.84,2.65,8.01,4.22,164.3,87.94,21.2,6.27,17.3,37.42,8.22,1.93,89.23,4.34,4.75,0.92,0.89,0.91,25.66,0.2824,-0.3009,0.1374,-0.2328,-0.123,33.14,-16.25,0.026139,20.6,-2.6,13.4989,8.6694,-0.4999999999999997,-0.8660254037844388,2019-07-01
Wuzhou,2019,8,111.28,23.47,28.55,34.28,23.77,6.57,25.7,28.42,98.75,2.75,11.45,4.16,88.7,85.26,21.09,9.6,17.94,37.31,8.44,1.91,78.94,5.48,5.02,0.87,0.85,0.88,24.58,1.1842,0.4606,1.095,0.3088,-0.055,33.66,-16.43,0.006889,20.52,-2.51,13.6352,8.6667,-0.8660254037844385,-0.5000000000000004,2019-08-01
Wuzhou,2019,9,111.28,23.47,26.39,33.8,16.02,9.38,21.55,25.99,99.47,2.64,6.97,4.05,32.0,76.4,16.68,2.31,19.76,34.68,9.1,1.93,46.43,6.71,5.43,0.82,0.8,0.82,23.08,-1.4589,0.3461,-1.0578,0.2634,0.0382,25.14,-7.98,0.023977,18.28,-3.61,10.7118,6.0821,-1.0,-1.8369701987210297e-16,2019-09-01
Wuzhou,2019,10,111.28,23.47,23.95,32.88,10.65,11.27,18.2,24.38,99.96,2.67,7.49,4.02,34.9,72.7,13.4,1.01,14.26,34.23,6.48,1.24,51.2,3.06,3.07,0.63,0.62,0.62,18.82,-0.2176,0.0637,-0.37,0.179,-0.054849999999999996,22.36,-4.24,0.016761,15.97,-5.13,9.4919,5.4247,-0.8660254037844386,0.5000000000000001,2019-10-01
Wuzhou,2019,11,111.28,23.47,19.91,31.49,8.24,14.36,11.05,20.57,100.23,3.47,8.84,5.05,28.9,59.72,8.45,0.04,14.52,31.08,6.49,1.09,42.2,0.39,1.14,0.55,0.56,0.46,16.52,-2.0677,-2.1623,-1.3798,-1.8968,-0.1479,10.79,4.64,0.014345,13.4,-4.88,6.942,3.7262,-0.5000000000000004,0.8660254037844384,2019-11-01
Wuzhou,2019,12,111.28,23.47,15.74,30.82,2.51,14.5,5.42,16.33,100.52,3.6,8.58,5.16,23.4,55.01,6.14,0.07,11.55,29.3,5.06,0.82,51.01,0.01,0.3,0.52,0.53,0.31,15.01,-1.4326,-1.8374,-3.09,-2.0746,0.0061,6.16,5.63,0.013081,10.87,-7.57,6.3923,2.5681,-2.4492935982947064e-16,1.0,2019-12-01
Wuzhou,2020,1,111.28,23.47,16.25,31.45,1.98,13.13,8.23,17.16,100.37,3.46,8.17,4.84,48.2,61.92,7.19,1.33,10.0,31.29,4.49,0.77,71.04,0.03,0.46,0.53,0.54,0.36,15.19,-0.0725,-1.4646,-0.2751,-1.9974,0.0073,10.87,3.68,0.013687,10.84,-8.43,6.8618,2.9545,0.49999999999999994,0.8660254037844387,2020-01-01
Wuzhou,2020,2,111.28,23.47,16.81,29.56,3.29,12.05,11.73,17.24,100.48,3.33,14.24,4.78,74.9,74.26,9.1,4.28,10.17,32.26,4.58,0.87,76.57,1.12,2.1,0.64,0.63,0.66,17.12,1.2516,0.207,1.1046,-0.0506,0.1645,17.75,2.36,0.016178,11.57,-7.27,7.6133,4.1696,0.8660254037844386,0.5000000000000001,2020-02-01
Wuzhou,2020,3,111.28,23.47,20.23,31.17,9.95,10.06,16.61,20.71,99.89,3.72,9.67,5.27,97.2,80.97,12.2,7.02,8.34,35.23,3.9,0.77,92.43,1.58,2.89,0.71,0.7,0.75,18.74,1.3633,1.4518,1.5722,1.0546,0.0461,27.89,-7.01,0.025905,14.73,-6.72,10.4706,6.1542,1.0,6.123233995736766e-17,2020-03-01
Wuzhou,2020,4,111.28,23.47,19.89,31.51,9.11,9.42,16.02,20.11,100.05,3.11,10.14,4.44,60.8,79.87,11.75,4.77,12.9,33.85,5.92,1.18,84.71,2.3,3.7,0.83,0.81,0.85,22.15,-0.2634,0.9974,0.1679,1.1203,-0.0854,24.82,-4.13,0.018436,14.1,-7.36,9.2718,5.9785,0.8660254037844387,-0.4999999999999998,2020-04-01
Wuzhou,2020,5,111.28,23.47,26.77,35.55,18.96,8.39,23.34,26.87,99.2,2.93,6.8,4.49,188.1,82.51,18.26,6.61,16.06,37.29,7.56,1.64,79.04,4.73,4.66,0.76,0.74,0.8,24.91,-0.8948,0.0121,-0.9868,-0.1215,0.0937,33.06,-15.99,0.035124,19.71,-3.84,13.2602,8.0718,0.49999999999999994,-0.8660254037844387,2020-05-01
Wuzhou,2020,6,111.28,23.47,27.78,33.94,22.87,7.0,25.29,27.73,99.03,3.33,7.53,5.3,175.6,87.06,20.49,6.67,16.68,37.44,7.95,1.83,88.17,5.31,5.29,0.84,0.82,0.86,26.39,-1.041,-1.2325,-0.9755,-1.0311,-0.0586,31.64,-14.33,0.034113000000000004,20.24,-3.39,12.5683,7.9682,1.2246467991473532e-16,-1.0,2020-06-01
Wuzhou,2020,7,111.28,23.47,29.49,37.93,23.42,8.98,24.83,29.8,99.03,2.91,7.05,4.55,188.1,78.04,19.96,2.66,20.28,38.04,9.52,2.23,83.98,6.05,5.14,0.69,0.68,0.69,26.47,-1.9983,-1.8304,-1.8494,-1.7498,-0.0112,30.22,-14.38,0.033102,20.54,-2.91,12.6605,7.4637,-0.4999999999999997,-0.8660254037844388,2020-07-01
Wuzhou,2020,8,111.28,23.47,28.13,35.43,23.2,7.4,24.57,28.2,99.02,2.66,10.33,3.99,139.6,82.19,19.64,7.14,18.47,37.5,8.71,2.06,76.91,5.53,4.65,0.7,0.69,0.73,25.27,0.3422,-1.6211,0.341,-1.6094,-0.0641,32.36,-14.46,0.017781,19.56,-3.15,12.9853,8.3331,-0.8660254037844385,-0.5000000000000004,2020-08-01
Wuzhou,2020,9,111.28,23.47,27.09,34.95,19.52,8.05,23.77,27.29,99.35,2.48,8.12,3.7,86.6,83.11,18.7,5.6,14.59,37.63,6.87,1.53,80.65,6.02,4.85,0.7,0.69,0.74,21.89,0.6109,-0.3946,0.4986,-0.5887,-0.0361,33.1,-14.61,0.014855,19.14,-3.38,13.1213,8.6865,-1.0,-1.8369701987210297e-16,2020-09-01
Wuzhou,2020,10,111.28,23.47,22.18,32.61,12.49,11.0,16.88,22.59,99.91,4.25,8.7,6.15,34.2,73.9,12.38,1.42,13.14,34.65,6.05,1.23,75.36,2.98,3.24,0.64,0.63,0.63,19.37,0.088,0.4156,0.2736,0.5669,0.0030999999999999986,24.32,-5.52,0.036908,15.76,-3.66,10.6971,7.0386,-0.8660254037844386,0.5000000000000001,2020-10-01
Wuzhou,2020,11,111.28,23.47,20.57,33.18,7.88,13.59,12.99,21.31,100.3,3.78,7.62,5.5,32.5,64.93,9.75,0.06,13.2,32.54,5.95,1.04,52.73,0.42,1.36,0.56,0.56,0.5,16.54,-1.9038,-0.456,-1.4821,-0.3918,0.0423,18.81,0.06,0.022121,14.14,-5.03,8.4833,5.3982,-0.5000000000000004,0.8660254037844384,2020-11-01
Wuzhou,2020,12,111.28,23.47,13.17,28.83,1.32,12.98,5.33,14.03,100.59,4.26,10.4,5.83,24.5,61.72,5.92,0.37,10.76,28.88,4.74,0.78,57.26,0.01,0.5,0.53,0.53,0.41,14.5,-0.5167,-1.2656,-0.2751,-1.0161,-0.1371,8.35,7.79,0.015038,9.83,-5.43,6.7966,3.8382,-2.4492935982947064e-16,1.0,2020-12-01
Wuzhou,2021,1,111.28,23.47,13.54,27.91,-0.86,14.37,1.9,14.11,100.53,3.49,9.22,4.9,32.7,62.97,4.89,0.26,11.41,28.71,4.94,0.81,55.87,0.0,0.35,0.53,0.53,0.35,15.55,-1.256,-2.1534,-3.09,-2.0979,-0.1386,0.75,14.9,0.01152,8.1,-4.27,4.9597,3.1367,0.49999999999999994,0.8660254037844387,2021-01-01
Wuzhou,2021,2,111.28,23.47,19.11,31.08,8.56,13.31,11.3,19.84,100.13,2.87,7.27,4.02,43.9,64.22,8.53,3.37,13.57,31.24,6.03,1.01,51.92,0.53,1.44,0.59,0.59,0.52,18.14,0.8401,-0.5466,0.4976,-0.6586,-0.006,13.74,4.33,0.01176,11.37,-7.24,6.8803,3.7234,0.8660254037844386,0.5000000000000001,2021-02-01
Wuzhou,2021,3,111.28,23.47,21.3,35.22,10.61,11.51,16.07,22.27,99.92,3.51,11.42,4.99,121.1,74.1,11.84,1.86,10.01,35.57,4.53,0.88,88.91,0.73,2.12,0.62,0.61,0.6,18.49,-1.2219,-1.0908,-1.4046,-1.6537,0.0219,24.65,-4.65,0.020265,14.21,-6.35,9.8558,5.5357,1.0,6.123233995736766e-17,2021-03-01
Wuzhou,2021,4,111.28,23.47,23.99,35.38,14.41,10.48,18.88,24.9,99.74,3.05,6.95,4.29,87.1,75.11,13.88,4.51,11.37,36.44,5.26,1.05,86.88,1.64,2.86,0.63,0.62,0.64,21.45,-0.3763,-0.5253,-0.5149,-0.9826,0.025,28.71,-8.44,0.018882,15.8,-5.5,11.12,6.9819,0.8660254037844387,-0.4999999999999998,2021-04-01
Wuzhou,2021,5,111.28,23.47,27.53,37.26,19.15,8.85,23.6,27.77,99.27,3.32,7.95,5.02,192.6,80.65,18.54,5.22,16.45,37.13,7.83,1.75,82.8,4.11,4.26,0.67,0.66,0.69,25.88,-1.6518,-2.0089,-1.6184,-1.8391,-0.0128,30.74,-13.33,0.035297,19.64,-3.89,12.2101,7.5381,0.49999999999999994,-0.8660254037844387,2021-05-01
Wuzhou,2021,6,111.28,23.47,28.12,36.5,18.17,8.08,24.4,28.33,98.96,2.75,6.68,4.27,166.9,81.57,19.56,8.49,16.78,37.53,7.95,1.8,86.73,6.22,5.36,0.7,0.69,0.74,26.09,-0.3366,-1.2046,-0.2519,-1.4895,0.07,32.38,-14.84,0.028204,19.86,-2.6,13.2377,8.6922,1.2246467991473532e-16,-1.0,2021-06-01
Wuzhou,2021,7,111.28,23.47,29.29,36.99,23.78,8.97,24.65,29.7,98.88,2.72,7.55,4.2,157.1,77.87,19.76,3.13,20.42,37.71,9.59,2.19,79.27,6.16,5.25,0.66,0.65,0.67,26.27,-1.6104,-1.6136,-1.6049,-1.6695,0.1693,32.45,-15.48,0.016233,20.43,-2.56,13.2807,8.4364,-0.4999999999999997,-0.8660254037844388,2021-07-01
Wuzhou,2021,8,111.28,23.47,28.51,34.32,23.1,8.23,24.68,28.84,99.06,2.15,4.71,3.35,174.4,81.16,19.78,6.33,18.08,37.23,8.59,2.0,88.99,6.62,5.22,0.68,0.67,0.71,25.07,0.0233,-1.1713,-0.0643,-1.3049,-0.0548,34.34,-15.84,0.015771,20.09,-3.04,13.3636,9.1337,-0.8660254037844385,-0.5000000000000004,2021-08-01
Wuzhou,2021,9,111.28,23.47,29.47,38.85,23.0,9.98,23.33,30.21,99.41,1.97,5.16,3.01,120.1,72.14,18.18,1.95,19.58,36.86,9.12,1.91,59.53,2.06,3.25,0.6,0.6,0.58,23.09,-1.7947,-1.5557,-2.626,-1.8652,-0.0912,30.59,-13.7,0.014313,19.78,-3.91,12.2953,7.162,-1.0,-1.8369701987210297e-16,2021-09-01
Wuzhou,2021,10,111.28,23.47,23.52,37.06,12.44,11.47,17.31,24.23,99.86,2.7,13.58,4.095,39.2,70.54,12.77,2.82,12.76,34.68,5.98,1.18,69.81,0.74,2.44,0.58,0.58,0.57,19.45,0.8152,-0.5432,0.7252,-0.9347,0.0901,28.43,-7.97,0.033735,16.15,-4.25,11.3,7.8249,-0.8660254037844386,0.5000000000000001,2021-10-01
Wuzhou,2021,11,111.28,23.47,18.63,32.53,7.57,12.82,11.09,19.23,100.23,3.43,10.34,5.18,28.2,65.15,8.92,1.17,11.42,32.09,5.24,0.95,66.26,0.36,1.68,0.58,0.57,0.55,16.7,-0.2477,-0.8731,-0.4789,-1.1773,0.0235,20.02,2.04,0.019193,13.3,-5.75,7.6971,5.9288,-0.5000000000000004,0.8660254037844384,2021-11-01
Wuzhou,2021,12,111.28,23.47,14.67,28.92,2.54,14.1,6.63,15.15,100.63,3.53,8.12,5.12,31.0,62.61,6.36,0.64,11.83,28.53,5.21,0.82,43.31,0.04,0.91,0.55,0.55,0.51,15.03,-0.125,0.0014,-0.1955,-0.014,0.0467,7.47,8.67,0.016562,10.24,-5.45,6.2564,3.4124,-2.4492935982947064e-16,1.0,2021-12-01
Wuzhou,2022,1,111.28,23.47,14.86,27.26,2.52,12.81,9.31,15.69,100.35,3.15,6.74,4.44,38.3,71.78,7.51,1.64,7.75,31.53,3.54,0.65,87.01,0.02,0.99,0.55,0.54,0.53,15.01,0.1221,-0.4732,0.1165,-0.5243,-0.0252,17.23,2.22,0.016471,9.79,-9.09,7.6148,3.8811,0.49999999999999994,0.8660254037844387,2022-01-01
Wuzhou,2022,2,111.28,23.47,10.76,25.21,1.7,10.17,7.45,11.46,100.49,3.91,9.38,5.2,33.7,81.1,6.67,7.61,8.02,30.22,3.7,0.75,87.4,0.62,1.82,0.7,0.69,0.74,18.18,2.1987,1.4081,2.2784,1.2684,0.0296,16.61,3.56,0.022506,9.69,-8.03,7.5335,4.5429,0.8660254037844386,0.5000000000000001,2022-02-01
Wuzhou,2022,3,111.28,23.47,20.86,31.23,8.15,10.93,17.18,21.22,99.78,3.23,10.32,4.59,124.1,80.87,12.63,5.34,12.39,34.1,5.69,1.13,78.79,2.34,3.64,0.77,0.76,0.8,20.72,0.7333,1.846,0.3998,1.544,0.0085,24.32,-5.81,0.020676,14.65,-6.54,10.0815,5.5523,1.0,6.123233995736766e-17,2022-03-01
Wuzhou,2022,4,111.28,23.47,21.84,33.2,8.42,10.61,17.07,22.01,99.79,3.18,9.25,4.59,85.0,76.24,12.67,4.02,16.15,33.44,7.35,1.46,63.91,3.55,4.41,0.77,0.75,0.79,23.16,-0.6017,1.0908,-0.3786,1.2514,0.0458,24.61,-3.99,0.015858,14.88,-5.61,9.624,6.2452,0.8660254037844387,-0.4999999999999998,2022-04-01
Wuzhou,2022,5,111.28,23.47,23.87,31.45,13.43,7.87,20.81,24.04,99.39,2.88,8.72,4.21,82.6,83.89,15.86,11.09,13.81,35.41,6.59,1.43,87.95,3.2,4.45,0.86,0.83,0.88,25.03,0.9806,0.5238,1.1433,0.5427,0.0584,31.81,-10.6,0.023253,16.52,-4.33,12.1872,8.9273,0.49999999999999994,-0.8660254037844387,2022-05-01
Wuzhou,2022,6,111.28,23.47,27.04,32.59,22.47,6.16,25.1,27.0,98.96,2.86,6.04,4.55,183.2,89.54,20.28,13.44,13.7,37.19,6.63,1.47,91.94,3.04,4.9,0.97,0.94,0.95,25.7,1.1697,0.8181,1.0809,0.9472,0.0587,34.5,-16.23,0.043341,19.56,-3.64,13.4963,8.9027,1.2246467991473532e-16,-1.0,2022-06-01
Wuzhou,2022,7,111.28,23.47,28.22,33.51,23.56,6.86,25.43,28.2,98.96,2.98,9.495,4.46,175.5,85.53,20.69,6.13,19.46,37.14,9.28,2.15,63.92,5.96,5.59,0.91,0.88,0.9,26.66,0.214,1.1712,0.0321,1.1457,0.0799,31.14,-15.01,0.02284,20.67,-3.08,12.7911,7.7586,-0.4999999999999997,-0.8660254037844388,2022-07-01
Wuzhou,2022,8,111.28,23.47,28.07,35.43,22.75,7.35,25.06,28.17,99.09,2.75,12.95,4.15,125.9,84.55,20.21,5.48,17.65,37.47,8.49,2.02,74.22,6.96,5.51,0.78,0.77,0.81,25.52,-0.3423,0.7312,-0.3419,0.645,-0.153,33.22,-15.18,0.024042,19.58,-3.08,13.2931,8.7213,-0.8660254037844385,-0.5000000000000004,2022-08-01
Wuzhou,2022,9,111.28,23.47,27.69,34.78,20.93,9.42,22.38,27.71,99.37,2.4,5.53,3.71,35.5,74.51,17.17,3.7,19.19,36.3,8.86,1.87,56.88,6.45,4.99,0.68,0.67,0.7,22.36,-0.4307,-0.4024,-0.5698,-0.492,0.0771,30.06,-10.32,0.020204,19.11,-3.6,11.3307,7.6546,-1.0,-1.8369701987210297e-16,2022-09-01
Wuzhou,2022,10,111.28,23.47,23.93,34.98,12.56,13.17,14.33,24.49,99.99,3.95,10.32,5.81,33.1,58.53,10.79,0.55,18.19,32.77,8.31,1.63,40.15,1.41,2.43,0.58,0.58,0.53,20.43,-0.6932,-1.0713,-0.7815,-1.2532,-0.1957,21.56,-1.35,0.029814,15.82,-4.21,8.7416,6.5312,-0.8660254037844386,0.5000000000000001,2022-10-01
Wuzhou,2022,11,111.28,23.47,22.01,32.74,7.44,10.79,16.95,22.58,99.96,3.14,10.03,4.61,49.7,75.68,12.34,5.03,9.19,34.32,4.31,0.87,78.12,0.6,1.82,0.58,0.58,0.59,16.44,1.1907,0.2582,1.0331,-0.1298,0.0184,28.41,-7.63,0.024397,15.44,-5.12,11.093,7.3641,-0.5000000000000004,0.8660254037844384,2022-11-01
Wuzhou,2022,12,111.28,23.47,10.84,29.700000000000003,0.46,12.67,4.44,11.09,100.62,3.98,11.45,5.83,26.9,67.6,5.36,0.31,11.32,27.62,4.98,0.83,52.33,1.04,1.74,0.65,0.64,0.64,15.12,-0.6313,0.3673,-0.0267,0.1727,-0.1508,9.77,10.86,0.015901,9.28,-5.6,5.6411,4.3655,-2.4492935982947064e-16,1.0,2022-12-01
Wuzhou,2023,1,111.28,23.47,12.61,26.66,0.05,11.68,7.44,12.87,100.56,3.8,9.73,5.55,31.7,72.97,6.92,3.11,9.97,29.22,4.46,0.81,67.57,1.02,1.81,0.67,0.66,0.68,16.01,0.8061,0.8574,0.8333,0.729,-0.1591,7.58,8.6,0.015939,9.04,-4.94,6.9704,3.7756,0.49999999999999994,0.8660254037844387,2023-01-01
Wuzhou,2023,2,111.28,23.47,16.82,29.6,5.25,12.11,11.96,17.39,100.33,3.36,8.34,4.78,57.2,75.17,9.11,1.53,10.74,31.34,4.83,0.94,67.97,1.25,2.1,0.66,0.65,0.67,17.83,-0.1483,-0.0338,-0.2229,0.1748,-0.011,15.93,2.26,0.015512,11.57,-6.8,7.8516,4.0796,0.8660254037844386,0.5000000000000001,2023-02-01
Wuzhou,2023,3,111.28,23.47,20.72,34.5,10.23,12.01,14.59,21.61,100.04,3.13,9.26,4.42,70.1,70.81,10.65,4.99,11.35,33.41,5.11,0.98,74.32,0.48,1.85,0.61,0.6,0.61,19.04,0.5863,0.6004,0.2252,0.4698,0.1552,24.23,-3.87,0.014648,13.41,-8.68,8.891,5.0799,1.0,6.123233995736766e-17,2023-03-01
Wuzhou,2023,4,111.28,23.47,23.13,32.9,10.96,10.11,19.3,23.51,99.54,3.61,10.95,5.28,127.4,80.46,14.45,4.51,11.49,35.49,5.31,1.03,82.21,3.07,3.78,0.72,0.71,0.75,20.88,-0.3763,-0.1238,-0.3634,-0.3625,0.116,27.93,-9.18,0.025528,16.34,-5.35,11.2706,6.7148,0.8660254037844387,-0.4999999999999998,2023-04-01
Wuzhou,2023,5,111.28,23.47,26.33,35.72,16.73,9.67,22.52,26.67,99.34,3.05,7.48,4.52,143.0,80.87,17.44,5.55,14.4,36.82,6.87,1.52,76.5,5.95,5.31,0.74,0.72,0.77,24.8,-1.4605,-0.9015,-1.2903,-1.033,0.0993,31.47,-13.48,0.026257,18.78,-3.75,12.6681,7.9967,0.49999999999999994,-0.8660254037844387,2023-05-01
Wuzhou,2023,6,111.28,23.47,28.56,35.95,23.25,7.64,24.7,28.82,99.03,2.24,5.7,3.45,149.2,81.08,19.8,7.91,17.01,37.67,8.16,1.89,82.46,5.85,4.98,0.7,0.69,0.74,26.23,-0.5489,-1.2587,-0.5682,-1.3678,-0.1922,34.1,-16.01,0.025374,20.05,-2.84,13.5319,9.1699,1.2246467991473532e-16,-1.0,2023-06-01
Wuzhou,2023,7,111.28,23.47,29.03,36.05,24.17,7.8,25.3,29.17,98.99,2.88,11.7,4.4,158.0,81.47,20.52,6.28,19.55,37.74,9.37,2.19,73.08,8.05,5.93,0.72,0.71,0.76,26.59,0.2873,-0.9151,-0.1095,-1.0162,-0.1287,32.01,-15.82,0.019859,20.45,-2.62,13.3791,8.3956,-0.4999999999999997,-0.8660254037844388,2023-07-01
Wuzhou,2023,8,111.28,23.47,28.42,34.52,21.29,7.59,24.83,28.73,98.9,2.04,5.57,3.17,139.0,82.05,20.0,6.32,16.58,37.82,7.97,1.89,86.5,6.35,5.09,0.69,0.68,0.73,24.91,0.0192,-0.4141,-0.0487,-0.6659,0.0353,35.52,-17.24,0.018075,19.77,-2.3,14.3422,10.3535,-0.8660254037844385,-0.5000000000000004,2023-08-01
Wuzhou,2023,9,111.28,23.47,27.21,32.82,22.04,7.38,24.37,27.22,99.28,3.03,10.04,4.57,61.7,85.17,19.35,9.38,14.6,37.17,6.98,1.52,69.76,6.28,5.46,0.83,0.81,0.86,22.87,2.1341,1.1612,1.8512,0.8612,-0.0894,33.72,-14.96,0.023149,19.15,-2.85,13.4694,9.2474,-1.0,-1.8369701987210297e-16,2023-09-01
Wuzhou,2023,10,111.28,23.47,23.29,32.23,15.69,8.54,19.89,23.25,99.96,2.97,8.07,4.51,37.2,82.15,14.78,4.4,12.94,34.76,6.07,1.22,68.17,5.42,4.29,0.76,0.74,0.79,19.5,1.3899,1.9752,1.3399,1.4636,-0.0078,29.33,-8.97,0.028135,16.5,-3.89,11.7134,8.0162,-0.8660254037844386,0.5000000000000001,2023-10-01
Wuzhou,2023,11,111.28,23.47,19.59,30.08,6.24,11.08,14.87,19.26,100.34,2.84,9.13,4.17,41.3,75.78,11.01,0.76,12.43,31.73,5.65,0.99,53.31,3.61,3.08,0.7,0.69,0.71,16.62,-0.5629,1.6473,-0.86,1.4318,0.033,16.68,0.66,0.020012,13.99,-5.25,8.2037,4.6744,-0.5000000000000004,0.8660254037844384,2023-11-01
Wuzhou,2023,12,111.28,23.47,14.57,29.64,-0.1,12.61,8.5,14.8,100.6,3.59,9.95,5.12,32.1,69.61,7.71,0.9,10.0,29.96,4.54,0.74,64.6,0.78,1.62,0.61,0.61,0.6,14.91,0.1519,0.458,0.1054,0.3723,-0.1167,20.46,-0.12,0.018983,11.67,-6.3,9.013,5.2491,-2.4492935982947064e-16,1.0,2023-12-01
Wuzhou,2024,1,111.28,23.47,14.57,28.24,-1.0,11.88,9.86,15.08,100.58,3.26,9.11,4.63,47.1,75.3,8.05,1.96,8.27,31.01,3.79,0.66,77.4,0.46,1.43,0.61,0.6,0.6,15.05,0.2982,-0.4049,0.3061,-0.5159,-0.021,19.75,3.07,0.016819,10.3,-8.38,7.356,4.6569,0.49999999999999994,0.8660254037844387,2024-01-01
Wuzhou,2024,2,111.28,23.47,15.25,33.06,2.26,12.48,9.91,16.1,100.39,4.14,8.58,5.5,48.4,72.8,8.25,1.27,7.71,31.77,3.58,0.73,82.69,0.5,1.61,0.61,0.61,0.6,17.94,-0.3104,-0.3659,-0.1963,-0.3003,-0.0698,18.99,-0.12,0.02055,12.68,-6.59,8.4885,4.4835,0.8660254037844386,0.5000000000000001,2024-02-01
Wuzhou,2024,3,111.28,23.47,20.24,32.69,4.91,11.87,14.86,21.0,100.0,3.82,10.72,5.42,99.1,73.51,11.18,3.14,10.04,34.15,4.67,0.93,90.66,1.1,2.33,0.63,0.63,0.63,20.13,-0.333,-0.5786,-0.6687,-0.5538,0.1824,24.26,-2.93,0.023873,14.17,-5.37,9.5647,6.1389,1.0,6.123233995736766e-17,2024-03-01
Wuzhou,2024,4,111.28,23.47,25.73,36.05,16.73,9.39,22.2,25.96,99.29,3.24,9.54,4.8,159.6,82.3,17.07,5.824999999999999,11.3,36.9,5.28,0.96,88.09,2.03,3.59,0.75,0.74,0.78,20.82,2.6244,1.6389,2.2586,1.4968,0.1512,32.81,-14.22,0.043365,19.08,-5.48,12.1508,7.6463,0.8660254037844387,-0.4999999999999998,2024-04-01
Wuzhou,2024,5,111.28,23.47,24.88,32.12,17.03,7.35,22.2,24.97,99.42,3.04,8.2,4.52,90.3,85.74,17.03,8.51,12.3,36.17,5.89,1.22,87.37,2.83,4.79,0.93,0.9,0.92,24.17,-0.0193,1.8354,0.0225,1.9968,0.0324,33.37,-12.96,0.027455,17.59,-4.14,12.7793,9.0015,0.49999999999999994,-0.8660254037844387,2024-05-01
Wuzhou,2024,6,111.28,23.47,27.24,32.37,21.27,5.85,25.37,27.18,99.08,2.79,6.62,4.35,155.4,89.82,20.63,14.05,13.36,37.5,6.55,1.56,93.57,2.54,4.56,0.98,0.95,0.95,25.84,1.3282,2.1995,1.1713,1.778,0.0306,33.78,-15.67,0.03996,19.79,-2.49,13.6369,9.4156,1.2246467991473532e-16,-1.0,2024-06-01
Wuzhou,2024,7,111.28,23.47,28.37,33.61,23.99,6.99,25.77,28.43,98.97,2.81,6.71,4.48,153.3,86.5,21.11,7.17,18.49,37.55,8.89,2.09,75.33,6.32,5.92,0.88,0.85,0.88,26.56,0.6999,1.0089,0.5141,0.9102,-0.0368,31.32,-14.37,0.031629,20.37,-2.54,12.8689,8.1899,-0.4999999999999997,-0.8660254037844388,2024-07-01
Wuzhou,2024,8,111.28,23.47,28.5,33.91,23.87,7.37,25.14,28.52,99.09,1.96,5.93,2.94,208.5,82.86,20.32,6.12,18.08,37.57,8.64,2.03,76.31,6.94,5.81,0.85,0.83,0.87,24.99,-0.0638,1.2746,-0.1487,1.0405,-0.1042,32.19,-14.41,0.021156,20.57,-2.91,12.6563,8.3851,-0.8660254037844385,-0.5000000000000004,2024-08-01
Wuzhou,2024,9,111.28,23.47,27.42,33.67,18.52,7.23,24.45,27.32,99.11,2.78,9.52,4.21,46.4,84.55,19.55,5.16,15.62,37.19,7.46,1.65,72.12,5.73,4.96,0.82,0.8,0.85,22.74,0.3937,0.3891,0.238,0.1799,0.0757,31.29,-14.06,0.025451,19.74,-2.61,12.9701,8.0696,-1.0,-1.8369701987210297e-16,2024-09-01
Wuzhou,2024,10,111.28,23.47,22.99,32.22,11.25,11.65,17.22,23.18,99.84,3.63,8.81,5.52,28.4,71.94,12.63,0.8,16.45,33.41,7.55,1.47,52.17,4.72,4.08,0.67,0.66,0.66,19.93,-0.4095,-0.2413,-0.2743,-0.1029,-0.1687,24.84,-7.41,0.03045,16.54,-3.92,11.0469,6.6327,-0.8660254037844386,0.5000000000000001,2024-10-01
Wuzhou,2024,11,111.28,23.47,20.29,33.52,7.26,13.0,12.95,20.82,100.22,3.66,8.59,5.52,31.1,66.26,9.82,0.92,13.62,31.92,6.24,1.13,51.63,0.57,1.72,0.57,0.57,0.55,17.03,-0.4279,-0.5365,-0.869,-0.5745,-0.1419,26.72,-5.78,0.029948,14.24,-5.41,10.6963,6.7296,-0.5000000000000004,0.8660254037844384,2024-11-01
Wuzhou,2024,12,111.28,23.47,14.24,28.45,3.53,14.16,4.11,14.91,100.56,3.81,7.75,5.5,27.7,53.8,5.37,0.01,11.62,28.46,5.07,0.78,48.38,0.03,0.57,0.54,0.54,0.41,14.74,-2.2084,-1.3658,-3.09,-1.2813,0.0895,4.31,12.69,0.014498,9.63,-4.31,5.278,3.9114,-2.4492935982947064e-16,1.0,2024-12-01
Wuzhou,2025,1,111.28,23.47,14.66,28.3,1.35,15.5,2.65,15.35,100.51,3.57,12.22,5.32,37.5,56.254999999999995,4.99,0.33,13.54,27.58,5.79,0.89,39.04,0.0,0.28,0.52,0.53,0.31,15.9,-1.1114,-1.621,-3.09,-1.809,0.0895,4.31,12.69,0.014498,9.63,-4.31,5.278,3.9114,0.49999999999999994,0.8660254037844387,2025-01-01
Wuzhou,2025,2,111.28,23.47,16.26,32.01,3.49,13.64,7.45,17.78,100.49,3.82,10.43,4.99,32.3,58.71,6.75,0.36,8.59,32.13,3.93,0.79,87.77,0.0,0.35,0.52,0.53,0.34,17.6,-1.4518,-3.0374,-1.1571,-2.04385,0.0895,4.31,12.69,0.014498,9.63,-4.31,5.278,3.9114,0.8660254037844386,0.5000000000000001,2025-02-01
Wuzhou,2025,3,111.28,23.47,19.2,35.21,6.93,13.46,11.56,20.3,100.09,3.94,9.6,5.3,33.6,64.7,9.07,2.88,12.99,32.44,5.87,1.1,65.85,0.32,1.85,0.58,0.58,0.56,20.61,-0.4897,-1.9939,-0.6552,-2.2787,0.0895,4.31,12.69,0.014498,9.63,-4.31,5.278,3.9114,1.0,6.123233995736766e-17,2025-03-01
Wuzhou,2025,4,111.28,23.47,25.37,38.01,8.04,13.35,16.09,26.46,99.62,3.15,14.47,4.47,175.8,61.04,12.19,2.45,14.43,35.08,6.62,1.27,78.13,0.27,2.04,0.56,0.56,0.53,22.6,-1.4871,-1.7786,-2.5987,-1.7954,0.0895,4.31,12.69,0.014498,9.63,-4.31,5.278,3.9114,0.8660254037844387,-0.4999999999999998,2025-04-01
Wuzhou,2025,5,111.28,23.47,25.58,36.12,13.65,8.85,21.76,25.88,99.42,2.91,9.28,4.34,139.3,81.13,16.75,11.86,13.11,36.14,6.23,1.33,87.03,3.43,4.67,0.78,0.76,0.81,25.35,1.2488,-0.2846,1.1571,-0.6074,0.0895,4.31,12.69,0.014498,9.63,-4.31,5.278,3.9114,0.49999999999999994,-0.8660254037844387,2025-05-01
Wuzhou,2025,6,111.28,23.47,27.52,33.57,20.66,7.09,24.94,27.62,99.03,3.06,13.96,4.7,149.3,86.53,20.1,11.06,16.18,37.4,7.83,1.82,85.4,4.88,5.45,0.88,0.86,0.89,26.5,0.5018,0.2727,0.5501,0.1563,0.0895,4.31,12.69,0.014498,9.63,-4.31,5.278,3.9114,1.2246467991473532e-16,-1.0,2025-06-01
Wuzhou,2025,7,111.28,23.47,28.53,33.95,23.31,6.66,25.68,28.49,98.6,2.51,10.41,3.79,10.4,85.22,21.09,7.11,18.52,37.79,8.88,2.07,79.11,5.62,5.28,0.88,0.86,0.89,26.12,0.6731,1.077,0.4371,0.889,0.0895,4.31,12.69,0.014498,9.63,-4.31,5.278,3.9114,-0.4999999999999997,-0.8660254037844388,2025-07-01
Wuzhou,2025,8,111.28,23.47,27.7,32.81,22.38,6.89,24.78,27.66,99.18,2.45,6.03,3.77,133.3,84.95,19.88,10.5,16.48,37.11,7.89,1.86,82.61,5.53,5.71,0.94,0.91,0.92,25.28,1.4568,1.6007,1.4828,1.3643,0.0895,4.31,12.69,0.014498,9.63,-4.31,5.278,3.9114,-0.8660254037844385,-0.5000000000000004,2025-08-01
Wuzhou,2025,9,111.28,23.47,27.3,33.03,21.14,7.38,23.98,27.21,99.34,2.97,8.68,4.39,71.1,82.95,18.91,4.96,16.17,36.73,7.7,1.7,70.36,6.63,5.29,0.81,0.8,0.84,23.15,0.2909,1.3173,0.1673,1.1394,0.0895,4.31,12.69,0.014498,9.63,-4.31,5.278,3.9114,-1.0,-1.8369701987210297e-16,2025-09-01
Wuzhou,2025,10,111.28,23.47,24.27,33.05,12.14,9.42,19.66,24.37,99.91,3.39,11.33,4.87,46.2,76.54,14.91,0.96,15.33,34.83,7.15,1.41,55.72,5.28,4.15,0.7,0.69,0.7,19.91,-0.2605,1.0699,-0.5058,0.8938,0.0895,4.31,12.69,0.014498,9.63,-4.31,5.278,3.9114,-0.8660254037844386,0.5000000000000001,2025-10-01
Wuzhou,2025,11,111.28,23.47,17.89,29.45,5.03,12.36,10.51,18.12,100.33,3.86,9.56,5.79,28.4,65.73,8.6,1.02,12.05,30.73,5.47,1.04,65.09,1.13,2.01,0.6,0.6,0.59,17.18,-0.352,-0.5125,-0.4712,-0.5055,0.0895,4.31,12.69,0.014498,9.63,-4.31,5.278,3.9114,-0.5000000000000004,0.8660254037844384,2025-11-01
Wuzhou,2025,12,111.28,23.47,16.79,28.39,4.09,12.97,10.19,17.08,100.34,2.9,9.62,4.3,30.1,67.82,8.02,1.1,11.08,30.55,4.95,0.8,58.84,0.25,1.24,0.57,0.57,0.55,14.62,0.3292,-0.6125,-0.0765,-0.7634,0.0895,4.31,12.69,0.014498,9.63,-4.31,5.278,3.9114,-2.4492935982947064e-16,1.0,2025-12-01
